gate,cell_id,N,noise,seed,method,family,v_policy,v_behaviour_expected,v_optimal_same_start,nv,selected_unseen_rate,mean_behavior_prob,mean_logged_count,support_mask
gate2E_family,N100_noise0p05,100,0.05,0,Behaviour cloning,BC,448.85541736519184,425.0469525373324,482.26747238006357,0.4160826377197598,0.16625,0.7600977609586881,9.50125,none
gate2E_family,N100_noise0p05,100,0.05,0,Behaviour cloning support top3,BC,444.578664717201,425.0469525373324,482.26747238006357,0.3413410474695247,0.0,0.8669231273220245,11.2925,top3
gate2E_family,N100_noise0p05,100,0.05,0,Estimate-then-optimise structured,EtO,179.10206029014728,425.0469525373324,482.26747238006357,-4.298193950756775,0.89125,0.10266064257028112,0.49875,none
gate2E_family,N100_noise0p05,100,0.05,0,Estimate-then-optimise structured support top3,EtO,479.33501654727377,425.0469525373324,482.26747238006357,0.9487516743844767,0.0,0.8015810855810855,8.16375,top3
gate2E_family,N100_noise0p05,100,0.05,0,Estimate-then-optimise structured learned-transition,EtO,162.33486507963156,425.0469525373324,482.26747238006357,-4.591221613850362,0.93125,0.11038961038961038,0.2175,none
gate2E_family,N100_noise0p05,100,0.05,0,Estimate-then-optimise structured learned-transition support top3,EtO,457.45009881749434,425.0469525373324,482.26747238006357,0.5662854229430453,0.0,0.8615019539284244,13.9775,top3
gate2E_family,N100_noise0p05,100,0.05,0,Estimate-then-optimise structured empirical-transition,EtO,235.79188857069337,425.0469525373324,482.26747238006357,-3.307468448151131,0.80875,0.18341811617984902,1.15375,none
gate2E_family,N100_noise0p05,100,0.05,0,Estimate-then-optimise structured empirical-transition support top3,EtO,466.57845892533516,425.0469525373324,482.26747238006357,0.7258149087451637,0.0,0.8400649350649352,9.35,top3
gate2E_family,N100_noise0p05,100,0.05,0,Estimate-then-optimise unconstrained,EtO,456.1743527349869,425.0469525373324,482.26747238006357,0.5439901679189071,0.88,0.09988125082464705,0.60625,none
gate2E_family,N100_noise0p05,100,0.05,0,Estimate-then-optimise unconstrained support top3,EtO,479.4680927410172,425.0469525373324,482.26747238006357,0.9510773469597902,0.0,0.7997953712953714,8.6025,top3
gate2E_family,N100_noise0p05,100,0.05,0,Estimate-then-optimise unconstrained learned-transition,EtO,418.1385313945647,425.0469525373324,482.26747238006357,-0.12073328172752121,0.8675,0.14756944444444445,0.9675,none
gate2E_family,N100_noise0p05,100,0.05,0,Estimate-then-optimise unconstrained learned-transition support top3,EtO,472.4104913066294,425.0469525373324,482.26747238006357,0.8277369534473688,0.0,0.8247636634199134,9.8225,top3
gate2E_family,N100_noise0p05,100,0.05,0,Estimate-then-optimise unconstrained empirical-transition,EtO,430.44018101063585,425.0469525373324,482.26747238006357,0.09425339874797668,0.5675,0.33962591310358564,3.83625,none
gate2E_family,N100_noise0p05,100,0.05,0,Estimate-then-optimise unconstrained empirical-transition support top3,EtO,480.53520287318594,425.0469525373324,482.26747238006357,0.9697264283575417,0.0,0.8079203712953713,8.3775,top3
gate2E_family,N100_noise0p05,100,0.05,1,Behaviour cloning,BC,442.9303592939899,421.1367484506907,477.84490227066374,0.38431176780125315,0.1875,0.7146702834202835,10.18125,none
gate2E_family,N100_noise0p05,100,0.05,1,Behaviour cloning support top3,BC,440.94977436467843,421.1367484506907,477.84490227066374,0.3493858392372748,0.0,0.8689910263347764,13.9975,top3
gate2E_family,N100_noise0p05,100,0.05,1,Estimate-then-optimise structured,EtO,175.52844515408455,421.1367484506907,477.84490227066374,-4.331093268814914,0.86,0.15320644718792867,0.6975,none
gate2E_family,N100_noise0p05,100,0.05,1,Estimate-then-optimise structured support top3,EtO,472.9308705037586,421.1367484506907,477.84490227066374,0.9133452345758724,0.0,0.7546381899350649,6.73125,top3
gate2E_family,N100_noise0p05,100,0.05,1,Estimate-then-optimise structured learned-transition,EtO,161.6722337556076,421.1367484506907,477.84490227066374,-4.575435756889296,0.92625,0.13414634146341464,0.24375,none
gate2E_family,N100_noise0p05,100,0.05,1,Estimate-then-optimise structured learned-transition support top3,EtO,449.5634211878025,421.1367484506907,477.84490227066374,0.50128016558881,0.0,0.8250052083333332,12.50625,top3
gate2E_family,N100_noise0p05,100,0.05,1,Estimate-then-optimise structured empirical-transition,EtO,238.22001018793213,421.1367484506907,477.84490227066374,-3.2255809075261026,0.775,0.1904761904761905,0.96375,none
gate2E_family,N100_noise0p05,100,0.05,1,Estimate-then-optimise structured empirical-transition support top3,EtO,460.8490893705776,421.1367484506907,477.84490227066374,0.7002933131266903,0.0,0.811634852994228,9.26875,top3
gate2E_family,N100_noise0p05,100,0.05,1,Estimate-then-optimise unconstrained,EtO,434.5609046556822,421.1367484506907,477.84490227066374,0.23672356267509823,0.96625,0.02417695473251029,0.14875,none
gate2E_family,N100_noise0p05,100,0.05,1,Estimate-then-optimise unconstrained support top3,EtO,476.2457134972159,421.1367484506907,477.84490227066374,0.971799667848037,0.0,0.7374330131673882,6.54125,top3
gate2E_family,N100_noise0p05,100,0.05,1,Estimate-then-optimise unconstrained learned-transition,EtO,367.8173634643167,421.1367484506907,477.84490227066374,-0.9402419474921162,0.9725,0.02626262626262626,0.075,none
gate2E_family,N100_noise0p05,100,0.05,1,Estimate-then-optimise unconstrained learned-transition support top3,EtO,477.41953464260155,421.1367484506907,477.84490227066374,0.992499004121831,0.0,0.7530580131673882,6.76125,top3
gate2E_family,N100_noise0p05,100,0.05,1,Estimate-then-optimise unconstrained empirical-transition,EtO,446.61445631749734,421.1367484506907,477.84490227066374,0.4492776814369368,0.87625,0.07050123644664257,0.4875,none
gate2E_family,N100_noise0p05,100,0.05,1,Estimate-then-optimise unconstrained empirical-transition support top3,EtO,476.5713067391173,421.1367484506907,477.84490227066374,0.9775412273940423,0.0,0.7446893262987012,6.39125,top3
gate2E_family,N100_noise0p05,100,0.05,2,Behaviour cloning,BC,454.04380585443937,428.2572553930546,483.61336583743207,0.4658302444731088,0.1875,0.7094816046852841,7.5775,none
gate2E_family,N100_noise0p05,100,0.05,2,Behaviour cloning support top3,BC,451.7940443686964,428.2572553930546,483.61336583743207,0.4251886338598856,0.0,0.8529982794450507,11.705,top3
gate2E_family,N100_noise0p05,100,0.05,2,Estimate-then-optimise structured,EtO,167.4350886362671,428.2572553930546,483.61336583743207,-4.711714111829894,0.93875,0.06587009803921569,0.20875,none
gate2E_family,N100_noise0p05,100,0.05,2,Estimate-then-optimise structured support top3,EtO,477.4453478049873,428.2572553930546,483.61336583743207,0.8885756607006833,0.0,0.7810040078385667,6.8625,top3
gate2E_family,N100_noise0p05,100,0.05,2,Estimate-then-optimise structured learned-transition,EtO,161.6791190535104,428.2572553930546,483.61336583743207,-4.815694856440563,0.94375,0.075043630017452,0.1225,none
gate2E_family,N100_noise0p05,100,0.05,2,Estimate-then-optimise structured learned-transition support top3,EtO,454.60266575048183,428.2572553930546,483.61336583743207,0.4759259663646245,0.0,0.8364042270158799,15.30625,top3
gate2E_family,N100_noise0p05,100,0.05,2,Estimate-then-optimise structured empirical-transition,EtO,246.62463441141483,428.2572553930546,483.61336583743207,-3.2811666051599957,0.77625,0.21561200237670824,1.14875,none
gate2E_family,N100_noise0p05,100,0.05,2,Estimate-then-optimise structured empirical-transition support top3,EtO,464.0680912294345,428.2572553930546,483.61336583743207,0.646917486595506,0.0,0.822611428195987,10.1825,top3
gate2E_family,N100_noise0p05,100,0.05,2,Estimate-then-optimise unconstrained,EtO,450.11313110479006,428.2572553930546,483.61336583743207,0.3948231827757573,0.94125,0.0327562165930746,0.20875,none
gate2E_family,N100_noise0p05,100,0.05,2,Estimate-then-optimise unconstrained support top3,EtO,480.5046542619955,428.2572553930546,483.61336583743207,0.9438415822484446,0.0,0.7628265374331551,6.33875,top3
gate2E_family,N100_noise0p05,100,0.05,2,Estimate-then-optimise unconstrained learned-transition,EtO,413.14389746462183,428.2572553930546,483.61336583743207,-0.2730205899061292,0.86625,0.12088815789473684,0.64,none
gate2E_family,N100_noise0p05,100,0.05,2,Estimate-then-optimise unconstrained learned-transition support top3,EtO,479.0178919706842,428.2572553930546,483.61336583743207,0.9169834399516663,0.0,0.7640116807212395,6.74125,top3
gate2E_family,N100_noise0p05,100,0.05,2,Estimate-then-optimise unconstrained empirical-transition,EtO,428.17842536259656,428.2572553930546,483.61336583743207,-0.0014240529153011878,0.6625,0.23453780826392293,1.8,none
gate2E_family,N100_noise0p05,100,0.05,2,Estimate-then-optimise unconstrained empirical-transition support top3,EtO,482.59998661765303,428.2572553930546,483.61336583743207,0.9816934533217015,0.0,0.7766980652109328,7.06125,top3
gate2E_family,N100_noise0p05,100,0.05,3,Behaviour cloning,BC,446.7178541879652,427.8075954406258,483.28279877863395,0.34087768245066136,0.13125,0.8244837447320891,10.27125,none
gate2E_family,N100_noise0p05,100,0.05,3,Behaviour cloning support top3,BC,441.853934187917,427.8075954406258,483.28279877863395,0.25320031116799036,0.0,0.8995380713036962,15.155,top3
gate2E_family,N100_noise0p05,100,0.05,3,Estimate-then-optimise structured,EtO,175.7190236030157,427.8075954406258,483.28279877863395,-4.544166702763479,0.91875,0.1466275659824047,0.48125,none
gate2E_family,N100_noise0p05,100,0.05,3,Estimate-then-optimise structured support top3,EtO,465.7653350544294,427.8075954406258,483.28279877863395,0.6842289406769477,0.0,0.7861189461580086,7.03625,top3
gate2E_family,N100_noise0p05,100,0.05,3,Estimate-then-optimise structured learned-transition,EtO,156.83078603729936,427.8075954406258,483.28279877863395,-4.884647429812484,0.86375,0.23152649489547886,0.78625,none
gate2E_family,N100_noise0p05,100,0.05,3,Estimate-then-optimise structured learned-transition support top3,EtO,460.37899344266293,427.8075954406258,483.28279877863395,0.587134359897357,0.0,0.7718365688131315,13.0975,top3
gate2E_family,N100_noise0p05,100,0.05,3,Estimate-then-optimise structured empirical-transition,EtO,255.0236200904796,427.8075954406258,483.28279877863395,-3.1146163502525708,0.735,0.2811316287878788,1.5025,none
gate2E_family,N100_noise0p05,100,0.05,3,Estimate-then-optimise structured empirical-transition support top3,EtO,463.5384458084179,427.8075954406258,483.28279877863395,0.6440868751771042,0.0,0.7784961783008657,8.11125,top3
gate2E_family,N100_noise0p05,100,0.05,3,Estimate-then-optimise unconstrained,EtO,449.9732605577109,427.8075954406258,483.28279877863395,0.3995598714984531,0.93375,0.04061477644492912,0.27375,none
gate2E_family,N100_noise0p05,100,0.05,3,Estimate-then-optimise unconstrained support top3,EtO,475.482614601531,427.8075954406258,483.28279877863395,0.8593933197580774,0.0,0.7900848327020202,6.54375,top3
gate2E_family,N100_noise0p05,100,0.05,3,Estimate-then-optimise unconstrained learned-transition,EtO,429.9899004150424,427.8075954406258,483.28279877863395,0.039338386217711414,0.88375,0.12599681020733652,0.59,none
gate2E_family,N100_noise0p05,100,0.05,3,Estimate-then-optimise unconstrained learned-transition support top3,EtO,475.482614601531,427.8075954406258,483.28279877863395,0.8593933197580774,0.0,0.7900848327020202,6.54375,top3
gate2E_family,N100_noise0p05,100,0.05,3,Estimate-then-optimise unconstrained empirical-transition,EtO,414.66129470919446,427.8075954406258,483.28279877863395,-0.23697616124688087,0.82,0.15377619810439194,0.86625,none
gate2E_family,N100_noise0p05,100,0.05,3,Estimate-then-optimise unconstrained empirical-transition support top3,EtO,475.482614601531,427.8075954406258,483.28279877863395,0.8593933197580774,0.0,0.7900848327020202,6.54375,top3
gate2E_family,N100_noise0p05,100,0.05,4,Behaviour cloning,BC,443.6724172075849,415.8730447844656,474.31553538531443,0.47567056327191365,0.09875,0.7942015730748125,10.27375,none
gate2E_family,N100_noise0p05,100,0.05,4,Behaviour cloning support top3,BC,438.1305978326061,415.8730447844656,474.31553538531443,0.38084538867714207,0.0,0.8452882988721805,11.4025,top3
gate2E_family,N100_noise0p05,100,0.05,4,Estimate-then-optimise structured,EtO,175.9703828482278,415.8730447844656,474.31553538531443,-4.104935629364731,0.91875,0.05673076923076923,0.31625,none
gate2E_family,N100_noise0p05,100,0.05,4,Estimate-then-optimise structured support top3,EtO,472.2605880131762,415.8730447844656,474.31553538531443,0.9648381280296016,0.0,0.7521934523809525,6.27125,top3
gate2E_family,N100_noise0p05,100,0.05,4,Estimate-then-optimise structured learned-transition,EtO,158.38472277569423,415.8730447844656,474.31553538531443,-4.405841013302599,0.92625,0.11838006230529595,0.24375,none
gate2E_family,N100_noise0p05,100,0.05,4,Estimate-then-optimise structured learned-transition support top3,EtO,447.82632609239477,415.8730447844656,474.31553538531443,0.5467474260493796,0.0,0.8109409461152882,11.5425,top3
gate2E_family,N100_noise0p05,100,0.05,4,Estimate-then-optimise structured empirical-transition,EtO,232.1225688839231,415.8730447844656,474.31553538531443,-3.1441246601812978,0.76875,0.17800224466891135,1.02125,none
gate2E_family,N100_noise0p05,100,0.05,4,Estimate-then-optimise structured empirical-transition support top3,EtO,461.11655311079545,415.8730447844656,474.31553538531443,0.7741543500487421,0.0,0.7480178571428573,7.06125,top3
gate2E_family,N100_noise0p05,100,0.05,4,Estimate-then-optimise unconstrained,EtO,443.69794395032164,415.8730447844656,474.31553538531443,0.47610734723636,0.9325,0.04195402298850575,0.235,none
gate2E_family,N100_noise0p05,100,0.05,4,Estimate-then-optimise unconstrained support top3,EtO,470.86610058935617,415.8730447844656,474.31553538531443,0.940977279364816,0.0,0.751782738095238,6.24875,top3
gate2E_family,N100_noise0p05,100,0.05,4,Estimate-then-optimise unconstrained learned-transition,EtO,416.22749115788304,415.8730447844656,474.31553538531443,0.006064874542021715,0.865,0.1072415699281371,0.48,none
gate2E_family,N100_noise0p05,100,0.05,4,Estimate-then-optimise unconstrained learned-transition support top3,EtO,470.86610058935617,415.8730447844656,474.31553538531443,0.940977279364816,0.0,0.751782738095238,6.24875,top3
gate2E_family,N100_noise0p05,100,0.05,4,Estimate-then-optimise unconstrained empirical-transition,EtO,416.1312585480529,415.8730447844656,474.31553538531443,0.00441825392676832,0.7775,0.13232323232323231,0.88,none
gate2E_family,N100_noise0p05,100,0.05,4,Estimate-then-optimise unconstrained empirical-transition support top3,EtO,473.5777071672662,415.8730447844656,474.31553538531443,0.987375140750119,0.0,0.7646160714285715,6.77125,top3
gate2E_family,N100_noise0p05,100,0.05,5,Behaviour cloning,BC,431.3038978171735,413.08161086848617,472.4205638661845,0.30708811039173767,0.25625,0.6962585825836478,9.71875,none
gate2E_family,N100_noise0p05,100,0.05,5,Behaviour cloning support top3,BC,425.8639605262628,413.08161086848617,472.4205638661845,0.21541245694497596,0.0,0.8927610052236412,13.73875,top3
gate2E_family,N100_noise0p05,100,0.05,5,Estimate-then-optimise structured,EtO,162.65138003615434,413.08161086848617,472.4205638661845,-4.220334505093906,0.895,0.12076655052264806,0.40625,none
gate2E_family,N100_noise0p05,100,0.05,5,Estimate-then-optimise structured support top3,EtO,463.8564554207038,413.08161086848617,472.4205638661845,0.8556747631557824,0.0,0.7570898240497425,7.195,top3
gate2E_family,N100_noise0p05,100,0.05,5,Estimate-then-optimise structured learned-transition,EtO,155.0975105212555,413.08161086848617,472.4205638661845,-4.347634855593717,0.94125,0.10515873015873016,0.1625,none
gate2E_family,N100_noise0p05,100,0.05,5,Estimate-then-optimise structured learned-transition support top3,EtO,441.1865346017073,413.08161086848617,472.4205638661845,0.47363363041325107,0.0,0.8243175878318542,12.01625,top3
gate2E_family,N100_noise0p05,100,0.05,5,Estimate-then-optimise structured empirical-transition,EtO,253.27675374078353,413.08161086848617,472.4205638661845,-2.693085217292276,0.71,0.26651834013384645,1.74625,none
gate2E_family,N100_noise0p05,100,0.05,5,Estimate-then-optimise structured empirical-transition support top3,EtO,445.46794743809886,413.08161086848617,472.4205638661845,0.5457854399768209,0.0,0.8049971347342272,9.77125,top3
gate2E_family,N100_noise0p05,100,0.05,5,Estimate-then-optimise unconstrained,EtO,440.3940835365319,413.08161086848617,472.4205638661845,0.46027897844953813,0.94625,0.03160947553129265,0.18,none
gate2E_family,N100_noise0p05,100,0.05,5,Estimate-then-optimise unconstrained support top3,EtO,467.4593266034662,413.08161086848617,472.4205638661845,0.9163915604828625,0.0,0.7925266554852152,7.845,top3
gate2E_family,N100_noise0p05,100,0.05,5,Estimate-then-optimise unconstrained learned-transition,EtO,416.0390408837004,413.08161086848617,472.4205638661845,0.049839605618403074,0.9,0.10436507936507936,0.34375,none
gate2E_family,N100_noise0p05,100,0.05,5,Estimate-then-optimise unconstrained learned-transition support top3,EtO,465.487249092259,413.08161086848617,472.4205638661845,0.8831574467754013,0.0,0.7775266554852152,7.225,top3
gate2E_family,N100_noise0p05,100,0.05,5,Estimate-then-optimise unconstrained empirical-transition,EtO,411.2264355047646,413.08161086848617,472.4205638661845,-0.03126403938730651,0.7475,0.21102270745127888,1.7225,none
gate2E_family,N100_noise0p05,100,0.05,5,Estimate-then-optimise unconstrained empirical-transition support top3,EtO,467.4593266034662,413.08161086848617,472.4205638661845,0.9163915604828625,0.0,0.7925266554852152,7.845,top3
gate2E_family,N100_noise0p05,100,0.05,6,Behaviour cloning,BC,432.9249551273848,413.54102946207837,472.2493846542733,0.33017320280646295,0.1825,0.7761683942991994,11.52,none
gate2E_family,N100_noise0p05,100,0.05,6,Behaviour cloning support top3,BC,427.59093233558286,413.54102946207837,472.2493846542733,0.23931692222527778,0.0,0.8912150645042093,13.27,top3
gate2E_family,N100_noise0p05,100,0.05,6,Estimate-then-optimise structured,EtO,168.09793934885553,413.54102946207837,472.2493846542733,-4.180718218211191,0.91125,0.054494828957836125,0.21625,none
gate2E_family,N100_noise0p05,100,0.05,6,Estimate-then-optimise structured support top3,EtO,465.26945679207995,413.54102946207837,472.2493846542733,0.8811084412202832,0.0,0.7096539345157765,5.88375,top3
gate2E_family,N100_noise0p05,100,0.05,6,Estimate-then-optimise structured learned-transition,EtO,157.7761930458191,413.54102946207837,472.2493846542733,-4.356532142298246,0.9425,0.04878917378917379,0.14625,none
gate2E_family,N100_noise0p05,100,0.05,6,Estimate-then-optimise structured learned-transition support top3,EtO,442.5624198624347,413.54102946207837,472.2493846542733,0.4943315190035272,0.0,0.7059393957650536,8.9625,top3
gate2E_family,N100_noise0p05,100,0.05,6,Estimate-then-optimise structured empirical-transition,EtO,241.04891702482485,413.54102946207837,472.2493846542733,-2.9381186352872954,0.74125,0.2054296398046398,1.19625,none
gate2E_family,N100_noise0p05,100,0.05,6,Estimate-then-optimise structured empirical-transition support top3,EtO,456.7151268604136,413.54102946207837,472.2493846542733,0.7353995399291152,0.0,0.781502459674828,9.46375,top3
gate2E_family,N100_noise0p05,100,0.05,6,Estimate-then-optimise unconstrained,EtO,444.4621853135447,413.54102946207837,472.2493846542733,0.5266908900826639,0.8725,0.09911561344267567,0.4725,none
gate2E_family,N100_noise0p05,100,0.05,6,Estimate-then-optimise unconstrained support top3,EtO,471.6565594743866,413.54102946207837,472.2493846542733,0.989902200837582,0.0,0.7228068649187072,5.99875,top3
gate2E_family,N100_noise0p05,100,0.05,6,Estimate-then-optimise unconstrained learned-transition,EtO,417.9497586573536,413.54102946207837,472.2493846542733,0.07509543029850273,0.585,0.3882386938303713,3.32,none
gate2E_family,N100_noise0p05,100,0.05,6,Estimate-then-optimise unconstrained learned-transition support top3,EtO,471.13856992188727,413.54102946207837,472.2493846542733,0.9810791031574719,0.0,0.7215217458710881,6.115,top3
gate2E_family,N100_noise0p05,100,0.05,6,Estimate-then-optimise unconstrained empirical-transition,EtO,402.62896550898455,413.54102946207837,472.2493846542733,-0.18586901161462865,0.7625,0.12833173537871526,0.78,none
gate2E_family,N100_noise0p05,100,0.05,6,Estimate-then-optimise unconstrained empirical-transition support top3,EtO,468.53234974007086,413.54102946207837,472.2493846542733,0.9366864409327448,0.0,0.7354167550285973,6.52375,top3
gate2E_family,N100_noise0p05,100,0.05,7,Behaviour cloning,BC,441.3501542847803,422.9552853756405,480.1843549282328,0.3214252660920036,0.19625,0.7801727269427554,11.02875,none
gate2E_family,N100_noise0p05,100,0.05,7,Behaviour cloning support top3,BC,431.74605983269413,422.9552853756405,480.1843549282328,0.15360680377609623,0.0,0.9074709901703903,13.6575,top3
gate2E_family,N100_noise0p05,100,0.05,7,Estimate-then-optimise structured,EtO,175.0749749191987,422.9552853756405,480.1843549282328,-4.331370619762485,0.94,0.04185022026431718,0.14,none
gate2E_family,N100_noise0p05,100,0.05,7,Estimate-then-optimise structured support top3,EtO,470.92719173487524,422.9552853756405,480.1843549282328,0.8382436886406057,0.0,0.8050829036159918,7.62625,top3
gate2E_family,N100_noise0p05,100,0.05,7,Estimate-then-optimise structured learned-transition,EtO,161.20555589090142,422.9552853756405,480.1843549282328,-4.573719816363551,0.9475,0.06489675516224189,0.12875,none
gate2E_family,N100_noise0p05,100,0.05,7,Estimate-then-optimise structured learned-transition support top3,EtO,452.5323740315695,422.9552853756405,480.1843549282328,0.5168193173007689,0.0,0.8428539650010722,12.9675,top3
gate2E_family,N100_noise0p05,100,0.05,7,Estimate-then-optimise structured empirical-transition,EtO,235.0686675144803,422.9552853756405,480.1843549282328,-3.2830625996548237,0.8225,0.1599457030050763,0.92125,none
gate2E_family,N100_noise0p05,100,0.05,7,Estimate-then-optimise structured empirical-transition support top3,EtO,459.0173000850753,422.9552853756405,480.1843549282328,0.6301345625809027,0.0,0.8611922786159919,11.4075,top3
gate2E_family,N100_noise0p05,100,0.05,7,Estimate-then-optimise unconstrained,EtO,449.146028378848,422.9552853756405,480.1843549282328,0.4576475418517635,0.92625,0.03874458874458874,0.3075,none
gate2E_family,N100_noise0p05,100,0.05,7,Estimate-then-optimise unconstrained support top3,EtO,472.0213224271878,422.9552853756405,480.1843549282328,0.8573621314331635,0.0,0.8246106813937695,8.21,top3
gate2E_family,N100_noise0p05,100,0.05,7,Estimate-then-optimise unconstrained learned-transition,EtO,430.81003694197346,422.9552853756405,480.1843549282328,0.13725107935075886,0.87375,0.08496932515337421,0.62625,none
gate2E_family,N100_noise0p05,100,0.05,7,Estimate-then-optimise unconstrained learned-transition support top3,EtO,472.0213224271878,422.9552853756405,480.1843549282328,0.8573621314331635,0.0,0.8246106813937695,8.21,top3
gate2E_family,N100_noise0p05,100,0.05,7,Estimate-then-optimise unconstrained empirical-transition,EtO,411.328604237535,422.9552853756405,480.1843549282328,-0.2031604083204756,0.76375,0.21236428455679793,0.8225,none
gate2E_family,N100_noise0p05,100,0.05,7,Estimate-then-optimise unconstrained empirical-transition support top3,EtO,472.0213224271878,422.9552853756405,480.1843549282328,0.8573621314331635,0.0,0.8246106813937695,8.21,top3
gate2E_family,N100_noise0p05,100,0.05,8,Behaviour cloning,BC,442.2914553970526,414.15142866616,472.41867197590335,0.482947624299004,0.1225,0.7965408198939378,10.2775,none
gate2E_family,N100_noise0p05,100,0.05,8,Behaviour cloning support top3,BC,441.3229302486193,414.15142866616,472.41867197590335,0.4663255036456432,0.0,0.8771922754790321,14.20375,top3
gate2E_family,N100_noise0p05,100,0.05,8,Estimate-then-optimise structured,EtO,177.19666566160967,414.15142866616,472.41867197590335,-4.06668909570546,0.9275,0.05202312138728324,0.32875,none
gate2E_family,N100_noise0p05,100,0.05,8,Estimate-then-optimise structured support top3,EtO,466.0065514891379,414.15142866616,472.41867197590335,0.8899532546498005,0.0,0.7955750739607437,7.13875,top3
gate2E_family,N100_noise0p05,100,0.05,8,Estimate-then-optimise structured learned-transition,EtO,157.09446167371848,414.15142866616,472.41867197590335,-4.411689182306944,0.93,0.11764705882352941,0.35125,none
gate2E_family,N100_noise0p05,100,0.05,8,Estimate-then-optimise structured learned-transition support top3,EtO,444.94475544945163,414.15142866616,472.41867197590335,0.5284843598932102,0.0,0.8784027475845412,16.58625,top3
gate2E_family,N100_noise0p05,100,0.05,8,Estimate-then-optimise structured empirical-transition,EtO,262.72426793815333,414.15142866616,472.41867197590335,-2.5988385948350703,0.775,0.23089301337332832,1.32125,none
gate2E_family,N100_noise0p05,100,0.05,8,Estimate-then-optimise structured empirical-transition support top3,EtO,451.0803086099475,414.15142866616,472.41867197590335,0.6337845733918964,0.0,0.8410023507591441,9.6375,top3
gate2E_family,N100_noise0p05,100,0.05,8,Estimate-then-optimise unconstrained,EtO,439.57254795711384,414.15142866616,472.41867197590335,0.43628491493612465,0.925,0.04343344588590724,0.38625,none
gate2E_family,N100_noise0p05,100,0.05,8,Estimate-then-optimise unconstrained support top3,EtO,469.7223113264219,414.15142866616,472.41867197590335,0.9537242454538678,0.0,0.796017782294077,6.97625,top3
gate2E_family,N100_noise0p05,100,0.05,8,Estimate-then-optimise unconstrained learned-transition,EtO,404.68848295519723,414.15142866616,472.41867197590335,-0.1624059278153693,0.85875,0.14459161147902871,0.98125,none
gate2E_family,N100_noise0p05,100,0.05,8,Estimate-then-optimise unconstrained learned-transition support top3,EtO,469.7223113264219,414.15142866616,472.41867197590335,0.9537242454538678,0.0,0.796017782294077,6.97625,top3
gate2E_family,N100_noise0p05,100,0.05,8,Estimate-then-optimise unconstrained empirical-transition,EtO,417.30069896569034,414.15142866616,472.41867197590335,0.05404872653386288,0.74875,0.17430068882899075,1.31125,none
gate2E_family,N100_noise0p05,100,0.05,8,Estimate-then-optimise unconstrained empirical-transition support top3,EtO,468.0301960442167,414.15142866616,472.41867197590335,0.9246836527282081,0.0,0.8052625739607437,7.2475,top3
gate2E_family,N100_noise0p05,100,0.05,9,Behaviour cloning,BC,447.823277374186,420.68245839622364,477.90153050673655,0.47433168656671965,0.245,0.7435637090182544,8.88875,none
gate2E_family,N100_noise0p05,100,0.05,9,Behaviour cloning support top3,BC,445.17050966908783,420.68245839622364,477.90153050673655,0.427970087064117,0.0,0.8922557852686529,14.05375,top3
gate2E_family,N100_noise0p05,100,0.05,9,Estimate-then-optimise structured,EtO,164.88521349924815,420.68245839622364,477.90153050673655,-4.470489217352716,0.8825,0.1723618090452261,0.58125,none
gate2E_family,N100_noise0p05,100,0.05,9,Estimate-then-optimise structured support top3,EtO,472.0545942840218,420.68245839622364,477.90153050673655,0.8978149066901682,0.0,0.7769478264790766,7.6925,top3
gate2E_family,N100_noise0p05,100,0.05,9,Estimate-then-optimise structured learned-transition,EtO,157.16436119298427,420.68245839622364,477.90153050673655,-4.605424161620107,0.91625,0.11102941176470588,0.2375,none
gate2E_family,N100_noise0p05,100,0.05,9,Estimate-then-optimise structured learned-transition support top3,EtO,448.4142757955935,420.68245839622364,477.90153050673655,0.4846603829193283,0.0,0.8517831200662083,14.6475,top3
gate2E_family,N100_noise0p05,100,0.05,9,Estimate-then-optimise structured empirical-transition,EtO,237.62103199206453,420.68245839622364,477.90153050673655,-3.1993078470513168,0.78125,0.20195035460992908,1.065,none
gate2E_family,N100_noise0p05,100,0.05,9,Estimate-then-optimise structured empirical-transition support top3,EtO,460.1416872012662,420.68245839622364,477.90153050673655,0.6896167195586645,0.0,0.7850187139249638,9.565,top3
gate2E_family,N100_noise0p05,100,0.05,9,Estimate-then-optimise unconstrained,EtO,445.0565228978162,420.68245839622364,477.90153050673655,0.4259779755693432,0.9275,0.03345609614266331,0.26375,none
gate2E_family,N100_noise0p05,100,0.05,9,Estimate-then-optimise unconstrained support top3,EtO,477.14829140582856,420.68245839622364,477.90153050673655,0.9868358735448701,0.0,0.7851669823232322,7.41625,top3
gate2E_family,N100_noise0p05,100,0.05,9,Estimate-then-optimise unconstrained learned-transition,EtO,409.5485443716828,420.68245839622364,477.90153050673655,-0.19458396674166267,0.89125,0.10486322188449847,0.48,none
gate2E_family,N100_noise0p05,100,0.05,9,Estimate-then-optimise unconstrained learned-transition support top3,EtO,477.14829140582856,420.68245839622364,477.90153050673655,0.9868358735448701,0.0,0.7851669823232322,7.41625,top3
gate2E_family,N100_noise0p05,100,0.05,9,Estimate-then-optimise unconstrained empirical-transition,EtO,410.57124034921156,420.68245839622364,477.90153050673655,-0.17671062591653475,0.76625,0.1825648414985591,1.07125,none
gate2E_family,N100_noise0p05,100,0.05,9,Estimate-then-optimise unconstrained empirical-transition support top3,EtO,477.14829140582856,420.68245839622364,477.90153050673655,0.9868358735448701,0.0,0.7851669823232322,7.41625,top3
gate2E_family,N100_noise0p2,100,0.2,0,Behaviour cloning,BC,448.85541736519184,425.0469525373324,482.26747238006357,0.4160826377197598,0.16625,0.7600977609586881,9.50125,none
gate2E_family,N100_noise0p2,100,0.2,0,Behaviour cloning support top3,BC,444.578664717201,425.0469525373324,482.26747238006357,0.3413410474695247,0.0,0.8669231273220245,11.2925,top3
gate2E_family,N100_noise0p2,100,0.2,0,Estimate-then-optimise structured,EtO,179.3215043358007,425.0469525373324,482.26747238006357,-4.294358892175404,0.935,0.0437375745526839,0.2175,none
gate2E_family,N100_noise0p2,100,0.2,0,Estimate-then-optimise structured support top3,EtO,479.33501654727377,425.0469525373324,482.26747238006357,0.9487516743844767,0.0,0.8015810855810855,8.16375,top3
gate2E_family,N100_noise0p2,100,0.2,0,Estimate-then-optimise structured learned-transition,EtO,162.33083912564155,425.0469525373324,482.26747238006357,-4.591291972421048,0.93375,0.10714285714285714,0.215,none
gate2E_family,N100_noise0p2,100,0.2,0,Estimate-then-optimise structured learned-transition support top3,EtO,457.45009881749434,425.0469525373324,482.26747238006357,0.5662854229430453,0.0,0.8615019539284244,13.9775,top3
gate2E_family,N100_noise0p2,100,0.2,0,Estimate-then-optimise structured empirical-transition,EtO,235.79188857069337,425.0469525373324,482.26747238006357,-3.307468448151131,0.80875,0.18341811617984902,1.15375,none
gate2E_family,N100_noise0p2,100,0.2,0,Estimate-then-optimise structured empirical-transition support top3,EtO,466.57845892533516,425.0469525373324,482.26747238006357,0.7258149087451637,0.0,0.8400649350649352,9.35,top3
gate2E_family,N100_noise0p2,100,0.2,0,Estimate-then-optimise unconstrained,EtO,455.3308907660024,425.0469525373324,482.26747238006357,0.5292496173034515,0.90375,0.07982583454281568,0.41625,none
gate2E_family,N100_noise0p2,100,0.2,0,Estimate-then-optimise unconstrained support top3,EtO,475.7679155775654,425.0469525373324,482.26747238006357,0.8864121329138221,0.0,0.7944541396103897,8.42125,top3
gate2E_family,N100_noise0p2,100,0.2,0,Estimate-then-optimise unconstrained learned-transition,EtO,417.066909852409,425.0469525373324,482.26747238006357,-0.1394612056453922,0.86625,0.15104166666666666,0.97625,none
gate2E_family,N100_noise0p2,100,0.2,0,Estimate-then-optimise unconstrained learned-transition support top3,EtO,467.3237014012619,425.0469525373324,482.26747238006357,0.7388389511337169,0.0,0.7773678300865801,6.8825,top3
gate2E_family,N100_noise0p2,100,0.2,0,Estimate-then-optimise unconstrained empirical-transition,EtO,429.1807006118942,425.0469525373324,482.26747238006357,0.07224240684850997,0.6275,0.2746732744026384,2.81625,none
gate2E_family,N100_noise0p2,100,0.2,0,Estimate-then-optimise unconstrained empirical-transition support top3,EtO,480.53520287318594,425.0469525373324,482.26747238006357,0.9697264283575417,0.0,0.8079203712953713,8.3775,top3
gate2E_family,N100_noise0p2,100,0.2,1,Behaviour cloning,BC,442.9303592939899,421.1367484506907,477.84490227066374,0.38431176780125315,0.1875,0.7146702834202835,10.18125,none
gate2E_family,N100_noise0p2,100,0.2,1,Behaviour cloning support top3,BC,440.94977436467843,421.1367484506907,477.84490227066374,0.3493858392372748,0.0,0.8689910263347764,13.9975,top3
gate2E_family,N100_noise0p2,100,0.2,1,Estimate-then-optimise structured,EtO,175.62575779745077,421.1367484506907,477.84490227066374,-4.329377243220515,0.855,0.1630250677506775,0.725,none
gate2E_family,N100_noise0p2,100,0.2,1,Estimate-then-optimise structured support top3,EtO,472.9308705037586,421.1367484506907,477.84490227066374,0.9133452345758724,0.0,0.7546381899350649,6.73125,top3
gate2E_family,N100_noise0p2,100,0.2,1,Estimate-then-optimise structured learned-transition,EtO,161.23330645367295,421.1367484506907,477.84490227066374,-4.583175866068799,0.9125,0.14365671641791045,0.32625,none
gate2E_family,N100_noise0p2,100,0.2,1,Estimate-then-optimise structured learned-transition support top3,EtO,449.5634211878025,421.1367484506907,477.84490227066374,0.50128016558881,0.0,0.8250052083333332,12.50625,top3
gate2E_family,N100_noise0p2,100,0.2,1,Estimate-then-optimise structured empirical-transition,EtO,238.22001018793213,421.1367484506907,477.84490227066374,-3.2255809075261026,0.775,0.1904761904761905,0.96375,none
gate2E_family,N100_noise0p2,100,0.2,1,Estimate-then-optimise structured empirical-transition support top3,EtO,460.8490893705776,421.1367484506907,477.84490227066374,0.7002933131266903,0.0,0.811634852994228,9.26875,top3
gate2E_family,N100_noise0p2,100,0.2,1,Estimate-then-optimise unconstrained,EtO,444.96692003461243,421.1367484506907,477.84490227066374,0.4202247821287488,0.945,0.03060921248142645,0.25625,none
gate2E_family,N100_noise0p2,100,0.2,1,Estimate-then-optimise unconstrained support top3,EtO,476.2457134972159,421.1367484506907,477.84490227066374,0.971799667848037,0.0,0.7374330131673882,6.54125,top3
gate2E_family,N100_noise0p2,100,0.2,1,Estimate-then-optimise unconstrained learned-transition,EtO,389.92299502967614,421.1367484506907,477.84490227066374,-0.5504279599739111,0.9725,0.0231729055258467,0.075,none
gate2E_family,N100_noise0p2,100,0.2,1,Estimate-then-optimise unconstrained learned-transition support top3,EtO,473.566274861613,421.1367484506907,477.84490227066374,0.9245500493168275,0.0,0.7380580131673882,6.3575,top3
gate2E_family,N100_noise0p2,100,0.2,1,Estimate-then-optimise unconstrained empirical-transition,EtO,437.8146611413011,421.1367484506907,477.84490227066374,0.2941007874027512,0.8625,0.09606481481481481,0.515,none
gate2E_family,N100_noise0p2,100,0.2,1,Estimate-then-optimise unconstrained empirical-transition support top3,EtO,476.5713067391173,421.1367484506907,477.84490227066374,0.9775412273940423,0.0,0.7446893262987012,6.39125,top3
gate2E_family,N100_noise0p2,100,0.2,2,Behaviour cloning,BC,454.04380585443937,428.2572553930546,483.61336583743207,0.4658302444731088,0.1875,0.7094816046852841,7.5775,none
gate2E_family,N100_noise0p2,100,0.2,2,Behaviour cloning support top3,BC,451.7940443686964,428.2572553930546,483.61336583743207,0.4251886338598856,0.0,0.8529982794450507,11.705,top3
gate2E_family,N100_noise0p2,100,0.2,2,Estimate-then-optimise structured,EtO,167.4350886362671,428.2572553930546,483.61336583743207,-4.711714111829894,0.93875,0.06587009803921569,0.20875,none
gate2E_family,N100_noise0p2,100,0.2,2,Estimate-then-optimise structured support top3,EtO,477.4453478049873,428.2572553930546,483.61336583743207,0.8885756607006833,0.0,0.7810040078385667,6.8625,top3
gate2E_family,N100_noise0p2,100,0.2,2,Estimate-then-optimise structured learned-transition,EtO,162.06921346149795,428.2572553930546,483.61336583743207,-4.8086478582888486,0.94375,0.07543859649122807,0.1225,none
gate2E_family,N100_noise0p2,100,0.2,2,Estimate-then-optimise structured learned-transition support top3,EtO,454.60266575048183,428.2572553930546,483.61336583743207,0.4759259663646245,0.0,0.8364042270158799,15.30625,top3
gate2E_family,N100_noise0p2,100,0.2,2,Estimate-then-optimise structured empirical-transition,EtO,246.62463441141483,428.2572553930546,483.61336583743207,-3.2811666051599957,0.77625,0.21561200237670824,1.14875,none
gate2E_family,N100_noise0p2,100,0.2,2,Estimate-then-optimise structured empirical-transition support top3,EtO,464.0680912294345,428.2572553930546,483.61336583743207,0.646917486595506,0.0,0.822611428195987,10.1825,top3
gate2E_family,N100_noise0p2,100,0.2,2,Estimate-then-optimise unconstrained,EtO,452.0296257716465,428.2572553930546,483.61336583743207,0.42944437728295054,0.92875,0.0408223201174743,0.28375,none
gate2E_family,N100_noise0p2,100,0.2,2,Estimate-then-optimise unconstrained support top3,EtO,473.7312524012016,428.2572553930546,483.61336583743207,0.8214810730576858,0.0,0.7939137500571324,8.09875,top3
gate2E_family,N100_noise0p2,100,0.2,2,Estimate-then-optimise unconstrained learned-transition,EtO,419.0244440722339,428.2572553930546,483.61336583743207,-0.16678937964938756,0.8825,0.10660535117056856,0.5425,none
gate2E_family,N100_noise0p2,100,0.2,2,Estimate-then-optimise unconstrained learned-transition support top3,EtO,475.3519236482105,428.2572553930546,483.61336583743207,0.8507582609597768,0.0,0.7355738622701538,5.93875,top3
gate2E_family,N100_noise0p2,100,0.2,2,Estimate-then-optimise unconstrained empirical-transition,EtO,428.5557006871562,428.2572553930546,483.61336583743207,0.005391370378189654,0.835,0.10838641188959659,0.77125,none
gate2E_family,N100_noise0p2,100,0.2,2,Estimate-then-optimise unconstrained empirical-transition support top3,EtO,482.59998661765303,428.2572553930546,483.61336583743207,0.9816934533217015,0.0,0.7766980652109328,7.06125,top3
gate2E_family,N100_noise0p2,100,0.2,3,Behaviour cloning,BC,446.7178541879652,427.8075954406258,483.28279877863395,0.34087768245066136,0.13125,0.8244837447320891,10.27125,none
gate2E_family,N100_noise0p2,100,0.2,3,Behaviour cloning support top3,BC,441.853934187917,427.8075954406258,483.28279877863395,0.25320031116799036,0.0,0.8995380713036962,15.155,top3
gate2E_family,N100_noise0p2,100,0.2,3,Estimate-then-optimise structured,EtO,173.8333133701653,427.8075954406258,483.28279877863395,-4.578158650866145,0.91875,0.13900472616068946,0.48125,none
gate2E_family,N100_noise0p2,100,0.2,3,Estimate-then-optimise structured support top3,EtO,468.15059054068587,427.8075954406258,483.28279877863395,0.7272257273984531,0.0,0.7882449833152958,6.84125,top3
gate2E_family,N100_noise0p2,100,0.2,3,Estimate-then-optimise structured learned-transition,EtO,155.3495371265376,427.8075954406258,483.28279877863395,-4.911348529071851,0.86375,0.23128342245989306,0.805,none
gate2E_family,N100_noise0p2,100,0.2,3,Estimate-then-optimise structured learned-transition support top3,EtO,450.3901301474573,427.8075954406258,483.28279877863395,0.40707439266580114,0.0,0.8525699647574647,16.3925,top3
gate2E_family,N100_noise0p2,100,0.2,3,Estimate-then-optimise structured empirical-transition,EtO,255.0236200904796,427.8075954406258,483.28279877863395,-3.1146163502525708,0.735,0.2811316287878788,1.5025,none
gate2E_family,N100_noise0p2,100,0.2,3,Estimate-then-optimise structured empirical-transition support top3,EtO,463.5384458084179,427.8075954406258,483.28279877863395,0.6440868751771042,0.0,0.7784961783008657,8.11125,top3
gate2E_family,N100_noise0p2,100,0.2,3,Estimate-then-optimise unconstrained,EtO,448.6300230406305,427.8075954406258,483.28279877863395,0.3753465755345588,0.93375,0.035707406999779874,0.27375,none
gate2E_family,N100_noise0p2,100,0.2,3,Estimate-then-optimise unconstrained support top3,EtO,475.482614601531,427.8075954406258,483.28279877863395,0.8593933197580774,0.0,0.7900848327020202,6.54375,top3
gate2E_family,N100_noise0p2,100,0.2,3,Estimate-then-optimise unconstrained learned-transition,EtO,426.502256298681,427.8075954406258,483.28279877863395,-0.02353013713156501,0.86625,0.15171288743882544,0.695,none
gate2E_family,N100_noise0p2,100,0.2,3,Estimate-then-optimise unconstrained learned-transition support top3,EtO,475.482614601531,427.8075954406258,483.28279877863395,0.8593933197580774,0.0,0.7900848327020202,6.54375,top3
gate2E_family,N100_noise0p2,100,0.2,3,Estimate-then-optimise unconstrained empirical-transition,EtO,414.66129470919446,427.8075954406258,483.28279877863395,-0.23697616124688087,0.82,0.15377619810439194,0.86625,none
gate2E_family,N100_noise0p2,100,0.2,3,Estimate-then-optimise unconstrained empirical-transition support top3,EtO,475.482614601531,427.8075954406258,483.28279877863395,0.8593933197580774,0.0,0.7900848327020202,6.54375,top3
gate2E_family,N100_noise0p2,100,0.2,4,Behaviour cloning,BC,443.6724172075849,415.8730447844656,474.31553538531443,0.47567056327191365,0.09875,0.7942015730748125,10.27375,none
gate2E_family,N100_noise0p2,100,0.2,4,Behaviour cloning support top3,BC,438.1305978326061,415.8730447844656,474.31553538531443,0.38084538867714207,0.0,0.8452882988721805,11.4025,top3
gate2E_family,N100_noise0p2,100,0.2,4,Estimate-then-optimise structured,EtO,175.9703828482278,415.8730447844656,474.31553538531443,-4.104935629364731,0.91875,0.05673076923076923,0.31625,none
gate2E_family,N100_noise0p2,100,0.2,4,Estimate-then-optimise structured support top3,EtO,472.2605880131762,415.8730447844656,474.31553538531443,0.9648381280296016,0.0,0.7521934523809525,6.27125,top3
gate2E_family,N100_noise0p2,100,0.2,4,Estimate-then-optimise structured learned-transition,EtO,158.38472277569423,415.8730447844656,474.31553538531443,-4.405841013302599,0.92625,0.11838006230529595,0.24375,none
gate2E_family,N100_noise0p2,100,0.2,4,Estimate-then-optimise structured learned-transition support top3,EtO,447.82632609239477,415.8730447844656,474.31553538531443,0.5467474260493796,0.0,0.8109409461152882,11.5425,top3
gate2E_family,N100_noise0p2,100,0.2,4,Estimate-then-optimise structured empirical-transition,EtO,231.3743067984669,415.8730447844656,474.31553538531443,-3.156928051648076,0.77375,0.1742117117117117,0.99375,none
gate2E_family,N100_noise0p2,100,0.2,4,Estimate-then-optimise structured empirical-transition support top3,EtO,461.11655311079545,415.8730447844656,474.31553538531443,0.7741543500487421,0.0,0.7480178571428573,7.06125,top3
gate2E_family,N100_noise0p2,100,0.2,4,Estimate-then-optimise unconstrained,EtO,439.0312521124966,415.8730447844656,474.31553538531443,0.3962563383240657,0.9425,0.0337203302373581,0.2125,none
gate2E_family,N100_noise0p2,100,0.2,4,Estimate-then-optimise unconstrained support top3,EtO,470.86610058935617,415.8730447844656,474.31553538531443,0.940977279364816,0.0,0.751782738095238,6.24875,top3
gate2E_family,N100_noise0p2,100,0.2,4,Estimate-then-optimise unconstrained learned-transition,EtO,414.56636294969206,415.8730447844656,474.31553538531443,-0.022358421438571675,0.865,0.10618500273672689,0.48,none
gate2E_family,N100_noise0p2,100,0.2,4,Estimate-then-optimise unconstrained learned-transition support top3,EtO,470.86610058935617,415.8730447844656,474.31553538531443,0.940977279364816,0.0,0.751782738095238,6.24875,top3
gate2E_family,N100_noise0p2,100,0.2,4,Estimate-then-optimise unconstrained empirical-transition,EtO,417.6199244886869,415.8730447844656,474.31553538531443,0.029890575953583666,0.7375,0.1683010752688172,1.24,none
gate2E_family,N100_noise0p2,100,0.2,4,Estimate-then-optimise unconstrained empirical-transition support top3,EtO,473.5777071672662,415.8730447844656,474.31553538531443,0.987375140750119,0.0,0.7646160714285715,6.77125,top3
gate2E_family,N100_noise0p2,100,0.2,5,Behaviour cloning,BC,431.3038978171735,413.08161086848617,472.4205638661845,0.30708811039173767,0.25625,0.6962585825836478,9.71875,none
gate2E_family,N100_noise0p2,100,0.2,5,Behaviour cloning support top3,BC,425.8639605262628,413.08161086848617,472.4205638661845,0.21541245694497596,0.0,0.8927610052236412,13.73875,top3
gate2E_family,N100_noise0p2,100,0.2,5,Estimate-then-optimise structured,EtO,161.30200778728965,413.08161086848617,472.4205638661845,-4.243074580216516,0.91875,0.08346456692913386,0.30125,none
gate2E_family,N100_noise0p2,100,0.2,5,Estimate-then-optimise structured support top3,EtO,462.53615393875,413.08161086848617,472.4205638661845,0.8334245983777647,0.0,0.7762895971027766,7.61375,top3
gate2E_family,N100_noise0p2,100,0.2,5,Estimate-then-optimise structured learned-transition,EtO,150.0296996489699,413.08161086848617,472.4205638661845,-4.433039309435061,0.93125,0.12861736334405144,0.205,none
gate2E_family,N100_noise0p2,100,0.2,5,Estimate-then-optimise structured learned-transition support top3,EtO,441.6353250962095,413.08161086848617,472.4205638661845,0.48119679881832217,0.0,0.8204983889148292,11.37125,top3
gate2E_family,N100_noise0p2,100,0.2,5,Estimate-then-optimise structured empirical-transition,EtO,253.27675374078353,413.08161086848617,472.4205638661845,-2.693085217292276,0.71,0.26651834013384645,1.74625,none
gate2E_family,N100_noise0p2,100,0.2,5,Estimate-then-optimise structured empirical-transition support top3,EtO,445.46794743809886,413.08161086848617,472.4205638661845,0.5457854399768209,0.0,0.8049971347342272,9.77125,top3
gate2E_family,N100_noise0p2,100,0.2,5,Estimate-then-optimise unconstrained,EtO,439.94633769750516,413.08161086848617,472.4205638661845,0.4527334149300043,0.94625,0.02964278730200117,0.1875,none
gate2E_family,N100_noise0p2,100,0.2,5,Estimate-then-optimise unconstrained support top3,EtO,467.4593266034662,413.08161086848617,472.4205638661845,0.9163915604828625,0.0,0.7925266554852152,7.845,top3
gate2E_family,N100_noise0p2,100,0.2,5,Estimate-then-optimise unconstrained learned-transition,EtO,406.6512608394614,413.08161086848617,472.4205638661845,-0.1083664221253485,0.87375,0.13020408163265307,0.47875,none
gate2E_family,N100_noise0p2,100,0.2,5,Estimate-then-optimise unconstrained learned-transition support top3,EtO,467.4593266034662,413.08161086848617,472.4205638661845,0.9163915604828625,0.0,0.7925266554852152,7.845,top3
gate2E_family,N100_noise0p2,100,0.2,5,Estimate-then-optimise unconstrained empirical-transition,EtO,412.5315071231203,413.08161086848617,472.4205638661845,-0.009270533394601401,0.77,0.18578885952303673,1.4525,none
gate2E_family,N100_noise0p2,100,0.2,5,Estimate-then-optimise unconstrained empirical-transition support top3,EtO,467.4593266034662,413.08161086848617,472.4205638661845,0.9163915604828625,0.0,0.7925266554852152,7.845,top3
gate2E_family,N100_noise0p2,100,0.2,6,Behaviour cloning,BC,432.9249551273848,413.54102946207837,472.2493846542733,0.33017320280646295,0.1825,0.7761683942991994,11.52,none
gate2E_family,N100_noise0p2,100,0.2,6,Behaviour cloning support top3,BC,427.59093233558286,413.54102946207837,472.2493846542733,0.23931692222527778,0.0,0.8912150645042093,13.27,top3
gate2E_family,N100_noise0p2,100,0.2,6,Estimate-then-optimise structured,EtO,167.18349560604958,413.54102946207837,472.2493846542733,-4.196294259130959,0.91625,0.05210819411296739,0.21125,none
gate2E_family,N100_noise0p2,100,0.2,6,Estimate-then-optimise structured support top3,EtO,465.26945679207995,413.54102946207837,472.2493846542733,0.8811084412202832,0.0,0.7096539345157765,5.88375,top3
gate2E_family,N100_noise0p2,100,0.2,6,Estimate-then-optimise structured learned-transition,EtO,157.58929369344418,413.54102946207837,472.2493846542733,-4.359715664503272,0.9425,0.04878917378917379,0.14625,none
gate2E_family,N100_noise0p2,100,0.2,6,Estimate-then-optimise structured learned-transition support top3,EtO,442.5624198624347,413.54102946207837,472.2493846542733,0.4943315190035272,0.0,0.7059393957650536,8.9625,top3
gate2E_family,N100_noise0p2,100,0.2,6,Estimate-then-optimise structured empirical-transition,EtO,241.04891702482485,413.54102946207837,472.2493846542733,-2.9381186352872954,0.74125,0.2054296398046398,1.19625,none
gate2E_family,N100_noise0p2,100,0.2,6,Estimate-then-optimise structured empirical-transition support top3,EtO,456.7151268604136,413.54102946207837,472.2493846542733,0.7353995399291152,0.0,0.781502459674828,9.46375,top3
gate2E_family,N100_noise0p2,100,0.2,6,Estimate-then-optimise unconstrained,EtO,428.6535612678279,413.54102946207837,472.2493846542733,0.25741705343771415,0.94625,0.028486842105263158,0.15125,none
gate2E_family,N100_noise0p2,100,0.2,6,Estimate-then-optimise unconstrained support top3,EtO,471.6565594743866,413.54102946207837,472.2493846542733,0.989902200837582,0.0,0.7228068649187072,5.99875,top3
gate2E_family,N100_noise0p2,100,0.2,6,Estimate-then-optimise unconstrained learned-transition,EtO,391.96274978046574,413.54102946207837,472.2493846542733,-0.36755040421369856,0.9475,0.0311284046692607,0.135,none
gate2E_family,N100_noise0p2,100,0.2,6,Estimate-then-optimise unconstrained learned-transition support top3,EtO,471.6565594743866,413.54102946207837,472.2493846542733,0.989902200837582,0.0,0.7228068649187072,5.99875,top3
gate2E_family,N100_noise0p2,100,0.2,6,Estimate-then-optimise unconstrained empirical-transition,EtO,414.96125696338896,413.54102946207837,472.2493846542733,0.024191233030820908,0.725,0.14578085642317382,1.08,none
gate2E_family,N100_noise0p2,100,0.2,6,Estimate-then-optimise unconstrained empirical-transition support top3,EtO,471.6565594743866,413.54102946207837,472.2493846542733,0.989902200837582,0.0,0.7228068649187072,5.99875,top3
gate2E_family,N100_noise0p2,100,0.2,7,Behaviour cloning,BC,441.3501542847803,422.9552853756405,480.1843549282328,0.3214252660920036,0.19625,0.7801727269427554,11.02875,none
gate2E_family,N100_noise0p2,100,0.2,7,Behaviour cloning support top3,BC,431.74605983269413,422.9552853756405,480.1843549282328,0.15360680377609623,0.0,0.9074709901703903,13.6575,top3
gate2E_family,N100_noise0p2,100,0.2,7,Estimate-then-optimise structured,EtO,173.3129293831646,422.9552853756405,480.1843549282328,-4.362159964230418,0.94,0.04241071428571429,0.14,none
gate2E_family,N100_noise0p2,100,0.2,7,Estimate-then-optimise structured support top3,EtO,470.92719173487524,422.9552853756405,480.1843549282328,0.8382436886406057,0.0,0.8050829036159918,7.62625,top3
gate2E_family,N100_noise0p2,100,0.2,7,Estimate-then-optimise structured learned-transition,EtO,160.85077639016993,422.9552853756405,480.1843549282328,-4.579919104653665,0.94375,0.06804733727810651,0.1325,none
gate2E_family,N100_noise0p2,100,0.2,7,Estimate-then-optimise structured learned-transition support top3,EtO,452.5323740315695,422.9552853756405,480.1843549282328,0.5168193173007689,0.0,0.8428539650010722,12.9675,top3
gate2E_family,N100_noise0p2,100,0.2,7,Estimate-then-optimise structured empirical-transition,EtO,235.0686675144803,422.9552853756405,480.1843549282328,-3.2830625996548237,0.8225,0.1599457030050763,0.92125,none
gate2E_family,N100_noise0p2,100,0.2,7,Estimate-then-optimise structured empirical-transition support top3,EtO,459.0173000850753,422.9552853756405,480.1843549282328,0.6301345625809027,0.0,0.8611922786159919,11.4075,top3
gate2E_family,N100_noise0p2,100,0.2,7,Estimate-then-optimise unconstrained,EtO,452.25991350168096,422.9552853756405,480.1843549282328,0.5120584408437765,0.92375,0.05185185185185185,0.275,none
gate2E_family,N100_noise0p2,100,0.2,7,Estimate-then-optimise unconstrained support top3,EtO,472.0213224271878,422.9552853756405,480.1843549282328,0.8573621314331635,0.0,0.8246106813937695,8.21,top3
gate2E_family,N100_noise0p2,100,0.2,7,Estimate-then-optimise unconstrained learned-transition,EtO,429.77627818607937,422.9552853756405,480.1843549282328,0.11918755387365676,0.8825,0.0785276073619632,0.57375,none
gate2E_family,N100_noise0p2,100,0.2,7,Estimate-then-optimise unconstrained learned-transition support top3,EtO,467.81077599981177,422.9552853756405,480.1843549282328,0.7837885706485239,0.0,0.8623166950492319,9.32375,top3
gate2E_family,N100_noise0p2,100,0.2,7,Estimate-then-optimise unconstrained empirical-transition,EtO,421.0280744443363,422.9552853756405,480.1843549282328,-0.03367538466675842,0.73125,0.23698549667801005,1.635,none
gate2E_family,N100_noise0p2,100,0.2,7,Estimate-then-optimise unconstrained empirical-transition support top3,EtO,472.0213224271878,422.9552853756405,480.1843549282328,0.8573621314331635,0.0,0.8246106813937695,8.21,top3
gate2E_family,N100_noise0p2,100,0.2,8,Behaviour cloning,BC,442.2914553970526,414.15142866616,472.41867197590335,0.482947624299004,0.1225,0.7965408198939378,10.2775,none
gate2E_family,N100_noise0p2,100,0.2,8,Behaviour cloning support top3,BC,441.3229302486193,414.15142866616,472.41867197590335,0.4663255036456432,0.0,0.8771922754790321,14.20375,top3
gate2E_family,N100_noise0p2,100,0.2,8,Estimate-then-optimise structured,EtO,177.19500448947252,414.15142866616,472.41867197590335,-4.066717605242599,0.92625,0.052601156069364156,0.3325,none
gate2E_family,N100_noise0p2,100,0.2,8,Estimate-then-optimise structured support top3,EtO,466.0065514891379,414.15142866616,472.41867197590335,0.8899532546498005,0.0,0.7955750739607437,7.13875,top3
gate2E_family,N100_noise0p2,100,0.2,8,Estimate-then-optimise structured learned-transition,EtO,157.09446167371848,414.15142866616,472.41867197590335,-4.411689182306944,0.93,0.11764705882352941,0.35125,none
gate2E_family,N100_noise0p2,100,0.2,8,Estimate-then-optimise structured learned-transition support top3,EtO,444.94475544945163,414.15142866616,472.41867197590335,0.5284843598932102,0.0,0.8784027475845412,16.58625,top3
gate2E_family,N100_noise0p2,100,0.2,8,Estimate-then-optimise structured empirical-transition,EtO,262.72426793815333,414.15142866616,472.41867197590335,-2.5988385948350703,0.775,0.23089301337332832,1.32125,none
gate2E_family,N100_noise0p2,100,0.2,8,Estimate-then-optimise structured empirical-transition support top3,EtO,451.0803086099475,414.15142866616,472.41867197590335,0.6337845733918964,0.0,0.8410023507591441,9.6375,top3
gate2E_family,N100_noise0p2,100,0.2,8,Estimate-then-optimise unconstrained,EtO,439.57254795711384,414.15142866616,472.41867197590335,0.43628491493612465,0.925,0.04343344588590724,0.38625,none
gate2E_family,N100_noise0p2,100,0.2,8,Estimate-then-optimise unconstrained support top3,EtO,469.7223113264219,414.15142866616,472.41867197590335,0.9537242454538678,0.0,0.796017782294077,6.97625,top3
gate2E_family,N100_noise0p2,100,0.2,8,Estimate-then-optimise unconstrained learned-transition,EtO,416.6945886179063,414.15142866616,472.41867197590335,0.0436464779743757,0.885,0.11368653421633555,0.77125,none
gate2E_family,N100_noise0p2,100,0.2,8,Estimate-then-optimise unconstrained learned-transition support top3,EtO,469.7223113264219,414.15142866616,472.41867197590335,0.9537242454538678,0.0,0.796017782294077,6.97625,top3
gate2E_family,N100_noise0p2,100,0.2,8,Estimate-then-optimise unconstrained empirical-transition,EtO,417.1155285080677,414.15142866616,472.41867197590335,0.05087077530252896,0.7525,0.17052710392333037,1.28125,none
gate2E_family,N100_noise0p2,100,0.2,8,Estimate-then-optimise unconstrained empirical-transition support top3,EtO,468.0301960442167,414.15142866616,472.41867197590335,0.9246836527282081,0.0,0.8052625739607437,7.2475,top3
gate2E_family,N100_noise0p2,100,0.2,9,Behaviour cloning,BC,447.823277374186,420.68245839622364,477.90153050673655,0.47433168656671965,0.245,0.7435637090182544,8.88875,none
gate2E_family,N100_noise0p2,100,0.2,9,Behaviour cloning support top3,BC,445.17050966908783,420.68245839622364,477.90153050673655,0.427970087064117,0.0,0.8922557852686529,14.05375,top3
gate2E_family,N100_noise0p2,100,0.2,9,Estimate-then-optimise structured,EtO,165.46867681930524,420.68245839622364,477.90153050673655,-4.460292209632454,0.91125,0.11094890510948906,0.38,none
gate2E_family,N100_noise0p2,100,0.2,9,Estimate-then-optimise structured support top3,EtO,472.0545942840218,420.68245839622364,477.90153050673655,0.8978149066901682,0.0,0.7769478264790766,7.6925,top3
gate2E_family,N100_noise0p2,100,0.2,9,Estimate-then-optimise structured learned-transition,EtO,157.16436119298427,420.68245839622364,477.90153050673655,-4.605424161620107,0.91625,0.11102941176470588,0.2375,none
gate2E_family,N100_noise0p2,100,0.2,9,Estimate-then-optimise structured learned-transition support top3,EtO,448.4142757955935,420.68245839622364,477.90153050673655,0.4846603829193283,0.0,0.8517831200662083,14.6475,top3
gate2E_family,N100_noise0p2,100,0.2,9,Estimate-then-optimise structured empirical-transition,EtO,237.62103199206453,420.68245839622364,477.90153050673655,-3.1993078470513168,0.78125,0.20195035460992908,1.065,none
gate2E_family,N100_noise0p2,100,0.2,9,Estimate-then-optimise structured empirical-transition support top3,EtO,460.1416872012662,420.68245839622364,477.90153050673655,0.6896167195586645,0.0,0.7850187139249638,9.565,top3
gate2E_family,N100_noise0p2,100,0.2,9,Estimate-then-optimise unconstrained,EtO,438.02787131662177,420.68245839622364,477.90153050673655,0.30314040896883476,0.9425,0.029910714285714284,0.17375,none
gate2E_family,N100_noise0p2,100,0.2,9,Estimate-then-optimise unconstrained support top3,EtO,477.14829140582856,420.68245839622364,477.90153050673655,0.9868358735448701,0.0,0.7851669823232322,7.41625,top3
gate2E_family,N100_noise0p2,100,0.2,9,Estimate-then-optimise unconstrained learned-transition,EtO,381.96332183192646,420.68245839622364,477.90153050673655,-0.6766823567064324,0.95875,0.035940803382663845,0.1125,none
gate2E_family,N100_noise0p2,100,0.2,9,Estimate-then-optimise unconstrained learned-transition support top3,EtO,477.14829140582856,420.68245839622364,477.90153050673655,0.9868358735448701,0.0,0.7851669823232322,7.41625,top3
gate2E_family,N100_noise0p2,100,0.2,9,Estimate-then-optimise unconstrained empirical-transition,EtO,422.2869242716171,420.68245839622364,477.90153050673655,0.02804075313026086,0.74375,0.17185138539042819,1.1725,none
gate2E_family,N100_noise0p2,100,0.2,9,Estimate-then-optimise unconstrained empirical-transition support top3,EtO,477.14829140582856,420.68245839622364,477.90153050673655,0.9868358735448701,0.0,0.7851669823232322,7.41625,top3
gate2E_family,N100_noise0p5,100,0.5,0,Behaviour cloning,BC,448.85541736519184,425.0469525373324,482.26747238006357,0.4160826377197598,0.16625,0.7600977609586881,9.50125,none
gate2E_family,N100_noise0p5,100,0.5,0,Behaviour cloning support top3,BC,444.578664717201,425.0469525373324,482.26747238006357,0.3413410474695247,0.0,0.8669231273220245,11.2925,top3
gate2E_family,N100_noise0p5,100,0.5,0,Estimate-then-optimise structured,EtO,179.3215043358007,425.0469525373324,482.26747238006357,-4.294358892175404,0.935,0.0437375745526839,0.2175,none
gate2E_family,N100_noise0p5,100,0.5,0,Estimate-then-optimise structured support top3,EtO,479.33501654727377,425.0469525373324,482.26747238006357,0.9487516743844767,0.0,0.8015810855810855,8.16375,top3
gate2E_family,N100_noise0p5,100,0.5,0,Estimate-then-optimise structured learned-transition,EtO,162.33083912564155,425.0469525373324,482.26747238006357,-4.591291972421048,0.93375,0.10714285714285714,0.215,none
gate2E_family,N100_noise0p5,100,0.5,0,Estimate-then-optimise structured learned-transition support top3,EtO,457.45009881749434,425.0469525373324,482.26747238006357,0.5662854229430453,0.0,0.8615019539284244,13.9775,top3
gate2E_family,N100_noise0p5,100,0.5,0,Estimate-then-optimise structured empirical-transition,EtO,235.79188857069337,425.0469525373324,482.26747238006357,-3.307468448151131,0.80875,0.18341811617984902,1.15375,none
gate2E_family,N100_noise0p5,100,0.5,0,Estimate-then-optimise structured empirical-transition support top3,EtO,466.57845892533516,425.0469525373324,482.26747238006357,0.7258149087451637,0.0,0.8400649350649352,9.35,top3
gate2E_family,N100_noise0p5,100,0.5,0,Estimate-then-optimise unconstrained,EtO,453.29264319336215,425.0469525373324,482.26747238006357,0.4936286970768906,0.90875,0.0780559646539028,0.40625,none
gate2E_family,N100_noise0p5,100,0.5,0,Estimate-then-optimise unconstrained support top3,EtO,466.85875839916366,425.0469525373324,482.26747238006357,0.7307134918862974,0.0,0.7679327651515152,6.9125,top3
gate2E_family,N100_noise0p5,100,0.5,0,Estimate-then-optimise unconstrained learned-transition,EtO,428.83904942314075,425.0469525373324,482.26747238006357,0.06627162591725504,0.87875,0.0988056460369164,0.6725,none
gate2E_family,N100_noise0p5,100,0.5,0,Estimate-then-optimise unconstrained learned-transition support top3,EtO,466.85875839916366,425.0469525373324,482.26747238006357,0.7307134918862974,0.0,0.7679327651515152,6.9125,top3
gate2E_family,N100_noise0p5,100,0.5,0,Estimate-then-optimise unconstrained empirical-transition,EtO,427.97211263066856,425.0469525373324,482.26747238006357,0.05112082346290933,0.84625,0.08052287581699345,0.73375,none
gate2E_family,N100_noise0p5,100,0.5,0,Estimate-then-optimise unconstrained empirical-transition support top3,EtO,480.53520287318594,425.0469525373324,482.26747238006357,0.9697264283575417,0.0,0.8079203712953713,8.3775,top3
gate2E_family,N100_noise0p5,100,0.5,1,Behaviour cloning,BC,442.9303592939899,421.1367484506907,477.84490227066374,0.38431176780125315,0.1875,0.7146702834202835,10.18125,none
gate2E_family,N100_noise0p5,100,0.5,1,Behaviour cloning support top3,BC,440.94977436467843,421.1367484506907,477.84490227066374,0.3493858392372748,0.0,0.8689910263347764,13.9975,top3
gate2E_family,N100_noise0p5,100,0.5,1,Estimate-then-optimise structured,EtO,172.6703950008366,421.1367484506907,477.84490227066374,-4.3814925493543795,0.93375,0.061718749999999996,0.28875,none
gate2E_family,N100_noise0p5,100,0.5,1,Estimate-then-optimise structured support top3,EtO,472.9308705037586,421.1367484506907,477.84490227066374,0.9133452345758724,0.0,0.7546381899350649,6.73125,top3
gate2E_family,N100_noise0p5,100,0.5,1,Estimate-then-optimise structured learned-transition,EtO,161.6722337556076,421.1367484506907,477.84490227066374,-4.575435756889296,0.92625,0.13414634146341464,0.24375,none
gate2E_family,N100_noise0p5,100,0.5,1,Estimate-then-optimise structured learned-transition support top3,EtO,449.5634211878025,421.1367484506907,477.84490227066374,0.50128016558881,0.0,0.8250052083333332,12.50625,top3
gate2E_family,N100_noise0p5,100,0.5,1,Estimate-then-optimise structured empirical-transition,EtO,238.22001018793213,421.1367484506907,477.84490227066374,-3.2255809075261026,0.775,0.1904761904761905,0.96375,none
gate2E_family,N100_noise0p5,100,0.5,1,Estimate-then-optimise structured empirical-transition support top3,EtO,460.8490893705776,421.1367484506907,477.84490227066374,0.7002933131266903,0.0,0.811634852994228,9.26875,top3
gate2E_family,N100_noise0p5,100,0.5,1,Estimate-then-optimise unconstrained,EtO,403.89677337670224,421.1367484506907,477.84490227066374,-0.3040122788817783,0.9625,0.038461538461538464,0.1475,none
gate2E_family,N100_noise0p5,100,0.5,1,Estimate-then-optimise unconstrained support top3,EtO,477.41953464260155,421.1367484506907,477.84490227066374,0.992499004121831,0.0,0.7530580131673882,6.76125,top3
gate2E_family,N100_noise0p5,100,0.5,1,Estimate-then-optimise unconstrained learned-transition,EtO,342.95039302869105,421.1367484506907,477.84490227066374,-1.3787497944336493,0.96125,0.042826552462526764,0.15375,none
gate2E_family,N100_noise0p5,100,0.5,1,Estimate-then-optimise unconstrained learned-transition support top3,EtO,477.41953464260155,421.1367484506907,477.84490227066374,0.992499004121831,0.0,0.7530580131673882,6.76125,top3
gate2E_family,N100_noise0p5,100,0.5,1,Estimate-then-optimise unconstrained empirical-transition,EtO,447.5661240997599,421.1367484506907,477.84490227066374,0.466059532337669,0.77625,0.1633667817580204,1.12875,none
gate2E_family,N100_noise0p5,100,0.5,1,Estimate-then-optimise unconstrained empirical-transition support top3,EtO,477.41953464260155,421.1367484506907,477.84490227066374,0.992499004121831,0.0,0.7530580131673882,6.76125,top3
gate2E_family,N100_noise0p5,100,0.5,2,Behaviour cloning,BC,454.04380585443937,428.2572553930546,483.61336583743207,0.4658302444731088,0.1875,0.7094816046852841,7.5775,none
gate2E_family,N100_noise0p5,100,0.5,2,Behaviour cloning support top3,BC,451.7940443686964,428.2572553930546,483.61336583743207,0.4251886338598856,0.0,0.8529982794450507,11.705,top3
gate2E_family,N100_noise0p5,100,0.5,2,Estimate-then-optimise structured,EtO,167.16823034641982,428.2572553930546,483.61336583743207,-4.716534867618281,0.91375,0.1073293172690763,0.25875,none
gate2E_family,N100_noise0p5,100,0.5,2,Estimate-then-optimise structured support top3,EtO,477.4453478049873,428.2572553930546,483.61336583743207,0.8885756607006833,0.0,0.7810040078385667,6.8625,top3
gate2E_family,N100_noise0p5,100,0.5,2,Estimate-then-optimise structured learned-transition,EtO,161.6791190535104,428.2572553930546,483.61336583743207,-4.815694856440563,0.94375,0.075043630017452,0.1225,none
gate2E_family,N100_noise0p5,100,0.5,2,Estimate-then-optimise structured learned-transition support top3,EtO,454.60266575048183,428.2572553930546,483.61336583743207,0.4759259663646245,0.0,0.8364042270158799,15.30625,top3
gate2E_family,N100_noise0p5,100,0.5,2,Estimate-then-optimise structured empirical-transition,EtO,246.62463441141483,428.2572553930546,483.61336583743207,-3.2811666051599957,0.77625,0.21561200237670824,1.14875,none
gate2E_family,N100_noise0p5,100,0.5,2,Estimate-then-optimise structured empirical-transition support top3,EtO,464.0680912294345,428.2572553930546,483.61336583743207,0.646917486595506,0.0,0.822611428195987,10.1825,top3
gate2E_family,N100_noise0p5,100,0.5,2,Estimate-then-optimise unconstrained,EtO,454.3957855882929,428.2572553930546,483.61336583743207,0.472188706637953,0.91375,0.06469191186172318,0.4025,none
gate2E_family,N100_noise0p5,100,0.5,2,Estimate-then-optimise unconstrained support top3,EtO,473.4566663365973,428.2572553930546,483.61336583743207,0.8165207161539948,0.0,0.8000811023127199,7.89625,top3
gate2E_family,N100_noise0p5,100,0.5,2,Estimate-then-optimise unconstrained learned-transition,EtO,417.063226138043,428.2572553930546,483.61336583743207,-0.20221849340841122,0.89125,0.10178875638841567,0.50875,none
gate2E_family,N100_noise0p5,100,0.5,2,Estimate-then-optimise unconstrained learned-transition support top3,EtO,475.3519236482105,428.2572553930546,483.61336583743207,0.8507582609597768,0.0,0.7355738622701538,5.93875,top3
gate2E_family,N100_noise0p5,100,0.5,2,Estimate-then-optimise unconstrained empirical-transition,EtO,424.26504266905044,428.2572553930546,483.61336583743207,-0.07211873616040254,0.7575,0.17829087048832273,1.475,none
gate2E_family,N100_noise0p5,100,0.5,2,Estimate-then-optimise unconstrained empirical-transition support top3,EtO,482.59998661765303,428.2572553930546,483.61336583743207,0.9816934533217015,0.0,0.7766980652109328,7.06125,top3
gate2E_family,N100_noise0p5,100,0.5,3,Behaviour cloning,BC,446.7178541879652,427.8075954406258,483.28279877863395,0.34087768245066136,0.13125,0.8244837447320891,10.27125,none
gate2E_family,N100_noise0p5,100,0.5,3,Behaviour cloning support top3,BC,441.853934187917,427.8075954406258,483.28279877863395,0.25320031116799036,0.0,0.8995380713036962,15.155,top3
gate2E_family,N100_noise0p5,100,0.5,3,Estimate-then-optimise structured,EtO,169.53179516978435,427.8075954406258,483.28279877863395,-4.655698126912262,0.92125,0.10429056924384028,0.44375,none
gate2E_family,N100_noise0p5,100,0.5,3,Estimate-then-optimise structured support top3,EtO,471.04651709765244,427.8075954406258,483.28279877863395,0.7794279075206567,0.0,0.7851393961940838,6.45875,top3
gate2E_family,N100_noise0p5,100,0.5,3,Estimate-then-optimise structured learned-transition,EtO,157.14872062664747,427.8075954406258,483.28279877863395,-4.878916318068539,0.9525,0.0782312925170068,0.1425,none
gate2E_family,N100_noise0p5,100,0.5,3,Estimate-then-optimise structured learned-transition support top3,EtO,448.7130011901052,427.8075954406258,483.28279877863395,0.3768423456170794,0.0,0.8787088536463536,16.4325,top3
gate2E_family,N100_noise0p5,100,0.5,3,Estimate-then-optimise structured empirical-transition,EtO,251.59508223483306,427.8075954406258,483.28279877863395,-3.1764194199007627,0.73875,0.27592329545454547,1.4875,none
gate2E_family,N100_noise0p5,100,0.5,3,Estimate-then-optimise structured empirical-transition support top3,EtO,461.8214154835204,427.8075954406258,483.28279877863395,0.6131355632110044,0.0,0.7860358608405484,8.47125,top3
gate2E_family,N100_noise0p5,100,0.5,3,Estimate-then-optimise unconstrained,EtO,449.80666082532974,427.8075954406258,483.28279877863395,0.3965567327561567,0.9225,0.04495239929561963,0.3075,none
gate2E_family,N100_noise0p5,100,0.5,3,Estimate-then-optimise unconstrained support top3,EtO,475.482614601531,427.8075954406258,483.28279877863395,0.8593933197580774,0.0,0.7900848327020202,6.54375,top3
gate2E_family,N100_noise0p5,100,0.5,3,Estimate-then-optimise unconstrained learned-transition,EtO,417.6503833822309,427.8075954406258,483.28279877863395,-0.18309463412882657,0.86625,0.16439946914399467,0.705,none
gate2E_family,N100_noise0p5,100,0.5,3,Estimate-then-optimise unconstrained learned-transition support top3,EtO,475.482614601531,427.8075954406258,483.28279877863395,0.8593933197580774,0.0,0.7900848327020202,6.54375,top3
gate2E_family,N100_noise0p5,100,0.5,3,Estimate-then-optimise unconstrained empirical-transition,EtO,416.53698078997826,427.8075954406258,483.28279877863395,-0.2031649092293747,0.7575,0.19254126181285772,1.35875,none
gate2E_family,N100_noise0p5,100,0.5,3,Estimate-then-optimise unconstrained empirical-transition support top3,EtO,475.482614601531,427.8075954406258,483.28279877863395,0.8593933197580774,0.0,0.7900848327020202,6.54375,top3
gate2E_family,N100_noise0p5,100,0.5,4,Behaviour cloning,BC,443.6724172075849,415.8730447844656,474.31553538531443,0.47567056327191365,0.09875,0.7942015730748125,10.27375,none
gate2E_family,N100_noise0p5,100,0.5,4,Behaviour cloning support top3,BC,438.1305978326061,415.8730447844656,474.31553538531443,0.38084538867714207,0.0,0.8452882988721805,11.4025,top3
gate2E_family,N100_noise0p5,100,0.5,4,Estimate-then-optimise structured,EtO,175.9703828482278,415.8730447844656,474.31553538531443,-4.104935629364731,0.91875,0.05673076923076923,0.31625,none
gate2E_family,N100_noise0p5,100,0.5,4,Estimate-then-optimise structured support top3,EtO,472.2605880131762,415.8730447844656,474.31553538531443,0.9648381280296016,0.0,0.7521934523809525,6.27125,top3
gate2E_family,N100_noise0p5,100,0.5,4,Estimate-then-optimise structured learned-transition,EtO,158.38472277569423,415.8730447844656,474.31553538531443,-4.405841013302599,0.92625,0.11838006230529595,0.24375,none
gate2E_family,N100_noise0p5,100,0.5,4,Estimate-then-optimise structured learned-transition support top3,EtO,447.82632609239477,415.8730447844656,474.31553538531443,0.5467474260493796,0.0,0.8109409461152882,11.5425,top3
gate2E_family,N100_noise0p5,100,0.5,4,Estimate-then-optimise structured empirical-transition,EtO,231.3743067984669,415.8730447844656,474.31553538531443,-3.156928051648076,0.77375,0.1742117117117117,0.99375,none
gate2E_family,N100_noise0p5,100,0.5,4,Estimate-then-optimise structured empirical-transition support top3,EtO,461.11655311079545,415.8730447844656,474.31553538531443,0.7741543500487421,0.0,0.7480178571428573,7.06125,top3
gate2E_family,N100_noise0p5,100,0.5,4,Estimate-then-optimise unconstrained,EtO,442.3547064332413,415.8730447844656,474.31553538531443,0.4531234274329688,0.9325,0.03749369641956631,0.2425,none
gate2E_family,N100_noise0p5,100,0.5,4,Estimate-then-optimise unconstrained support top3,EtO,470.86610058935617,415.8730447844656,474.31553538531443,0.940977279364816,0.0,0.751782738095238,6.24875,top3
gate2E_family,N100_noise0p5,100,0.5,4,Estimate-then-optimise unconstrained learned-transition,EtO,421.8991743727302,415.8730447844656,474.31553538531443,0.10311212828730959,0.87625,0.09586056644880174,0.435,none
gate2E_family,N100_noise0p5,100,0.5,4,Estimate-then-optimise unconstrained learned-transition support top3,EtO,470.86610058935617,415.8730447844656,474.31553538531443,0.940977279364816,0.0,0.751782738095238,6.24875,top3
gate2E_family,N100_noise0p5,100,0.5,4,Estimate-then-optimise unconstrained empirical-transition,EtO,427.8161764664674,415.8730447844656,474.31553538531443,0.20435699367385202,0.585,0.25965926193486244,2.8575,none
gate2E_family,N100_noise0p5,100,0.5,4,Estimate-then-optimise unconstrained empirical-transition support top3,EtO,473.5777071672662,415.8730447844656,474.31553538531443,0.987375140750119,0.0,0.7646160714285715,6.77125,top3
gate2E_family,N100_noise0p5,100,0.5,5,Behaviour cloning,BC,431.3038978171735,413.08161086848617,472.4205638661845,0.30708811039173767,0.25625,0.6962585825836478,9.71875,none
gate2E_family,N100_noise0p5,100,0.5,5,Behaviour cloning support top3,BC,425.8639605262628,413.08161086848617,472.4205638661845,0.21541245694497596,0.0,0.8927610052236412,13.73875,top3
gate2E_family,N100_noise0p5,100,0.5,5,Estimate-then-optimise structured,EtO,161.95254920726376,413.08161086848617,472.4205638661845,-4.23211143733802,0.90625,0.10885416666666665,0.33875,none
gate2E_family,N100_noise0p5,100,0.5,5,Estimate-then-optimise structured support top3,EtO,462.53615393875,413.08161086848617,472.4205638661845,0.8334245983777647,0.0,0.7762895971027766,7.61375,top3
gate2E_family,N100_noise0p5,100,0.5,5,Estimate-then-optimise structured learned-transition,EtO,158.7242443747622,413.08161086848617,472.4205638661845,-4.286515916510862,0.955,0.04956268221574344,0.15875,none
gate2E_family,N100_noise0p5,100,0.5,5,Estimate-then-optimise structured learned-transition support top3,EtO,441.1865346017073,413.08161086848617,472.4205638661845,0.47363363041325107,0.0,0.8243175878318542,12.01625,top3
gate2E_family,N100_noise0p5,100,0.5,5,Estimate-then-optimise structured empirical-transition,EtO,253.27675374078353,413.08161086848617,472.4205638661845,-2.693085217292276,0.71,0.26651834013384645,1.74625,none
gate2E_family,N100_noise0p5,100,0.5,5,Estimate-then-optimise structured empirical-transition support top3,EtO,445.46794743809886,413.08161086848617,472.4205638661845,0.5457854399768209,0.0,0.8049971347342272,9.77125,top3
gate2E_family,N100_noise0p5,100,0.5,5,Estimate-then-optimise unconstrained,EtO,432.01485152495843,413.08161086848617,472.4205638661845,0.3190693414696186,0.945,0.038525963149078725,0.16375,none
gate2E_family,N100_noise0p5,100,0.5,5,Estimate-then-optimise unconstrained support top3,EtO,467.4593266034662,413.08161086848617,472.4205638661845,0.9163915604828625,0.0,0.7925266554852152,7.845,top3
gate2E_family,N100_noise0p5,100,0.5,5,Estimate-then-optimise unconstrained learned-transition,EtO,392.5674299071255,413.08161086848617,472.4205638661845,-0.34571187938143094,0.92375,0.07864583333333333,0.27125,none
gate2E_family,N100_noise0p5,100,0.5,5,Estimate-then-optimise unconstrained learned-transition support top3,EtO,461.94425844370676,413.08161086848617,472.4205638661845,0.8234497763571238,0.0,0.8057491829577428,8.355,top3
gate2E_family,N100_noise0p5,100,0.5,5,Estimate-then-optimise unconstrained empirical-transition,EtO,413.8276443788017,413.08161086848617,472.4205638661845,0.012572407712426152,0.71375,0.2358009388065965,1.89875,none
gate2E_family,N100_noise0p5,100,0.5,5,Estimate-then-optimise unconstrained empirical-transition support top3,EtO,467.4593266034662,413.08161086848617,472.4205638661845,0.9163915604828625,0.0,0.7925266554852152,7.845,top3
gate2E_family,N100_noise0p5,100,0.5,6,Behaviour cloning,BC,432.9249551273848,413.54102946207837,472.2493846542733,0.33017320280646295,0.1825,0.7761683942991994,11.52,none
gate2E_family,N100_noise0p5,100,0.5,6,Behaviour cloning support top3,BC,427.59093233558286,413.54102946207837,472.2493846542733,0.23931692222527778,0.0,0.8912150645042093,13.27,top3
gate2E_family,N100_noise0p5,100,0.5,6,Estimate-then-optimise structured,EtO,166.3830699691629,413.54102946207837,472.2493846542733,-4.209928189672299,0.91625,0.05364455364455365,0.21125,none
gate2E_family,N100_noise0p5,100,0.5,6,Estimate-then-optimise structured support top3,EtO,464.4544733589877,413.54102946207837,472.2493846542733,0.8672265426315008,0.0,0.7266109102885419,5.89625,top3
gate2E_family,N100_noise0p5,100,0.5,6,Estimate-then-optimise structured learned-transition,EtO,157.1031413946876,413.54102946207837,472.2493846542733,-4.367996467076688,0.945,0.04863112391930836,0.14375,none
gate2E_family,N100_noise0p5,100,0.5,6,Estimate-then-optimise structured learned-transition support top3,EtO,442.5624198624347,413.54102946207837,472.2493846542733,0.4943315190035272,0.0,0.7059393957650536,8.9625,top3
gate2E_family,N100_noise0p5,100,0.5,6,Estimate-then-optimise structured empirical-transition,EtO,241.04891702482485,413.54102946207837,472.2493846542733,-2.9381186352872954,0.74125,0.2054296398046398,1.19625,none
gate2E_family,N100_noise0p5,100,0.5,6,Estimate-then-optimise structured empirical-transition support top3,EtO,456.7151268604136,413.54102946207837,472.2493846542733,0.7353995399291152,0.0,0.781502459674828,9.46375,top3
gate2E_family,N100_noise0p5,100,0.5,6,Estimate-then-optimise unconstrained,EtO,380.49055557008086,413.54102946207837,472.2493846542733,-0.5629603109097402,0.9325,0.059322033898305086,0.17375,none
gate2E_family,N100_noise0p5,100,0.5,6,Estimate-then-optimise unconstrained support top3,EtO,471.6565594743866,413.54102946207837,472.2493846542733,0.989902200837582,0.0,0.7228068649187072,5.99875,top3
gate2E_family,N100_noise0p5,100,0.5,6,Estimate-then-optimise unconstrained learned-transition,EtO,351.5278713047752,413.54102946207837,472.2493846542733,-1.0562918677297166,0.94125,0.04639175257731959,0.1475,none
gate2E_family,N100_noise0p5,100,0.5,6,Estimate-then-optimise unconstrained learned-transition support top3,EtO,471.6565594743866,413.54102946207837,472.2493846542733,0.989902200837582,0.0,0.7228068649187072,5.99875,top3
gate2E_family,N100_noise0p5,100,0.5,6,Estimate-then-optimise unconstrained empirical-transition,EtO,414.2029338008487,413.54102946207837,472.2493846542733,0.011274448698204024,0.725,0.14578085642317382,1.08,none
gate2E_family,N100_noise0p5,100,0.5,6,Estimate-then-optimise unconstrained empirical-transition support top3,EtO,471.6565594743866,413.54102946207837,472.2493846542733,0.989902200837582,0.0,0.7228068649187072,5.99875,top3
gate2E_family,N100_noise0p5,100,0.5,7,Behaviour cloning,BC,441.3501542847803,422.9552853756405,480.1843549282328,0.3214252660920036,0.19625,0.7801727269427554,11.02875,none
gate2E_family,N100_noise0p5,100,0.5,7,Behaviour cloning support top3,BC,431.74605983269413,422.9552853756405,480.1843549282328,0.15360680377609623,0.0,0.9074709901703903,13.6575,top3
gate2E_family,N100_noise0p5,100,0.5,7,Estimate-then-optimise structured,EtO,171.2710656565736,422.9552853756405,480.1843549282328,-4.3978387502486775,0.8775,0.13938053097345132,0.6725,none
gate2E_family,N100_noise0p5,100,0.5,7,Estimate-then-optimise structured support top3,EtO,470.92719173487524,422.9552853756405,480.1843549282328,0.8382436886406057,0.0,0.8050829036159918,7.62625,top3
gate2E_family,N100_noise0p5,100,0.5,7,Estimate-then-optimise structured learned-transition,EtO,164.16149286057447,422.9552853756405,480.1843549282328,-4.522068846099975,0.9475,0.06111111111111111,0.12875,none
gate2E_family,N100_noise0p5,100,0.5,7,Estimate-then-optimise structured learned-transition support top3,EtO,452.5323740315695,422.9552853756405,480.1843549282328,0.5168193173007689,0.0,0.8428539650010722,12.9675,top3
gate2E_family,N100_noise0p5,100,0.5,7,Estimate-then-optimise structured empirical-transition,EtO,235.0686675144803,422.9552853756405,480.1843549282328,-3.2830625996548237,0.8225,0.1599457030050763,0.92125,none
gate2E_family,N100_noise0p5,100,0.5,7,Estimate-then-optimise structured empirical-transition support top3,EtO,459.0173000850753,422.9552853756405,480.1843549282328,0.6301345625809027,0.0,0.8611922786159919,11.4075,top3
gate2E_family,N100_noise0p5,100,0.5,7,Estimate-then-optimise unconstrained,EtO,451.5395589345624,422.9552853756405,480.1843549282328,0.49947122646566144,0.9075,0.07690868263473054,0.39125,none
gate2E_family,N100_noise0p5,100,0.5,7,Estimate-then-optimise unconstrained support top3,EtO,464.38497871660513,422.9552853756405,480.1843549282328,0.723927431720546,0.0,0.8283323200492319,7.3025,top3
gate2E_family,N100_noise0p5,100,0.5,7,Estimate-then-optimise unconstrained learned-transition,EtO,438.73752246375074,422.9552853756405,480.1843549282328,0.2757730854527817,0.875,0.08772467320261437,0.705,none
gate2E_family,N100_noise0p5,100,0.5,7,Estimate-then-optimise unconstrained learned-transition support top3,EtO,456.84276412305303,422.9552853756405,480.1843549282328,0.5921375100510878,0.0,0.8244411287242168,7.8025,top3
gate2E_family,N100_noise0p5,100,0.5,7,Estimate-then-optimise unconstrained empirical-transition,EtO,414.3333081421599,422.9552853756405,480.1843549282328,-0.15065730232704902,0.71,0.271592934694539,1.135,none
gate2E_family,N100_noise0p5,100,0.5,7,Estimate-then-optimise unconstrained empirical-transition support top3,EtO,472.0213224271878,422.9552853756405,480.1843549282328,0.8573621314331635,0.0,0.8246106813937695,8.21,top3
gate2E_family,N100_noise0p5,100,0.5,8,Behaviour cloning,BC,442.2914553970526,414.15142866616,472.41867197590335,0.482947624299004,0.1225,0.7965408198939378,10.2775,none
gate2E_family,N100_noise0p5,100,0.5,8,Behaviour cloning support top3,BC,441.3229302486193,414.15142866616,472.41867197590335,0.4663255036456432,0.0,0.8771922754790321,14.20375,top3
gate2E_family,N100_noise0p5,100,0.5,8,Estimate-then-optimise structured,EtO,175.89346342683714,414.15142866616,472.41867197590335,-4.0890550454354795,0.85875,0.1561023622047244,0.64875,none
gate2E_family,N100_noise0p5,100,0.5,8,Estimate-then-optimise structured support top3,EtO,466.0065514891379,414.15142866616,472.41867197590335,0.8899532546498005,0.0,0.7955750739607437,7.13875,top3
gate2E_family,N100_noise0p5,100,0.5,8,Estimate-then-optimise structured learned-transition,EtO,157.09446167371848,414.15142866616,472.41867197590335,-4.411689182306944,0.93,0.11764705882352941,0.35125,none
gate2E_family,N100_noise0p5,100,0.5,8,Estimate-then-optimise structured learned-transition support top3,EtO,444.94475544945163,414.15142866616,472.41867197590335,0.5284843598932102,0.0,0.8784027475845412,16.58625,top3
gate2E_family,N100_noise0p5,100,0.5,8,Estimate-then-optimise structured empirical-transition,EtO,259.8913131969964,414.15142866616,472.41867197590335,-2.6474586183720894,0.78875,0.21697287839020124,1.445,none
gate2E_family,N100_noise0p5,100,0.5,8,Estimate-then-optimise structured empirical-transition support top3,EtO,451.0803086099475,414.15142866616,472.41867197590335,0.6337845733918964,0.0,0.8410023507591441,9.6375,top3
gate2E_family,N100_noise0p5,100,0.5,8,Estimate-then-optimise unconstrained,EtO,441.68650075296785,414.15142866616,472.41867197590335,0.472565210274904,0.9175,0.05079584775086505,0.47625,none
gate2E_family,N100_noise0p5,100,0.5,8,Estimate-then-optimise unconstrained support top3,EtO,469.7223113264219,414.15142866616,472.41867197590335,0.9537242454538678,0.0,0.796017782294077,6.97625,top3
gate2E_family,N100_noise0p5,100,0.5,8,Estimate-then-optimise unconstrained learned-transition,EtO,421.44453902309453,414.15142866616,472.41867197590335,0.12516655916198144,0.88625,0.11503477795612628,0.79875,none
gate2E_family,N100_noise0p5,100,0.5,8,Estimate-then-optimise unconstrained learned-transition support top3,EtO,466.27731879493246,414.15142866616,472.41867197590335,0.8946002448009421,0.0,0.8001754766218082,6.6725,top3
gate2E_family,N100_noise0p5,100,0.5,8,Estimate-then-optimise unconstrained empirical-transition,EtO,414.40720626202494,414.15142866616,472.41867197590335,0.004389732229226625,0.76875,0.16960175374497627,1.15125,none
gate2E_family,N100_noise0p5,100,0.5,8,Estimate-then-optimise unconstrained empirical-transition support top3,EtO,468.0301960442167,414.15142866616,472.41867197590335,0.9246836527282081,0.0,0.8052625739607437,7.2475,top3
gate2E_family,N100_noise0p5,100,0.5,9,Behaviour cloning,BC,447.823277374186,420.68245839622364,477.90153050673655,0.47433168656671965,0.245,0.7435637090182544,8.88875,none
gate2E_family,N100_noise0p5,100,0.5,9,Behaviour cloning support top3,BC,445.17050966908783,420.68245839622364,477.90153050673655,0.427970087064117,0.0,0.8922557852686529,14.05375,top3
gate2E_family,N100_noise0p5,100,0.5,9,Estimate-then-optimise structured,EtO,165.47139803180553,420.68245839622364,477.90153050673655,-4.460244651844467,0.925,0.08438287153652393,0.26125,none
gate2E_family,N100_noise0p5,100,0.5,9,Estimate-then-optimise structured support top3,EtO,471.4102675127356,420.68245839622364,477.90153050673655,0.8865542072848761,0.0,0.7777108134920635,7.8075,top3
gate2E_family,N100_noise0p5,100,0.5,9,Estimate-then-optimise structured learned-transition,EtO,156.2867785871026,420.68245839622364,477.90153050673655,-4.620761400996983,0.9425,0.08180428134556575,0.16125,none
gate2E_family,N100_noise0p5,100,0.5,9,Estimate-then-optimise structured learned-transition support top3,EtO,448.0402837168419,420.68245839622364,477.90153050673655,0.478124239200862,0.0,0.8575630172523554,15.00375,top3
gate2E_family,N100_noise0p5,100,0.5,9,Estimate-then-optimise structured empirical-transition,EtO,245.2261286340439,420.68245839622364,477.90153050673655,-3.0663959286739813,0.75875,0.22663230240549828,1.155,none
gate2E_family,N100_noise0p5,100,0.5,9,Estimate-then-optimise structured empirical-transition support top3,EtO,464.70149610532303,420.68245839622364,477.90153050673655,0.7693070874005267,0.0,0.7762524801587302,9.1975,top3
gate2E_family,N100_noise0p5,100,0.5,9,Estimate-then-optimise unconstrained,EtO,432.04303594572434,420.68245839622364,477.90153050673655,0.19854529495967507,0.93125,0.03581534481364702,0.205,none
gate2E_family,N100_noise0p5,100,0.5,9,Estimate-then-optimise unconstrained support top3,EtO,477.14829140582856,420.68245839622364,477.90153050673655,0.9868358735448701,0.0,0.7851669823232322,7.41625,top3
gate2E_family,N100_noise0p5,100,0.5,9,Estimate-then-optimise unconstrained learned-transition,EtO,386.0705191618825,420.68245839622364,477.90153050673655,-0.6049021411513219,0.9525,0.0495016611295681,0.15,none
gate2E_family,N100_noise0p5,100,0.5,9,Estimate-then-optimise unconstrained learned-transition support top3,EtO,471.4939358061001,420.68245839622364,477.90153050673655,0.8880164521322402,0.0,0.7888518881037263,8.17375,top3
gate2E_family,N100_noise0p5,100,0.5,9,Estimate-then-optimise unconstrained empirical-transition,EtO,413.1649056690119,420.68245839622364,477.90153050673655,-0.1313819404951613,0.74875,0.19005763688760807,1.14375,none
gate2E_family,N100_noise0p5,100,0.5,9,Estimate-then-optimise unconstrained empirical-transition support top3,EtO,477.14829140582856,420.68245839622364,477.90153050673655,0.9868358735448701,0.0,0.7851669823232322,7.41625,top3
gate2E_family,N400_noise0p05,400,0.05,0,Behaviour cloning,BC,443.94358298679435,421.48917105942843,479.2131268458336,0.3889964161578523,0.06125,0.7597317446435388,37.631875,none
gate2E_family,N400_noise0p05,400,0.05,0,Behaviour cloning support top3,BC,440.03075330688625,421.48917105942843,479.2131268458336,0.3212112197588621,0.0,0.8335514963531386,49.6815625,top3
gate2E_family,N400_noise0p05,400,0.05,0,Estimate-then-optimise structured,EtO,189.97594591896413,421.48917105942843,479.2131268458336,-4.010695767232728,0.8896875,0.11983464954912988,2.408125,none
gate2E_family,N400_noise0p05,400,0.05,0,Estimate-then-optimise structured support top3,EtO,475.78579130702724,421.48917105942843,479.2131268458336,0.9406254215929267,0.0,0.7368270672058469,24.514375,top3
gate2E_family,N400_noise0p05,400,0.05,0,Estimate-then-optimise structured learned-transition,EtO,183.1073869856143,421.48917105942843,479.2131268458336,-4.129685514899458,0.899375,0.09111758521798567,1.29625,none
gate2E_family,N400_noise0p05,400,0.05,0,Estimate-then-optimise structured learned-transition support top3,EtO,448.36657548439274,421.48917105942843,479.2131268458336,0.46561958650959845,0.0,0.7478588164987553,38.76875,top3
gate2E_family,N400_noise0p05,400,0.05,0,Estimate-then-optimise structured empirical-transition,EtO,243.83033455547047,421.48917105942843,479.2131268458336,-3.0777314909141973,0.8371875,0.11805181029860867,3.2859375,none
gate2E_family,N400_noise0p05,400,0.05,0,Estimate-then-optimise structured empirical-transition support top3,EtO,471.4955801971175,421.48917105942843,479.2131268458336,0.8663025334356295,0.0,0.7538324101170563,26.9946875,top3
gate2E_family,N400_noise0p05,400,0.05,0,Estimate-then-optimise unconstrained,EtO,464.9351731651988,421.48917105942843,479.2131268458336,0.7526511569396387,0.5878125,0.3667430407543758,9.915625,none
gate2E_family,N400_noise0p05,400,0.05,0,Estimate-then-optimise unconstrained support top3,EtO,477.12883761415395,421.48917105942843,479.2131268458336,0.9638921275701878,0.0,0.7613896015382181,27.540625,top3
gate2E_family,N400_noise0p05,400,0.05,0,Estimate-then-optimise unconstrained learned-transition,EtO,466.4788281926044,421.48917105942843,479.2131268458336,0.7793931742940544,0.43625,0.46515658231352647,18.7175,none
gate2E_family,N400_noise0p05,400,0.05,0,Estimate-then-optimise unconstrained learned-transition support top3,EtO,469.57855746725437,421.48917105942843,479.2131268458336,0.833092357456758,0.0,0.7492218241472153,31.30125,top3
gate2E_family,N400_noise0p05,400,0.05,0,Estimate-then-optimise unconstrained empirical-transition,EtO,412.3719372974685,421.48917105942843,479.2131268458336,-0.1579454082408396,0.58375,0.2582218258196244,4.6825,none
gate2E_family,N400_noise0p05,400,0.05,0,Estimate-then-optimise unconstrained empirical-transition support top3,EtO,477.12883761415395,421.48917105942843,479.2131268458336,0.9638921275701878,0.0,0.7613896015382181,27.540625,top3
gate2E_family,N400_noise0p05,400,0.05,1,Behaviour cloning,BC,447.3834012671611,422.7909092428097,479.07216495487467,0.4369570599164785,0.060625,0.815958887983985,41.3615625,none
gate2E_family,N400_noise0p05,400,0.05,1,Behaviour cloning support top3,BC,440.2454052044166,422.7909092428097,479.07216495487467,0.3101298245885659,0.0,0.872554773686461,53.495625,top3
gate2E_family,N400_noise0p05,400,0.05,1,Estimate-then-optimise structured,EtO,254.94579698127424,422.7909092428097,479.07216495487467,-2.982255995143949,0.890625,0.08476898555933497,2.03875,none
gate2E_family,N400_noise0p05,400,0.05,1,Estimate-then-optimise structured support top3,EtO,457.717085849808,422.7909092428097,479.07216495487467,0.6205649850046112,0.0,0.6567132319651091,31.9403125,top3
gate2E_family,N400_noise0p05,400,0.05,1,Estimate-then-optimise structured learned-transition,EtO,236.47144471262362,422.7909092428097,479.07216495487467,-3.3105065296232334,0.8896875,0.095587696181168,1.4375,none
gate2E_family,N400_noise0p05,400,0.05,1,Estimate-then-optimise structured learned-transition support top3,EtO,447.18610745801357,422.7909092428097,479.07216495487467,0.4334515622751875,0.0,0.7413762242654507,47.2640625,top3
gate2E_family,N400_noise0p05,400,0.05,1,Estimate-then-optimise structured empirical-transition,EtO,256.0944621811216,422.7909092428097,479.07216495487467,-2.961846621093662,0.890625,0.07757314095342265,2.03875,none
gate2E_family,N400_noise0p05,400,0.05,1,Estimate-then-optimise structured empirical-transition support top3,EtO,468.02428227750204,422.7909092428097,479.07216495487467,0.8037022710741634,0.0,0.6693085118338342,29.3071875,top3
gate2E_family,N400_noise0p05,400,0.05,1,Estimate-then-optimise unconstrained,EtO,450.65683064751397,422.7909092428097,479.07216495487467,0.49511904189320866,0.9071875,0.07599704728390569,1.5209375,none
gate2E_family,N400_noise0p05,400,0.05,1,Estimate-then-optimise unconstrained support top3,EtO,475.7126908484295,422.7909092428097,479.07216495487467,0.940309183511607,0.0,0.7134466096869755,27.9471875,top3
gate2E_family,N400_noise0p05,400,0.05,1,Estimate-then-optimise unconstrained learned-transition,EtO,445.03172095064923,422.7909092428097,479.07216495487467,0.3951726276617492,0.6928125,0.24902217679034286,6.4821875,none
gate2E_family,N400_noise0p05,400,0.05,1,Estimate-then-optimise unconstrained learned-transition support top3,EtO,475.41318025350716,422.7909092428097,479.07216495487467,0.9349875077399326,0.0,0.7164459115537647,27.6446875,top3
gate2E_family,N400_noise0p05,400,0.05,1,Estimate-then-optimise unconstrained empirical-transition,EtO,412.4934748209975,422.7909092428097,479.07216495487467,-0.18296383567726107,0.6765625,0.16843399360313846,4.288125,none
gate2E_family,N400_noise0p05,400,0.05,1,Estimate-then-optimise unconstrained empirical-transition support top3,EtO,478.78931509075875,422.7909092428097,479.07216495487467,0.9949743505091113,0.0,0.7572742029223375,25.2321875,top3
gate2E_family,N400_noise0p05,400,0.05,2,Behaviour cloning,BC,432.8805463964332,417.1824539201058,474.5590275047475,0.27359759385369437,0.0,0.865826996269132,56.9390625,none
gate2E_family,N400_noise0p05,400,0.05,2,Behaviour cloning support top3,BC,432.8805463964332,417.1824539201058,474.5590275047475,0.27359759385369437,0.0,0.865826996269132,56.9390625,top3
gate2E_family,N400_noise0p05,400,0.05,2,Estimate-then-optimise structured,EtO,170.36224311006538,417.1824539201058,474.5590275047475,-4.301759331200425,0.848125,0.1849336295335942,3.358125,none
gate2E_family,N400_noise0p05,400,0.05,2,Estimate-then-optimise structured support top3,EtO,471.2035447512602,417.1824539201058,474.5590275047475,0.9415182444009608,0.0,0.7182395165709682,22.371875,top3
gate2E_family,N400_noise0p05,400,0.05,2,Estimate-then-optimise structured learned-transition,EtO,154.17828364074387,417.1824539201058,474.5590275047475,-4.583824962837473,0.9121875,0.1218799565907004,1.1178125,none
gate2E_family,N400_noise0p05,400,0.05,2,Estimate-then-optimise structured learned-transition support top3,EtO,445.5035401104167,417.1824539201058,474.5590275047475,0.49360016503132104,0.0,0.7924925544934512,46.4659375,top3
gate2E_family,N400_noise0p05,400,0.05,2,Estimate-then-optimise structured empirical-transition,EtO,235.26110913169603,417.1824539201058,474.5590275047475,-3.170655433441664,0.7796875,0.17431322525780965,3.98875,none
gate2E_family,N400_noise0p05,400,0.05,2,Estimate-then-optimise structured empirical-transition support top3,EtO,464.30982965708796,417.1824539201058,474.5590275047475,0.8213696425677985,0.0,0.68787281281366,25.1171875,top3
gate2E_family,N400_noise0p05,400,0.05,2,Estimate-then-optimise unconstrained,EtO,459.1946353611615,417.1824539201058,474.5590275047475,0.732218374439517,0.5990625,0.3504346358896425,11.3090625,none
gate2E_family,N400_noise0p05,400,0.05,2,Estimate-then-optimise unconstrained support top3,EtO,472.25307147481186,417.1824539201058,474.5590275047475,0.9598101474893073,0.0,0.7358350237467758,26.52625,top3
gate2E_family,N400_noise0p05,400,0.05,2,Estimate-then-optimise unconstrained learned-transition,EtO,462.07146056709985,417.1824539201058,474.5590275047475,0.7823577436316226,0.424375,0.4580775830775831,15.0871875,none
gate2E_family,N400_noise0p05,400,0.05,2,Estimate-then-optimise unconstrained learned-transition support top3,EtO,464.45572811516524,417.1824539201058,474.5590275047475,0.8239124653430564,0.0,0.6830441969327977,26.993125,top3
gate2E_family,N400_noise0p05,400,0.05,2,Estimate-then-optimise unconstrained empirical-transition,EtO,408.67680491043035,417.1824539201058,474.5590275047475,-0.14824254008699095,0.6534375,0.26305814163691416,4.7903125,none
gate2E_family,N400_noise0p05,400,0.05,2,Estimate-then-optimise unconstrained empirical-transition support top3,EtO,473.4268926201974,417.1824539201058,474.5590275047475,0.9802683427430536,0.0,0.7575397513108783,26.30625,top3
gate2E_family,N400_noise0p05,400,0.05,3,Behaviour cloning,BC,434.5878796136414,423.10474053664757,479.3865548020198,0.20402929839557274,0.0,0.8780521561259111,50.8625,none
gate2E_family,N400_noise0p05,400,0.05,3,Behaviour cloning support top3,BC,434.5878796136414,423.10474053664757,479.3865548020198,0.20402929839557274,0.0,0.8780521561259111,50.8625,top3
gate2E_family,N400_noise0p05,400,0.05,3,Estimate-then-optimise structured,EtO,190.38696244930833,423.10474053664757,479.3865548020198,-4.134866317387362,0.8584375,0.1492325561832288,3.1596875,none
gate2E_family,N400_noise0p05,400,0.05,3,Estimate-then-optimise structured support top3,EtO,477.0261240746458,423.10474053664757,479.3865548020198,0.9580605074981334,0.0,0.7400602729600326,24.8846875,top3
gate2E_family,N400_noise0p05,400,0.05,3,Estimate-then-optimise structured learned-transition,EtO,184.50025592299357,423.10474053664757,479.3865548020198,-4.239459721191983,0.900625,0.09876832594613023,1.01125,none
gate2E_family,N400_noise0p05,400,0.05,3,Estimate-then-optimise structured learned-transition support top3,EtO,450.99617070599254,423.10474053664757,479.3865548020198,0.4955673610277584,0.0,0.7882048940217876,47.1975,top3
gate2E_family,N400_noise0p05,400,0.05,3,Estimate-then-optimise structured empirical-transition,EtO,243.9960416862189,423.10474053664757,479.3865548020198,-3.1823547479461136,0.8328125,0.10910825771650343,3.2575,none
gate2E_family,N400_noise0p05,400,0.05,3,Estimate-then-optimise structured empirical-transition support top3,EtO,468.8376500537036,423.10474053664757,479.3865548020198,0.8125699235888619,0.0,0.73889109978325,28.316875,top3
gate2E_family,N400_noise0p05,400,0.05,3,Estimate-then-optimise unconstrained,EtO,465.18361370967085,423.10474053664757,479.3865548020198,0.7476459975973551,0.5653125,0.3711855527828192,12.5696875,none
gate2E_family,N400_noise0p05,400,0.05,3,Estimate-then-optimise unconstrained support top3,EtO,478.1101838807309,423.10474053664757,479.3865548020198,0.9773217878998937,0.0,0.7741818144012818,28.6175,top3
gate2E_family,N400_noise0p05,400,0.05,3,Estimate-then-optimise unconstrained learned-transition,EtO,465.7701889633656,423.10474053664757,479.3865548020198,0.7580681074982377,0.4946875,0.42542970360463583,17.825625,none
gate2E_family,N400_noise0p05,400,0.05,3,Estimate-then-optimise unconstrained learned-transition support top3,EtO,471.0134261107722,423.10474053664757,479.3865548020198,0.8512285220272428,0.0,0.7045033630638419,28.60125,top3
gate2E_family,N400_noise0p05,400,0.05,3,Estimate-then-optimise unconstrained empirical-transition,EtO,412.6745849276153,423.10474053664757,479.3865548020198,-0.1853201739349313,0.66,0.2617160688635254,4.3190625,none
gate2E_family,N400_noise0p05,400,0.05,3,Estimate-then-optimise unconstrained empirical-transition support top3,EtO,478.1101838807309,423.10474053664757,479.3865548020198,0.9773217878998937,0.0,0.7741818144012818,28.6175,top3
gate2E_family,N400_noise0p05,400,0.05,4,Behaviour cloning,BC,444.9957918116728,427.25459431293825,483.248496641775,0.3168415981180486,0.0259375,0.8606825156432268,43.735625,none
gate2E_family,N400_noise0p05,400,0.05,4,Behaviour cloning support top3,BC,446.4763118228693,427.25459431293825,483.248496641775,0.3432823345129123,0.0,0.8770662986163209,45.9403125,top3
gate2E_family,N400_noise0p05,400,0.05,4,Estimate-then-optimise structured,EtO,181.25084312806845,427.25459431293825,483.248496641775,-4.393402512654998,0.8565625,0.17145137257182078,3.2859375,none
gate2E_family,N400_noise0p05,400,0.05,4,Estimate-then-optimise structured support top3,EtO,471.33011621878984,427.25459431293825,483.248496641775,0.7871486014139222,0.0,0.7166589274891778,30.2875,top3
gate2E_family,N400_noise0p05,400,0.05,4,Estimate-then-optimise structured learned-transition,EtO,165.15811218112628,427.25459431293825,483.248496641775,-4.68080400241783,0.87375,0.17159965119397172,2.6390625,none
gate2E_family,N400_noise0p05,400,0.05,4,Estimate-then-optimise structured learned-transition support top3,EtO,454.3460653399011,427.25459431293825,483.248496641775,0.483828951014382,0.0,0.7809360843546144,42.9578125,top3
gate2E_family,N400_noise0p05,400,0.05,4,Estimate-then-optimise structured empirical-transition,EtO,239.7477250309038,427.25459431293825,483.248496641775,-3.348701581483969,0.8934375,0.08042617331833017,1.854375,none
gate2E_family,N400_noise0p05,400,0.05,4,Estimate-then-optimise structured empirical-transition support top3,EtO,478.66388406459214,427.25459431293825,483.248496641775,0.9181230029252351,0.0,0.7615932741214141,26.3453125,top3
gate2E_family,N400_noise0p05,400,0.05,4,Estimate-then-optimise unconstrained,EtO,466.94288475307434,427.25459431293825,483.248496641775,0.7087966508756206,0.596875,0.35157929766734275,9.859375,none
gate2E_family,N400_noise0p05,400,0.05,4,Estimate-then-optimise unconstrained support top3,EtO,482.79158532281843,427.25459431293825,483.248496641775,0.991839980784457,0.0,0.7632197634681226,27.671875,top3
gate2E_family,N400_noise0p05,400,0.05,4,Estimate-then-optimise unconstrained learned-transition,EtO,468.281795264973,427.25459431293825,483.248496641775,0.7327083708346197,0.4734375,0.4757886545677925,18.62625,none
gate2E_family,N400_noise0p05,400,0.05,4,Estimate-then-optimise unconstrained learned-transition support top3,EtO,476.6745426574341,427.25459431293825,483.248496641775,0.882595180708537,0.0,0.7116679669194339,27.7215625,top3
gate2E_family,N400_noise0p05,400,0.05,4,Estimate-then-optimise unconstrained empirical-transition,EtO,414.36758978042906,427.25459431293825,483.248496641775,-0.23015014129266034,0.786875,0.13680631738225837,3.57875,none
gate2E_family,N400_noise0p05,400,0.05,4,Estimate-then-optimise unconstrained empirical-transition support top3,EtO,482.79158532281843,427.25459431293825,483.248496641775,0.991839980784457,0.0,0.7632197634681226,27.671875,top3
gate2E_family,N400_noise0p05,400,0.05,5,Behaviour cloning,BC,439.6069509714236,420.5620190232593,478.5366511066638,0.3285045762906357,0.0634375,0.7941630738928009,37.256875,none
gate2E_family,N400_noise0p05,400,0.05,5,Behaviour cloning support top3,BC,432.17615990537183,420.5620190232593,478.5366511066638,0.20033142884639568,0.0,0.8558146296129542,43.5771875,top3
gate2E_family,N400_noise0p05,400,0.05,5,Estimate-then-optimise structured,EtO,174.4486223109705,420.5620190232593,478.5366511066638,-4.245191178759375,0.875625,0.1620155950609294,2.4965625,none
gate2E_family,N400_noise0p05,400,0.05,5,Estimate-then-optimise structured support top3,EtO,470.59999201363155,420.5620190232593,478.5366511066638,0.8631011736027189,0.0,0.6984584438457638,25.30125,top3
gate2E_family,N400_noise0p05,400,0.05,5,Estimate-then-optimise structured learned-transition,EtO,162.2115798484914,420.5620190232593,478.5366511066638,-4.456266989380724,0.8709375,0.17026139334484858,2.3178125,none
gate2E_family,N400_noise0p05,400,0.05,5,Estimate-then-optimise structured learned-transition support top3,EtO,457.6544381021416,420.5620190232593,478.5366511066638,0.6398043031220926,0.0,0.7533576297057867,37.45,top3
gate2E_family,N400_noise0p05,400,0.05,5,Estimate-then-optimise structured empirical-transition,EtO,234.69679675813836,420.5620190232593,478.5366511066638,-3.205975020207603,0.81125,0.15665274788139794,3.9703125,none
gate2E_family,N400_noise0p05,400,0.05,5,Estimate-then-optimise structured empirical-transition support top3,EtO,464.9799325116817,420.5620190232593,478.5366511066638,0.7661611965819998,0.0,0.7072302042552533,30.7815625,top3
gate2E_family,N400_noise0p05,400,0.05,5,Estimate-then-optimise unconstrained,EtO,463.84868369624763,420.5620190232593,478.5366511066638,0.7466483721831042,0.575625,0.3649821013931889,12.9403125,none
gate2E_family,N400_noise0p05,400,0.05,5,Estimate-then-optimise unconstrained support top3,EtO,477.8710022823751,420.5620190232593,478.5366511066638,0.9885182742801879,0.0,0.7885787452858253,30.83625,top3
gate2E_family,N400_noise0p05,400,0.05,5,Estimate-then-optimise unconstrained learned-transition,EtO,455.1053746675296,420.5620190232593,478.5366511066638,0.5958357026668993,0.43625,0.49265397082186274,19.5084375,none
gate2E_family,N400_noise0p05,400,0.05,5,Estimate-then-optimise unconstrained learned-transition support top3,EtO,469.32229911823697,420.5620190232593,478.5366511066638,0.8410623464557618,0.0,0.7195826852593511,32.1334375,top3
gate2E_family,N400_noise0p05,400,0.05,5,Estimate-then-optimise unconstrained empirical-transition,EtO,411.7649134556028,420.5620190232593,478.5366511066638,-0.15174060190672117,0.5796875,0.2875585295713462,5.374375,none
gate2E_family,N400_noise0p05,400,0.05,5,Estimate-then-optimise unconstrained empirical-transition support top3,EtO,477.8710022823751,420.5620190232593,478.5366511066638,0.9885182742801879,0.0,0.7885787452858253,30.83625,top3
gate2E_family,N400_noise0p05,400,0.05,6,Behaviour cloning,BC,460.15678912230373,421.9223253169368,478.38659087731315,0.6771444457111272,0.1284375,0.7034325429477772,46.33,none
gate2E_family,N400_noise0p05,400,0.05,6,Behaviour cloning support top3,BC,458.8425182225564,421.9223253169368,478.38659087731315,0.6538682924360616,0.0,0.8311478081740579,43.661875,top3
gate2E_family,N400_noise0p05,400,0.05,6,Estimate-then-optimise structured,EtO,262.2386225056622,421.9223253169368,478.38659087731315,-2.8280488770464447,0.8771875,0.08613073740968204,2.8684375,none
gate2E_family,N400_noise0p05,400,0.05,6,Estimate-then-optimise structured support top3,EtO,458.4604518488811,421.9223253169368,478.38659087731315,0.6471017761290931,0.0,0.6413569449923168,32.104375,top3
gate2E_family,N400_noise0p05,400,0.05,6,Estimate-then-optimise structured learned-transition,EtO,244.9669270328177,421.9223253169368,478.38659087731315,-3.1339360660753384,0.883125,0.08092241634223278,2.046875,none
gate2E_family,N400_noise0p05,400,0.05,6,Estimate-then-optimise structured learned-transition support top3,EtO,450.24417724288037,421.9223253169368,478.38659087731315,0.5015889544451696,0.0,0.6939565128846782,40.1396875,top3
gate2E_family,N400_noise0p05,400,0.05,6,Estimate-then-optimise structured empirical-transition,EtO,255.9685749244088,421.9223253169368,478.38659087731315,-2.9390934026242883,0.88,0.08494422040514087,2.410625,none
gate2E_family,N400_noise0p05,400,0.05,6,Estimate-then-optimise structured empirical-transition support top3,EtO,467.79052890231645,421.9223253169368,478.38659087731315,0.8123403913991143,0.0,0.5716441343053205,27.3425,top3
gate2E_family,N400_noise0p05,400,0.05,6,Estimate-then-optimise unconstrained,EtO,460.47012195362765,421.9223253169368,478.38659087731315,0.6826936692459464,0.59375,0.36110928113303664,12.5484375,none
gate2E_family,N400_noise0p05,400,0.05,6,Estimate-then-optimise unconstrained support top3,EtO,478.0662967408549,421.9223253169368,478.38659087731315,0.9943274895497266,0.0,0.7774717348178684,28.2865625,top3
gate2E_family,N400_noise0p05,400,0.05,6,Estimate-then-optimise unconstrained learned-transition,EtO,447.40988748211777,421.9223253169368,478.38659087731315,0.45139278643281955,0.458125,0.49361839329175383,16.9625,none
gate2E_family,N400_noise0p05,400,0.05,6,Estimate-then-optimise unconstrained learned-transition support top3,EtO,471.43657339563754,421.9223253169368,478.38659087731315,0.876912992443972,0.0,0.7307829604045852,29.4875,top3
gate2E_family,N400_noise0p05,400,0.05,6,Estimate-then-optimise unconstrained empirical-transition,EtO,411.1910655565131,421.9223253169368,478.38659087731315,-0.1900540041373414,0.651875,0.2721102802453388,4.738125,none
gate2E_family,N400_noise0p05,400,0.05,6,Estimate-then-optimise unconstrained empirical-transition support top3,EtO,478.0662967408549,421.9223253169368,478.38659087731315,0.9943274895497266,0.0,0.7774717348178684,28.2865625,top3
gate2E_family,N400_noise0p05,400,0.05,7,Behaviour cloning,BC,430.81937218401714,418.644374990045,476.3341035189663,0.2110427194655376,0.046875,0.8236082391827856,47.3425,none
gate2E_family,N400_noise0p05,400,0.05,7,Behaviour cloning support top3,BC,428.6428915100734,418.644374990045,476.3341035189663,0.17331536783044357,0.0,0.8624394007349362,52.891875,top3
gate2E_family,N400_noise0p05,400,0.05,7,Estimate-then-optimise structured,EtO,187.69170802719856,418.644374990045,476.3341035189663,-4.003358532829012,0.8421875,0.16662150519704297,3.3953125,none
gate2E_family,N400_noise0p05,400,0.05,7,Estimate-then-optimise structured support top3,EtO,475.3585789245474,418.644374990045,476.3341035189663,0.9830901510668427,0.0,0.7475824503433373,24.595,top3
gate2E_family,N400_noise0p05,400,0.05,7,Estimate-then-optimise structured learned-transition,EtO,176.67924134311113,418.644374990045,476.3341035189663,-4.1942498225768325,0.901875,0.10282725907725908,1.030625,none
gate2E_family,N400_noise0p05,400,0.05,7,Estimate-then-optimise structured learned-transition support top3,EtO,447.5445245385474,418.644374990045,476.3341035189663,0.500958321098947,0.0,0.7913292206543318,50.5640625,top3
gate2E_family,N400_noise0p05,400,0.05,7,Estimate-then-optimise structured empirical-transition,EtO,244.91844541578226,418.644374990045,476.3341035189663,-3.0113840713805673,0.8265625,0.11088780242064629,2.8921875,none
gate2E_family,N400_noise0p05,400,0.05,7,Estimate-then-optimise structured empirical-transition support top3,EtO,468.08792078255925,418.644374990045,476.3341035189663,0.8570597756882663,0.0,0.7204189406131374,26.311875,top3
gate2E_family,N400_noise0p05,400,0.05,7,Estimate-then-optimise unconstrained,EtO,462.14913729395596,418.644374990045,476.3341035189663,0.7541162597445913,0.569375,0.3586435897435898,9.4384375,none
gate2E_family,N400_noise0p05,400,0.05,7,Estimate-then-optimise unconstrained support top3,EtO,475.88234055076094,418.644374990045,476.3341035189663,0.9921690917997844,0.0,0.7534352729239825,25.6746875,top3
gate2E_family,N400_noise0p05,400,0.05,7,Estimate-then-optimise unconstrained learned-transition,EtO,463.2389180963296,418.644374990045,476.3341035189663,0.7730066381561885,0.4496875,0.4550562589717803,16.2953125,none
gate2E_family,N400_noise0p05,400,0.05,7,Estimate-then-optimise unconstrained learned-transition support top3,EtO,467.4035897182897,418.644374990045,476.3341035189663,0.8451975069322871,0.0,0.7211366633534476,31.116875,top3
gate2E_family,N400_noise0p05,400,0.05,7,Estimate-then-optimise unconstrained empirical-transition,EtO,410.5092481927332,418.644374990045,476.3341035189663,-0.14101516864017555,0.57875,0.28462570867784137,4.45,none
gate2E_family,N400_noise0p05,400,0.05,7,Estimate-then-optimise unconstrained empirical-transition support top3,EtO,475.88234055076094,418.644374990045,476.3341035189663,0.9921690917997844,0.0,0.7534352729239825,25.6746875,top3
gate2E_family,N400_noise0p05,400,0.05,8,Behaviour cloning,BC,448.2196181482966,422.931340639083,479.95114040875427,0.44349993530956605,0.049375,0.7775206517334372,39.5246875,none
gate2E_family,N400_noise0p05,400,0.05,8,Behaviour cloning support top3,BC,442.56871795591053,422.931340639083,479.95114040875427,0.34439576070333083,0.0,0.8340621241499098,56.0159375,top3
gate2E_family,N400_noise0p05,400,0.05,8,Estimate-then-optimise structured,EtO,188.51108374851282,422.931340639083,479.95114040875427,-4.111207998581183,0.8596875,0.1617223956414938,2.86875,none
gate2E_family,N400_noise0p05,400,0.05,8,Estimate-then-optimise structured support top3,EtO,472.73964709259485,422.931340639083,479.95114040875427,0.8735265057876405,0.0,0.702522344670697,29.9125,top3
gate2E_family,N400_noise0p05,400,0.05,8,Estimate-then-optimise structured learned-transition,EtO,183.57141049871373,422.931340639083,479.95114040875427,-4.197838840319538,0.8703125,0.15858073044998566,2.538125,none
gate2E_family,N400_noise0p05,400,0.05,8,Estimate-then-optimise structured learned-transition support top3,EtO,449.3802399373204,422.931340639083,479.95114040875427,0.46385465057886016,0.0,0.7000890866336963,38.159375,top3
gate2E_family,N400_noise0p05,400,0.05,8,Estimate-then-optimise structured empirical-transition,EtO,240.38099269424114,422.931340639083,479.95114040875427,-3.201525587291521,0.8753125,0.09112317800300515,2.21375,none
gate2E_family,N400_noise0p05,400,0.05,8,Estimate-then-optimise structured empirical-transition support top3,EtO,478.1462228658184,422.931340639083,479.95114040875427,0.9683457754985682,0.0,0.780130458971607,31.1625,top3
gate2E_family,N400_noise0p05,400,0.05,8,Estimate-then-optimise unconstrained,EtO,465.10497156406507,422.931340639083,479.95114040875427,0.7396313402597067,0.5878125,0.35890856582388847,13.26625,none
gate2E_family,N400_noise0p05,400,0.05,8,Estimate-then-optimise unconstrained support top3,EtO,479.4540165956049,422.931340639083,479.95114040875427,0.9912815580700483,0.0,0.7899200493965267,31.0403125,top3
gate2E_family,N400_noise0p05,400,0.05,8,Estimate-then-optimise unconstrained learned-transition,EtO,458.2447510638995,422.931340639083,479.95114040875427,0.6193183870771791,0.47625,0.4428685305945947,16.28875,none
gate2E_family,N400_noise0p05,400,0.05,8,Estimate-then-optimise unconstrained learned-transition support top3,EtO,475.1364091123809,422.931340639083,479.95114040875427,0.9155603612109782,0.0,0.7270315768438033,31.685625,top3
gate2E_family,N400_noise0p05,400,0.05,8,Estimate-then-optimise unconstrained empirical-transition,EtO,411.5248319346662,422.931340639083,479.95114040875427,-0.20004469939376826,0.7828125,0.15235348105414973,4.698125,none
gate2E_family,N400_noise0p05,400,0.05,8,Estimate-then-optimise unconstrained empirical-transition support top3,EtO,479.4540165956049,422.931340639083,479.95114040875427,0.9912815580700483,0.0,0.7899200493965267,31.0403125,top3
gate2E_family,N400_noise0p05,400,0.05,9,Behaviour cloning,BC,442.4718783995957,423.45525105741876,479.20761072352025,0.3410909862123634,0.0503125,0.7912891989747921,41.1675,none
gate2E_family,N400_noise0p05,400,0.05,9,Behaviour cloning support top3,BC,439.13941001403595,423.45525105741876,479.20761072352025,0.28131829846393847,0.0,0.8513594640492846,50.13875,top3
gate2E_family,N400_noise0p05,400,0.05,9,Estimate-then-optimise structured,EtO,205.16530653030023,423.45525105741876,479.20761072352025,-3.9153489795669234,0.859375,0.1313344087456176,2.545,none
gate2E_family,N400_noise0p05,400,0.05,9,Estimate-then-optimise structured support top3,EtO,469.7518318365008,423.45525105741876,479.20761072352025,0.8303967949760386,0.0,0.6493546125098871,31.2653125,top3
gate2E_family,N400_noise0p05,400,0.05,9,Estimate-then-optimise structured learned-transition,EtO,206.22933423553917,423.45525105741876,479.20761072352025,-3.8962640886024626,0.874375,0.11568375983043366,1.865,none
gate2E_family,N400_noise0p05,400,0.05,9,Estimate-then-optimise structured learned-transition support top3,EtO,450.0366447684681,423.45525105741876,479.20761072352025,0.47677611979554146,0.0,0.7785325910495149,51.65625,top3
gate2E_family,N400_noise0p05,400,0.05,9,Estimate-then-optimise structured empirical-transition,EtO,243.95605249711193,423.45525105741876,479.20761072352025,-3.2195802946336247,0.8503125,0.11252744567128244,2.8675,none
gate2E_family,N400_noise0p05,400,0.05,9,Estimate-then-optimise structured empirical-transition support top3,EtO,477.61206388618797,423.45525105741876,479.20761072352025,0.9713815370885117,0.0,0.7691699762954209,28.71875,top3
gate2E_family,N400_noise0p05,400,0.05,9,Estimate-then-optimise unconstrained,EtO,464.8182315885751,423.45525105741876,479.20761072352025,0.7419054687349103,0.5665625,0.36935437201314214,10.3790625,none
gate2E_family,N400_noise0p05,400,0.05,9,Estimate-then-optimise unconstrained support top3,EtO,478.8364192984169,423.45525105741876,479.20761072352025,0.9933421396452743,0.0,0.7714792068933136,28.64875,top3
gate2E_family,N400_noise0p05,400,0.05,9,Estimate-then-optimise unconstrained learned-transition,EtO,464.6472936266754,423.45525105741876,479.20761072352025,0.7388394467239415,0.518125,0.4148228745385996,15.7290625,none
gate2E_family,N400_noise0p05,400,0.05,9,Estimate-then-optimise unconstrained learned-transition support top3,EtO,472.99120638878145,423.45525105741876,479.20761072352025,0.8884997088559375,0.0,0.7217697267035273,29.1184375,top3
gate2E_family,N400_noise0p05,400,0.05,9,Estimate-then-optimise unconstrained empirical-transition,EtO,413.38442543717133,423.45525105741876,479.20761072352025,-0.1806349664939956,0.650625,0.2915789213548229,4.6096875,none
gate2E_family,N400_noise0p05,400,0.05,9,Estimate-then-optimise unconstrained empirical-transition support top3,EtO,478.8364192984169,423.45525105741876,479.20761072352025,0.9933421396452743,0.0,0.7714792068933136,28.64875,top3
gate2E_family,N400_noise0p2,400,0.2,0,Behaviour cloning,BC,443.94358298679435,421.48917105942843,479.2131268458336,0.3889964161578523,0.06125,0.7597317446435388,37.631875,none
gate2E_family,N400_noise0p2,400,0.2,0,Behaviour cloning support top3,BC,440.03075330688625,421.48917105942843,479.2131268458336,0.3212112197588621,0.0,0.8335514963531386,49.6815625,top3
gate2E_family,N400_noise0p2,400,0.2,0,Estimate-then-optimise structured,EtO,191.72149666972894,421.48917105942843,479.2131268458336,-3.9804561426785163,0.8475,0.17060551568992482,4.0234375,none
gate2E_family,N400_noise0p2,400,0.2,0,Estimate-then-optimise structured support top3,EtO,475.78579130702724,421.48917105942843,479.2131268458336,0.9406254215929267,0.0,0.7368270672058469,24.514375,top3
gate2E_family,N400_noise0p2,400,0.2,0,Estimate-then-optimise structured learned-transition,EtO,179.83859714998266,421.48917105942843,479.2131268458336,-4.186313474489183,0.899375,0.09215833433526706,1.29625,none
gate2E_family,N400_noise0p2,400,0.2,0,Estimate-then-optimise structured learned-transition support top3,EtO,449.738040102149,421.48917105942843,479.2131268458336,0.48937860647058423,0.0,0.798291179512454,46.015,top3
gate2E_family,N400_noise0p2,400,0.2,0,Estimate-then-optimise structured empirical-transition,EtO,246.70256487997656,421.48917105942843,479.2131268458336,-3.027973460900902,0.8153125,0.14381128675623134,3.7671875,none
gate2E_family,N400_noise0p2,400,0.2,0,Estimate-then-optimise structured empirical-transition support top3,EtO,462.4021917671973,421.48917105942843,479.2131268458336,0.708770217674591,0.0,0.6920798495629057,27.799375,top3
gate2E_family,N400_noise0p2,400,0.2,0,Estimate-then-optimise unconstrained,EtO,465.74280664247885,421.48917105942843,479.2131268458336,0.7666424620447237,0.5503125,0.3867066326217642,10.60875,none
gate2E_family,N400_noise0p2,400,0.2,0,Estimate-then-optimise unconstrained support top3,EtO,477.12883761415395,421.48917105942843,479.2131268458336,0.9638921275701878,0.0,0.7613896015382181,27.540625,top3
gate2E_family,N400_noise0p2,400,0.2,0,Estimate-then-optimise unconstrained learned-transition,EtO,466.5578950407996,421.48917105942843,479.2131268458336,0.7807629149349731,0.425625,0.4799622972264127,18.690625,none
gate2E_family,N400_noise0p2,400,0.2,0,Estimate-then-optimise unconstrained learned-transition support top3,EtO,467.0522673647031,421.48917105942843,479.2131268458336,0.7893273370569215,0.0,0.7539828260915238,31.5240625,top3
gate2E_family,N400_noise0p2,400,0.2,0,Estimate-then-optimise unconstrained empirical-transition,EtO,412.3719372974685,421.48917105942843,479.2131268458336,-0.1579454082408396,0.58375,0.2582218258196244,4.6825,none
gate2E_family,N400_noise0p2,400,0.2,0,Estimate-then-optimise unconstrained empirical-transition support top3,EtO,477.12883761415395,421.48917105942843,479.2131268458336,0.9638921275701878,0.0,0.7613896015382181,27.540625,top3
gate2E_family,N400_noise0p2,400,0.2,1,Behaviour cloning,BC,447.3834012671611,422.7909092428097,479.07216495487467,0.4369570599164785,0.060625,0.815958887983985,41.3615625,none
gate2E_family,N400_noise0p2,400,0.2,1,Behaviour cloning support top3,BC,440.2454052044166,422.7909092428097,479.07216495487467,0.3101298245885659,0.0,0.872554773686461,53.495625,top3
gate2E_family,N400_noise0p2,400,0.2,1,Estimate-then-optimise structured,EtO,244.89543271756963,422.7909092428097,479.07216495487467,-3.1608299117445715,0.8803125,0.14475008710520423,2.3584375,none
gate2E_family,N400_noise0p2,400,0.2,1,Estimate-then-optimise structured support top3,EtO,466.028926023411,422.7909092428097,479.07216495487467,0.7682489708795247,0.0,0.6862581102531948,32.3215625,top3
gate2E_family,N400_noise0p2,400,0.2,1,Estimate-then-optimise structured learned-transition,EtO,206.67219786328104,422.7909092428097,479.07216495487467,-3.839976714186911,0.9059375,0.12572339321455928,1.730625,none
gate2E_family,N400_noise0p2,400,0.2,1,Estimate-then-optimise structured learned-transition support top3,EtO,447.0780618614539,422.7909092428097,479.07216495487467,0.4315318183890089,0.0,0.7568897344273983,40.57875,top3
gate2E_family,N400_noise0p2,400,0.2,1,Estimate-then-optimise structured empirical-transition,EtO,238.87615493576402,422.7909092428097,479.07216495487467,-3.2677798670298666,0.87375,0.09981791918208105,2.3875,none
gate2E_family,N400_noise0p2,400,0.2,1,Estimate-then-optimise structured empirical-transition support top3,EtO,473.33207045796536,422.7909092428097,479.07216495487467,0.8980105467746554,0.0,0.7263004904434598,23.9671875,top3
gate2E_family,N400_noise0p2,400,0.2,1,Estimate-then-optimise unconstrained,EtO,450.3473674654808,422.7909092428097,479.07216495487467,0.4896205295000877,0.90375,0.07708914775714923,1.560625,none
gate2E_family,N400_noise0p2,400,0.2,1,Estimate-then-optimise unconstrained support top3,EtO,475.7126908484295,422.7909092428097,479.07216495487467,0.940309183511607,0.0,0.7134466096869755,27.9471875,top3
gate2E_family,N400_noise0p2,400,0.2,1,Estimate-then-optimise unconstrained learned-transition,EtO,440.4193685091679,422.7909092428097,479.07216495487467,0.3132207880461206,0.7225,0.2468115375329069,6.38375,none
gate2E_family,N400_noise0p2,400,0.2,1,Estimate-then-optimise unconstrained learned-transition support top3,EtO,471.03329953614525,422.7909092428097,479.07216495487467,0.8571662036139303,0.0,0.7222002274394509,28.575625,top3
gate2E_family,N400_noise0p2,400,0.2,1,Estimate-then-optimise unconstrained empirical-transition,EtO,421.02126802436993,422.7909092428097,479.07216495487467,-0.031442816903255184,0.5515625,0.3512960526797086,10.81625,none
gate2E_family,N400_noise0p2,400,0.2,1,Estimate-then-optimise unconstrained empirical-transition support top3,EtO,478.78931509075875,422.7909092428097,479.07216495487467,0.9949743505091113,0.0,0.7572742029223375,25.2321875,top3
gate2E_family,N400_noise0p2,400,0.2,2,Behaviour cloning,BC,432.8805463964332,417.1824539201058,474.5590275047475,0.27359759385369437,0.0,0.865826996269132,56.9390625,none
gate2E_family,N400_noise0p2,400,0.2,2,Behaviour cloning support top3,BC,432.8805463964332,417.1824539201058,474.5590275047475,0.27359759385369437,0.0,0.865826996269132,56.9390625,top3
gate2E_family,N400_noise0p2,400,0.2,2,Estimate-then-optimise structured,EtO,170.36224311006538,417.1824539201058,474.5590275047475,-4.301759331200425,0.848125,0.1849336295335942,3.358125,none
gate2E_family,N400_noise0p2,400,0.2,2,Estimate-then-optimise structured support top3,EtO,471.2035447512602,417.1824539201058,474.5590275047475,0.9415182444009608,0.0,0.7182395165709682,22.371875,top3
gate2E_family,N400_noise0p2,400,0.2,2,Estimate-then-optimise structured learned-transition,EtO,158.9382338995739,417.1824539201058,474.5590275047475,-4.50086514210492,0.9121875,0.1218799565907004,1.1178125,none
gate2E_family,N400_noise0p2,400,0.2,2,Estimate-then-optimise structured learned-transition support top3,EtO,445.5035401104167,417.1824539201058,474.5590275047475,0.49360016503132104,0.0,0.7924925544934512,46.4659375,top3
gate2E_family,N400_noise0p2,400,0.2,2,Estimate-then-optimise structured empirical-transition,EtO,235.26110913169603,417.1824539201058,474.5590275047475,-3.170655433441664,0.7796875,0.17431322525780965,3.98875,none
gate2E_family,N400_noise0p2,400,0.2,2,Estimate-then-optimise structured empirical-transition support top3,EtO,464.30982965708796,417.1824539201058,474.5590275047475,0.8213696425677985,0.0,0.68787281281366,25.1171875,top3
gate2E_family,N400_noise0p2,400,0.2,2,Estimate-then-optimise unconstrained,EtO,449.078136334882,417.1824539201058,474.5590275047475,0.5559007870646687,0.865,0.09810144518118954,2.1353125,none
gate2E_family,N400_noise0p2,400,0.2,2,Estimate-then-optimise unconstrained support top3,EtO,470.87815758688885,417.1824539201058,474.5590275047475,0.9358471639574527,0.0,0.7100735750140567,28.495,top3
gate2E_family,N400_noise0p2,400,0.2,2,Estimate-then-optimise unconstrained learned-transition,EtO,446.13520753451155,417.1824539201058,474.5590275047475,0.5046093171056085,0.5040625,0.3717947705952792,13.8728125,none
gate2E_family,N400_noise0p2,400,0.2,2,Estimate-then-optimise unconstrained learned-transition support top3,EtO,471.33665341125925,417.1824539201058,474.5590275047475,0.9438381574191663,0.0,0.7098523049499305,27.015625,top3
gate2E_family,N400_noise0p2,400,0.2,2,Estimate-then-optimise unconstrained empirical-transition,EtO,407.20360811773423,417.1824539201058,474.5590275047475,-0.17391846844341083,0.7784375,0.13651590816649342,4.0403125,none
gate2E_family,N400_noise0p2,400,0.2,2,Estimate-then-optimise unconstrained empirical-transition support top3,EtO,473.4268926201974,417.1824539201058,474.5590275047475,0.9802683427430536,0.0,0.7575397513108783,26.30625,top3
gate2E_family,N400_noise0p2,400,0.2,3,Behaviour cloning,BC,434.5878796136414,423.10474053664757,479.3865548020198,0.20402929839557274,0.0,0.8780521561259111,50.8625,none
gate2E_family,N400_noise0p2,400,0.2,3,Behaviour cloning support top3,BC,434.5878796136414,423.10474053664757,479.3865548020198,0.20402929839557274,0.0,0.8780521561259111,50.8625,top3
gate2E_family,N400_noise0p2,400,0.2,3,Estimate-then-optimise structured,EtO,181.2785210877467,423.10474053664757,479.3865548020198,-4.29670263130956,0.8675,0.1465568913844776,3.006875,none
gate2E_family,N400_noise0p2,400,0.2,3,Estimate-then-optimise structured support top3,EtO,474.8305987770871,423.10474053664757,479.3865548020198,0.919051009915013,0.0,0.7149652095223513,21.813125,top3
gate2E_family,N400_noise0p2,400,0.2,3,Estimate-then-optimise structured learned-transition,EtO,160.56498241687308,423.10474053664757,479.3865548020198,-4.664735164397566,0.921875,0.09873793615441723,0.875625,none
gate2E_family,N400_noise0p2,400,0.2,3,Estimate-then-optimise structured learned-transition support top3,EtO,450.99617070599254,423.10474053664757,479.3865548020198,0.4955673610277584,0.0,0.7882048940217876,47.1975,top3
gate2E_family,N400_noise0p2,400,0.2,3,Estimate-then-optimise structured empirical-transition,EtO,246.2117622222664,423.10474053664757,479.3865548020198,-3.1429864268468637,0.8159375,0.12814191835935593,3.6878125,none
gate2E_family,N400_noise0p2,400,0.2,3,Estimate-then-optimise structured empirical-transition support top3,EtO,467.1008548368658,423.10474053664757,479.3865548020198,0.7817110175726355,0.0,0.7051145545159039,26.7025,top3
gate2E_family,N400_noise0p2,400,0.2,3,Estimate-then-optimise unconstrained,EtO,465.0448846301257,423.10474053664757,479.3865548020198,0.7451810969654913,0.5525,0.3820662859982463,12.9390625,none
gate2E_family,N400_noise0p2,400,0.2,3,Estimate-then-optimise unconstrained support top3,EtO,478.1101838807309,423.10474053664757,479.3865548020198,0.9773217878998937,0.0,0.7741818144012818,28.6175,top3
gate2E_family,N400_noise0p2,400,0.2,3,Estimate-then-optimise unconstrained learned-transition,EtO,465.47228602461286,423.10474053664757,479.3865548020198,0.7527750489385377,0.5040625,0.4218824802604707,17.563125,none
gate2E_family,N400_noise0p2,400,0.2,3,Estimate-then-optimise unconstrained learned-transition support top3,EtO,472.498620086942,423.10474053664757,479.3865548020198,0.8776170454882504,0.0,0.7003413416121961,27.286875,top3
gate2E_family,N400_noise0p2,400,0.2,3,Estimate-then-optimise unconstrained empirical-transition,EtO,412.6745849276153,423.10474053664757,479.3865548020198,-0.1853201739349313,0.66,0.2617160688635254,4.3190625,none
gate2E_family,N400_noise0p2,400,0.2,3,Estimate-then-optimise unconstrained empirical-transition support top3,EtO,478.1101838807309,423.10474053664757,479.3865548020198,0.9773217878998937,0.0,0.7741818144012818,28.6175,top3
gate2E_family,N400_noise0p2,400,0.2,4,Behaviour cloning,BC,444.9957918116728,427.25459431293825,483.248496641775,0.3168415981180486,0.0259375,0.8606825156432268,43.735625,none
gate2E_family,N400_noise0p2,400,0.2,4,Behaviour cloning support top3,BC,446.4763118228693,427.25459431293825,483.248496641775,0.3432823345129123,0.0,0.8770662986163209,45.9403125,top3
gate2E_family,N400_noise0p2,400,0.2,4,Estimate-then-optimise structured,EtO,176.54698881179374,427.25459431293825,483.248496641775,-4.477409058379393,0.8415625,0.19450812908300708,3.6909375,none
gate2E_family,N400_noise0p2,400,0.2,4,Estimate-then-optimise structured support top3,EtO,476.1071902627451,427.25459431293825,483.248496641775,0.8724627846601771,0.0,0.7271833482989194,26.13875,top3
gate2E_family,N400_noise0p2,400,0.2,4,Estimate-then-optimise structured learned-transition,EtO,162.0932148026742,427.25459431293825,483.248496641775,-4.735540272814788,0.8684375,0.1776178894634777,2.635625,none
gate2E_family,N400_noise0p2,400,0.2,4,Estimate-then-optimise structured learned-transition support top3,EtO,453.0588392502509,427.25459431293825,483.248496641775,0.460840267673638,0.0,0.8101060242480165,45.0078125,top3
gate2E_family,N400_noise0p2,400,0.2,4,Estimate-then-optimise structured empirical-transition,EtO,244.4253572736708,427.25459431293825,483.248496641775,-3.265163338064238,0.850625,0.10982712475423,2.7928125,none
gate2E_family,N400_noise0p2,400,0.2,4,Estimate-then-optimise structured empirical-transition support top3,EtO,470.0088494821482,427.25459431293825,483.248496641775,0.7635519831807046,0.0,0.747468012148681,29.1871875,top3
gate2E_family,N400_noise0p2,400,0.2,4,Estimate-then-optimise unconstrained,EtO,464.82492247904366,427.25459431293825,483.248496641775,0.6709717773457768,0.6375,0.3339617021679252,9.129375,none
gate2E_family,N400_noise0p2,400,0.2,4,Estimate-then-optimise unconstrained support top3,EtO,482.79158532281843,427.25459431293825,483.248496641775,0.991839980784457,0.0,0.7632197634681226,27.671875,top3
gate2E_family,N400_noise0p2,400,0.2,4,Estimate-then-optimise unconstrained learned-transition,EtO,455.9751279044005,427.25459431293825,483.248496641775,0.5129225218630857,0.4834375,0.4573172444076877,18.6565625,none
gate2E_family,N400_noise0p2,400,0.2,4,Estimate-then-optimise unconstrained learned-transition support top3,EtO,481.0729429629147,427.25459431293825,483.248496641775,0.9611465965332462,0.0,0.7359903353793195,30.484375,top3
gate2E_family,N400_noise0p2,400,0.2,4,Estimate-then-optimise unconstrained empirical-transition,EtO,414.36758978042906,427.25459431293825,483.248496641775,-0.23015014129266034,0.786875,0.13680631738225837,3.57875,none
gate2E_family,N400_noise0p2,400,0.2,4,Estimate-then-optimise unconstrained empirical-transition support top3,EtO,482.79158532281843,427.25459431293825,483.248496641775,0.991839980784457,0.0,0.7632197634681226,27.671875,top3
gate2E_family,N400_noise0p2,400,0.2,5,Behaviour cloning,BC,439.6069509714236,420.5620190232593,478.5366511066638,0.3285045762906357,0.0634375,0.7941630738928009,37.256875,none
gate2E_family,N400_noise0p2,400,0.2,5,Behaviour cloning support top3,BC,432.17615990537183,420.5620190232593,478.5366511066638,0.20033142884639568,0.0,0.8558146296129542,43.5771875,top3
gate2E_family,N400_noise0p2,400,0.2,5,Estimate-then-optimise structured,EtO,175.23598041173327,420.5620190232593,478.5366511066638,-4.231610099027294,0.8725,0.16229159914605115,2.906875,none
gate2E_family,N400_noise0p2,400,0.2,5,Estimate-then-optimise structured support top3,EtO,472.4246805810767,420.5620190232593,478.5366511066638,0.8945750873107021,0.0,0.723735372437597,23.9703125,top3
gate2E_family,N400_noise0p2,400,0.2,5,Estimate-then-optimise structured learned-transition,EtO,159.93786780478598,420.5620190232593,478.5366511066638,-4.495486074728853,0.8809375,0.14637053130783295,2.3165625,none
gate2E_family,N400_noise0p2,400,0.2,5,Estimate-then-optimise structured learned-transition support top3,EtO,450.4593596303553,420.5620190232593,478.5366511066638,0.5156969442097463,0.0,0.7938931987129927,44.6375,top3
gate2E_family,N400_noise0p2,400,0.2,5,Estimate-then-optimise structured empirical-transition,EtO,229.9768492942413,420.5620190232593,478.5366511066638,-3.2873890334454408,0.816875,0.15283675613032183,3.8915625,none
gate2E_family,N400_noise0p2,400,0.2,5,Estimate-then-optimise structured empirical-transition support top3,EtO,466.5157734470667,420.5620190232593,478.5366511066638,0.7926527995502687,0.0,0.7146969555428703,28.9865625,top3
gate2E_family,N400_noise0p2,400,0.2,5,Estimate-then-optimise unconstrained,EtO,463.8075445799774,420.5620190232593,478.5366511066638,0.7459387667092643,0.575625,0.3641089396284829,12.8453125,none
gate2E_family,N400_noise0p2,400,0.2,5,Estimate-then-optimise unconstrained support top3,EtO,477.8710022823751,420.5620190232593,478.5366511066638,0.9885182742801879,0.0,0.7885787452858253,30.83625,top3
gate2E_family,N400_noise0p2,400,0.2,5,Estimate-then-optimise unconstrained learned-transition,EtO,455.827248716749,420.5620190232593,478.5366511066638,0.6082872529963764,0.4490625,0.4880999513322308,18.413125,none
gate2E_family,N400_noise0p2,400,0.2,5,Estimate-then-optimise unconstrained learned-transition support top3,EtO,470.9376484478853,420.5620190232593,478.5366511066638,0.8689253836428615,0.0,0.7271920540068502,32.0421875,top3
gate2E_family,N400_noise0p2,400,0.2,5,Estimate-then-optimise unconstrained empirical-transition,EtO,411.1747253069505,420.5620190232593,478.5366511066638,-0.1619207121970849,0.5796875,0.27782866983919596,5.235625,none
gate2E_family,N400_noise0p2,400,0.2,5,Estimate-then-optimise unconstrained empirical-transition support top3,EtO,477.8710022823751,420.5620190232593,478.5366511066638,0.9885182742801879,0.0,0.7885787452858253,30.83625,top3
gate2E_family,N400_noise0p2,400,0.2,6,Behaviour cloning,BC,460.15678912230373,421.9223253169368,478.38659087731315,0.6771444457111272,0.1284375,0.7034325429477772,46.33,none
gate2E_family,N400_noise0p2,400,0.2,6,Behaviour cloning support top3,BC,458.8425182225564,421.9223253169368,478.38659087731315,0.6538682924360616,0.0,0.8311478081740579,43.661875,top3
gate2E_family,N400_noise0p2,400,0.2,6,Estimate-then-optimise structured,EtO,237.2913469691987,421.9223253169368,478.38659087731315,-3.269873016418057,0.86875,0.10069744010229445,2.855,none
gate2E_family,N400_noise0p2,400,0.2,6,Estimate-then-optimise structured support top3,EtO,459.7685676949032,421.9223253169368,478.38659087731315,0.6702689214561377,0.0,0.6281386035629487,32.813125,top3
gate2E_family,N400_noise0p2,400,0.2,6,Estimate-then-optimise structured learned-transition,EtO,237.81065465040098,421.9223253169368,478.38659087731315,-3.2606759131519754,0.88,0.09290994397840303,2.410625,none
gate2E_family,N400_noise0p2,400,0.2,6,Estimate-then-optimise structured learned-transition support top3,EtO,449.37557502044984,421.9223253169368,478.38659087731315,0.4862057343889069,0.0,0.7192864123544086,41.95375,top3
gate2E_family,N400_noise0p2,400,0.2,6,Estimate-then-optimise structured empirical-transition,EtO,255.9685749244088,421.9223253169368,478.38659087731315,-2.9390934026242883,0.88,0.08494422040514087,2.410625,none
gate2E_family,N400_noise0p2,400,0.2,6,Estimate-then-optimise structured empirical-transition support top3,EtO,475.48084432772464,421.9223253169368,478.38659087731315,0.9485383096592048,0.0,0.7082108285337089,24.45375,top3
gate2E_family,N400_noise0p2,400,0.2,6,Estimate-then-optimise unconstrained,EtO,454.435244520438,421.9223253169368,478.38659087731315,0.5758140813632944,0.556875,0.391676338575332,13.8721875,none
gate2E_family,N400_noise0p2,400,0.2,6,Estimate-then-optimise unconstrained support top3,EtO,478.0662967408549,421.9223253169368,478.38659087731315,0.9943274895497266,0.0,0.7774717348178684,28.2865625,top3
gate2E_family,N400_noise0p2,400,0.2,6,Estimate-then-optimise unconstrained learned-transition,EtO,435.31736354626054,421.9223253169368,478.38659087731315,0.23723036324630203,0.468125,0.48811429460822936,18.0034375,none
gate2E_family,N400_noise0p2,400,0.2,6,Estimate-then-optimise unconstrained learned-transition support top3,EtO,470.06869380729114,421.9223253169368,478.38659087731315,0.8526874123399725,0.0,0.724609962201653,28.558125,top3
gate2E_family,N400_noise0p2,400,0.2,6,Estimate-then-optimise unconstrained empirical-transition,EtO,410.6703806277155,421.9223253169368,478.38659087731315,-0.19927549889389404,0.646875,0.2745056178917057,4.878125,none
gate2E_family,N400_noise0p2,400,0.2,6,Estimate-then-optimise unconstrained empirical-transition support top3,EtO,478.0662967408549,421.9223253169368,478.38659087731315,0.9943274895497266,0.0,0.7774717348178684,28.2865625,top3
gate2E_family,N400_noise0p2,400,0.2,7,Behaviour cloning,BC,430.81937218401714,418.644374990045,476.3341035189663,0.2110427194655376,0.046875,0.8236082391827856,47.3425,none
gate2E_family,N400_noise0p2,400,0.2,7,Behaviour cloning support top3,BC,428.6428915100734,418.644374990045,476.3341035189663,0.17331536783044357,0.0,0.8624394007349362,52.891875,top3
gate2E_family,N400_noise0p2,400,0.2,7,Estimate-then-optimise structured,EtO,177.01451285442752,418.644374990045,476.3341035189663,-4.188438189902079,0.82375,0.19181705008854444,3.905,none
gate2E_family,N400_noise0p2,400,0.2,7,Estimate-then-optimise structured support top3,EtO,474.5316272387476,418.644374990045,476.3341035189663,0.9687556810166812,0.0,0.7452080487183922,24.61125,top3
gate2E_family,N400_noise0p2,400,0.2,7,Estimate-then-optimise structured learned-transition,EtO,161.889817251106,418.644374990045,476.3341035189663,-4.450611300939325,0.8978125,0.12280651993041374,1.0834375,none
gate2E_family,N400_noise0p2,400,0.2,7,Estimate-then-optimise structured learned-transition support top3,EtO,447.5445245385474,418.644374990045,476.3341035189663,0.500958321098947,0.0,0.7913292206543318,50.5640625,top3
gate2E_family,N400_noise0p2,400,0.2,7,Estimate-then-optimise structured empirical-transition,EtO,231.43710449123958,418.644374990045,476.3341035189663,-3.2450710945008816,0.8015625,0.14730562109656348,3.4171875,none
gate2E_family,N400_noise0p2,400,0.2,7,Estimate-then-optimise structured empirical-transition support top3,EtO,467.56440528088916,418.644374990045,476.3341035189663,0.8479851013048075,0.0,0.7256363543956607,26.5434375,top3
gate2E_family,N400_noise0p2,400,0.2,7,Estimate-then-optimise unconstrained,EtO,461.7831386030285,418.644374990045,476.3341035189663,0.7477719988118328,0.575,0.3592365384615385,9.5903125,none
gate2E_family,N400_noise0p2,400,0.2,7,Estimate-then-optimise unconstrained support top3,EtO,475.8989498818649,418.644374990045,476.3341035189663,0.992456999743321,0.0,0.7509812823040951,26.1415625,top3
gate2E_family,N400_noise0p2,400,0.2,7,Estimate-then-optimise unconstrained learned-transition,EtO,454.3569179116859,418.644374990045,476.3341035189663,0.6190450853610333,0.4496875,0.45424666406684566,17.2921875,none
gate2E_family,N400_noise0p2,400,0.2,7,Estimate-then-optimise unconstrained learned-transition support top3,EtO,472.3302090075852,418.644374990045,476.3341035189663,0.9305960590649369,0.0,0.7215938469796334,29.69,top3
gate2E_family,N400_noise0p2,400,0.2,7,Estimate-then-optimise unconstrained empirical-transition,EtO,409.03605140003725,418.644374990045,476.3341035189663,-0.16655172133789528,0.70375,0.15824340220074817,3.825,none
gate2E_family,N400_noise0p2,400,0.2,7,Estimate-then-optimise unconstrained empirical-transition support top3,EtO,475.8989498818649,418.644374990045,476.3341035189663,0.992456999743321,0.0,0.7509812823040951,26.1415625,top3
gate2E_family,N400_noise0p2,400,0.2,8,Behaviour cloning,BC,448.2196181482966,422.931340639083,479.95114040875427,0.44349993530956605,0.049375,0.7775206517334372,39.5246875,none
gate2E_family,N400_noise0p2,400,0.2,8,Behaviour cloning support top3,BC,442.56871795591053,422.931340639083,479.95114040875427,0.34439576070333083,0.0,0.8340621241499098,56.0159375,top3
gate2E_family,N400_noise0p2,400,0.2,8,Estimate-then-optimise structured,EtO,188.51108374851282,422.931340639083,479.95114040875427,-4.111207998581183,0.8596875,0.1617223956414938,2.86875,none
gate2E_family,N400_noise0p2,400,0.2,8,Estimate-then-optimise structured support top3,EtO,474.7381089126387,422.931340639083,479.95114040875427,0.9085750648516246,0.0,0.7446129238533448,30.23875,top3
gate2E_family,N400_noise0p2,400,0.2,8,Estimate-then-optimise structured learned-transition,EtO,177.91785260319548,422.931340639083,479.95114040875427,-4.296989625105797,0.901875,0.12373807355793975,1.3103125,none
gate2E_family,N400_noise0p2,400,0.2,8,Estimate-then-optimise structured learned-transition support top3,EtO,450.6854112011291,422.931340639083,479.95114040875427,0.48674444095134245,0.0,0.7762159805730903,49.215,top3
gate2E_family,N400_noise0p2,400,0.2,8,Estimate-then-optimise structured empirical-transition,EtO,242.18639461250208,422.931340639083,479.95114040875427,-3.169862867928181,0.8546875,0.10755722870032364,2.65375,none
gate2E_family,N400_noise0p2,400,0.2,8,Estimate-then-optimise structured empirical-transition support top3,EtO,478.1462228658184,422.931340639083,479.95114040875427,0.9683457754985682,0.0,0.780130458971607,31.1625,top3
gate2E_family,N400_noise0p2,400,0.2,8,Estimate-then-optimise unconstrained,EtO,453.32385663355205,422.931340639083,479.95114040875427,0.5330168839111706,0.8771875,0.09558850644276724,2.2265625,none
gate2E_family,N400_noise0p2,400,0.2,8,Estimate-then-optimise unconstrained support top3,EtO,477.75847407868815,422.931340639083,479.95114040875427,0.9615455273620166,0.0,0.7598442799338074,31.9934375,top3
gate2E_family,N400_noise0p2,400,0.2,8,Estimate-then-optimise unconstrained learned-transition,EtO,436.9369906566919,422.931340639083,479.95114040875427,0.245627835842708,0.59,0.3255848329914685,9.7425,none
gate2E_family,N400_noise0p2,400,0.2,8,Estimate-then-optimise unconstrained learned-transition support top3,EtO,477.17919831693257,422.931340639083,479.95114040875427,0.9513863236451404,0.0,0.7553419461619852,32.5996875,top3
gate2E_family,N400_noise0p2,400,0.2,8,Estimate-then-optimise unconstrained empirical-transition,EtO,411.5248319346662,422.931340639083,479.95114040875427,-0.20004469939376826,0.7828125,0.15235348105414973,4.698125,none
gate2E_family,N400_noise0p2,400,0.2,8,Estimate-then-optimise unconstrained empirical-transition support top3,EtO,479.47247140794263,422.931340639083,479.95114040875427,0.9916052142809131,0.0,0.7844871370766646,31.1778125,top3
gate2E_family,N400_noise0p2,400,0.2,9,Behaviour cloning,BC,442.4718783995957,423.45525105741876,479.20761072352025,0.3410909862123634,0.0503125,0.7912891989747921,41.1675,none
gate2E_family,N400_noise0p2,400,0.2,9,Behaviour cloning support top3,BC,439.13941001403595,423.45525105741876,479.20761072352025,0.28131829846393847,0.0,0.8513594640492846,50.13875,top3
gate2E_family,N400_noise0p2,400,0.2,9,Estimate-then-optimise structured,EtO,177.09556962914058,423.45525105741876,479.20761072352025,-4.418820708284203,0.854375,0.16889594723353085,2.92125,none
gate2E_family,N400_noise0p2,400,0.2,9,Estimate-then-optimise structured support top3,EtO,477.2924348814012,423.45525105741876,479.20761072352025,0.9656485240519158,0.0,0.7701952868659725,28.90875,top3
gate2E_family,N400_noise0p2,400,0.2,9,Estimate-then-optimise structured learned-transition,EtO,162.27544912789605,423.45525105741876,479.20761072352025,-4.684641215075334,0.9153125,0.13229220443985543,1.0328125,none
gate2E_family,N400_noise0p2,400,0.2,9,Estimate-then-optimise structured learned-transition support top3,EtO,450.01591282355514,423.45525105741876,479.20761072352025,0.4764042620833818,0.0,0.7958586786357751,46.5690625,top3
gate2E_family,N400_noise0p2,400,0.2,9,Estimate-then-optimise structured empirical-transition,EtO,233.09780090696245,423.45525105741876,479.20761072352025,-3.4143388959767624,0.8096875,0.16056776670078798,3.7084375,none
gate2E_family,N400_noise0p2,400,0.2,9,Estimate-then-optimise structured empirical-transition support top3,EtO,468.43625477086186,423.45525105741876,479.20761072352025,0.8067999988311243,0.0,0.7415345102998772,31.57875,top3
gate2E_family,N400_noise0p2,400,0.2,9,Estimate-then-optimise unconstrained,EtO,464.7359933230868,423.45525105741876,479.20761072352025,0.7404304053298668,0.5571875,0.3760064935719457,11.4615625,none
gate2E_family,N400_noise0p2,400,0.2,9,Estimate-then-optimise unconstrained support top3,EtO,478.8364192984169,423.45525105741876,479.20761072352025,0.9933421396452743,0.0,0.7714792068933136,28.64875,top3
gate2E_family,N400_noise0p2,400,0.2,9,Estimate-then-optimise unconstrained learned-transition,EtO,465.296565241269,423.45525105741876,479.20761072352025,0.7504850814285902,0.518125,0.4205151123074911,15.7290625,none
gate2E_family,N400_noise0p2,400,0.2,9,Estimate-then-optimise unconstrained learned-transition support top3,EtO,475.5909357149644,423.45525105741876,479.20761072352025,0.9351296513687323,0.0,0.7322538667170694,28.9475,top3
gate2E_family,N400_noise0p2,400,0.2,9,Estimate-then-optimise unconstrained empirical-transition,EtO,412.90589450583155,423.45525105741876,479.20761072352025,-0.18921811766832575,0.650625,0.27668304045624365,4.6471875,none
gate2E_family,N400_noise0p2,400,0.2,9,Estimate-then-optimise unconstrained empirical-transition support top3,EtO,478.8364192984169,423.45525105741876,479.20761072352025,0.9933421396452743,0.0,0.7714792068933136,28.64875,top3
gate2E_family,N400_noise0p5,400,0.5,0,Behaviour cloning,BC,443.94358298679435,421.48917105942843,479.2131268458336,0.3889964161578523,0.06125,0.7597317446435388,37.631875,none
gate2E_family,N400_noise0p5,400,0.5,0,Behaviour cloning support top3,BC,440.03075330688625,421.48917105942843,479.2131268458336,0.3212112197588621,0.0,0.8335514963531386,49.6815625,top3
gate2E_family,N400_noise0p5,400,0.5,0,Estimate-then-optimise structured,EtO,171.64407150483618,421.48917105942843,479.2131268458336,-4.328274044126312,0.8740625,0.15284161335899035,2.965,none
gate2E_family,N400_noise0p5,400,0.5,0,Estimate-then-optimise structured support top3,EtO,474.8484732534956,421.48917105942843,479.2131268458336,0.9243874829284326,0.0,0.7194098777527879,23.65375,top3
gate2E_family,N400_noise0p5,400,0.5,0,Estimate-then-optimise structured learned-transition,EtO,155.67996974878506,421.48917105942843,479.2131268458336,-4.604833429888487,0.899375,0.11182899751978699,1.29625,none
gate2E_family,N400_noise0p5,400,0.5,0,Estimate-then-optimise structured learned-transition support top3,EtO,449.738040102149,421.48917105942843,479.2131268458336,0.48937860647058423,0.0,0.798291179512454,46.015,top3
gate2E_family,N400_noise0p5,400,0.5,0,Estimate-then-optimise structured empirical-transition,EtO,235.95223751377233,421.48917105942843,479.2131268458336,-3.214210305201446,0.79125,0.17612462902954054,4.5928125,none
gate2E_family,N400_noise0p5,400,0.5,0,Estimate-then-optimise structured empirical-transition support top3,EtO,465.69934737827526,421.48917105942843,479.2131268458336,0.7658895811374553,0.0,0.6978288953579462,25.64875,top3
gate2E_family,N400_noise0p5,400,0.5,0,Estimate-then-optimise unconstrained,EtO,464.8643153013548,421.48917105942843,479.2131268458336,0.7514236273485236,0.573125,0.369304967948718,10.040625,none
gate2E_family,N400_noise0p5,400,0.5,0,Estimate-then-optimise unconstrained support top3,EtO,477.12883761415395,421.48917105942843,479.2131268458336,0.9638921275701878,0.0,0.7613896015382181,27.540625,top3
gate2E_family,N400_noise0p5,400,0.5,0,Estimate-then-optimise unconstrained learned-transition,EtO,467.12254646777467,421.48917105942843,479.2131268458336,0.7905448402947737,0.446875,0.46472724381715264,17.17375,none
gate2E_family,N400_noise0p5,400,0.5,0,Estimate-then-optimise unconstrained learned-transition support top3,EtO,468.4530016932999,421.48917105942843,479.2131268458336,0.8135934205141937,0.0,0.7512941739617526,31.3709375,top3
gate2E_family,N400_noise0p5,400,0.5,0,Estimate-then-optimise unconstrained empirical-transition,EtO,412.3719372974685,421.48917105942843,479.2131268458336,-0.1579454082408396,0.58375,0.2582218258196244,4.6825,none
gate2E_family,N400_noise0p5,400,0.5,0,Estimate-then-optimise unconstrained empirical-transition support top3,EtO,477.12883761415395,421.48917105942843,479.2131268458336,0.9638921275701878,0.0,0.7613896015382181,27.540625,top3
gate2E_family,N400_noise0p5,400,0.5,1,Behaviour cloning,BC,447.3834012671611,422.7909092428097,479.07216495487467,0.4369570599164785,0.060625,0.815958887983985,41.3615625,none
gate2E_family,N400_noise0p5,400,0.5,1,Behaviour cloning support top3,BC,440.2454052044166,422.7909092428097,479.07216495487467,0.3101298245885659,0.0,0.872554773686461,53.495625,top3
gate2E_family,N400_noise0p5,400,0.5,1,Estimate-then-optimise structured,EtO,172.19539277394986,422.7909092428097,479.07216495487467,-4.452557308794014,0.8453125,0.1937338887976714,3.0746875,none
gate2E_family,N400_noise0p5,400,0.5,1,Estimate-then-optimise structured support top3,EtO,473.8543127734805,422.7909092428097,479.07216495487467,0.9072896985794221,0.0,0.7427625268596404,24.8046875,top3
gate2E_family,N400_noise0p5,400,0.5,1,Estimate-then-optimise structured learned-transition,EtO,156.02769391919182,422.7909092428097,479.07216495487467,-4.739823444742934,0.8453125,0.21618133715816873,2.713125,none
gate2E_family,N400_noise0p5,400,0.5,1,Estimate-then-optimise structured learned-transition support top3,EtO,448.4384856908128,422.7909092428097,479.07216495487467,0.4557036996334298,0.0,0.8048365171738283,48.76375,top3
gate2E_family,N400_noise0p5,400,0.5,1,Estimate-then-optimise structured empirical-transition,EtO,230.45132924367223,422.7909092428097,479.07216495487467,-3.417471368854083,0.815,0.14946090174086535,3.3753125,none
gate2E_family,N400_noise0p5,400,0.5,1,Estimate-then-optimise structured empirical-transition support top3,EtO,460.5218588614113,422.7909092428097,479.07216495487467,0.6703999251834971,0.0,0.7122781210141129,28.8565625,top3
gate2E_family,N400_noise0p5,400,0.5,1,Estimate-then-optimise unconstrained,EtO,452.3107332381088,422.7909092428097,479.07216495487467,0.5245054258618999,0.890625,0.08600796828863812,1.7740625,none
gate2E_family,N400_noise0p5,400,0.5,1,Estimate-then-optimise unconstrained support top3,EtO,477.72220495859,422.7909092428097,479.07216495487467,0.9760140391466909,0.0,0.7439027432273484,26.3321875,top3
gate2E_family,N400_noise0p5,400,0.5,1,Estimate-then-optimise unconstrained learned-transition,EtO,425.2890854790366,422.7909092428097,479.07216495487467,0.044387357826690996,0.883125,0.1067407239477065,2.490625,none
gate2E_family,N400_noise0p5,400,0.5,1,Estimate-then-optimise unconstrained learned-transition support top3,EtO,475.41318025350716,422.7909092428097,479.07216495487467,0.9349875077399326,0.0,0.7164459115537647,27.6446875,top3
gate2E_family,N400_noise0p5,400,0.5,1,Estimate-then-optimise unconstrained empirical-transition,EtO,430.29085827526217,422.7909092428097,479.07216495487467,0.13325838127745843,0.5515625,0.3221229897063116,12.6246875,none
gate2E_family,N400_noise0p5,400,0.5,1,Estimate-then-optimise unconstrained empirical-transition support top3,EtO,478.78931509075875,422.7909092428097,479.07216495487467,0.9949743505091113,0.0,0.7572742029223375,25.2321875,top3
gate2E_family,N400_noise0p5,400,0.5,2,Behaviour cloning,BC,432.8805463964332,417.1824539201058,474.5590275047475,0.27359759385369437,0.0,0.865826996269132,56.9390625,none
gate2E_family,N400_noise0p5,400,0.5,2,Behaviour cloning support top3,BC,432.8805463964332,417.1824539201058,474.5590275047475,0.27359759385369437,0.0,0.865826996269132,56.9390625,top3
gate2E_family,N400_noise0p5,400,0.5,2,Estimate-then-optimise structured,EtO,177.96222073894694,417.1824539201058,474.5590275047475,-4.169301480302966,0.848125,0.17222135830626395,2.884375,none
gate2E_family,N400_noise0p5,400,0.5,2,Estimate-then-optimise structured support top3,EtO,471.2035447512602,417.1824539201058,474.5590275047475,0.9415182444009608,0.0,0.7182395165709682,22.371875,top3
gate2E_family,N400_noise0p5,400,0.5,2,Estimate-then-optimise structured learned-transition,EtO,158.57270879526877,417.1824539201058,474.5590275047475,-4.507235775300119,0.9121875,0.11546065638592329,1.1178125,none
gate2E_family,N400_noise0p5,400,0.5,2,Estimate-then-optimise structured learned-transition support top3,EtO,445.5035401104167,417.1824539201058,474.5590275047475,0.49360016503132104,0.0,0.7924925544934512,46.4659375,top3
gate2E_family,N400_noise0p5,400,0.5,2,Estimate-then-optimise structured empirical-transition,EtO,235.26110913169603,417.1824539201058,474.5590275047475,-3.170655433441664,0.7796875,0.17431322525780965,3.98875,none
gate2E_family,N400_noise0p5,400,0.5,2,Estimate-then-optimise structured empirical-transition support top3,EtO,464.30982965708796,417.1824539201058,474.5590275047475,0.8213696425677985,0.0,0.68787281281366,25.1171875,top3
gate2E_family,N400_noise0p5,400,0.5,2,Estimate-then-optimise unconstrained,EtO,441.35549082235985,417.1824539201058,474.5590275047475,0.4213049924738724,0.9559375,0.02329075882794891,0.408125,none
gate2E_family,N400_noise0p5,400,0.5,2,Estimate-then-optimise unconstrained support top3,EtO,468.6100943753516,417.1824539201058,474.5590275047475,0.8963177346130633,0.0,0.7338305298141212,29.653125,top3
gate2E_family,N400_noise0p5,400,0.5,2,Estimate-then-optimise unconstrained learned-transition,EtO,419.91913507435703,417.1824539201058,474.5590275047475,0.047696838330962735,0.87125,0.08342665173572228,1.0884375,none
gate2E_family,N400_noise0p5,400,0.5,2,Estimate-then-optimise unconstrained learned-transition support top3,EtO,459.0015963810254,417.1824539201058,474.5590275047475,0.7288539528981837,0.0,0.7357998938876963,27.96375,top3
gate2E_family,N400_noise0p5,400,0.5,2,Estimate-then-optimise unconstrained empirical-transition,EtO,416.6397956064105,417.1824539201058,474.5590275047475,-0.009457837577121696,0.6296875,0.28530848435546313,9.6928125,none
gate2E_family,N400_noise0p5,400,0.5,2,Estimate-then-optimise unconstrained empirical-transition support top3,EtO,474.1891469132113,417.1824539201058,474.5590275047475,0.9935534562552679,0.0,0.7578083807427345,25.62375,top3
gate2E_family,N400_noise0p5,400,0.5,3,Behaviour cloning,BC,434.5878796136414,423.10474053664757,479.3865548020198,0.20402929839557274,0.0,0.8780521561259111,50.8625,none
gate2E_family,N400_noise0p5,400,0.5,3,Behaviour cloning support top3,BC,434.5878796136414,423.10474053664757,479.3865548020198,0.20402929839557274,0.0,0.8780521561259111,50.8625,top3
gate2E_family,N400_noise0p5,400,0.5,3,Estimate-then-optimise structured,EtO,174.67898176751203,423.10474053664757,479.3865548020198,-4.413961454721283,0.8584375,0.16109461251443433,3.0903125,none
gate2E_family,N400_noise0p5,400,0.5,3,Estimate-then-optimise structured support top3,EtO,475.75798788457365,423.10474053664757,479.3865548020198,0.9355286078672367,0.0,0.7153980335584782,23.7059375,top3
gate2E_family,N400_noise0p5,400,0.5,3,Estimate-then-optimise structured learned-transition,EtO,162.76554901725376,423.10474053664757,479.3865548020198,-4.625636094314202,0.91625,0.08333887946047275,0.80875,none
gate2E_family,N400_noise0p5,400,0.5,3,Estimate-then-optimise structured learned-transition support top3,EtO,450.99617070599254,423.10474053664757,479.3865548020198,0.4955673610277584,0.0,0.7882048940217876,47.1975,top3
gate2E_family,N400_noise0p5,400,0.5,3,Estimate-then-optimise structured empirical-transition,EtO,229.7759995494143,423.10474053664757,479.3865548020198,-3.435012597065124,0.8121875,0.140047919240996,3.7515625,none
gate2E_family,N400_noise0p5,400,0.5,3,Estimate-then-optimise structured empirical-transition support top3,EtO,467.1008548368658,423.10474053664757,479.3865548020198,0.7817110175726355,0.0,0.7051145545159039,26.7025,top3
gate2E_family,N400_noise0p5,400,0.5,3,Estimate-then-optimise unconstrained,EtO,463.9920399018562,423.10474053664757,479.3865548020198,0.7264744375940415,0.595625,0.3556194412415425,11.88125,none
gate2E_family,N400_noise0p5,400,0.5,3,Estimate-then-optimise unconstrained support top3,EtO,478.1101838807309,423.10474053664757,479.3865548020198,0.9773217878998937,0.0,0.7741818144012818,28.6175,top3
gate2E_family,N400_noise0p5,400,0.5,3,Estimate-then-optimise unconstrained learned-transition,EtO,463.5469221010077,423.10474053664757,479.3865548020198,0.7185657053213089,0.5153125,0.42517970665046084,17.22875,none
gate2E_family,N400_noise0p5,400,0.5,3,Estimate-then-optimise unconstrained learned-transition support top3,EtO,473.8890895702298,423.10474053664757,479.3865548020198,0.9023225298696111,0.0,0.712896618988797,28.3009375,top3
gate2E_family,N400_noise0p5,400,0.5,3,Estimate-then-optimise unconstrained empirical-transition,EtO,412.6745849276153,423.10474053664757,479.3865548020198,-0.1853201739349313,0.66,0.2617160688635254,4.3190625,none
gate2E_family,N400_noise0p5,400,0.5,3,Estimate-then-optimise unconstrained empirical-transition support top3,EtO,478.1101838807309,423.10474053664757,479.3865548020198,0.9773217878998937,0.0,0.7741818144012818,28.6175,top3
gate2E_family,N400_noise0p5,400,0.5,4,Behaviour cloning,BC,444.9957918116728,427.25459431293825,483.248496641775,0.3168415981180486,0.0259375,0.8606825156432268,43.735625,none
gate2E_family,N400_noise0p5,400,0.5,4,Behaviour cloning support top3,BC,446.4763118228693,427.25459431293825,483.248496641775,0.3432823345129123,0.0,0.8770662986163209,45.9403125,top3
gate2E_family,N400_noise0p5,400,0.5,4,Estimate-then-optimise structured,EtO,182.81133773211107,427.25459431293825,483.248496641775,-4.365533503010371,0.8534375,0.1829328983715653,3.3109375,none
gate2E_family,N400_noise0p5,400,0.5,4,Estimate-then-optimise structured support top3,EtO,477.67937803699476,427.25459431293825,483.248496641775,0.9005406236544415,0.0,0.7425797094315434,25.366875,top3
gate2E_family,N400_noise0p5,400,0.5,4,Estimate-then-optimise structured learned-transition,EtO,165.6386933535642,427.25459431293825,483.248496641775,-4.672221261218339,0.9078125,0.11714837392532607,1.2665625,none
gate2E_family,N400_noise0p5,400,0.5,4,Estimate-then-optimise structured learned-transition support top3,EtO,453.0588392502509,427.25459431293825,483.248496641775,0.460840267673638,0.0,0.8101060242480165,45.0078125,top3
gate2E_family,N400_noise0p5,400,0.5,4,Estimate-then-optimise structured empirical-transition,EtO,247.2975875981769,427.25459431293825,483.248496641775,-3.213867925438087,0.82875,0.13191852178623212,3.285,none
gate2E_family,N400_noise0p5,400,0.5,4,Estimate-then-optimise structured empirical-transition support top3,EtO,467.9412361287698,427.25459431293825,483.248496641775,0.7266262954292795,0.0,0.7182483148201476,27.85125,top3
gate2E_family,N400_noise0p5,400,0.5,4,Estimate-then-optimise unconstrained,EtO,450.5854981294859,427.25459431293825,483.248496641775,0.4166686522316612,0.9321875,0.041777792273273794,1.040625,none
gate2E_family,N400_noise0p5,400,0.5,4,Estimate-then-optimise unconstrained support top3,EtO,481.0729429629147,427.25459431293825,483.248496641775,0.9611465965332462,0.0,0.7359903353793195,30.484375,top3
gate2E_family,N400_noise0p5,400,0.5,4,Estimate-then-optimise unconstrained learned-transition,EtO,425.76223065125305,427.25459431293825,483.248496641775,-0.026652253185015826,0.89125,0.1092920353982301,2.0696875,none
gate2E_family,N400_noise0p5,400,0.5,4,Estimate-then-optimise unconstrained learned-transition support top3,EtO,481.0729429629147,427.25459431293825,483.248496641775,0.9611465965332462,0.0,0.7359903353793195,30.484375,top3
gate2E_family,N400_noise0p5,400,0.5,4,Estimate-then-optimise unconstrained empirical-transition,EtO,424.1484214295352,427.25459431293825,483.248496641775,-0.055473413250631834,0.6725,0.2303870712659604,9.3546875,none
gate2E_family,N400_noise0p5,400,0.5,4,Estimate-then-optimise unconstrained empirical-transition support top3,EtO,482.79158532281843,427.25459431293825,483.248496641775,0.991839980784457,0.0,0.7632197634681226,27.671875,top3
gate2E_family,N400_noise0p5,400,0.5,5,Behaviour cloning,BC,439.6069509714236,420.5620190232593,478.5366511066638,0.3285045762906357,0.0634375,0.7941630738928009,37.256875,none
gate2E_family,N400_noise0p5,400,0.5,5,Behaviour cloning support top3,BC,432.17615990537183,420.5620190232593,478.5366511066638,0.20033142884639568,0.0,0.8558146296129542,43.5771875,top3
gate2E_family,N400_noise0p5,400,0.5,5,Estimate-then-optimise structured,EtO,172.37236369253117,420.5620190232593,478.5366511066638,-4.28100440505898,0.86,0.17472669398075724,3.2225,none
gate2E_family,N400_noise0p5,400,0.5,5,Estimate-then-optimise structured support top3,EtO,473.0682703276236,420.5620190232593,478.5366511066638,0.9056763176836872,0.0,0.7121569023161477,24.2896875,top3
gate2E_family,N400_noise0p5,400,0.5,5,Estimate-then-optimise structured learned-transition,EtO,158.74685933140645,420.5620190232593,478.5366511066638,-4.516029688902481,0.8896875,0.13152408290069498,1.789375,none
gate2E_family,N400_noise0p5,400,0.5,5,Estimate-then-optimise structured learned-transition support top3,EtO,450.4593596303553,420.5620190232593,478.5366511066638,0.5156969442097463,0.0,0.7938931987129927,44.6375,top3
gate2E_family,N400_noise0p5,400,0.5,5,Estimate-then-optimise structured empirical-transition,EtO,235.07527498325362,420.5620190232593,478.5366511066638,-3.1994466782153546,0.790625,0.17545999645784738,4.7746875,none
gate2E_family,N400_noise0p5,400,0.5,5,Estimate-then-optimise structured empirical-transition support top3,EtO,464.9799325116817,420.5620190232593,478.5366511066638,0.7661611965819998,0.0,0.7072302042552533,30.7815625,top3
gate2E_family,N400_noise0p5,400,0.5,5,Estimate-then-optimise unconstrained,EtO,463.93578671137107,420.5620190232593,478.5366511066638,0.748150805436982,0.545625,0.39768399806194155,14.0190625,none
gate2E_family,N400_noise0p5,400,0.5,5,Estimate-then-optimise unconstrained support top3,EtO,477.8710022823751,420.5620190232593,478.5366511066638,0.9885182742801879,0.0,0.7885787452858253,30.83625,top3
gate2E_family,N400_noise0p5,400,0.5,5,Estimate-then-optimise unconstrained learned-transition,EtO,460.58108171426187,420.5620190232593,478.5366511066638,0.6902857552149643,0.4009375,0.5332067672213164,20.4696875,none
gate2E_family,N400_noise0p5,400,0.5,5,Estimate-then-optimise unconstrained learned-transition support top3,EtO,468.8842576058743,420.5620190232593,478.5366511066638,0.8335066018719504,0.0,0.7231695061834551,32.795625,top3
gate2E_family,N400_noise0p5,400,0.5,5,Estimate-then-optimise unconstrained empirical-transition,EtO,411.1747253069505,420.5620190232593,478.5366511066638,-0.1619207121970849,0.5796875,0.27782866983919596,5.235625,none
gate2E_family,N400_noise0p5,400,0.5,5,Estimate-then-optimise unconstrained empirical-transition support top3,EtO,477.8710022823751,420.5620190232593,478.5366511066638,0.9885182742801879,0.0,0.7885787452858253,30.83625,top3
gate2E_family,N400_noise0p5,400,0.5,6,Behaviour cloning,BC,460.15678912230373,421.9223253169368,478.38659087731315,0.6771444457111272,0.1284375,0.7034325429477772,46.33,none
gate2E_family,N400_noise0p5,400,0.5,6,Behaviour cloning support top3,BC,458.8425182225564,421.9223253169368,478.38659087731315,0.6538682924360616,0.0,0.8311478081740579,43.661875,top3
gate2E_family,N400_noise0p5,400,0.5,6,Estimate-then-optimise structured,EtO,185.24772770795695,421.9223253169368,478.38659087731315,-4.191581972423025,0.84625,0.1716039088026723,3.3703125,none
gate2E_family,N400_noise0p5,400,0.5,6,Estimate-then-optimise structured support top3,EtO,466.6458296481869,421.9223253169368,478.38659087731315,0.7920674055952783,0.0,0.7160554101474923,31.1440625,top3
gate2E_family,N400_noise0p5,400,0.5,6,Estimate-then-optimise structured learned-transition,EtO,188.58984514814608,421.9223253169368,478.38659087731315,-4.132392015606612,0.8575,0.15498528468520478,2.9178125,none
gate2E_family,N400_noise0p5,400,0.5,6,Estimate-then-optimise structured learned-transition support top3,EtO,449.60917939901725,421.9223253169368,478.38659087731315,0.49034294181114135,0.0,0.7326254811803196,43.43875,top3
gate2E_family,N400_noise0p5,400,0.5,6,Estimate-then-optimise structured empirical-transition,EtO,239.993255110265,421.9223253169368,478.38659087731315,-3.2220213687564545,0.8628125,0.09722505061145094,2.5025,none
gate2E_family,N400_noise0p5,400,0.5,6,Estimate-then-optimise structured empirical-transition support top3,EtO,476.8833550386058,421.9223253169368,478.38659087731315,0.9733772178954504,0.0,0.7646558942167927,27.383125,top3
gate2E_family,N400_noise0p5,400,0.5,6,Estimate-then-optimise unconstrained,EtO,448.058099162675,421.9223253169368,478.38659087731315,0.46287282029359983,0.6721875,0.3358599204934139,9.7415625,none
gate2E_family,N400_noise0p5,400,0.5,6,Estimate-then-optimise unconstrained support top3,EtO,478.0662967408549,421.9223253169368,478.38659087731315,0.9943274895497266,0.0,0.7774717348178684,28.2865625,top3
gate2E_family,N400_noise0p5,400,0.5,6,Estimate-then-optimise unconstrained learned-transition,EtO,430.5563511081621,421.9223253169368,478.38659087731315,0.1529113272888159,0.52875,0.47398081507533707,15.53375,none
gate2E_family,N400_noise0p5,400,0.5,6,Estimate-then-optimise unconstrained learned-transition support top3,EtO,466.7997288560902,421.9223253169368,478.38659087731315,0.7947930092381474,0.0,0.7594310723855489,33.486875,top3
gate2E_family,N400_noise0p5,400,0.5,6,Estimate-then-optimise unconstrained empirical-transition,EtO,411.1910655565131,421.9223253169368,478.38659087731315,-0.1900540041373414,0.651875,0.2721102802453388,4.738125,none
gate2E_family,N400_noise0p5,400,0.5,6,Estimate-then-optimise unconstrained empirical-transition support top3,EtO,478.0662967408549,421.9223253169368,478.38659087731315,0.9943274895497266,0.0,0.7774717348178684,28.2865625,top3
gate2E_family,N400_noise0p5,400,0.5,7,Behaviour cloning,BC,430.81937218401714,418.644374990045,476.3341035189663,0.2110427194655376,0.046875,0.8236082391827856,47.3425,none
gate2E_family,N400_noise0p5,400,0.5,7,Behaviour cloning support top3,BC,428.6428915100734,418.644374990045,476.3341035189663,0.17331536783044357,0.0,0.8624394007349362,52.891875,top3
gate2E_family,N400_noise0p5,400,0.5,7,Estimate-then-optimise structured,EtO,168.98516906090248,418.644374990045,476.3341035189663,-4.327619704502199,0.8871875,0.13208693757124657,1.96625,none
gate2E_family,N400_noise0p5,400,0.5,7,Estimate-then-optimise structured support top3,EtO,474.5316272387476,418.644374990045,476.3341035189663,0.9687556810166812,0.0,0.7452080487183922,24.61125,top3
gate2E_family,N400_noise0p5,400,0.5,7,Estimate-then-optimise structured learned-transition,EtO,155.62254941031313,418.644374990045,476.3341035189663,-4.5592488002066505,0.8978125,0.12280651993041374,1.0834375,none
gate2E_family,N400_noise0p5,400,0.5,7,Estimate-then-optimise structured learned-transition support top3,EtO,447.5445245385474,418.644374990045,476.3341035189663,0.500958321098947,0.0,0.7913292206543318,50.5640625,top3
gate2E_family,N400_noise0p5,400,0.5,7,Estimate-then-optimise structured empirical-transition,EtO,236.04058112020525,418.644374990045,476.3341035189663,-3.165273932226876,0.796875,0.15145292909741545,3.5578125,none
gate2E_family,N400_noise0p5,400,0.5,7,Estimate-then-optimise structured empirical-transition support top3,EtO,470.5779346028422,418.644374990045,476.3341035189663,0.9002219448261339,0.0,0.7188232464993446,24.97625,top3
gate2E_family,N400_noise0p5,400,0.5,7,Estimate-then-optimise unconstrained,EtO,444.64807070242136,418.644374990045,476.3341035189663,0.4507508767239229,0.9253125,0.03950254397164472,0.995625,none
gate2E_family,N400_noise0p5,400,0.5,7,Estimate-then-optimise unconstrained support top3,EtO,475.8989498818649,418.644374990045,476.3341035189663,0.992456999743321,0.0,0.7509812823040951,26.1415625,top3
gate2E_family,N400_noise0p5,400,0.5,7,Estimate-then-optimise unconstrained learned-transition,EtO,420.43559096800794,418.644374990045,476.3341035189663,0.031049131684940792,0.8746875,0.09514087382605145,1.6859375,none
gate2E_family,N400_noise0p5,400,0.5,7,Estimate-then-optimise unconstrained learned-transition support top3,EtO,474.3031592649728,418.644374990045,476.3341035189663,0.9647953924245749,0.0,0.7309380510787987,27.6771875,top3
gate2E_family,N400_noise0p5,400,0.5,7,Estimate-then-optimise unconstrained empirical-transition,EtO,409.03605140003725,418.644374990045,476.3341035189663,-0.16655172133789528,0.70375,0.15824340220074817,3.825,none
gate2E_family,N400_noise0p5,400,0.5,7,Estimate-then-optimise unconstrained empirical-transition support top3,EtO,475.8989498818649,418.644374990045,476.3341035189663,0.992456999743321,0.0,0.7509812823040951,26.1415625,top3
gate2E_family,N400_noise0p5,400,0.5,8,Behaviour cloning,BC,448.2196181482966,422.931340639083,479.95114040875427,0.44349993530956605,0.049375,0.7775206517334372,39.5246875,none
gate2E_family,N400_noise0p5,400,0.5,8,Behaviour cloning support top3,BC,442.56871795591053,422.931340639083,479.95114040875427,0.34439576070333083,0.0,0.8340621241499098,56.0159375,top3
gate2E_family,N400_noise0p5,400,0.5,8,Estimate-then-optimise structured,EtO,183.53492165182044,422.931340639083,479.95114040875427,-4.198478773238291,0.8596875,0.16047279337546622,2.6625,none
gate2E_family,N400_noise0p5,400,0.5,8,Estimate-then-optimise structured support top3,EtO,477.8732176169082,422.931340639083,479.95114040875427,0.9635578728750414,0.0,0.7878109250708772,30.985625,top3
gate2E_family,N400_noise0p5,400,0.5,8,Estimate-then-optimise structured learned-transition,EtO,161.36762063727275,422.931340639083,479.95114040875427,-4.587243747932896,0.915,0.132912182576344,1.1528125,none
gate2E_family,N400_noise0p5,400,0.5,8,Estimate-then-optimise structured learned-transition support top3,EtO,450.6054861565542,422.931340639083,479.95114040875427,0.4853427340899055,0.0,0.794032086342321,50.475,top3
gate2E_family,N400_noise0p5,400,0.5,8,Estimate-then-optimise structured empirical-transition,EtO,233.1437807718587,422.931340639083,479.95114040875427,-3.3284501284441874,0.8053125,0.16121751334006404,3.975625,none
gate2E_family,N400_noise0p5,400,0.5,8,Estimate-then-optimise structured empirical-transition support top3,EtO,469.22111346375164,422.931340639083,479.95114040875427,0.8118192805245537,0.0,0.7579547990672367,32.590625,top3
gate2E_family,N400_noise0p5,400,0.5,8,Estimate-then-optimise unconstrained,EtO,439.07381534538524,422.931340639083,479.95114040875427,0.28310297074891544,0.939375,0.03477900892662976,1.165,none
gate2E_family,N400_noise0p5,400,0.5,8,Estimate-then-optimise unconstrained support top3,EtO,477.75847407868815,422.931340639083,479.95114040875427,0.9615455273620166,0.0,0.7598442799338074,31.9934375,top3
gate2E_family,N400_noise0p5,400,0.5,8,Estimate-then-optimise unconstrained learned-transition,EtO,408.6365162457397,422.931340639083,479.95114040875427,-0.2506993088556348,0.8690625,0.14017295597484278,3.040625,none
gate2E_family,N400_noise0p5,400,0.5,8,Estimate-then-optimise unconstrained learned-transition support top3,EtO,477.75847407868815,422.931340639083,479.95114040875427,0.9615455273620166,0.0,0.7598442799338074,31.9934375,top3
gate2E_family,N400_noise0p5,400,0.5,8,Estimate-then-optimise unconstrained empirical-transition,EtO,427.29763710035803,422.931340639083,479.95114040875427,0.07657509284340698,0.8003125,0.12339511283561098,4.0571875,none
gate2E_family,N400_noise0p5,400,0.5,8,Estimate-then-optimise unconstrained empirical-transition support top3,EtO,479.47247140794263,422.931340639083,479.95114040875427,0.9916052142809131,0.0,0.7844871370766646,31.1778125,top3
gate2E_family,N400_noise0p5,400,0.5,9,Behaviour cloning,BC,442.4718783995957,423.45525105741876,479.20761072352025,0.3410909862123634,0.0503125,0.7912891989747921,41.1675,none
gate2E_family,N400_noise0p5,400,0.5,9,Behaviour cloning support top3,BC,439.13941001403595,423.45525105741876,479.20761072352025,0.28131829846393847,0.0,0.8513594640492846,50.13875,top3
gate2E_family,N400_noise0p5,400,0.5,9,Estimate-then-optimise structured,EtO,188.37429088659977,423.45525105741876,479.20761072352025,-4.2165203693387845,0.854375,0.15424721294464047,2.92125,none
gate2E_family,N400_noise0p5,400,0.5,9,Estimate-then-optimise structured support top3,EtO,477.2924348814012,423.45525105741876,479.20761072352025,0.9656485240519158,0.0,0.7701952868659725,28.90875,top3
gate2E_family,N400_noise0p5,400,0.5,9,Estimate-then-optimise structured learned-transition,EtO,183.17447064489355,423.45525105741876,479.20761072352025,-4.309786739997313,0.9053125,0.10974344862622241,1.1228125,none
gate2E_family,N400_noise0p5,400,0.5,9,Estimate-then-optimise structured learned-transition support top3,EtO,450.01591282355514,423.45525105741876,479.20761072352025,0.4764042620833818,0.0,0.7958586786357751,46.5690625,top3
gate2E_family,N400_noise0p5,400,0.5,9,Estimate-then-optimise structured empirical-transition,EtO,246.08970930960214,423.45525105741876,479.20761072352025,-3.1813100433784567,0.8340625,0.12288706413798847,3.2575,none
gate2E_family,N400_noise0p5,400,0.5,9,Estimate-then-optimise structured empirical-transition support top3,EtO,476.06366952325544,423.45525105741876,479.20761072352025,0.943608822674166,0.0,0.7722343989783653,28.6171875,top3
gate2E_family,N400_noise0p5,400,0.5,9,Estimate-then-optimise unconstrained,EtO,459.85488251722666,423.45525105741876,479.20761072352025,0.6528805538959022,0.4890625,0.43217448875316894,16.3709375,none
gate2E_family,N400_noise0p5,400,0.5,9,Estimate-then-optimise unconstrained support top3,EtO,478.8364192984169,423.45525105741876,479.20761072352025,0.9933421396452743,0.0,0.7714792068933136,28.64875,top3
gate2E_family,N400_noise0p5,400,0.5,9,Estimate-then-optimise unconstrained learned-transition,EtO,451.5137700073665,423.45525105741876,479.20761072352025,0.5032705183778586,0.5028125,0.44653186381880206,18.7753125,none
gate2E_family,N400_noise0p5,400,0.5,9,Estimate-then-optimise unconstrained learned-transition support top3,EtO,475.8178575610547,423.45525105741876,479.20761072352025,0.9391998261102021,0.0,0.7465471637966192,29.82875,top3
gate2E_family,N400_noise0p5,400,0.5,9,Estimate-then-optimise unconstrained empirical-transition,EtO,412.90589450583155,423.45525105741876,479.20761072352025,-0.18921811766832575,0.650625,0.27668304045624365,4.6471875,none
gate2E_family,N400_noise0p5,400,0.5,9,Estimate-then-optimise unconstrained empirical-transition support top3,EtO,478.8364192984169,423.45525105741876,479.20761072352025,0.9933421396452743,0.0,0.7714792068933136,28.64875,top3
gate2E_family,N1600_noise0p05,1600,0.05,0,Behaviour cloning,BC,442.2199251235548,420.6941057714956,478.158742618527,0.37459245430124416,0.04546875,0.7853058567948539,156.972421875,none
gate2E_family,N1600_noise0p05,1600,0.05,0,Behaviour cloning support top3,BC,437.0160898198069,420.6941057714956,478.158742618527,0.28403527706543746,0.0,0.8405776655145027,207.351796875,top3
gate2E_family,N1600_noise0p05,1600,0.05,0,Estimate-then-optimise structured,EtO,270.0626213425553,420.6941057714956,478.158742618527,-2.6212901132554833,0.864765625,0.07673490366544383,9.73828125,none
gate2E_family,N1600_noise0p05,1600,0.05,0,Estimate-then-optimise structured support top3,EtO,453.43286460448724,420.6941057714956,478.158742618527,0.5697201031678131,0.0,0.6442767944614896,128.416015625,top3
gate2E_family,N1600_noise0p05,1600,0.05,0,Estimate-then-optimise structured learned-transition,EtO,222.4932262149296,420.6941057714956,478.158742618527,-3.449093049768482,0.859453125,0.0885921406860001,5.079453125,none
gate2E_family,N1600_noise0p05,1600,0.05,0,Estimate-then-optimise structured learned-transition support top3,EtO,447.7460780170381,420.6941057714956,478.158742618527,0.4707586044188147,0.0,0.6739528214884332,141.347265625,top3
gate2E_family,N1600_noise0p05,1600,0.05,0,Estimate-then-optimise structured empirical-transition,EtO,256.36108315186334,420.6941057714956,478.158742618527,-2.8597243737410216,0.88703125,0.0777621837079369,8.709453125,none
gate2E_family,N1600_noise0p05,1600,0.05,0,Estimate-then-optimise structured empirical-transition support top3,EtO,472.4409372607508,420.6941057714956,478.158742618527,0.9004987123994745,0.0,0.6783818910565236,95.284375,top3
gate2E_family,N1600_noise0p05,1600,0.05,0,Estimate-then-optimise unconstrained,EtO,465.2344567513926,420.6941057714956,478.158742618527,0.7750914897184794,0.54140625,0.3894454569202088,52.027421875,none
gate2E_family,N1600_noise0p05,1600,0.05,0,Estimate-then-optimise unconstrained support top3,EtO,477.63105844898297,420.6941057714956,478.158742618527,0.9908172365041005,0.0,0.7711987033067399,113.13203125,top3
gate2E_family,N1600_noise0p05,1600,0.05,0,Estimate-then-optimise unconstrained learned-transition,EtO,465.45035188726865,420.6941057714956,478.158742618527,0.7788484983366799,0.3921875,0.5155220596276329,74.14390625,none
gate2E_family,N1600_noise0p05,1600,0.05,0,Estimate-then-optimise unconstrained learned-transition support top3,EtO,467.51338643958144,420.6941057714956,478.158742618527,0.8147494396026014,0.0,0.7021974994036049,124.98546875,top3
gate2E_family,N1600_noise0p05,1600,0.05,0,Estimate-then-optimise unconstrained empirical-transition,EtO,411.96252928656753,420.6941057714956,478.158742618527,-0.15194695318742113,0.584375,0.2913755192510144,20.769609375,none
gate2E_family,N1600_noise0p05,1600,0.05,0,Estimate-then-optimise unconstrained empirical-transition support top3,EtO,477.63105844898297,420.6941057714956,478.158742618527,0.9908172365041005,0.0,0.7711987033067399,113.13203125,top3
gate2E_family,N1600_noise0p05,1600,0.05,1,Behaviour cloning,BC,442.41327441768937,422.2408621751993,479.08172757209076,0.3548927712770759,0.054296875,0.7834058727277463,162.80734375,none
gate2E_family,N1600_noise0p05,1600,0.05,1,Behaviour cloning support top3,BC,436.1990724656192,422.2408621751993,479.08172757209076,0.2455664633702651,0.0,0.8479703179210492,226.98625,top3
gate2E_family,N1600_noise0p05,1600,0.05,1,Estimate-then-optimise structured,EtO,313.2124491911163,422.2408621751993,479.08172757209076,-1.9181342898773954,0.92296875,0.03343299609109421,2.387109375,none
gate2E_family,N1600_noise0p05,1600,0.05,1,Estimate-then-optimise structured support top3,EtO,455.1880901021809,422.2408621751993,479.08172757209076,0.5796398013458721,0.0,0.6668384732439523,152.96234375,top3
gate2E_family,N1600_noise0p05,1600,0.05,1,Estimate-then-optimise structured learned-transition,EtO,316.08376778208446,422.2408621751993,479.08172757209076,-1.86761924984556,0.92125,0.03193188133100671,2.309375,none
gate2E_family,N1600_noise0p05,1600,0.05,1,Estimate-then-optimise structured learned-transition support top3,EtO,451.80753587088674,422.2408621751993,479.08172757209076,0.5201657907429466,0.0,0.7628655690572379,174.633125,top3
gate2E_family,N1600_noise0p05,1600,0.05,1,Estimate-then-optimise structured empirical-transition,EtO,310.0090730825996,422.2408621751993,479.08172757209076,-1.9744912099585574,0.873203125,0.07565377915529876,4.196640625,none
gate2E_family,N1600_noise0p05,1600,0.05,1,Estimate-then-optimise structured empirical-transition support top3,EtO,441.95249888401855,422.2408621751993,479.08172757209076,0.3467863582157433,0.0,0.7040422603420836,87.920390625,top3
gate2E_family,N1600_noise0p05,1600,0.05,1,Estimate-then-optimise unconstrained,EtO,458.4832759996663,422.2408621751993,479.08172757209076,0.6376119288720234,0.5934375,0.362217431229689,45.690078125,none
gate2E_family,N1600_noise0p05,1600,0.05,1,Estimate-then-optimise unconstrained support top3,EtO,477.68704949947585,422.2408621751993,479.08172757209076,0.9754634616683513,0.0,0.7520468362816137,116.500859375,top3
gate2E_family,N1600_noise0p05,1600,0.05,1,Estimate-then-optimise unconstrained learned-transition,EtO,424.42648910120243,422.2408621751993,479.08172757209076,0.03845168279444692,0.464609375,0.4048710669447446,63.709921875,none
gate2E_family,N1600_noise0p05,1600,0.05,1,Estimate-then-optimise unconstrained learned-transition support top3,EtO,464.4515063825327,422.2408621751993,479.08172757209076,0.7426108647818347,0.0,0.7866509312882844,156.68171875,top3
gate2E_family,N1600_noise0p05,1600,0.05,1,Estimate-then-optimise unconstrained empirical-transition,EtO,412.73654633267574,422.2408621751993,479.08172757209076,-0.1672092037332589,0.583671875,0.2820031264426815,19.0575,none
gate2E_family,N1600_noise0p05,1600,0.05,1,Estimate-then-optimise unconstrained empirical-transition support top3,EtO,478.63853659327054,422.2408621751993,479.08172757209076,0.992202951596081,0.0,0.7703013809417365,111.650546875,top3
gate2E_family,N1600_noise0p05,1600,0.05,2,Behaviour cloning,BC,441.51158737027276,420.7019605669336,477.9242309914933,0.3636630746900196,0.0,0.8354088330780824,201.7390625,none
gate2E_family,N1600_noise0p05,1600,0.05,2,Behaviour cloning support top3,BC,441.51158737027276,420.7019605669336,477.9242309914933,0.3636630746900196,0.0,0.8354088330780824,201.7390625,top3
gate2E_family,N1600_noise0p05,1600,0.05,2,Estimate-then-optimise structured,EtO,327.7192383102512,420.7019605669336,477.9242309914933,-1.6249394084994995,0.922421875,0.03405916154051126,2.60296875,none
gate2E_family,N1600_noise0p05,1600,0.05,2,Estimate-then-optimise structured support top3,EtO,454.8808675200255,420.7019605669336,477.9242309914933,0.5973007834100615,0.0,0.7587262515301026,171.0340625,top3
gate2E_family,N1600_noise0p05,1600,0.05,2,Estimate-then-optimise structured learned-transition,EtO,330.140307075929,420.7019605669336,477.9242309914933,-1.5826295045457646,0.918046875,0.04939105907241183,5.971328125,none
gate2E_family,N1600_noise0p05,1600,0.05,2,Estimate-then-optimise structured learned-transition support top3,EtO,451.4312705544195,420.7019605669336,477.9242309914933,0.5370166153752772,0.0,0.7623454954512253,178.558984375,top3
gate2E_family,N1600_noise0p05,1600,0.05,2,Estimate-then-optimise structured empirical-transition,EtO,311.81288733902005,420.7019605669336,477.9242309914933,-1.9029142398582393,0.878359375,0.08225138494055693,5.101875,none
gate2E_family,N1600_noise0p05,1600,0.05,2,Estimate-then-optimise structured empirical-transition support top3,EtO,440.18885984670703,420.7019605669336,477.9242309914933,0.34054746753651494,0.0,0.693103464147734,82.359921875,top3
gate2E_family,N1600_noise0p05,1600,0.05,2,Estimate-then-optimise unconstrained,EtO,477.1756340287709,420.7019605669336,477.9242309914933,0.9869177340016713,0.051796875,0.7357707657810317,108.033359375,none
gate2E_family,N1600_noise0p05,1600,0.05,2,Estimate-then-optimise unconstrained support top3,EtO,477.4890773543919,420.7019605669336,477.9242309914933,0.9923953797381199,0.0,0.776857731128818,112.652890625,top3
gate2E_family,N1600_noise0p05,1600,0.05,2,Estimate-then-optimise unconstrained learned-transition,EtO,470.18315137281314,420.7019605669336,477.9242309914933,0.8647191109117948,0.2903125,0.5781529455530713,91.229921875,none
gate2E_family,N1600_noise0p05,1600,0.05,2,Estimate-then-optimise unconstrained learned-transition support top3,EtO,469.31929418488573,420.7019605669336,477.9242309914933,0.8496225902474094,0.0,0.7588371031837208,137.022578125,top3
gate2E_family,N1600_noise0p05,1600,0.05,2,Estimate-then-optimise unconstrained empirical-transition,EtO,411.8192567524621,420.7019605669336,477.9242309914933,-0.15523158638352638,0.6571875,0.27818537068746363,18.991953125,none
gate2E_family,N1600_noise0p05,1600,0.05,2,Estimate-then-optimise unconstrained empirical-transition support top3,EtO,477.47062254205406,420.7019605669336,477.9242309914933,0.9920728687262199,0.0,0.7776071864178679,111.896640625,top3
gate2E_family,N1600_noise0p05,1600,0.05,3,Behaviour cloning,BC,443.3288711089266,420.1985074854882,477.65883098140347,0.40254496000327367,0.0,0.8790019311989488,192.08765625,none
gate2E_family,N1600_noise0p05,1600,0.05,3,Behaviour cloning support top3,BC,443.3288711089266,420.1985074854882,477.65883098140347,0.40254496000327367,0.0,0.8790019311989488,192.08765625,top3
gate2E_family,N1600_noise0p05,1600,0.05,3,Estimate-then-optimise structured,EtO,310.7076189713183,420.1985074854882,477.65883098140347,-1.9055042132151139,0.9225,0.027913836716870123,2.081640625,none
gate2E_family,N1600_noise0p05,1600,0.05,3,Estimate-then-optimise structured support top3,EtO,451.10314205037946,420.1985074854882,477.65883098140347,0.5378430312368185,0.0,0.7109415361851696,190.466640625,top3
gate2E_family,N1600_noise0p05,1600,0.05,3,Estimate-then-optimise structured learned-transition,EtO,320.43585986404406,420.1985074854882,477.65883098140347,-1.7362005911528868,0.910234375,0.032688123867972985,2.37453125,none
gate2E_family,N1600_noise0p05,1600,0.05,3,Estimate-then-optimise structured learned-transition support top3,EtO,447.19014306174745,420.1985074854882,477.65883098140347,0.46974388472034995,0.0,0.7238697485848883,173.256796875,top3
gate2E_family,N1600_noise0p05,1600,0.05,3,Estimate-then-optimise structured empirical-transition,EtO,274.6936417518887,420.1985074854882,477.65883098140347,-2.5322667343483225,0.83421875,0.09611432541357731,9.797421875,none
gate2E_family,N1600_noise0p05,1600,0.05,3,Estimate-then-optimise structured empirical-transition support top3,EtO,472.34627950865666,420.1985074854882,477.65883098140347,0.9075440034178633,0.0,0.749197746687031,117.999921875,top3
gate2E_family,N1600_noise0p05,1600,0.05,3,Estimate-then-optimise unconstrained,EtO,477.4763775490403,420.1985074854882,477.65883098140347,0.9968247057924042,0.018046875,0.7447340483931683,102.244609375,none
gate2E_family,N1600_noise0p05,1600,0.05,3,Estimate-then-optimise unconstrained support top3,EtO,477.21389154458717,420.1985074854882,477.65883098140347,0.992256579675401,0.0,0.7557048287267182,106.521796875,top3
gate2E_family,N1600_noise0p05,1600,0.05,3,Estimate-then-optimise unconstrained learned-transition,EtO,470.5383358625081,420.1985074854882,477.65883098140347,0.8760797940965033,0.246484375,0.5977389051372377,91.93265625,none
gate2E_family,N1600_noise0p05,1600,0.05,3,Estimate-then-optimise unconstrained learned-transition support top3,EtO,468.9367975406096,420.1985074854882,477.65883098140347,0.8482077212563217,0.0,0.7420912327537884,129.158046875,top3
gate2E_family,N1600_noise0p05,1600,0.05,3,Estimate-then-optimise unconstrained empirical-transition,EtO,412.7336441664127,420.1985074854882,477.65883098140347,-0.12991335350915956,0.547265625,0.28435820342724366,21.6209375,none
gate2E_family,N1600_noise0p05,1600,0.05,3,Estimate-then-optimise unconstrained empirical-transition support top3,EtO,477.21389154458717,420.1985074854882,477.65883098140347,0.992256579675401,0.0,0.7557048287267182,106.521796875,top3
gate2E_family,N1600_noise0p05,1600,0.05,4,Behaviour cloning,BC,455.37966231217405,422.8141069914742,479.6367344894461,0.5731089313295512,0.055078125,0.7964846196156407,152.18625,none
gate2E_family,N1600_noise0p05,1600,0.05,4,Behaviour cloning support top3,BC,449.9860064492015,422.8141069914742,479.6367344894461,0.4781880151300135,0.0,0.8471924877701289,203.111328125,top3
gate2E_family,N1600_noise0p05,1600,0.05,4,Estimate-then-optimise structured,EtO,305.04572408089666,422.8141069914742,479.6367344894461,-2.072561373808012,0.925,0.023412219250243456,1.701484375,none
gate2E_family,N1600_noise0p05,1600,0.05,4,Estimate-then-optimise structured support top3,EtO,452.6346695810527,422.8141069914742,479.6367344894461,0.5248008390784616,0.0,0.7289515693444503,166.821484375,top3
gate2E_family,N1600_noise0p05,1600,0.05,4,Estimate-then-optimise structured learned-transition,EtO,310.80923629394005,422.8141069914742,479.6367344894461,-1.971131495134255,0.925,0.023412219250243456,1.701484375,none
gate2E_family,N1600_noise0p05,1600,0.05,4,Estimate-then-optimise structured learned-transition support top3,EtO,450.0106316782939,422.8141069914742,479.6367344894461,0.47862138525344344,0.0,0.7233132091109792,168.131015625,top3
gate2E_family,N1600_noise0p05,1600,0.05,4,Estimate-then-optimise structured empirical-transition,EtO,300.25115484726564,422.8141069914742,479.6367344894461,-2.1569391902650588,0.860078125,0.08488834227700624,4.2709375,none
gate2E_family,N1600_noise0p05,1600,0.05,4,Estimate-then-optimise structured empirical-transition support top3,EtO,458.88294356047084,422.8141069914742,479.6367344894461,0.6347618573302334,0.0,0.7703654777895688,157.90265625,top3
gate2E_family,N1600_noise0p05,1600,0.05,4,Estimate-then-optimise unconstrained,EtO,464.9017851695997,422.8141069914742,479.6367344894461,0.7406851817900831,0.552109375,0.376136191737374,47.664453125,none
gate2E_family,N1600_noise0p05,1600,0.05,4,Estimate-then-optimise unconstrained support top3,EtO,479.0882617438461,422.8141069914742,479.6367344894461,0.9903476349167489,0.0,0.7742302729215703,111.3075,top3
gate2E_family,N1600_noise0p05,1600,0.05,4,Estimate-then-optimise unconstrained learned-transition,EtO,454.5106316277021,422.8141069914742,479.6367344894461,0.5578151879259576,0.44953125,0.44072691946095105,72.28640625,none
gate2E_family,N1600_noise0p05,1600,0.05,4,Estimate-then-optimise unconstrained learned-transition support top3,EtO,470.5719063819031,422.8141069914742,479.6367344894461,0.84047150744892,0.0,0.6996278195420809,124.55296875,top3
gate2E_family,N1600_noise0p05,1600,0.05,4,Estimate-then-optimise unconstrained empirical-transition,EtO,413.03286883280185,422.8141069914742,479.6367344894461,-0.1721363229643237,0.658984375,0.2736313223322058,19.31921875,none
gate2E_family,N1600_noise0p05,1600,0.05,4,Estimate-then-optimise unconstrained empirical-transition support top3,EtO,479.1582357892302,422.8141069914742,479.6367344894461,0.9915790817622265,0.0,0.7738759408868526,112.758125,top3
gate2E_family,N1600_noise0p05,1600,0.05,5,Behaviour cloning,BC,437.6120665317854,420.42955294452105,477.5980827412801,0.30055895522152176,0.0340625,0.8252452470855354,168.03015625,none
gate2E_family,N1600_noise0p05,1600,0.05,5,Behaviour cloning support top3,BC,433.7136607028608,420.42955294452105,477.5980827412801,0.232367489693479,0.0,0.8657281686362686,206.72515625,top3
gate2E_family,N1600_noise0p05,1600,0.05,5,Estimate-then-optimise structured,EtO,318.5124959843049,420.42955294452105,477.5980827412801,-1.7827475592348347,0.8921875,0.023388075563772648,1.854765625,none
gate2E_family,N1600_noise0p05,1600,0.05,5,Estimate-then-optimise structured support top3,EtO,449.0223235172991,420.42955294452105,477.5980827412801,0.5001487824582649,0.0,0.7139815750496149,173.020390625,top3
gate2E_family,N1600_noise0p05,1600,0.05,5,Estimate-then-optimise structured learned-transition,EtO,319.29089119439544,420.42955294452105,477.5980827412801,-1.7691317602479129,0.944765625,0.021354083802195573,1.633515625,none
gate2E_family,N1600_noise0p05,1600,0.05,5,Estimate-then-optimise structured learned-transition support top3,EtO,460.2805858163242,420.42955294452105,477.5980827412801,0.6970798971650721,0.0,0.7211759677651111,124.4159375,top3
gate2E_family,N1600_noise0p05,1600,0.05,5,Estimate-then-optimise structured empirical-transition,EtO,310.6558396057133,420.42955294452105,477.5980827412801,-1.9201773026010356,0.85453125,0.0790361024082391,4.193359375,none
gate2E_family,N1600_noise0p05,1600,0.05,5,Estimate-then-optimise structured empirical-transition support top3,EtO,444.267724042829,420.42955294452105,477.5980827412801,0.41698065671892376,0.0,0.6270464985252504,70.275546875,top3
gate2E_family,N1600_noise0p05,1600,0.05,5,Estimate-then-optimise unconstrained,EtO,460.8765251945832,420.42955294452105,477.5980827412801,0.7075041529641567,0.55375,0.3781739193168003,48.464453125,none
gate2E_family,N1600_noise0p05,1600,0.05,5,Estimate-then-optimise unconstrained support top3,EtO,477.1853184569379,420.42955294452105,477.5980827412801,0.9927798688227664,0.0,0.7677993987955304,108.306484375,top3
gate2E_family,N1600_noise0p05,1600,0.05,5,Estimate-then-optimise unconstrained learned-transition,EtO,453.26470695941373,420.42955294452105,477.5980827412801,0.5743571529935363,0.42625,0.5005704440630747,68.7059375,none
gate2E_family,N1600_noise0p05,1600,0.05,5,Estimate-then-optimise unconstrained learned-transition support top3,EtO,470.6356565925419,420.42955294452105,477.5980827412801,0.8782122581516362,0.0,0.6953862888613469,106.73640625,top3
gate2E_family,N1600_noise0p05,1600,0.05,5,Estimate-then-optimise unconstrained empirical-transition,EtO,410.4597309332268,420.42955294452105,477.5980827412801,-0.1743935351624075,0.575,0.28070687349841666,19.25875,none
gate2E_family,N1600_noise0p05,1600,0.05,5,Estimate-then-optimise unconstrained empirical-transition support top3,EtO,477.1853184569379,420.42955294452105,477.5980827412801,0.9927798688227664,0.0,0.7677993987955304,108.306484375,top3
gate2E_family,N1600_noise0p05,1600,0.05,6,Behaviour cloning,BC,442.31117937601687,420.4015625942231,477.26680319791535,0.38529014472104745,0.0,0.8382842831708757,201.7984375,none
gate2E_family,N1600_noise0p05,1600,0.05,6,Behaviour cloning support top3,BC,442.31117937601687,420.4015625942231,477.26680319791535,0.38529014472104745,0.0,0.8382842831708757,201.7984375,top3
gate2E_family,N1600_noise0p05,1600,0.05,6,Estimate-then-optimise structured,EtO,315.02604546317997,420.4015625942231,477.26680319791535,-1.8530743211908804,0.940859375,0.018973593529806546,1.441953125,none
gate2E_family,N1600_noise0p05,1600,0.05,6,Estimate-then-optimise structured support top3,EtO,450.27256180482595,420.4015625942231,477.26680319791535,0.5252945189976623,0.0,0.6878541134194254,156.60640625,top3
gate2E_family,N1600_noise0p05,1600,0.05,6,Estimate-then-optimise structured learned-transition,EtO,318.26901886608283,420.4015625942231,477.26680319791535,-1.796045222773731,0.88796875,0.023246086236384814,2.1321875,none
gate2E_family,N1600_noise0p05,1600,0.05,6,Estimate-then-optimise structured learned-transition support top3,EtO,447.36448463791965,420.4015625942231,477.26680319791535,0.4741547166151593,0.0,0.7304762107927693,173.0946875,top3
gate2E_family,N1600_noise0p05,1600,0.05,6,Estimate-then-optimise structured empirical-transition,EtO,298.7752806558694,420.4015625942231,477.26680319791535,-2.138851091583292,0.892109375,0.06096238248123597,2.779296875,none
gate2E_family,N1600_noise0p05,1600,0.05,6,Estimate-then-optimise structured empirical-transition support top3,EtO,439.83793169122464,420.4015625942231,477.26680319791535,0.3417970079904936,0.0,0.7088751941612744,90.27703125,top3
gate2E_family,N1600_noise0p05,1600,0.05,6,Estimate-then-optimise unconstrained,EtO,449.48084159441174,420.4015625942231,477.26680319791535,0.5113717745933626,0.52984375,0.4332014475124961,46.198359375,none
gate2E_family,N1600_noise0p05,1600,0.05,6,Estimate-then-optimise unconstrained support top3,EtO,476.8918841716653,420.4015625942231,477.26680319791535,0.9934068857834799,0.0,0.7605295399465721,106.112578125,top3
gate2E_family,N1600_noise0p05,1600,0.05,6,Estimate-then-optimise unconstrained learned-transition,EtO,412.7958213909683,420.4015625942231,477.26680319791535,-0.13375026857375097,0.62015625,0.45011239399742503,37.869296875,none
gate2E_family,N1600_noise0p05,1600,0.05,6,Estimate-then-optimise unconstrained learned-transition support top3,EtO,470.60866340917494,420.4015625942231,477.26680319791535,0.8829137146338197,0.0,0.6855948218213938,111.904921875,top3
gate2E_family,N1600_noise0p05,1600,0.05,6,Estimate-then-optimise unconstrained empirical-transition,EtO,410.33526477500845,420.4015625942231,477.26680319791535,-0.17702022733657502,0.6490625,0.26870133200809215,18.6759375,none
gate2E_family,N1600_noise0p05,1600,0.05,6,Estimate-then-optimise unconstrained empirical-transition support top3,EtO,476.8918841716653,420.4015625942231,477.26680319791535,0.9934068857834799,0.0,0.7605295399465721,106.112578125,top3
gate2E_family,N1600_noise0p05,1600,0.05,7,Behaviour cloning,BC,437.7439357875815,422.5603637349696,478.8785864087379,0.2696031822695297,0.0,0.8579838605962945,224.5759375,none
gate2E_family,N1600_noise0p05,1600,0.05,7,Behaviour cloning support top3,BC,437.7439357875815,422.5603637349696,478.8785864087379,0.2696031822695297,0.0,0.8579838605962945,224.5759375,top3
gate2E_family,N1600_noise0p05,1600,0.05,7,Estimate-then-optimise structured,EtO,311.9295268100525,422.5603637349696,478.8785864087379,-1.9643879311632892,0.912265625,0.03649908113959616,2.654140625,none
gate2E_family,N1600_noise0p05,1600,0.05,7,Estimate-then-optimise structured support top3,EtO,450.37482276632574,422.5603637349696,478.8785864087379,0.4938802702009179,0.0,0.7219669383157433,173.393046875,top3
gate2E_family,N1600_noise0p05,1600,0.05,7,Estimate-then-optimise structured learned-transition,EtO,314.2390336550263,422.5603637349696,478.8785864087379,-1.923379768346221,0.91984375,0.026796067289772706,1.90828125,none
gate2E_family,N1600_noise0p05,1600,0.05,7,Estimate-then-optimise structured learned-transition support top3,EtO,450.37482276632574,422.5603637349696,478.8785864087379,0.4938802702009179,0.0,0.7219669383157433,173.393046875,top3
gate2E_family,N1600_noise0p05,1600,0.05,7,Estimate-then-optimise structured empirical-transition,EtO,306.18012081249697,422.5603637349696,478.8785864087379,-2.066475776350802,0.833984375,0.09959778500958859,4.9609375,none
gate2E_family,N1600_noise0p05,1600,0.05,7,Estimate-then-optimise structured empirical-transition support top3,EtO,457.38156523145807,422.5603637349696,478.8785864087379,0.6182936861874262,0.0,0.7640310513734937,155.2746875,top3
gate2E_family,N1600_noise0p05,1600,0.05,7,Estimate-then-optimise unconstrained,EtO,462.40514061823063,422.5603637349696,478.8785864087379,0.7074935072803675,0.535234375,0.3889555715581825,49.841015625,none
gate2E_family,N1600_noise0p05,1600,0.05,7,Estimate-then-optimise unconstrained support top3,EtO,478.4897896345555,422.5603637349696,478.8785864087379,0.9930964303253224,0.0,0.7639221808882596,108.17484375,top3
gate2E_family,N1600_noise0p05,1600,0.05,7,Estimate-then-optimise unconstrained learned-transition,EtO,458.61662716120554,422.5603637349696,478.8785864087379,0.6402237448986492,0.42765625,0.4671284565208697,67.809140625,none
gate2E_family,N1600_noise0p05,1600,0.05,7,Estimate-then-optimise unconstrained learned-transition support top3,EtO,468.8137833360737,422.5603637349696,478.8785864087379,0.8212869193162211,0.0,0.6712806732467709,124.997421875,top3
gate2E_family,N1600_noise0p05,1600,0.05,7,Estimate-then-optimise unconstrained empirical-transition,EtO,412.79318156000727,422.5603637349696,478.8785864087379,-0.1734284519513372,0.585703125,0.28361113864194815,18.99703125,none
gate2E_family,N1600_noise0p05,1600,0.05,7,Estimate-then-optimise unconstrained empirical-transition support top3,EtO,478.4897896345555,422.5603637349696,478.8785864087379,0.9930964303253224,0.0,0.7639221808882596,108.17484375,top3
gate2E_family,N1600_noise0p05,1600,0.05,8,Behaviour cloning,BC,450.3829981686192,421.64695137411786,478.1010548050897,0.5090160864858622,0.0,0.8457842014852988,232.163671875,none
gate2E_family,N1600_noise0p05,1600,0.05,8,Behaviour cloning support top3,BC,450.3829981686192,421.64695137411786,478.1010548050897,0.5090160864858622,0.0,0.8457842014852988,232.163671875,top3
gate2E_family,N1600_noise0p05,1600,0.05,8,Estimate-then-optimise structured,EtO,307.26095753241634,421.64695137411786,478.1010548050897,-2.0261767859189335,0.8946875,0.061880216925810465,2.614921875,none
gate2E_family,N1600_noise0p05,1600,0.05,8,Estimate-then-optimise structured support top3,EtO,447.0429935208561,421.64695137411786,478.1010548050897,0.44985290002507544,0.0,0.696272016018184,149.3303125,top3
gate2E_family,N1600_noise0p05,1600,0.05,8,Estimate-then-optimise structured learned-transition,EtO,306.94428545908994,421.64695137411786,478.1010548050897,-2.031786158029742,0.92390625,0.027023647303100664,1.863203125,none
gate2E_family,N1600_noise0p05,1600,0.05,8,Estimate-then-optimise structured learned-transition support top3,EtO,448.24654497884774,421.64695137411786,478.1010548050897,0.4711720138688239,0.0,0.7113051954235451,160.52484375,top3
gate2E_family,N1600_noise0p05,1600,0.05,8,Estimate-then-optimise structured empirical-transition,EtO,294.8015919015595,421.64695137411786,478.1010548050897,-2.2468758117407015,0.881171875,0.055276864336097416,2.558828125,none
gate2E_family,N1600_noise0p05,1600,0.05,8,Estimate-then-optimise structured empirical-transition support top3,EtO,440.27855950459895,421.64695137411786,478.1010548050897,0.330031069455607,0.0,0.6876486444992307,83.439921875,top3
gate2E_family,N1600_noise0p05,1600,0.05,8,Estimate-then-optimise unconstrained,EtO,463.93069672891636,421.64695137411786,478.1010548050897,0.7489933022583581,0.569609375,0.3637478962555973,43.320703125,none
gate2E_family,N1600_noise0p05,1600,0.05,8,Estimate-then-optimise unconstrained support top3,EtO,477.7226755015262,421.64695137411786,478.1010548050897,0.993297576605284,0.0,0.7684062688171903,106.73609375,top3
gate2E_family,N1600_noise0p05,1600,0.05,8,Estimate-then-optimise unconstrained learned-transition,EtO,465.8592757006892,421.64695137411786,478.1010548050897,0.7831551940352944,0.387421875,0.4966907531378649,63.9128125,none
gate2E_family,N1600_noise0p05,1600,0.05,8,Estimate-then-optimise unconstrained learned-transition support top3,EtO,472.1740118576034,421.64695137411786,478.1010548050897,0.895011299670475,0.0,0.715223099954448,110.103125,top3
gate2E_family,N1600_noise0p05,1600,0.05,8,Estimate-then-optimise unconstrained empirical-transition,EtO,412.01263259251436,421.64695137411786,478.1010548050897,-0.17065754650383697,0.58453125,0.2963001384685837,18.97515625,none
gate2E_family,N1600_noise0p05,1600,0.05,8,Estimate-then-optimise unconstrained empirical-transition support top3,EtO,477.7226755015262,421.64695137411786,478.1010548050897,0.993297576605284,0.0,0.7684062688171903,106.73609375,top3
gate2E_family,N1600_noise0p05,1600,0.05,9,Behaviour cloning,BC,449.45119374289965,421.14554862217454,477.7638570902434,0.49993802157986933,0.0,0.8268503812172786,225.701796875,none
gate2E_family,N1600_noise0p05,1600,0.05,9,Behaviour cloning support top3,BC,449.45119374289965,421.14554862217454,477.7638570902434,0.49993802157986933,0.0,0.8268503812172786,225.701796875,top3
gate2E_family,N1600_noise0p05,1600,0.05,9,Estimate-then-optimise structured,EtO,311.36259004650685,421.14554862217454,477.7638570902434,-1.939001032459001,0.92765625,0.025005645952852956,1.809296875,none
gate2E_family,N1600_noise0p05,1600,0.05,9,Estimate-then-optimise structured support top3,EtO,452.89463536732205,421.14554862217454,477.7638570902434,0.5607565397870039,0.0,0.6584177631642292,148.093203125,top3
gate2E_family,N1600_noise0p05,1600,0.05,9,Estimate-then-optimise structured learned-transition,EtO,315.58043792369756,421.14554862217454,477.7638570902434,-1.864504849310586,0.89296875,0.025673931095266257,1.77515625,none
gate2E_family,N1600_noise0p05,1600,0.05,9,Estimate-then-optimise structured learned-transition support top3,EtO,447.48922024648107,421.14554862217454,477.7638570902434,0.4652853880147907,0.0,0.7448635893522666,158.06328125,top3
gate2E_family,N1600_noise0p05,1600,0.05,9,Estimate-then-optimise structured empirical-transition,EtO,332.8703693645753,421.14554862217454,477.7638570902434,-1.5591278094679213,0.761875,0.125298437964831,7.23953125,none
gate2E_family,N1600_noise0p05,1600,0.05,9,Estimate-then-optimise structured empirical-transition support top3,EtO,435.95928362244797,421.14554862217454,477.7638570902434,0.26164213310307494,0.0,0.7190534195120293,100.31953125,top3
gate2E_family,N1600_noise0p05,1600,0.05,9,Estimate-then-optimise unconstrained,EtO,463.3048737717408,421.14554862217454,477.7638570902434,0.7446235376908681,0.5728125,0.3569816641149008,41.83625,none
gate2E_family,N1600_noise0p05,1600,0.05,9,Estimate-then-optimise unconstrained support top3,EtO,477.3379071134315,421.14554862217454,477.7638570902434,0.992476815568376,0.0,0.7596327671253994,105.7025,top3
gate2E_family,N1600_noise0p05,1600,0.05,9,Estimate-then-optimise unconstrained learned-transition,EtO,465.0354433768674,421.14554862217454,477.7638570902434,0.7751890853370436,0.450859375,0.43133269132926383,60.1765625,none
gate2E_family,N1600_noise0p05,1600,0.05,9,Estimate-then-optimise unconstrained learned-transition support top3,EtO,467.13010008712763,421.14554862217454,477.7638570902434,0.8121851872506416,0.0,0.6686610085975206,118.0809375,top3
gate2E_family,N1600_noise0p05,1600,0.05,9,Estimate-then-optimise unconstrained empirical-transition,EtO,411.20750339043633,421.14554862217454,477.7638570902434,-0.17552706007356253,0.65484375,0.2662112383443263,17.44953125,none
gate2E_family,N1600_noise0p05,1600,0.05,9,Estimate-then-optimise unconstrained empirical-transition support top3,EtO,477.3379071134315,421.14554862217454,477.7638570902434,0.992476815568376,0.0,0.7596327671253994,105.7025,top3
gate2E_family,N1600_noise0p2,1600,0.2,0,Behaviour cloning,BC,442.2199251235548,420.6941057714956,478.158742618527,0.37459245430124416,0.04546875,0.7853058567948539,156.972421875,none
gate2E_family,N1600_noise0p2,1600,0.2,0,Behaviour cloning support top3,BC,437.0160898198069,420.6941057714956,478.158742618527,0.28403527706543746,0.0,0.8405776655145027,207.351796875,top3
gate2E_family,N1600_noise0p2,1600,0.2,0,Estimate-then-optimise structured,EtO,212.72178186452345,420.6941057714956,478.158742618527,-3.619135790600854,0.87546875,0.12041494044513296,10.989609375,none
gate2E_family,N1600_noise0p2,1600,0.2,0,Estimate-then-optimise structured support top3,EtO,461.336727097829,420.6941057714956,478.158742618527,0.7072631718620698,0.0,0.6513078297795009,119.109765625,top3
gate2E_family,N1600_noise0p2,1600,0.2,0,Estimate-then-optimise structured learned-transition,EtO,198.08627608386342,420.6941057714956,478.158742618527,-3.873822961418955,0.875625,0.136298311726398,10.13,none
gate2E_family,N1600_noise0p2,1600,0.2,0,Estimate-then-optimise structured learned-transition support top3,EtO,447.61453471450864,420.6941057714956,478.158742618527,0.4684694869763846,0.0,0.7031437231032658,147.994375,top3
gate2E_family,N1600_noise0p2,1600,0.2,0,Estimate-then-optimise structured empirical-transition,EtO,256.36108315186334,420.6941057714956,478.158742618527,-2.8597243737410216,0.88703125,0.0777621837079369,8.709453125,none
gate2E_family,N1600_noise0p2,1600,0.2,0,Estimate-then-optimise structured empirical-transition support top3,EtO,467.5801975004749,420.6941057714956,478.158742618527,0.8159120861372229,0.0,0.5894033133612404,108.56,top3
gate2E_family,N1600_noise0p2,1600,0.2,0,Estimate-then-optimise unconstrained,EtO,464.880347336821,420.6941057714956,478.158742618527,0.7689292752853798,0.54140625,0.38671598498331505,51.344453125,none
gate2E_family,N1600_noise0p2,1600,0.2,0,Estimate-then-optimise unconstrained support top3,EtO,477.63105844898297,420.6941057714956,478.158742618527,0.9908172365041005,0.0,0.7711987033067399,113.13203125,top3
gate2E_family,N1600_noise0p2,1600,0.2,0,Estimate-then-optimise unconstrained learned-transition,EtO,465.93469114903286,420.6941057714956,478.158742618527,0.787276973453533,0.4084375,0.49465678985891504,74.96515625,none
gate2E_family,N1600_noise0p2,1600,0.2,0,Estimate-then-optimise unconstrained learned-transition support top3,EtO,465.68398043679065,420.6941057714956,478.158742618527,0.7829141039393727,0.0,0.7010857213734014,124.5365625,top3
gate2E_family,N1600_noise0p2,1600,0.2,0,Estimate-then-optimise unconstrained empirical-transition,EtO,411.5338453272423,420.6941057714956,478.158742618527,-0.15940691435390952,0.584375,0.2833412617343175,19.996953125,none
gate2E_family,N1600_noise0p2,1600,0.2,0,Estimate-then-optimise unconstrained empirical-transition support top3,EtO,477.63105844898297,420.6941057714956,478.158742618527,0.9908172365041005,0.0,0.7711987033067399,113.13203125,top3
gate2E_family,N1600_noise0p2,1600,0.2,1,Behaviour cloning,BC,442.41327441768937,422.2408621751993,479.08172757209076,0.3548927712770759,0.054296875,0.7834058727277463,162.80734375,none
gate2E_family,N1600_noise0p2,1600,0.2,1,Behaviour cloning support top3,BC,436.1990724656192,422.2408621751993,479.08172757209076,0.2455664633702651,0.0,0.8479703179210492,226.98625,top3
gate2E_family,N1600_noise0p2,1600,0.2,1,Estimate-then-optimise structured,EtO,310.1505135552911,422.2408621751993,479.08172757209076,-1.972002851069158,0.90609375,0.04558041446739222,7.571484375,none
gate2E_family,N1600_noise0p2,1600,0.2,1,Estimate-then-optimise structured support top3,EtO,454.17892426904103,422.2408621751993,479.08172757209076,0.5618855707215952,0.0,0.6262595004276953,128.72296875,top3
gate2E_family,N1600_noise0p2,1600,0.2,1,Estimate-then-optimise structured learned-transition,EtO,314.4933363630709,422.2408621751993,479.08172757209076,-1.8955996721686257,0.917734375,0.040989855998515616,2.86546875,none
gate2E_family,N1600_noise0p2,1600,0.2,1,Estimate-then-optimise structured learned-transition support top3,EtO,448.3612195068947,422.2408621751993,479.08172757209076,0.459534828495484,0.0,0.6839174090627707,150.23390625,top3
gate2E_family,N1600_noise0p2,1600,0.2,1,Estimate-then-optimise structured empirical-transition,EtO,303.85805433839107,422.2408621751993,479.08172757209076,-2.0827059371844547,0.8753125,0.0760833511747453,3.81375,none
gate2E_family,N1600_noise0p2,1600,0.2,1,Estimate-then-optimise structured empirical-transition support top3,EtO,441.92123684968055,422.2408621751993,479.08172757209076,0.3462363659853345,0.0,0.7058700336213031,87.15375,top3
gate2E_family,N1600_noise0p2,1600,0.2,1,Estimate-then-optimise unconstrained,EtO,464.614373604586,422.2408621751993,479.08172757209076,0.7454761839657709,0.574140625,0.36376172048872996,45.508828125,none
gate2E_family,N1600_noise0p2,1600,0.2,1,Estimate-then-optimise unconstrained support top3,EtO,478.63853659327054,422.2408621751993,479.08172757209076,0.992202951596081,0.0,0.7703013809417365,111.650546875,top3
gate2E_family,N1600_noise0p2,1600,0.2,1,Estimate-then-optimise unconstrained learned-transition,EtO,466.08865125857903,422.2408621751993,479.08172757209076,0.7714131158491775,0.41046875,0.46108953999019464,65.203671875,none
gate2E_family,N1600_noise0p2,1600,0.2,1,Estimate-then-optimise unconstrained learned-transition support top3,EtO,468.7264597161413,422.2408621751993,479.08172757209076,0.8178200176291511,0.0,0.6808835348635567,126.728828125,top3
gate2E_family,N1600_noise0p2,1600,0.2,1,Estimate-then-optimise unconstrained empirical-transition,EtO,412.28194194790296,422.2408621751993,479.08172757209076,-0.17520704791804573,0.583671875,0.27353711299038863,18.6121875,none
gate2E_family,N1600_noise0p2,1600,0.2,1,Estimate-then-optimise unconstrained empirical-transition support top3,EtO,478.63853659327054,422.2408621751993,479.08172757209076,0.992202951596081,0.0,0.7703013809417365,111.650546875,top3
gate2E_family,N1600_noise0p2,1600,0.2,2,Behaviour cloning,BC,441.51158737027276,420.7019605669336,477.9242309914933,0.3636630746900196,0.0,0.8354088330780824,201.7390625,none
gate2E_family,N1600_noise0p2,1600,0.2,2,Behaviour cloning support top3,BC,441.51158737027276,420.7019605669336,477.9242309914933,0.3636630746900196,0.0,0.8354088330780824,201.7390625,top3
gate2E_family,N1600_noise0p2,1600,0.2,2,Estimate-then-optimise structured,EtO,316.59889362512155,420.7019605669336,477.9242309914933,-1.8192753655075398,0.933125,0.02640005097485139,2.0890625,none
gate2E_family,N1600_noise0p2,1600,0.2,2,Estimate-then-optimise structured support top3,EtO,454.82367944210273,420.7019605669336,477.9242309914933,0.5963013809484243,0.0,0.6636094009436536,162.175390625,top3
gate2E_family,N1600_noise0p2,1600,0.2,2,Estimate-then-optimise structured learned-transition,EtO,313.9143939176316,420.7019605669336,477.9242309914933,-1.8661889131101135,0.891484375,0.029617874519513494,2.196171875,none
gate2E_family,N1600_noise0p2,1600,0.2,2,Estimate-then-optimise structured learned-transition support top3,EtO,451.4312705544195,420.7019605669336,477.9242309914933,0.5370166153752772,0.0,0.7623454954512253,178.558984375,top3
gate2E_family,N1600_noise0p2,1600,0.2,2,Estimate-then-optimise structured empirical-transition,EtO,326.18237498915335,420.7019605669336,477.9242309914933,-1.651797191486703,0.863828125,0.10199662133798647,5.414296875,none
gate2E_family,N1600_noise0p2,1600,0.2,2,Estimate-then-optimise structured empirical-transition support top3,EtO,440.60351599031003,420.7019605669336,477.9242309914933,0.3477938794758956,0.0,0.6764489610071825,83.1775,top3
gate2E_family,N1600_noise0p2,1600,0.2,2,Estimate-then-optimise unconstrained,EtO,475.47757407270285,420.7019605669336,477.9242309914933,0.9572429248151548,0.11625,0.6774107906654089,102.666640625,none
gate2E_family,N1600_noise0p2,1600,0.2,2,Estimate-then-optimise unconstrained support top3,EtO,477.4334161819272,420.7019605669336,477.9242309914933,0.9914226610387096,0.0,0.7781590740566368,111.466171875,top3
gate2E_family,N1600_noise0p2,1600,0.2,2,Estimate-then-optimise unconstrained learned-transition,EtO,468.3929057945448,420.7019605669336,477.9242309914933,0.8334332922089425,0.33359375,0.5400819605726471,75.427421875,none
gate2E_family,N1600_noise0p2,1600,0.2,2,Estimate-then-optimise unconstrained learned-transition support top3,EtO,468.6569405006991,420.7019605669336,477.9242309914933,0.8380474870704062,0.0,0.7397146343942711,123.014921875,top3
gate2E_family,N1600_noise0p2,1600,0.2,2,Estimate-then-optimise unconstrained empirical-transition,EtO,411.8192567524621,420.7019605669336,477.9242309914933,-0.15523158638352638,0.6571875,0.27818537068746363,18.991953125,none
gate2E_family,N1600_noise0p2,1600,0.2,2,Estimate-then-optimise unconstrained empirical-transition support top3,EtO,477.47062254205406,420.7019605669336,477.9242309914933,0.9920728687262199,0.0,0.7776071864178679,111.896640625,top3
gate2E_family,N1600_noise0p2,1600,0.2,3,Behaviour cloning,BC,443.3288711089266,420.1985074854882,477.65883098140347,0.40254496000327367,0.0,0.8790019311989488,192.08765625,none
gate2E_family,N1600_noise0p2,1600,0.2,3,Behaviour cloning support top3,BC,443.3288711089266,420.1985074854882,477.65883098140347,0.40254496000327367,0.0,0.8790019311989488,192.08765625,top3
gate2E_family,N1600_noise0p2,1600,0.2,3,Estimate-then-optimise structured,EtO,317.40782728097327,420.1985074854882,477.65883098140347,-1.788898390240044,0.923046875,0.027477849908466738,2.040078125,none
gate2E_family,N1600_noise0p2,1600,0.2,3,Estimate-then-optimise structured support top3,EtO,450.8066721051036,420.1985074854882,477.65883098140347,0.5326834719576761,0.0,0.7161809623321411,187.608515625,top3
gate2E_family,N1600_noise0p2,1600,0.2,3,Estimate-then-optimise structured learned-transition,EtO,324.9396600739412,420.1985074854882,477.65883098140347,-1.6578195460093228,0.899375,0.040075814349728685,2.884140625,none
gate2E_family,N1600_noise0p2,1600,0.2,3,Estimate-then-optimise structured learned-transition support top3,EtO,449.28533556953886,420.1985074854882,477.65883098140347,0.5062071759153665,0.0,0.7289564223282192,179.939921875,top3
gate2E_family,N1600_noise0p2,1600,0.2,3,Estimate-then-optimise structured empirical-transition,EtO,278.41762613015226,420.1985074854882,477.65883098140347,-2.4674570682745096,0.877109375,0.07374252975349478,7.441015625,none
gate2E_family,N1600_noise0p2,1600,0.2,3,Estimate-then-optimise structured empirical-transition support top3,EtO,457.4104513068705,420.1985074854882,477.65883098140347,0.6476111089772691,0.0,0.6247857468485369,113.3165625,top3
gate2E_family,N1600_noise0p2,1600,0.2,3,Estimate-then-optimise unconstrained,EtO,475.9718248451871,420.1985074854882,477.65883098140347,0.9706405040282047,0.073828125,0.6934505341871677,102.052265625,none
gate2E_family,N1600_noise0p2,1600,0.2,3,Estimate-then-optimise unconstrained support top3,EtO,477.22911676476576,420.1985074854882,477.65883098140347,0.9925215489490196,0.0,0.7548500140745875,108.171796875,top3
gate2E_family,N1600_noise0p2,1600,0.2,3,Estimate-then-optimise unconstrained learned-transition,EtO,459.1705952489528,420.1985074854882,477.65883098140347,0.6782434450831978,0.362734375,0.5293736495834257,79.195078125,none
gate2E_family,N1600_noise0p2,1600,0.2,3,Estimate-then-optimise unconstrained learned-transition support top3,EtO,473.34503572196394,420.1985074854882,477.65883098140347,0.9249256704977272,0.0,0.7213500723942019,109.4115625,top3
gate2E_family,N1600_noise0p2,1600,0.2,3,Estimate-then-optimise unconstrained empirical-transition,EtO,411.3588608766165,420.1985074854882,477.65883098140347,-0.15383913753113657,0.582734375,0.2756736796723981,19.48515625,none
gate2E_family,N1600_noise0p2,1600,0.2,3,Estimate-then-optimise unconstrained empirical-transition support top3,EtO,477.21389154458717,420.1985074854882,477.65883098140347,0.992256579675401,0.0,0.7557048287267182,106.521796875,top3
gate2E_family,N1600_noise0p2,1600,0.2,4,Behaviour cloning,BC,455.37966231217405,422.8141069914742,479.6367344894461,0.5731089313295512,0.055078125,0.7964846196156407,152.18625,none
gate2E_family,N1600_noise0p2,1600,0.2,4,Behaviour cloning support top3,BC,449.9860064492015,422.8141069914742,479.6367344894461,0.4781880151300135,0.0,0.8471924877701289,203.111328125,top3
gate2E_family,N1600_noise0p2,1600,0.2,4,Estimate-then-optimise structured,EtO,299.74353124727054,422.8141069914742,479.6367344894461,-2.1658726666343666,0.901171875,0.04607329551680216,8.44484375,none
gate2E_family,N1600_noise0p2,1600,0.2,4,Estimate-then-optimise structured support top3,EtO,453.74301405987785,422.8141069914742,479.6367344894461,0.5443061757309191,0.0,0.679489356575188,173.30984375,top3
gate2E_family,N1600_noise0p2,1600,0.2,4,Estimate-then-optimise structured learned-transition,EtO,312.6247288503157,422.8141069914742,479.6367344894461,-1.9391813260499327,0.925,0.0240674337819844,1.701484375,none
gate2E_family,N1600_noise0p2,1600,0.2,4,Estimate-then-optimise structured learned-transition support top3,EtO,448.8924630249475,422.8141069914742,479.6367344894461,0.4589431566571626,0.0,0.6891504946330849,147.7996875,top3
gate2E_family,N1600_noise0p2,1600,0.2,4,Estimate-then-optimise structured empirical-transition,EtO,291.0706927838583,422.8141069914742,479.6367344894461,-2.318502681213009,0.872734375,0.060416462471114166,5.42734375,none
gate2E_family,N1600_noise0p2,1600,0.2,4,Estimate-then-optimise structured empirical-transition support top3,EtO,460.20992860281774,422.8141069914742,479.6367344894461,0.6581149668356723,0.0,0.6872873148436384,104.79984375,top3
gate2E_family,N1600_noise0p2,1600,0.2,4,Estimate-then-optimise unconstrained,EtO,467.42109202769046,422.8141069914742,479.6367344894461,0.7850215134421294,0.5125,0.4136383533414899,54.331796875,none
gate2E_family,N1600_noise0p2,1600,0.2,4,Estimate-then-optimise unconstrained support top3,EtO,479.1582357892302,422.8141069914742,479.6367344894461,0.9915790817622265,0.0,0.7738759408868526,112.758125,top3
gate2E_family,N1600_noise0p2,1600,0.2,4,Estimate-then-optimise unconstrained learned-transition,EtO,466.62022250844353,422.8141069914742,479.6367344894461,0.7709273126895241,0.409140625,0.4758053819705516,69.963125,none
gate2E_family,N1600_noise0p2,1600,0.2,4,Estimate-then-optimise unconstrained learned-transition support top3,EtO,473.4710708048493,422.8141069914742,479.6367344894461,0.8914928091838618,0.0,0.7008607009990117,116.93796875,top3
gate2E_family,N1600_noise0p2,1600,0.2,4,Estimate-then-optimise unconstrained empirical-transition,EtO,412.6241236622825,422.8141069914742,479.6367344894461,-0.17932967512907433,0.658984375,0.26595223475693014,18.598515625,none
gate2E_family,N1600_noise0p2,1600,0.2,4,Estimate-then-optimise unconstrained empirical-transition support top3,EtO,479.1582357892302,422.8141069914742,479.6367344894461,0.9915790817622265,0.0,0.7738759408868526,112.758125,top3
gate2E_family,N1600_noise0p2,1600,0.2,5,Behaviour cloning,BC,437.6120665317854,420.42955294452105,477.5980827412801,0.30055895522152176,0.0340625,0.8252452470855354,168.03015625,none
gate2E_family,N1600_noise0p2,1600,0.2,5,Behaviour cloning support top3,BC,433.7136607028608,420.42955294452105,477.5980827412801,0.232367489693479,0.0,0.8657281686362686,206.72515625,top3
gate2E_family,N1600_noise0p2,1600,0.2,5,Estimate-then-optimise structured,EtO,296.6418232607547,420.42955294452105,477.5980827412801,-2.1653124564134587,0.89640625,0.025861814983103252,1.90484375,none
gate2E_family,N1600_noise0p2,1600,0.2,5,Estimate-then-optimise structured support top3,EtO,446.3739205399475,420.42955294452105,477.5980827412801,0.4538225434108902,0.0,0.7336087397567477,161.0640625,top3
gate2E_family,N1600_noise0p2,1600,0.2,5,Estimate-then-optimise structured learned-transition,EtO,287.1186374000608,420.42955294452105,477.5980827412801,-2.331893368928613,0.89484375,0.03068143820033582,1.95828125,none
gate2E_family,N1600_noise0p2,1600,0.2,5,Estimate-then-optimise structured learned-transition support top3,EtO,446.49769335203234,420.42955294452105,477.5980827412801,0.4559875949265556,0.0,0.7061241653943016,154.530859375,top3
gate2E_family,N1600_noise0p2,1600,0.2,5,Estimate-then-optimise structured empirical-transition,EtO,267.1514194774803,420.42955294452105,477.5980827412801,-2.6811627658077404,0.865234375,0.0733291139046656,8.074609375,none
gate2E_family,N1600_noise0p2,1600,0.2,5,Estimate-then-optimise structured empirical-transition support top3,EtO,464.7408710896575,420.42955294452105,477.5980827412801,0.7750998373172876,0.0,0.6462242430258891,119.471171875,top3
gate2E_family,N1600_noise0p2,1600,0.2,5,Estimate-then-optimise unconstrained,EtO,473.6631977549421,420.42955294452105,477.5980827412801,0.9311704358966897,0.13078125,0.6598232725017199,98.3428125,none
gate2E_family,N1600_noise0p2,1600,0.2,5,Estimate-then-optimise unconstrained support top3,EtO,477.201005047425,420.42955294452105,477.5980827412801,0.9930542608797746,0.0,0.7670892427154696,109.639921875,top3
gate2E_family,N1600_noise0p2,1600,0.2,5,Estimate-then-optimise unconstrained learned-transition,EtO,462.26054304584034,420.42955294452105,477.5980827412801,0.7317135887529983,0.38546875,0.49865586098314446,70.507890625,none
gate2E_family,N1600_noise0p2,1600,0.2,5,Estimate-then-optimise unconstrained learned-transition support top3,EtO,473.11930369229833,420.42955294452105,477.5980827412801,0.9216565641113323,0.0,0.7271920312390394,109.772265625,top3
gate2E_family,N1600_noise0p2,1600,0.2,5,Estimate-then-optimise unconstrained empirical-transition,EtO,411.53065479206606,420.42955294452105,477.5980827412801,-0.15566078372299644,0.5809375,0.2864380987109284,18.983984375,none
gate2E_family,N1600_noise0p2,1600,0.2,5,Estimate-then-optimise unconstrained empirical-transition support top3,EtO,477.1853184569379,420.42955294452105,477.5980827412801,0.9927798688227664,0.0,0.7677993987955304,108.306484375,top3
gate2E_family,N1600_noise0p2,1600,0.2,6,Behaviour cloning,BC,442.31117937601687,420.4015625942231,477.26680319791535,0.38529014472104745,0.0,0.8382842831708757,201.7984375,none
gate2E_family,N1600_noise0p2,1600,0.2,6,Behaviour cloning support top3,BC,442.31117937601687,420.4015625942231,477.26680319791535,0.38529014472104745,0.0,0.8382842831708757,201.7984375,top3
gate2E_family,N1600_noise0p2,1600,0.2,6,Estimate-then-optimise structured,EtO,311.24686562417577,420.4015625942231,477.26680319791535,-1.9195328431083771,0.927890625,0.026037546599381702,1.934765625,none
gate2E_family,N1600_noise0p2,1600,0.2,6,Estimate-then-optimise structured support top3,EtO,448.57761617321444,420.4015625942231,477.26680319791535,0.4954881625377643,0.0,0.7186732458549233,172.428125,top3
gate2E_family,N1600_noise0p2,1600,0.2,6,Estimate-then-optimise structured learned-transition,EtO,310.2288593591364,420.4015625942231,477.26680319791535,-1.9374349262479549,0.9175,0.01992341883609866,1.404140625,none
gate2E_family,N1600_noise0p2,1600,0.2,6,Estimate-then-optimise structured learned-transition support top3,EtO,449.7602363015018,420.4015625942231,477.26680319791535,0.516285052091601,0.0,0.733023093285787,183.8340625,top3
gate2E_family,N1600_noise0p2,1600,0.2,6,Estimate-then-optimise structured empirical-transition,EtO,298.9542650103578,420.4015625942231,477.26680319791535,-2.1357035738274837,0.846875,0.118632400131574,3.97625,none
gate2E_family,N1600_noise0p2,1600,0.2,6,Estimate-then-optimise structured empirical-transition support top3,EtO,439.83793169122464,420.4015625942231,477.26680319791535,0.3417970079904936,0.0,0.7088751941612744,90.27703125,top3
gate2E_family,N1600_noise0p2,1600,0.2,6,Estimate-then-optimise unconstrained,EtO,442.30574310842525,420.4015625942231,477.26680319791535,0.3851945455899454,0.674921875,0.34791148227246144,30.529140625,none
gate2E_family,N1600_noise0p2,1600,0.2,6,Estimate-then-optimise unconstrained support top3,EtO,476.8918841716653,420.4015625942231,477.26680319791535,0.9934068857834799,0.0,0.7605295399465721,106.112578125,top3
gate2E_family,N1600_noise0p2,1600,0.2,6,Estimate-then-optimise unconstrained learned-transition,EtO,404.92302190544814,420.4015625942231,477.26680319791535,-0.2721968732472036,0.608125,0.46103814168210666,45.2903125,none
gate2E_family,N1600_noise0p2,1600,0.2,6,Estimate-then-optimise unconstrained learned-transition support top3,EtO,467.85124440002437,420.4015625942231,477.26680319791535,0.834423301511897,0.0,0.7501888081679605,135.60984375,top3
gate2E_family,N1600_noise0p2,1600,0.2,6,Estimate-then-optimise unconstrained empirical-transition,EtO,410.30020165855575,420.4015625942231,477.26680319791535,-0.17763682749654036,0.66171875,0.27629909031056604,18.54875,none
gate2E_family,N1600_noise0p2,1600,0.2,6,Estimate-then-optimise unconstrained empirical-transition support top3,EtO,476.8918841716653,420.4015625942231,477.26680319791535,0.9934068857834799,0.0,0.7605295399465721,106.112578125,top3
gate2E_family,N1600_noise0p2,1600,0.2,7,Behaviour cloning,BC,437.7439357875815,422.5603637349696,478.8785864087379,0.2696031822695297,0.0,0.8579838605962945,224.5759375,none
gate2E_family,N1600_noise0p2,1600,0.2,7,Behaviour cloning support top3,BC,437.7439357875815,422.5603637349696,478.8785864087379,0.2696031822695297,0.0,0.8579838605962945,224.5759375,top3
gate2E_family,N1600_noise0p2,1600,0.2,7,Estimate-then-optimise structured,EtO,301.7075672613621,422.5603637349696,478.8785864087379,-2.1458915202929147,0.923203125,0.03601601396478926,3.913671875,none
gate2E_family,N1600_noise0p2,1600,0.2,7,Estimate-then-optimise structured support top3,EtO,456.4458658628747,422.5603637349696,478.8785864087379,0.6016791816068477,0.0,0.6561510636508376,164.172578125,top3
gate2E_family,N1600_noise0p2,1600,0.2,7,Estimate-then-optimise structured learned-transition,EtO,306.477954632152,422.5603637349696,478.8785864087379,-2.061187366924598,0.9303125,0.024827646029880943,1.759609375,none
gate2E_family,N1600_noise0p2,1600,0.2,7,Estimate-then-optimise structured learned-transition support top3,EtO,448.09918221404047,422.5603637349696,478.8785864087379,0.45347344547799906,0.0,0.6792012168765171,147.778515625,top3
gate2E_family,N1600_noise0p2,1600,0.2,7,Estimate-then-optimise structured empirical-transition,EtO,284.2212047645608,422.5603637349696,478.8785864087379,-2.456383607340719,0.894765625,0.04953221154140777,5.152578125,none
gate2E_family,N1600_noise0p2,1600,0.2,7,Estimate-then-optimise structured empirical-transition support top3,EtO,460.4787881855216,422.5603637349696,478.8785864087379,0.6732887269933947,0.0,0.5906742222969324,101.02046875,top3
gate2E_family,N1600_noise0p2,1600,0.2,7,Estimate-then-optimise unconstrained,EtO,447.0983040725021,422.5603637349696,478.8785864087379,0.43570161082092745,0.495078125,0.46284234365459515,52.81109375,none
gate2E_family,N1600_noise0p2,1600,0.2,7,Estimate-then-optimise unconstrained support top3,EtO,478.4897896345555,422.5603637349696,478.8785864087379,0.9930964303253224,0.0,0.7639221808882596,108.17484375,top3
gate2E_family,N1600_noise0p2,1600,0.2,7,Estimate-then-optimise unconstrained learned-transition,EtO,439.75652340100265,422.5603637349696,478.8785864087379,0.30533917530821914,0.48359375,0.4743690799887224,64.194609375,none
gate2E_family,N1600_noise0p2,1600,0.2,7,Estimate-then-optimise unconstrained learned-transition support top3,EtO,470.97061676406264,422.5603637349696,478.8785864087379,0.8595841759694135,0.0,0.7890025168379381,132.247578125,top3
gate2E_family,N1600_noise0p2,1600,0.2,7,Estimate-then-optimise unconstrained empirical-transition,EtO,412.3525343273986,422.5603637349696,478.8785864087379,-0.18125269092210863,0.585703125,0.2751075201531733,18.3409375,none
gate2E_family,N1600_noise0p2,1600,0.2,7,Estimate-then-optimise unconstrained empirical-transition support top3,EtO,478.4897896345555,422.5603637349696,478.8785864087379,0.9930964303253224,0.0,0.7639221808882596,108.17484375,top3
gate2E_family,N1600_noise0p2,1600,0.2,8,Behaviour cloning,BC,450.3829981686192,421.64695137411786,478.1010548050897,0.5090160864858622,0.0,0.8457842014852988,232.163671875,none
gate2E_family,N1600_noise0p2,1600,0.2,8,Behaviour cloning support top3,BC,450.3829981686192,421.64695137411786,478.1010548050897,0.5090160864858622,0.0,0.8457842014852988,232.163671875,top3
gate2E_family,N1600_noise0p2,1600,0.2,8,Estimate-then-optimise structured,EtO,313.9071533464973,421.64695137411786,478.1010548050897,-1.908449368244017,0.9290625,0.024966945581186225,1.837421875,none
gate2E_family,N1600_noise0p2,1600,0.2,8,Estimate-then-optimise structured support top3,EtO,449.978579937364,421.64695137411786,478.1010548050897,0.5018524224352986,0.0,0.7295506049341509,182.97515625,top3
gate2E_family,N1600_noise0p2,1600,0.2,8,Estimate-then-optimise structured learned-transition,EtO,314.5634762071435,421.64695137411786,478.1010548050897,-1.8968235904748474,0.9290625,0.024966945581186225,1.837421875,none
gate2E_family,N1600_noise0p2,1600,0.2,8,Estimate-then-optimise structured learned-transition support top3,EtO,449.978579937364,421.64695137411786,478.1010548050897,0.5018524224352986,0.0,0.7295506049341509,182.97515625,top3
gate2E_family,N1600_noise0p2,1600,0.2,8,Estimate-then-optimise structured empirical-transition,EtO,300.7399650417457,421.64695137411786,478.1010548050897,-2.141686413994846,0.875390625,0.06157945219276297,2.979765625,none
gate2E_family,N1600_noise0p2,1600,0.2,8,Estimate-then-optimise structured empirical-transition support top3,EtO,448.3605237513155,421.64695137411786,478.1010548050897,0.47319097733721244,0.0,0.7517564220628933,161.721328125,top3
gate2E_family,N1600_noise0p2,1600,0.2,8,Estimate-then-optimise unconstrained,EtO,463.4902663284814,421.64695137411786,478.1010548050897,0.7411917364966513,0.582734375,0.3551268496705716,42.545546875,none
gate2E_family,N1600_noise0p2,1600,0.2,8,Estimate-then-optimise unconstrained support top3,EtO,477.7226755015262,421.64695137411786,478.1010548050897,0.993297576605284,0.0,0.7684062688171903,106.73609375,top3
gate2E_family,N1600_noise0p2,1600,0.2,8,Estimate-then-optimise unconstrained learned-transition,EtO,465.72415690767434,421.64695137411786,478.1010548050897,0.780761766723495,0.418984375,0.4765522153976876,66.172265625,none
gate2E_family,N1600_noise0p2,1600,0.2,8,Estimate-then-optimise unconstrained learned-transition support top3,EtO,467.84113064146214,421.64695137411786,478.1010548050897,0.8182607899145423,0.0,0.6704664594660009,123.51484375,top3
gate2E_family,N1600_noise0p2,1600,0.2,8,Estimate-then-optimise unconstrained empirical-transition,EtO,411.55802820774164,421.64695137411786,478.1010548050897,-0.17871018319708604,0.58453125,0.2872368275784022,18.12015625,none
gate2E_family,N1600_noise0p2,1600,0.2,8,Estimate-then-optimise unconstrained empirical-transition support top3,EtO,477.7226755015262,421.64695137411786,478.1010548050897,0.993297576605284,0.0,0.7684062688171903,106.73609375,top3
gate2E_family,N1600_noise0p2,1600,0.2,9,Behaviour cloning,BC,449.45119374289965,421.14554862217454,477.7638570902434,0.49993802157986933,0.0,0.8268503812172786,225.701796875,none
gate2E_family,N1600_noise0p2,1600,0.2,9,Behaviour cloning support top3,BC,449.45119374289965,421.14554862217454,477.7638570902434,0.49993802157986933,0.0,0.8268503812172786,225.701796875,top3
gate2E_family,N1600_noise0p2,1600,0.2,9,Estimate-then-optimise structured,EtO,289.24456637416085,421.14554862217454,477.7638570902434,-2.329652471380387,0.928046875,0.028275169926896736,1.961640625,none
gate2E_family,N1600_noise0p2,1600,0.2,9,Estimate-then-optimise structured support top3,EtO,447.2923264087243,421.14554862217454,477.7638570902434,0.4618078231937257,0.0,0.7011256924759468,147.86796875,top3
gate2E_family,N1600_noise0p2,1600,0.2,9,Estimate-then-optimise structured learned-transition,EtO,293.9450988905803,421.14554862217454,477.7638570902434,-2.246631048741623,0.90421875,0.05140061161816134,6.73328125,none
gate2E_family,N1600_noise0p2,1600,0.2,9,Estimate-then-optimise structured learned-transition support top3,EtO,446.83711641065224,421.14554862217454,477.7638570902434,0.4537678444238056,0.0,0.6998730793631687,151.46859375,top3
gate2E_family,N1600_noise0p2,1600,0.2,9,Estimate-then-optimise structured empirical-transition,EtO,295.8309551417224,421.14554862217454,477.7638570902434,-2.213322807959303,0.8775,0.0655403664840391,2.885390625,none
gate2E_family,N1600_noise0p2,1600,0.2,9,Estimate-then-optimise structured empirical-transition support top3,EtO,439.9877815039269,421.14554862217454,477.7638570902434,0.3327939917593767,0.0,0.6944612571753561,82.0146875,top3
gate2E_family,N1600_noise0p2,1600,0.2,9,Estimate-then-optimise unconstrained,EtO,475.7118677971328,421.14554862217454,477.7638570902434,0.963757495611727,0.075625,0.7127802198305134,96.65765625,none
gate2E_family,N1600_noise0p2,1600,0.2,9,Estimate-then-optimise unconstrained support top3,EtO,476.78486859614463,421.14554862217454,477.7638570902434,0.982708976643997,0.0,0.7618972342995187,106.430390625,top3
gate2E_family,N1600_noise0p2,1600,0.2,9,Estimate-then-optimise unconstrained learned-transition,EtO,466.92468040088403,421.14554862217454,477.7638570902434,0.8085570377738791,0.30625,0.5621200715250383,88.646953125,none
gate2E_family,N1600_noise0p2,1600,0.2,9,Estimate-then-optimise unconstrained learned-transition support top3,EtO,472.50409601672305,421.14554862217454,477.7638570902434,0.9071014091407076,0.0,0.7176190158188968,108.015625,top3
gate2E_family,N1600_noise0p2,1600,0.2,9,Estimate-then-optimise unconstrained empirical-transition,EtO,411.6461567441645,421.14554862217454,477.7638570902434,-0.16777950693047353,0.65484375,0.2733080040085184,17.86203125,none
gate2E_family,N1600_noise0p2,1600,0.2,9,Estimate-then-optimise unconstrained empirical-transition support top3,EtO,476.8437104070358,421.14554862217454,477.7638570902434,0.9837482484358127,0.0,0.759403230886279,107.372734375,top3
gate2E_family,N1600_noise0p5,1600,0.5,0,Behaviour cloning,BC,442.2199251235548,420.6941057714956,478.158742618527,0.37459245430124416,0.04546875,0.7853058567948539,156.972421875,none
gate2E_family,N1600_noise0p5,1600,0.5,0,Behaviour cloning support top3,BC,437.0160898198069,420.6941057714956,478.158742618527,0.28403527706543746,0.0,0.8405776655145027,207.351796875,top3
gate2E_family,N1600_noise0p5,1600,0.5,0,Estimate-then-optimise structured,EtO,229.75583692960586,420.6941057714956,478.158742618527,-3.322709048874001,0.851953125,0.11866230430276557,11.556640625,none
gate2E_family,N1600_noise0p5,1600,0.5,0,Estimate-then-optimise structured support top3,EtO,459.88526671314304,420.6941057714956,478.158742618527,0.682004848407426,0.0,0.5631460962703,100.05171875,top3
gate2E_family,N1600_noise0p5,1600,0.5,0,Estimate-then-optimise structured learned-transition,EtO,223.32836085998417,420.6941057714956,478.158742618527,-3.4345600310133535,0.86421875,0.11868361389039012,10.0284375,none
gate2E_family,N1600_noise0p5,1600,0.5,0,Estimate-then-optimise structured learned-transition support top3,EtO,448.2267189856079,420.6941057714956,478.158742618527,0.4791227218124255,0.0,0.6797607924885648,138.02640625,top3
gate2E_family,N1600_noise0p5,1600,0.5,0,Estimate-then-optimise structured empirical-transition,EtO,257.16638914026015,420.6941057714956,478.158742618527,-2.845710433471278,0.8740625,0.09110681348110182,10.447265625,none
gate2E_family,N1600_noise0p5,1600,0.5,0,Estimate-then-optimise structured empirical-transition support top3,EtO,475.0859890914768,420.6941057714956,478.158742618527,0.9465279222901943,0.0,0.7108138333107574,97.7965625,top3
gate2E_family,N1600_noise0p5,1600,0.5,0,Estimate-then-optimise unconstrained,EtO,475.08332377456287,420.6941057714956,478.158742618527,0.9464815404271886,0.1271875,0.6737195966597813,96.953984375,none
gate2E_family,N1600_noise0p5,1600,0.5,0,Estimate-then-optimise unconstrained support top3,EtO,477.63105844898297,420.6941057714956,478.158742618527,0.9908172365041005,0.0,0.7711987033067399,113.13203125,top3
gate2E_family,N1600_noise0p5,1600,0.5,0,Estimate-then-optimise unconstrained learned-transition,EtO,466.4796523091157,420.6941057714956,478.158742618527,0.7967603912559198,0.41453125,0.5049763758709586,73.7471875,none
gate2E_family,N1600_noise0p5,1600,0.5,0,Estimate-then-optimise unconstrained learned-transition support top3,EtO,472.4634977163322,420.6941057714956,478.158742618527,0.9008913096004534,0.0,0.7222609930692976,116.096328125,top3
gate2E_family,N1600_noise0p5,1600,0.5,0,Estimate-then-optimise unconstrained empirical-transition,EtO,411.5338453272423,420.6941057714956,478.158742618527,-0.15940691435390952,0.584375,0.2833412617343175,19.996953125,none
gate2E_family,N1600_noise0p5,1600,0.5,0,Estimate-then-optimise unconstrained empirical-transition support top3,EtO,477.63105844898297,420.6941057714956,478.158742618527,0.9908172365041005,0.0,0.7711987033067399,113.13203125,top3
gate2E_family,N1600_noise0p5,1600,0.5,1,Behaviour cloning,BC,442.41327441768937,422.2408621751993,479.08172757209076,0.3548927712770759,0.054296875,0.7834058727277463,162.80734375,none
gate2E_family,N1600_noise0p5,1600,0.5,1,Behaviour cloning support top3,BC,436.1990724656192,422.2408621751993,479.08172757209076,0.2455664633702651,0.0,0.8479703179210492,226.98625,top3
gate2E_family,N1600_noise0p5,1600,0.5,1,Estimate-then-optimise structured,EtO,299.0596143594953,422.2408621751993,479.08172757209076,-2.167124778195946,0.912734375,0.04932534344853187,7.499765625,none
gate2E_family,N1600_noise0p5,1600,0.5,1,Estimate-then-optimise structured support top3,EtO,456.8174666230344,422.2408621751993,479.08172757209076,0.608305383924117,0.0,0.6151443339535834,132.788125,top3
gate2E_family,N1600_noise0p5,1600,0.5,1,Estimate-then-optimise structured learned-transition,EtO,293.6622269152073,422.2408621751993,479.08172757209076,-2.2620808877942205,0.901015625,0.0401184878156475,2.766875,none
gate2E_family,N1600_noise0p5,1600,0.5,1,Estimate-then-optimise structured learned-transition support top3,EtO,448.3405289137021,422.2408621751993,479.08172757209076,0.459170819379012,0.0,0.6772545650260734,149.92921875,top3
gate2E_family,N1600_noise0p5,1600,0.5,1,Estimate-then-optimise structured empirical-transition,EtO,280.53457026530157,422.2408621751993,479.08172757209076,-2.4930354406188804,0.89484375,0.05004423989536889,4.671953125,none
gate2E_family,N1600_noise0p5,1600,0.5,1,Estimate-then-optimise structured empirical-transition support top3,EtO,458.9951417769627,422.2408621751993,479.08172757209076,0.6466171713806007,0.0,0.5948156690841298,96.354296875,top3
gate2E_family,N1600_noise0p5,1600,0.5,1,Estimate-then-optimise unconstrained,EtO,466.81030639826974,422.2408621751993,479.08172757209076,0.7841091776464734,0.522109375,0.4032359711464205,51.25265625,none
gate2E_family,N1600_noise0p5,1600,0.5,1,Estimate-then-optimise unconstrained support top3,EtO,478.63853659327054,422.2408621751993,479.08172757209076,0.992202951596081,0.0,0.7703013809417365,111.650546875,top3
gate2E_family,N1600_noise0p5,1600,0.5,1,Estimate-then-optimise unconstrained learned-transition,EtO,467.2281974740742,422.2408621751993,479.08172757209076,0.7914611254552641,0.41203125,0.497667100460843,76.15890625,none
gate2E_family,N1600_noise0p5,1600,0.5,1,Estimate-then-optimise unconstrained learned-transition support top3,EtO,466.57562143287635,422.2408621751993,479.08172757209076,0.7799803706032534,0.0,0.6912956962728215,123.815390625,top3
gate2E_family,N1600_noise0p5,1600,0.5,1,Estimate-then-optimise unconstrained empirical-transition,EtO,412.28194194790296,422.2408621751993,479.08172757209076,-0.17520704791804573,0.583671875,0.27353711299038863,18.6121875,none
gate2E_family,N1600_noise0p5,1600,0.5,1,Estimate-then-optimise unconstrained empirical-transition support top3,EtO,478.63853659327054,422.2408621751993,479.08172757209076,0.992202951596081,0.0,0.7703013809417365,111.650546875,top3
gate2E_family,N1600_noise0p5,1600,0.5,2,Behaviour cloning,BC,441.51158737027276,420.7019605669336,477.9242309914933,0.3636630746900196,0.0,0.8354088330780824,201.7390625,none
gate2E_family,N1600_noise0p5,1600,0.5,2,Behaviour cloning support top3,BC,441.51158737027276,420.7019605669336,477.9242309914933,0.3636630746900196,0.0,0.8354088330780824,201.7390625,top3
gate2E_family,N1600_noise0p5,1600,0.5,2,Estimate-then-optimise structured,EtO,282.17793020945646,420.7019605669336,477.9242309914933,-2.4208062582924526,0.873671875,0.06053997382547974,6.922421875,none
gate2E_family,N1600_noise0p5,1600,0.5,2,Estimate-then-optimise structured support top3,EtO,457.0443328876827,420.7019605669336,477.9242309914933,0.6351088842002851,0.0,0.6239561386317531,120.32640625,top3
gate2E_family,N1600_noise0p5,1600,0.5,2,Estimate-then-optimise structured learned-transition,EtO,279.12944903591705,420.7019605669336,477.9242309914933,-2.474080641691106,0.874375,0.05292039330135324,4.84046875,none
gate2E_family,N1600_noise0p5,1600,0.5,2,Estimate-then-optimise structured learned-transition support top3,EtO,447.5642108143929,420.7019605669336,477.9242309914933,0.46943698752522833,0.0,0.6821887189058295,176.283671875,top3
gate2E_family,N1600_noise0p5,1600,0.5,2,Estimate-then-optimise structured empirical-transition,EtO,257.7001166564094,420.7019605669336,477.9242309914933,-2.848573513443888,0.868828125,0.09869374561009302,10.401953125,none
gate2E_family,N1600_noise0p5,1600,0.5,2,Estimate-then-optimise structured empirical-transition support top3,EtO,467.29649961439924,420.7019605669336,477.9242309914933,0.8142728119971162,0.0,0.5866056428981032,109.094140625,top3
gate2E_family,N1600_noise0p5,1600,0.5,2,Estimate-then-optimise unconstrained,EtO,476.63856427387697,420.7019605669336,477.9242309914933,0.9775320568709116,0.06265625,0.7249219054139777,114.518203125,none
gate2E_family,N1600_noise0p5,1600,0.5,2,Estimate-then-optimise unconstrained support top3,EtO,477.4334161819272,420.7019605669336,477.9242309914933,0.9914226610387096,0.0,0.7781590740566368,111.466171875,top3
gate2E_family,N1600_noise0p5,1600,0.5,2,Estimate-then-optimise unconstrained learned-transition,EtO,467.97854306121263,420.7019605669336,477.9242309914933,0.8261920078233738,0.32015625,0.5571925146309527,94.629921875,none
gate2E_family,N1600_noise0p5,1600,0.5,2,Estimate-then-optimise unconstrained learned-transition support top3,EtO,466.80189769899533,420.7019605669336,477.9242309914933,0.8056292906594584,0.0,0.7787219094491385,144.654296875,top3
gate2E_family,N1600_noise0p5,1600,0.5,2,Estimate-then-optimise unconstrained empirical-transition,EtO,414.133450567299,420.7019605669336,477.9242309914933,-0.11478939844399157,0.709296875,0.24003485230487717,13.468359375,none
gate2E_family,N1600_noise0p5,1600,0.5,2,Estimate-then-optimise unconstrained empirical-transition support top3,EtO,477.47062254205406,420.7019605669336,477.9242309914933,0.9920728687262199,0.0,0.7776071864178679,111.896640625,top3
gate2E_family,N1600_noise0p5,1600,0.5,3,Behaviour cloning,BC,443.3288711089266,420.1985074854882,477.65883098140347,0.40254496000327367,0.0,0.8790019311989488,192.08765625,none
gate2E_family,N1600_noise0p5,1600,0.5,3,Behaviour cloning support top3,BC,443.3288711089266,420.1985074854882,477.65883098140347,0.40254496000327367,0.0,0.8790019311989488,192.08765625,top3
gate2E_family,N1600_noise0p5,1600,0.5,3,Estimate-then-optimise structured,EtO,272.6228723400195,420.1985074854882,477.65883098140347,-2.5683049827584004,0.875859375,0.05144209794528052,7.04359375,none
gate2E_family,N1600_noise0p5,1600,0.5,3,Estimate-then-optimise structured support top3,EtO,449.39837790768945,420.1985074854882,477.65883098140347,0.5081744871185244,0.0,0.6930348863774786,175.104453125,top3
gate2E_family,N1600_noise0p5,1600,0.5,3,Estimate-then-optimise structured learned-transition,EtO,269.75447223428085,420.1985074854882,477.65883098140347,-2.6182246478633586,0.8828125,0.04128138181373098,4.803828125,none
gate2E_family,N1600_noise0p5,1600,0.5,3,Estimate-then-optimise structured learned-transition support top3,EtO,446.5633247665944,420.1985074854882,477.65883098140347,0.4588351696798298,0.0,0.6902258899482362,182.058515625,top3
gate2E_family,N1600_noise0p5,1600,0.5,3,Estimate-then-optimise structured empirical-transition,EtO,244.38745872075742,420.1985074854882,477.65883098140347,-3.059694726174469,0.86390625,0.0720987698214586,6.34484375,none
gate2E_family,N1600_noise0p5,1600,0.5,3,Estimate-then-optimise structured empirical-transition support top3,EtO,470.18366034513355,420.1985074854882,477.65883098140347,0.8699072650225974,0.0,0.685644484515887,107.672421875,top3
gate2E_family,N1600_noise0p5,1600,0.5,3,Estimate-then-optimise unconstrained,EtO,475.7422679944611,420.1985074854882,477.65883098140347,0.9666454542832739,0.0675,0.6968927528254333,98.0165625,none
gate2E_family,N1600_noise0p5,1600,0.5,3,Estimate-then-optimise unconstrained support top3,EtO,477.21389154458717,420.1985074854882,477.65883098140347,0.992256579675401,0.0,0.7557048287267182,106.521796875,top3
gate2E_family,N1600_noise0p5,1600,0.5,3,Estimate-then-optimise unconstrained learned-transition,EtO,466.9706802108123,420.1985074854882,477.65883098140347,0.8139907657959676,0.266953125,0.5882644463539571,93.578125,none
gate2E_family,N1600_noise0p5,1600,0.5,3,Estimate-then-optimise unconstrained learned-transition support top3,EtO,473.34503572196394,420.1985074854882,477.65883098140347,0.9249256704977272,0.0,0.7213500723942019,109.4115625,top3
gate2E_family,N1600_noise0p5,1600,0.5,3,Estimate-then-optimise unconstrained empirical-transition,EtO,411.3588608766165,420.1985074854882,477.65883098140347,-0.15383913753113657,0.582734375,0.2756736796723981,19.48515625,none
gate2E_family,N1600_noise0p5,1600,0.5,3,Estimate-then-optimise unconstrained empirical-transition support top3,EtO,477.21389154458717,420.1985074854882,477.65883098140347,0.992256579675401,0.0,0.7557048287267182,106.521796875,top3
gate2E_family,N1600_noise0p5,1600,0.5,4,Behaviour cloning,BC,455.37966231217405,422.8141069914742,479.6367344894461,0.5731089313295512,0.055078125,0.7964846196156407,152.18625,none
gate2E_family,N1600_noise0p5,1600,0.5,4,Behaviour cloning support top3,BC,449.9860064492015,422.8141069914742,479.6367344894461,0.4781880151300135,0.0,0.8471924877701289,203.111328125,top3
gate2E_family,N1600_noise0p5,1600,0.5,4,Estimate-then-optimise structured,EtO,256.12365072402883,422.8141069914742,479.6367344894461,-2.9335224998772693,0.87046875,0.08800853950340473,11.1021875,none
gate2E_family,N1600_noise0p5,1600,0.5,4,Estimate-then-optimise structured support top3,EtO,460.63611714775294,422.8141069914742,479.6367344894461,0.665615298370859,0.0,0.5751949460302144,121.326953125,top3
gate2E_family,N1600_noise0p5,1600,0.5,4,Estimate-then-optimise structured learned-transition,EtO,241.63230935783176,422.8141069914742,479.6367344894461,-3.188550153547707,0.892890625,0.0699542840119235,6.881015625,none
gate2E_family,N1600_noise0p5,1600,0.5,4,Estimate-then-optimise structured learned-transition support top3,EtO,449.07909393044815,422.8141069914742,479.6367344894461,0.462227603605824,0.0,0.6586257846439112,170.92390625,top3
gate2E_family,N1600_noise0p5,1600,0.5,4,Estimate-then-optimise structured empirical-transition,EtO,256.62608829961215,422.8141069914742,479.6367344894461,-2.924680290396526,0.891875,0.07552811702544565,8.041328125,none
gate2E_family,N1600_noise0p5,1600,0.5,4,Estimate-then-optimise structured empirical-transition support top3,EtO,471.65709407997406,422.8141069914742,479.6367344894461,0.8595693166466678,0.0,0.6460286433435979,111.3715625,top3
gate2E_family,N1600_noise0p5,1600,0.5,4,Estimate-then-optimise unconstrained,EtO,477.44999306761855,422.8141069914742,479.6367344894461,0.9615163620882262,0.11953125,0.6684838538415832,101.90171875,none
gate2E_family,N1600_noise0p5,1600,0.5,4,Estimate-then-optimise unconstrained support top3,EtO,479.10440970464174,422.8141069914742,479.6367344894461,0.9906318167912359,0.0,0.7721292175706554,112.37390625,top3
gate2E_family,N1600_noise0p5,1600,0.5,4,Estimate-then-optimise unconstrained learned-transition,EtO,467.7403576515634,422.8141069914742,479.6367344894461,0.7906401487979887,0.337109375,0.5510327438406075,77.863125,none
gate2E_family,N1600_noise0p5,1600,0.5,4,Estimate-then-optimise unconstrained learned-transition support top3,EtO,472.7447892694977,422.8141069914742,479.6367344894461,0.8787112542412018,0.0,0.698738763381003,118.718046875,top3
gate2E_family,N1600_noise0p5,1600,0.5,4,Estimate-then-optimise unconstrained empirical-transition,EtO,413.03286883280185,422.8141069914742,479.6367344894461,-0.1721363229643237,0.658984375,0.2736313223322058,19.31921875,none
gate2E_family,N1600_noise0p5,1600,0.5,4,Estimate-then-optimise unconstrained empirical-transition support top3,EtO,479.1582357892302,422.8141069914742,479.6367344894461,0.9915790817622265,0.0,0.7738759408868526,112.758125,top3
gate2E_family,N1600_noise0p5,1600,0.5,5,Behaviour cloning,BC,437.6120665317854,420.42955294452105,477.5980827412801,0.30055895522152176,0.0340625,0.8252452470855354,168.03015625,none
gate2E_family,N1600_noise0p5,1600,0.5,5,Behaviour cloning support top3,BC,433.7136607028608,420.42955294452105,477.5980827412801,0.232367489693479,0.0,0.8657281686362686,206.72515625,top3
gate2E_family,N1600_noise0p5,1600,0.5,5,Estimate-then-optimise structured,EtO,292.41378035076036,420.42955294452105,477.5980827412801,-2.2392699803348455,0.88953125,0.027551407616767092,2.05296875,none
gate2E_family,N1600_noise0p5,1600,0.5,5,Estimate-then-optimise structured support top3,EtO,457.10976388108344,420.42955294452105,477.5980827412801,0.6416154318987197,0.0,0.639868266500812,140.7825,top3
gate2E_family,N1600_noise0p5,1600,0.5,5,Estimate-then-optimise structured learned-transition,EtO,275.2526897237095,420.42955294452105,477.5980827412801,-2.5394542021096673,0.90078125,0.025709452656589648,1.87703125,none
gate2E_family,N1600_noise0p5,1600,0.5,5,Estimate-then-optimise structured learned-transition support top3,EtO,446.8149408262153,420.42955294452105,477.5980827412801,0.46153693256582723,0.0,0.6873714495395125,179.09828125,top3
gate2E_family,N1600_noise0p5,1600,0.5,5,Estimate-then-optimise structured empirical-transition,EtO,270.04906546620964,420.42955294452105,477.5980827412801,-2.6304767327921845,0.860390625,0.04570459558725126,5.43390625,none
gate2E_family,N1600_noise0p5,1600,0.5,5,Estimate-then-optimise structured empirical-transition support top3,EtO,453.3544796421495,420.42955294452105,477.5980827412801,0.5759274694430746,0.0,0.6194683466504451,122.814140625,top3
gate2E_family,N1600_noise0p5,1600,0.5,5,Estimate-then-optimise unconstrained,EtO,475.9359469082629,420.42955294452105,477.5980827412801,0.97092568518158,0.114921875,0.675167881444449,96.906796875,none
gate2E_family,N1600_noise0p5,1600,0.5,5,Estimate-then-optimise unconstrained support top3,EtO,477.201005047425,420.42955294452105,477.5980827412801,0.9930542608797746,0.0,0.7670892427154696,109.639921875,top3
gate2E_family,N1600_noise0p5,1600,0.5,5,Estimate-then-optimise unconstrained learned-transition,EtO,460.09186082497484,420.42955294452105,477.5980827412801,0.6937786929532389,0.446015625,0.43206699976708396,48.56640625,none
gate2E_family,N1600_noise0p5,1600,0.5,5,Estimate-then-optimise unconstrained learned-transition support top3,EtO,465.9922780077152,420.42955294452105,477.5980827412801,0.7969896239272736,0.0,0.7372421891670398,130.82578125,top3
gate2E_family,N1600_noise0p5,1600,0.5,5,Estimate-then-optimise unconstrained empirical-transition,EtO,410.05745799937,420.42955294452105,477.5980827412801,-0.18143015015472816,0.7059375,0.1601256332494932,16.733984375,none
gate2E_family,N1600_noise0p5,1600,0.5,5,Estimate-then-optimise unconstrained empirical-transition support top3,EtO,477.1853184569379,420.42955294452105,477.5980827412801,0.9927798688227664,0.0,0.7677993987955304,108.306484375,top3
gate2E_family,N1600_noise0p5,1600,0.5,6,Behaviour cloning,BC,442.31117937601687,420.4015625942231,477.26680319791535,0.38529014472104745,0.0,0.8382842831708757,201.7984375,none
gate2E_family,N1600_noise0p5,1600,0.5,6,Behaviour cloning support top3,BC,442.31117937601687,420.4015625942231,477.26680319791535,0.38529014472104745,0.0,0.8382842831708757,201.7984375,top3
gate2E_family,N1600_noise0p5,1600,0.5,6,Estimate-then-optimise structured,EtO,291.4855504052175,420.4015625942231,477.26680319791535,-2.2670441700484965,0.904921875,0.04552369750081756,7.2675,none
gate2E_family,N1600_noise0p5,1600,0.5,6,Estimate-then-optimise structured support top3,EtO,451.8545955072324,420.4015625942231,477.26680319791535,0.5531152700507002,0.0,0.6594558858706318,145.94484375,top3
gate2E_family,N1600_noise0p5,1600,0.5,6,Estimate-then-optimise structured learned-transition,EtO,285.5143736592112,420.4015625942231,477.26680319791535,-2.372049911387409,0.910859375,0.0359640566121432,2.293359375,none
gate2E_family,N1600_noise0p5,1600,0.5,6,Estimate-then-optimise structured learned-transition support top3,EtO,446.23628756615756,420.4015625942231,477.26680319791535,0.4543148801916265,0.0,0.7002267502530765,152.123984375,top3
gate2E_family,N1600_noise0p5,1600,0.5,6,Estimate-then-optimise structured empirical-transition,EtO,279.83265357779936,420.4015625942231,477.26680319791535,-2.4719654313270696,0.885078125,0.05235414280162598,5.42640625,none
gate2E_family,N1600_noise0p5,1600,0.5,6,Estimate-then-optimise structured empirical-transition support top3,EtO,457.14110200827935,420.4015625942231,477.26680319791535,0.646080787208887,0.0,0.5966657986778121,95.971484375,top3
gate2E_family,N1600_noise0p5,1600,0.5,6,Estimate-then-optimise unconstrained,EtO,444.2206964177497,420.4015625942231,477.26680319791535,0.41886983279518625,0.540546875,0.42574534422201005,47.6040625,none
gate2E_family,N1600_noise0p5,1600,0.5,6,Estimate-then-optimise unconstrained support top3,EtO,476.181341405739,420.4015625942231,477.26680319791535,0.9809116820635435,0.0,0.7458731024918842,107.795859375,top3
gate2E_family,N1600_noise0p5,1600,0.5,6,Estimate-then-optimise unconstrained learned-transition,EtO,416.4213539023933,420.4015625942231,477.26680319791535,-0.06999370176886825,0.444140625,0.4985864436487347,71.598984375,none
gate2E_family,N1600_noise0p5,1600,0.5,6,Estimate-then-optimise unconstrained learned-transition support top3,EtO,465.2108119506258,420.4015625942231,477.26680319791535,0.7879901479480107,0.0,0.7399193132650322,150.8946875,top3
gate2E_family,N1600_noise0p5,1600,0.5,6,Estimate-then-optimise unconstrained empirical-transition,EtO,408.8270048658597,420.4015625942231,477.26680319791535,-0.20354363413371132,0.78671875,0.1490928572051439,16.29875,none
gate2E_family,N1600_noise0p5,1600,0.5,6,Estimate-then-optimise unconstrained empirical-transition support top3,EtO,476.8918841716653,420.4015625942231,477.26680319791535,0.9934068857834799,0.0,0.7605295399465721,106.112578125,top3
gate2E_family,N1600_noise0p5,1600,0.5,7,Behaviour cloning,BC,437.7439357875815,422.5603637349696,478.8785864087379,0.2696031822695297,0.0,0.8579838605962945,224.5759375,none
gate2E_family,N1600_noise0p5,1600,0.5,7,Behaviour cloning support top3,BC,437.7439357875815,422.5603637349696,478.8785864087379,0.2696031822695297,0.0,0.8579838605962945,224.5759375,top3
gate2E_family,N1600_noise0p5,1600,0.5,7,Estimate-then-optimise structured,EtO,292.05965738904627,422.5603637349696,478.8785864087379,-2.3172021443550905,0.88078125,0.06648030273545723,13.847421875,none
gate2E_family,N1600_noise0p5,1600,0.5,7,Estimate-then-optimise structured support top3,EtO,456.4243794776362,422.5603637349696,478.8785864087379,0.6012976641473394,0.0,0.6500350946141404,163.9384375,top3
gate2E_family,N1600_noise0p5,1600,0.5,7,Estimate-then-optimise structured learned-transition,EtO,296.29509796326914,422.5603637349696,478.8785864087379,-2.2419966358510792,0.918671875,0.0291586402093395,1.974140625,none
gate2E_family,N1600_noise0p5,1600,0.5,7,Estimate-then-optimise structured learned-transition support top3,EtO,448.07769582880195,422.5603637349696,478.8785864087379,0.4530919280184908,0.0,0.6730852478398199,147.544375,top3
gate2E_family,N1600_noise0p5,1600,0.5,7,Estimate-then-optimise structured empirical-transition,EtO,277.6593760401759,422.5603637349696,478.8785864087379,-2.5728970272047524,0.894765625,0.05001179961978906,4.95921875,none
gate2E_family,N1600_noise0p5,1600,0.5,7,Estimate-then-optimise structured empirical-transition support top3,EtO,460.70714722662916,422.5603637349696,478.8785864087379,0.6773435254274714,0.0,0.5769166825195172,87.4875,top3
gate2E_family,N1600_noise0p5,1600,0.5,7,Estimate-then-optimise unconstrained,EtO,409.26372756914844,422.5603637349696,478.8785864087379,-0.23609829171712163,0.86,0.2604269243932659,11.332734375,none
gate2E_family,N1600_noise0p5,1600,0.5,7,Estimate-then-optimise unconstrained support top3,EtO,478.4897896345555,422.5603637349696,478.8785864087379,0.9930964303253224,0.0,0.7639221808882596,108.17484375,top3
gate2E_family,N1600_noise0p5,1600,0.5,7,Estimate-then-optimise unconstrained learned-transition,EtO,389.2867272974399,422.5603637349696,478.8785864087379,-0.5908147462371501,0.790078125,0.29201023282695476,20.69453125,none
gate2E_family,N1600_noise0p5,1600,0.5,7,Estimate-then-optimise unconstrained learned-transition support top3,EtO,470.97061676406264,422.5603637349696,478.8785864087379,0.8595841759694135,0.0,0.7890025168379381,132.247578125,top3
gate2E_family,N1600_noise0p5,1600,0.5,7,Estimate-then-optimise unconstrained empirical-transition,EtO,410.87933753470264,422.5603637349696,478.8785864087379,-0.20741112992736022,0.710703125,0.14870524491221893,15.5909375,none
gate2E_family,N1600_noise0p5,1600,0.5,7,Estimate-then-optimise unconstrained empirical-transition support top3,EtO,478.4897896345555,422.5603637349696,478.8785864087379,0.9930964303253224,0.0,0.7639221808882596,108.17484375,top3
gate2E_family,N1600_noise0p5,1600,0.5,8,Behaviour cloning,BC,450.3829981686192,421.64695137411786,478.1010548050897,0.5090160864858622,0.0,0.8457842014852988,232.163671875,none
gate2E_family,N1600_noise0p5,1600,0.5,8,Behaviour cloning support top3,BC,450.3829981686192,421.64695137411786,478.1010548050897,0.5090160864858622,0.0,0.8457842014852988,232.163671875,top3
gate2E_family,N1600_noise0p5,1600,0.5,8,Estimate-then-optimise structured,EtO,277.35837154608066,421.64695137411786,478.1010548050897,-2.5558563693153555,0.900703125,0.0567663678000938,6.631015625,none
gate2E_family,N1600_noise0p5,1600,0.5,8,Estimate-then-optimise structured support top3,EtO,455.2559138369652,421.64695137411786,478.1010548050897,0.5953324987959829,0.0,0.634086049872228,115.322109375,top3
gate2E_family,N1600_noise0p5,1600,0.5,8,Estimate-then-optimise structured learned-transition,EtO,265.60953254138553,421.64695137411786,478.1010548050897,-2.7639694787381415,0.8965625,0.04088759935094991,3.41703125,none
gate2E_family,N1600_noise0p5,1600,0.5,8,Estimate-then-optimise structured learned-transition support top3,EtO,447.3407027782897,421.64695137411786,478.1010548050897,0.4551263742163294,0.0,0.6801084979187838,151.51328125,top3
gate2E_family,N1600_noise0p5,1600,0.5,8,Estimate-then-optimise structured empirical-transition,EtO,256.43252616773697,421.64695137411786,478.1010548050897,-2.9265264199686327,0.888671875,0.07822048024245612,8.34640625,none
gate2E_family,N1600_noise0p5,1600,0.5,8,Estimate-then-optimise structured empirical-transition support top3,EtO,467.48539652044434,421.64695137411786,478.1010548050897,0.811959492056668,0.0,0.5940455430295464,108.75109375,top3
gate2E_family,N1600_noise0p5,1600,0.5,8,Estimate-then-optimise unconstrained,EtO,462.5822428456747,421.64695137411786,478.1010548050897,0.7251074586918151,0.600390625,0.3476925091390524,41.857890625,none
gate2E_family,N1600_noise0p5,1600,0.5,8,Estimate-then-optimise unconstrained support top3,EtO,477.74205305448095,421.64695137411786,478.1010548050897,0.9936408209715402,0.0,0.7656282921532681,108.25203125,top3
gate2E_family,N1600_noise0p5,1600,0.5,8,Estimate-then-optimise unconstrained learned-transition,EtO,461.7860135552187,421.64695137411786,478.1010548050897,0.7110034477862197,0.41046875,0.48015584309428555,66.4709375,none
gate2E_family,N1600_noise0p5,1600,0.5,8,Estimate-then-optimise unconstrained learned-transition support top3,EtO,475.9471055889597,421.64695137411786,478.1010548050897,0.9618460114460289,0.0,0.7288199018865962,108.85859375,top3
gate2E_family,N1600_noise0p5,1600,0.5,8,Estimate-then-optimise unconstrained empirical-transition,EtO,411.55802820774164,421.64695137411786,478.1010548050897,-0.17871018319708604,0.58453125,0.2872368275784022,18.12015625,none
gate2E_family,N1600_noise0p5,1600,0.5,8,Estimate-then-optimise unconstrained empirical-transition support top3,EtO,477.74205305448095,421.64695137411786,478.1010548050897,0.9936408209715402,0.0,0.7656282921532681,108.25203125,top3
gate2E_family,N1600_noise0p5,1600,0.5,9,Behaviour cloning,BC,449.45119374289965,421.14554862217454,477.7638570902434,0.49993802157986933,0.0,0.8268503812172786,225.701796875,none
gate2E_family,N1600_noise0p5,1600,0.5,9,Behaviour cloning support top3,BC,449.45119374289965,421.14554862217454,477.7638570902434,0.49993802157986933,0.0,0.8268503812172786,225.701796875,top3
gate2E_family,N1600_noise0p5,1600,0.5,9,Estimate-then-optimise structured,EtO,273.762459149488,421.14554862217454,477.7638570902434,-2.603099482489953,0.893671875,0.04611199000240364,6.4228125,none
gate2E_family,N1600_noise0p5,1600,0.5,9,Estimate-then-optimise structured support top3,EtO,453.97300839524615,421.14554862217454,477.7638570902434,0.5798029058318721,0.0,0.6581543782267946,169.78453125,top3
gate2E_family,N1600_noise0p5,1600,0.5,9,Estimate-then-optimise structured learned-transition,EtO,283.7173733273383,421.14554862217454,477.7638570902434,-2.4272744808747144,0.906171875,0.03151649224595751,2.780703125,none
gate2E_family,N1600_noise0p5,1600,0.5,9,Estimate-then-optimise structured learned-transition support top3,EtO,446.89551198774205,421.14554862217454,477.7638570902434,0.45479923477561635,0.0,0.6916326512225208,148.78734375,top3
gate2E_family,N1600_noise0p5,1600,0.5,9,Estimate-then-optimise structured empirical-transition,EtO,271.18710771568203,421.14554862217454,477.7638570902434,-2.6485856777417665,0.88921875,0.06595326874402423,7.436796875,none
gate2E_family,N1600_noise0p5,1600,0.5,9,Estimate-then-optimise structured empirical-transition support top3,EtO,459.4246271141725,421.14554862217454,477.7638570902434,0.6760901116215136,0.0,0.5773668597609246,97.385625,top3
gate2E_family,N1600_noise0p5,1600,0.5,9,Estimate-then-optimise unconstrained,EtO,473.555031032459,421.14554862217454,477.7638570902434,0.9256631614107996,0.13640625,0.6680793563920249,86.6128125,none
gate2E_family,N1600_noise0p5,1600,0.5,9,Estimate-then-optimise unconstrained support top3,EtO,476.3721584023678,421.14554862217454,477.7638570902434,0.9754196349991546,0.0,0.7387070607641936,108.738359375,top3
gate2E_family,N1600_noise0p5,1600,0.5,9,Estimate-then-optimise unconstrained learned-transition,EtO,463.7675563243078,421.14554862217454,477.7638570902434,0.7527954976996688,0.468515625,0.4664594006365451,69.189453125,none
gate2E_family,N1600_noise0p5,1600,0.5,9,Estimate-then-optimise unconstrained learned-transition support top3,EtO,474.1359873734858,421.14554862217454,477.7638570902434,0.9359240886045971,0.0,0.7197400257059411,106.2134375,top3
gate2E_family,N1600_noise0p5,1600,0.5,9,Estimate-then-optimise unconstrained empirical-transition,EtO,413.01891542920146,421.14554862217454,477.7638570902434,-0.1435336627472063,0.61921875,0.2841909571395622,20.45984375,none
gate2E_family,N1600_noise0p5,1600,0.5,9,Estimate-then-optimise unconstrained empirical-transition support top3,EtO,477.35590055546083,421.14554862217454,477.7638570902434,0.9927946181046254,0.0,0.7586967456712252,107.70125,top3
