seed,model,t,ref_bin,ref_price,true_action,chosen_action,true_price,chosen_price,price_index_error,wrong_action,action_regret,policy_regret,inmodel_optimism,demand_log_rmse,demand_log_error_at_chosen,state_visit_count,selected_support_count,selected_support_share,selected_in_topk_support
0,structured,0,0,0.5,10,10,2.0,2.0,0,0,0.0,256.7035050675155,1466.5253006832231,0.33876270095343164,0.433240263687223,6,2,0.3333333333333333,1
0,structured,0,1,0.575,10,10,2.0,2.0,0,0,0.0,266.93960994300966,1465.485551202367,0.34523896020137523,0.35616959708809426,6,4,0.6666666666666666,1
0,structured,0,2,0.65,10,10,2.0,2.0,0,0,0.0,266.9396099430097,1465.4764094464817,0.35890199716890475,0.279429753291071,3,1,0.3333333333333333,1
0,structured,0,3,0.725,10,10,2.0,2.0,0,0,0.0,269.1757415657854,1464.0278124310303,0.3790702197496867,0.20335288341981772,7,2,0.2857142857142857,1
0,structured,0,4,0.8,10,10,2.0,2.0,0,0,0.0,269.17574156578553,1463.999546999213,0.4031085114030836,0.13264373424661458,3,1,0.3333333333333333,1
0,structured,0,5,0.875,10,8,2.0,1.7,2,1,2.5436270632821447,269.48323700629186,1464.5158442393467,0.4303502772091654,-0.26660272108381755,6,0,0.0,0
0,structured,0,6,0.95,10,10,2.0,2.0,0,0,0.0,290.4382858222969,1527.4908234451725,0.4621408630602273,0.001216380064097855,4,2,0.5,1
0,structured,0,7,1.025,10,10,2.0,2.0,0,0,0.0,290.4382858222969,1527.4127658260873,0.49423894692769776,-0.054620396569169116,2,1,0.5,1
0,structured,0,8,1.1,10,9,2.0,1.85,1,1,3.0874553168914645,293.5257411391884,1526.654526194545,0.5297859828428815,-0.2729827328089033,4,0,0.0,0
0,structured,0,9,1.175,3,9,0.95,1.85,6,1,4.158322039104576,294.5966078614015,1526.2925801451338,0.5710090013702591,-0.32125755269658296,1,0,0.0,0
0,structured,0,10,1.25,3,10,0.95,2.0,7,1,3.7180074038955127,304.36055081687937,1628.0506695523522,0.6177841692551025,-0.20320985474393358,5,0,0.0,0
0,structured,0,11,1.325,10,10,2.0,2.0,0,0,0.0,305.88465603166765,1636.8216891809561,0.6698908072458631,-0.2500859962282491,6,3,0.5,1
0,structured,0,12,1.4,5,10,1.25,2.0,5,1,5.953876606571839,311.8385326382395,1636.479388417708,0.7271385832139654,-0.295290670085411,3,0,0.0,0
0,structured,0,13,1.475,4,10,1.1,2.0,6,1,15.551429785321204,328.49369052338363,1720.2934467243858,0.7893446417809454,-0.3386873264456248,3,0,0.0,0
0,structured,0,14,1.55,4,10,1.1,2.0,6,1,19.002410652202855,331.9446713902653,1719.7166854076013,0.8563174022668228,-0.379895573444443,7,0,0.0,0
0,structured,0,15,1.625,4,10,1.1,2.0,6,1,14.809008400585412,338.6979481140705,1818.3555148214039,0.9282476164821989,-0.41657557109515975,4,0,0.0,0
0,structured,0,16,1.7,5,10,1.25,2.0,5,1,29.2347416172492,353.1236813307343,1817.4656788587904,1.0046017946919577,-0.4466813617670806,8,0,0.0,0
0,structured,0,17,1.775,5,0,1.25,0.5,5,1,92.39911006086874,346.4864574768385,1842.9153836088515,1.0857760388171187,2.38306138683327,8,0,0.0,1
0,structured,0,18,1.85,5,0,1.25,0.5,5,1,99.2999859664638,355.3613592285101,1939.6580516957163,1.1716551460048183,2.547611519497689,3,0,0.0,1
0,structured,0,19,1.925,6,0,1.4,0.5,6,1,120.93229760018573,376.99367086223197,2054.5630317856267,1.2621509087584348,2.7127923282006243,4,0,0.0,1
0,structured,0,20,2.0,6,0,1.4,0.5,6,1,116.10593352804108,372.80943859555657,2302.221339810084,1.3571380963470991,2.8783832997517695,7,0,0.0,1
0,structured,1,0,0.5,10,10,2.0,2.0,0,0,0.0,233.13110826290824,1327.7424553341768,0.33039159113022837,0.46033275588324396,4,2,0.5,1
0,structured,1,1,0.575,10,10,2.0,2.0,0,0,0.0,241.82331276013804,1326.778966122009,0.3343832276814561,0.38338173125581165,0,0,0.0,0
0,structured,1,2,0.65,10,10,2.0,2.0,0,0,0.0,241.82331276013804,1326.7724404139828,0.34615848769949,0.3070458012311885,9,0,0.0,0
0,structured,1,3,0.725,10,10,2.0,2.0,0,0,0.0,244.0594443829138,1325.3739556340777,0.36503506828468274,0.23163454631290237,2,0,0.0,0
0,structured,1,4,0.8,10,10,2.0,2.0,0,0,0.0,244.05944438291385,1325.349052500272,0.38888871646811096,0.1608409624227135,3,1,0.3333333333333333,1
0,structured,1,5,0.875,10,8,2.0,1.7,2,1,2.5436270632821447,244.3669398234202,1325.8566144293745,0.4181119722788383,-0.24339644908730124,3,0,0.0,0
0,structured,1,6,0.95,10,10,2.0,2.0,0,0,0.0,247.67986275377294,1355.7360134953644,0.4508787833607577,0.02486232319114756,3,0,0.0,0
0,structured,1,7,1.025,3,10,0.95,2.0,7,1,0.7449610525031858,248.42482380627612,1355.660716763425,0.4848327307345856,-0.032609149161733686,0,0,0.0,0
0,structured,1,8,1.1,2,9,0.8,1.85,7,1,6.407484662196794,254.08734741596976,1354.9306426570806,0.5217255541231615,-0.25120846538762853,8,0,0.0,0
0,structured,1,9,1.175,2,9,0.8,1.85,7,1,8.381510508273323,256.06137326204623,1354.580470646938,0.5644008899897848,-0.29923956155331666,3,0,0.0,0
0,structured,1,10,1.25,3,10,0.95,2.0,7,1,3.367522081184802,256.7035050675155,1466.3624984516327,0.612679217815444,-0.18040702615150328,2,0,0.0,0
0,structured,1,11,1.325,10,10,2.0,2.0,0,0,0.0,266.9396099430097,1465.3247436568115,0.6663336446759435,-0.22714060739437297,15,6,0.4,1
0,structured,1,12,1.4,4,9,1.1,1.85,5,1,15.83975857945478,269.1757415657855,1463.8950301781701,0.7251234672264273,-0.4315064266210664,18,0,0.0,0
0,structured,1,13,1.475,4,10,1.1,2.0,6,1,14.18392606536247,290.43828582229696,1527.4894198705942,0.7887256817068633,-0.3127688101287587,11,0,0.0,0
0,structured,1,14,1.55,4,10,1.1,2.0,6,1,17.63490693224412,293.8892666891786,1526.9624601418682,0.8571291677099666,-0.34767950589836294,7,0,0.0,0
0,structured,1,15,1.625,4,10,1.1,2.0,6,1,9.897585941136242,300.64254341298385,1628.567910179736,0.9306287163718473,-0.3795825383857139,5,0,0.0,0
0,structured,1,16,1.7,5,0,1.25,0.5,5,1,83.50238069724122,305.88465603166765,1637.5983300686944,1.0091009051869595,2.2441053699234415,7,0,0.0,1
0,structured,1,17,1.775,7,0,1.55,0.5,7,1,90.559985403636,312.94226073806243,1721.8593151556356,1.0922411362789954,2.4081887209028405,0,0,0.0,1
0,structured,1,18,1.85,6,0,1.4,0.5,6,1,101.21623975051733,323.8889397134851,1821.2233668200856,1.1800155666269136,2.5729487385491208,0,0,0.0,1
0,structured,1,19,1.925,6,0,1.4,0.5,6,1,123.83443009827869,346.5071300612464,1939.2608542342145,1.2723582512371625,2.738366590778475,0,0,0.0,1
0,structured,1,20,2.0,6,0,1.4,0.5,6,1,117.4641656478696,350.59527391077785,2186.7426726393483,1.3692107098839312,2.9043699804023895,0,0,0.0,1
0,structured,2,0,0.5,10,10,2.0,2.0,0,0,0.0,171.8833610057124,1051.6222446147285,0.3235955943528985,0.4871591421293495,2,0,0.0,0
0,structured,2,1,0.575,10,10,2.0,2.0,0,0,0.0,194.58428746107137,1130.23750749152,0.3248349859368946,0.4114402808664561,0,0,0.0,0
0,structured,2,2,0.65,10,10,2.0,2.0,0,0,0.0,194.58428746107143,1130.2343489094817,0.33431480932417845,0.33641180181968355,11,0,0.0,0
0,structured,2,3,0.725,10,10,2.0,2.0,0,0,0.0,202.52046921654716,1129.953600541106,0.3517265850781562,0.26150982464510597,2,0,0.0,0
0,structured,2,4,0.8,10,10,2.0,2.0,0,0,0.0,202.52046921654716,1129.9326779246878,0.37500629264432883,0.19099286930034265,3,0,0.0,0
0,structured,2,5,0.875,10,8,2.0,1.7,2,1,6.2678658213598055,200.85215328243123,1129.3778600282403,0.40429784164194843,-0.21487586527054153,3,0,0.0,0
0,structured,2,6,0.95,10,10,2.0,2.0,0,0,0.0,217.1933219527874,1220.9721375608594,0.43900103102954785,0.051927074968182274,11,9,0.8181818181818182,1
0,structured,2,7,1.025,10,10,2.0,2.0,0,0,0.0,217.1933219527874,1220.8975242557772,0.4755481497988018,-0.009160199326568308,0,0,0.0,0
0,structured,2,8,1.1,10,9,2.0,1.85,1,1,5.18895338163901,222.38227533442642,1220.1953139499585,0.5141613759665489,-0.22902449756880322,11,0,0.0,0
0,structured,2,9,1.175,2,9,0.8,1.85,7,1,5.479378010180369,222.67269996296776,1219.8572725877136,0.55831584586452,-0.27685256171470585,18,0,0.0,0
0,structured,2,10,1.25,10,10,2.0,2.0,0,0,0.0,233.13110826290824,1327.566936749647,0.6079080797121545,-0.15647217770074015,5,3,0.6,1
0,structured,2,11,1.325,10,10,2.0,2.0,0,0,0.0,241.82331276013804,1326.6033544516213,0.6626826934911895,-0.20040624870270574,15,9,0.6,1
0,structured,2,12,1.4,4,9,1.1,1.85,5,1,10.928336120005554,244.05944438291382,1325.2204738801797,0.7224674322537388,-0.3992907786103277,6,0,0.0,0
0,structured,2,13,1.475,4,10,1.1,2.0,6,1,12.49377384753069,247.67986275377297,1355.7069830487235,0.7877406879939473,-0.2755240484120204,7,0,0.0,0
0,structured,2,14,1.55,5,10,1.25,2.0,5,1,16.036962817803612,251.22305172404594,1355.2146531417745,0.8582726593754624,-0.3095883394949649,0,0,0.0,0
0,structured,2,15,1.625,4,10,1.1,2.0,6,1,11.931672481382122,253.33598298633066,1466.8267941804113,0.9338711126626194,-0.34104838184609987,0,0,0.0,0
0,structured,2,16,1.7,5,10,1.25,2.0,5,1,25.535299438061145,266.9396099430097,1466.0379418374878,1.014343076718287,-0.3693694309670277,6,0,0.0,0
0,structured,2,17,1.775,5,0,1.25,0.5,5,1,91.9274891235948,276.2543597569345,1528.9532911647743,1.0995445669301513,2.433380952741694,0,0,0.0,1
0,structured,2,18,1.85,6,0,1.4,0.5,6,1,106.82941897541508,290.7449574718476,1631.2266175861325,1.1893146459372295,2.5986593485672342,0,0,0.0,1
0,structured,2,19,1.925,6,0,1.4,0.5,6,1,124.53618686372721,308.4517253601597,1752.5224057815117,1.2834947348709833,2.764308391799392,0,0,0.0,1
0,structured,2,20,2.0,6,0,1.4,0.5,6,1,117.4641656478696,289.347526653582,1934.7231128264627,1.3821417470606008,2.930552612412561,0,0,0.0,1
0,structured,3,0,0.5,10,10,2.0,2.0,0,0,0.0,164.5821784207996,1020.7514669189993,0.3184419893716707,0.5141914361493265,2,0,0.0,0
0,structured,3,1,0.575,10,10,2.0,2.0,0,0,0.0,167.70231487269842,1019.974888991755,0.316916838972332,0.43946636552530505,0,0,0.0,0
0,structured,3,2,0.65,10,10,2.0,2.0,0,0,0.0,167.70231487269842,1019.9746586667054,0.3241910190771336,0.3649233615364289,13,0,0.0,0
0,structured,3,3,0.725,10,10,2.0,2.0,0,0,0.0,180.42193700025445,1018.661968276048,0.34004052638740356,0.2906340718704937,3,0,0.0,0
0,structured,3,4,0.8,10,10,2.0,2.0,0,0,0.0,180.42193700025445,1018.6459191142005,0.36239816024955546,0.2213330432836097,3,0,0.0,0
0,structured,3,5,0.875,10,8,2.0,1.7,2,1,13.027117568062437,180.72943244076083,1019.1824110755565,0.3913854898977656,-0.18544075430643947,2,0,0.0,0
0,structured,3,6,0.95,10,10,2.0,2.0,0,0,0.0,179.13791725170069,1013.9676688578362,0.42628681559056897,0.08418035215662506,18,17,0.9444444444444444,1
0,structured,3,7,1.025,10,10,2.0,2.0,0,0,0.0,179.13791725170069,1013.8977986519664,0.46456405788790645,0.021546700971944666,0,0,0.0,0
0,structured,3,8,1.1,10,9,2.0,1.85,1,1,5.18895338163901,184.3268706333397,1013.225264080191,0.5059284289413427,-0.20266689511880598,8,0,0.0,0
0,structured,3,9,1.175,10,9,2.0,1.85,1,1,4.777621244731847,183.91553849643253,1012.9046517717292,0.5514424155368342,-0.24947497691786402,5,0,0.0,0
0,structured,3,10,1.25,10,10,2.0,2.0,0,0,0.0,171.88336100571237,1051.4337905109803,0.6018154622687982,-0.12262723920680008,1,1,1.0,1
0,structured,3,11,1.325,10,10,2.0,2.0,0,0,0.0,194.5842874610714,1130.0462034678837,0.6581849425870053,-0.16250771658205299,7,7,1.0,1
0,structured,3,12,1.4,4,10,1.1,2.0,6,1,7.9361817554757295,202.52046921654716,1129.7776076625973,0.7202585098667688,-0.20049684039347482,0,0,0.0,0
0,structured,3,13,1.475,5,10,1.25,2.0,5,1,17.086058563455424,217.19332195278741,1220.9106736043918,0.7877610309940739,-0.23634283213467588,15,0,0.0,0
0,structured,3,14,1.55,5,10,1.25,2.0,5,1,22.63853749508462,222.74580088441667,1220.4542514428044,0.8604611374635791,-0.2699259611524466,11,0,0.0,0
0,structured,3,15,1.625,4,10,1.1,2.0,6,1,22.690081951502464,233.13110826290824,1327.974345090196,0.9381284874341907,-0.30078758447352505,3,0,0.0,0
0,structured,3,16,1.7,5,10,1.25,2.0,5,1,31.38228644873226,241.82331276013807,1327.2407739095345,1.020584845581162,-0.3284448727808309,9,0,0.0,0
0,structured,3,17,1.775,5,0,1.25,0.5,5,1,93.81615261204985,235.1860889062423,1357.0195777544634,1.107695480234353,2.4586123832670346,0,0,0.0,1
0,structured,3,18,1.85,6,1,1.4,0.65,5,1,76.82213208414896,241.40431050494857,1469.259258567704,1.1993714014496861,2.079052965296378,0,0,0.0,1
0,structured,3,19,1.925,6,0,1.4,0.5,6,1,120.3901662305542,265.69330229163575,1587.1142025273557,1.2955577795579367,2.7905034565689846,0,0,0.0,1
0,structured,3,20,2.0,6,0,1.4,0.5,6,1,113.73992688979195,278.3221053105916,1928.898270701927,1.3960150022801436,2.957054709140893,0,0,0.0,1
0,structured,4,0,0.5,10,10,2.0,2.0,0,0,0.0,128.42533002955668,832.9310232430711,0.3122214107792167,0.5635112462192673,2,0,0.0,0
0,structured,4,1,0.575,10,10,2.0,2.0,0,0,0.0,129.6938535895208,832.4655345930943,0.31077464499653984,0.46680770582933095,0,0,0.0,0
0,structured,4,2,0.65,10,10,2.0,2.0,0,0,0.0,129.6938535895208,832.4680213457767,0.315845228141983,0.3924096280311835,16,0,0.0,0
0,structured,4,3,0.725,10,10,2.0,2.0,0,0,0.0,139.35366614956226,830.970904981227,0.33000409503533984,0.3191680174438791,3,0,0.0,0
0,structured,4,4,0.8,10,10,2.0,2.0,0,0,0.0,139.35366614956223,830.959901829397,0.3514066089992476,0.25116207611403185,2,0,0.0,0
0,structured,4,5,0.875,10,8,2.0,1.7,2,1,9.967308000547831,139.66116159006864,831.7422666220975,0.37996329155709874,-0.1561409523377676,1,0,0.0,0
0,structured,4,6,0.95,10,10,2.0,2.0,0,0,0.0,136.37949418317672,827.5189997361606,0.4148404486859606,0.1169166608413798,1,0,0.0,0
0,structured,4,7,1.025,10,10,2.0,2.0,0,0,0.0,136.37949418317672,827.4594292129079,0.4536153477436349,0.05625903755293188,0,0,0.0,0
0,structured,4,8,1.1,3,9,0.95,1.85,6,1,4.990442111015739,141.36993629419246,826.845994029255,0.4953876467425118,-0.1644584192664968,0,0,0.0,0
0,structured,4,9,1.175,3,9,0.95,1.85,6,1,8.923641877904828,145.30313606108155,826.5458259589793,0.5433501624370904,-0.21143810317314116,9,0,0.0,0
0,structured,4,10,1.25,3,10,0.95,2.0,7,1,7.881073550916966,164.5821784207996,1020.5496222145697,0.5963780887416247,-0.08458371690463962,0,0,0.0,0
0,structured,4,11,1.325,5,10,1.25,2.0,5,1,3.99915772341771,167.7023148726984,1019.7674650111485,0.6550024273417177,-0.12361213147435735,11,0,0.0,0
0,structured,4,12,1.4,4,9,1.1,1.85,5,1,23.720832130371804,180.42193700025445,1018.4633731970312,0.7192999445027891,-0.323884272829162,9,0,0.0,0
0,structured,4,13,1.475,5,10,1.25,2.0,5,1,22.93304557412651,179.13791725170069,1013.8663895947051,0.7889895065618995,-0.1958173466926868,26,0,0.0,0
0,structured,4,14,1.55,5,10,1.25,2.0,5,1,28.485524505755762,184.69039618332994,1013.4507789718139,0.8637952896062537,-0.2285216593082139,12,0,0.0,0
0,structured,4,15,1.625,4,10,1.1,2.0,6,1,29.995930132575836,171.88336100571237,1051.7583977479376,0.9435016715996208,-0.25841531945764884,1,0,0.0,0
0,structured,4,16,1.7,5,0,1.25,0.5,5,1,81.13637405899215,194.58428746107143,1130.5726676874547,1.027943250279257,2.3194638006384025,7,0,0.0,1
0,structured,4,17,1.775,5,0,1.25,0.5,5,1,86.65934998725274,200.10726338933202,1222.0579264560365,1.1169965381332636,2.4845918943599763,0,0,0.0,1
0,structured,4,18,1.85,6,0,1.4,0.5,6,1,93.05991314243744,210.4410263114058,1330.1609288736984,1.2105580817355914,2.650419523515608,0,0,0.0,1
0,structured,4,19,1.925,6,0,1.4,0.5,6,1,109.07652881291773,226.45764198188613,1462.2069612097025,1.31078179927631,2.8212317534325413,0,0,0.0,1
0,structured,4,20,2.0,6,0,1.4,0.5,6,1,102.9815174196716,231.40684744922828,1783.510329414953,1.4200575563420315,3.000413562420386,0,0,0.0,1
0,structured,5,0,0.5,10,10,2.0,2.0,0,0,0.0,80.12622074726534,443.41249204010376,0.3148505551819313,0.6355193474580405,2,0,0.0,0
0,structured,5,1,0.575,10,10,2.0,2.0,0,0,0.0,83.28391889047518,548.9584473057815,0.3014597974663255,0.5358294457698509,0,0,0.0,0
0,structured,5,2,0.65,10,10,2.0,2.0,0,0,0.0,83.28391889047518,548.9493891156081,0.3054093514014721,0.4363530475467359,19,0,0.0,0
0,structured,5,3,0.725,10,10,2.0,2.0,0,0,0.0,89.07255581446785,548.740398838682,0.32131503754174395,0.349420999039318,2,0,0.0,0
0,structured,5,4,0.8,2,10,0.8,2.0,8,1,1.4701673314486357,90.54272314591645,548.733995436894,0.3418303393324791,0.2818155239502875,1,0,0.0,0
0,structured,5,5,0.875,2,8,0.8,1.7,6,1,9.618798229625895,92.90271712010104,548.283988302852,0.36975796325467564,-0.12561723590314222,1,0,0.0,0
0,structured,5,6,0.95,3,10,0.95,2.0,7,1,4.67749830749824,101.82133218092537,677.2241989867163,0.4039576995431203,0.15342998647694084,0,0,0.0,0
0,structured,5,7,1.025,3,10,0.95,2.0,7,1,9.667115684142772,106.8109495575699,677.1786490256357,0.4429848761102184,0.09623798246032125,9,0,0.0,0
0,structured,5,8,1.1,3,9,0.95,1.85,6,1,16.304079528652153,113.44791340207928,676.6246991761407,0.48651793543991195,-0.12422768138551743,11,0,0.0,0
0,structured,5,9,1.175,3,9,0.95,1.85,6,1,20.237279295541242,117.38111316896837,676.3525128639826,0.5365106409671297,-0.1698578952791192,17,0,0.0,0
0,structured,5,10,1.25,3,10,0.95,2.0,7,1,21.774053057436078,128.42533002955668,832.7037951854081,0.5924766757487502,-0.04407210046223892,9,0,0.0,0
0,structured,5,11,1.325,3,10,0.95,2.0,7,1,21.334266836586607,129.6938535895208,832.241943091011,0.6534637460676574,-0.08447763308503908,12,0,0.0,0
0,structured,5,12,1.4,4,9,1.1,1.85,5,1,32.70238917744166,139.35366614956223,830.7495181589318,0.7197781617771544,-0.2851731802383388,10,0,0.0,0
0,structured,5,13,1.475,4,10,1.1,2.0,6,1,36.40624895278151,136.37949418317672,827.3759740950845,0.7915632183738494,-0.1545633333407218,7,0,0.0,0
0,structured,5,14,1.55,4,10,1.1,2.0,6,1,39.85722981966322,139.8304750500584,827.0046826250252,0.8684087413882519,-0.1862248090252927,0,0,0.0,0
0,structured,5,15,1.625,4,10,1.1,2.0,6,1,40.55864613186125,156.70110486988264,1020.7777490819591,0.950103042976089,-0.21503654104207426,0,0,0.0,0
0,structured,5,16,1.7,5,10,1.25,2.0,5,1,47.560698411259295,163.70315714928068,1020.1755970831211,1.0364820337645766,-0.24063674169757765,0,0,0.0,0
0,structured,5,17,1.775,5,9,1.25,1.85,4,1,40.062412939552786,156.2048716775742,1014.835673944305,1.1298771970778527,-0.3878072244469042,0,0,0.0,0
0,structured,5,18,1.85,5,10,1.25,2.0,5,1,51.95114614060449,141.88743087313657,1053.675288156806,1.2353092077585777,-0.2573905251881776,0,0,0.0,0
0,structured,5,19,1.925,6,0,1.4,0.5,6,1,89.88980680781424,163.09427708609968,1206.437261793566,1.3508737934290458,2.8953714051034156,0,0,0.0,1
0,structured,5,20,2.0,5,0,1.25,0.5,5,1,89.13064029848206,169.2568610457474,1487.0857163566886,1.4728240240048103,3.089410375436123,0,0,0.0,1
0,structured,6,0,0.5,1,10,0.65,2.0,9,1,6.867493930264757,28.18440326732169,153.70306168697343,0.3326129222105507,0.7092498232392013,2,0,0.0,0
0,structured,6,1,0.575,1,10,0.65,2.0,9,1,9.703662779447583,34.63477684160214,189.1658305366066,0.3070470980101862,0.6097520420938007,0,0,0.0,0
0,structured,6,2,0.65,1,10,0.65,2.0,9,1,12.964432624975828,37.895546687130384,189.16349074357367,0.2987335688097483,0.5104726075468053,21,0,0.0,0
0,structured,6,3,0.725,2,10,0.8,2.0,8,1,12.496308194468753,40.65251049389748,231.03176713140283,0.30808323686992795,0.4148868720519895,0,0,0.0,0
0,structured,6,4,0.8,2,10,0.8,2.0,8,1,19.5765232022559,47.732725501684634,231.0112666350789,0.3315212481872812,0.32431269717181976,2,0,0.0,0
0,structured,6,5,0.875,2,10,0.8,2.0,8,1,23.60483311055644,51.76103540998517,230.9970922984989,0.3600246261187311,0.2552659346906824,0,0,0.0,0
0,structured,6,6,0.95,2,10,0.8,2.0,8,1,26.987642726219335,57.968563983129584,285.13534920450707,0.3941675292042671,0.19451380194219997,10,0,0.0,0
0,structured,6,7,1.025,2,10,0.8,2.0,8,1,30.29712168759488,61.27804294450513,285.09980483672626,0.4344720812151462,0.13720121157958334,27,0,0.0,0
0,structured,6,8,1.1,3,10,0.95,2.0,7,1,34.53774968116652,68.85993837448918,356.345984324509,0.4799900501682726,0.09002803858184805,21,0,0.0,0
0,structured,6,9,1.175,3,10,0.95,2.0,7,1,38.88228158496278,73.20447027828544,356.27739352597087,0.5320805204628178,0.04396215440310504,0,0,0.0,0
0,structured,6,10,1.25,3,10,0.95,2.0,7,1,41.70409265324773,80.12622074726534,443.14588134589377,0.5901729784084428,-0.0008659392962856449,10,0,0.0,0
0,structured,6,11,1.325,3,10,0.95,2.0,7,1,41.26430643239826,83.28391889047516,548.6920199720561,0.6537756154199394,-0.04434507409980171,7,0,0.0,0
0,structured,6,12,1.4,4,10,1.1,2.0,6,1,47.05294335639093,89.07255581446783,548.494126242728,0.7222892885626898,-0.08339233961962234,0,0,0.0,0
0,structured,6,13,1.475,4,10,1.1,2.0,6,1,52.01755109857881,97.14383387342713,677.0329694004803,0.7956379666234416,-0.11672148664522186,0,0,0.0,0
0,structured,6,14,1.55,4,10,1.1,2.0,6,1,55.4685319654605,100.59481474030882,676.7100950217907,0.8743491403581,-0.14641799728673766,0,0,0.0,0
0,structured,6,15,1.625,4,10,1.1,2.0,6,1,58.10347831646,106.6512769721206,832.8250659450856,0.9605328156174521,-0.16793550448655048,0,0,0.0,0
0,structured,6,16,1.7,4,10,1.1,2.0,6,1,59.811788097273606,108.3595867529342,832.5262791768081,1.0609162599975788,-0.16652668438787144,0,0,0.0,0
0,structured,6,17,1.775,5,9,1.25,1.85,4,1,51.42544657473462,99.97324523039521,828.1565286816533,1.1687807829228756,-0.29233301072658113,0,0,0.0,0
0,structured,6,18,1.85,5,10,1.25,2.0,5,1,63.228666865282634,116.14245873802139,1022.406443403944,1.2831099025513286,-0.15240332609116747,0,0,0.0,0
0,structured,6,19,1.925,6,0,1.4,0.5,6,1,71.9189411328151,89.93628473253207,1057.280745681895,1.403634197093317,2.984275742593959,0,0,0.0,1
0,structured,6,20,2.0,5,0,1.25,0.5,5,1,75.0475877133415,96.36449705039843,1299.2386744951887,1.5300526948256352,3.1784940715835077,0,0,0.0,1
0,structured,7,0,0.5,0,0,0.5,0.5,0,0,0.0,0.0,14.036846153948972,0.36319084113994654,0.32498816455381974,2,2,1.0,1
0,structured,7,1,0.575,1,0,0.65,0.5,1,1,1.429709824048821,1.429709824048821,18.43388449720409,0.3286422580923793,0.3899991918781325,0,0,0.0,1
0,structured,7,2,0.65,1,0,0.65,0.5,1,1,2.9322834916964453,2.9322834916964453,23.911089042953144,0.30940359582401483,0.4639845519950585,21,0,0.0,1
0,structured,7,3,0.725,1,0,0.65,0.5,1,1,4.431820948969644,4.431820948969644,30.739184045772717,0.3079178070550995,0.5480853922327533,1,0,0.0,1
0,structured,7,4,0.8,1,0,0.65,0.5,1,1,5.8736333198421065,5.8736333198421065,39.04186933582567,0.3224983840226633,0.640603713708729,1,0,0.0,1
0,structured,7,5,0.875,2,0,0.8,0.5,2,1,7.442918870566899,7.442918870566899,48.85772305665756,0.34988092018575234,0.7390087361964532,37,0,0.0,1
0,structured,7,6,0.95,2,0,0.8,0.5,2,1,10.398660019931405,10.398660019931405,60.341989488712784,0.3870683619557584,0.8424009282998712,10,0,0.0,1
0,structured,7,7,1.025,2,0,0.8,0.5,2,1,13.181969722919256,13.181969722919256,77.02300469192812,0.42838350742914555,0.9774881849243693,11,0,0.0,1
0,structured,7,8,1.1,2,0,0.8,0.5,2,1,15.733007438348125,15.733007438348125,98.21960234963095,0.47577350823564624,1.1261777950616327,17,0,0.0,1
0,structured,7,9,1.175,2,0,0.8,0.5,2,1,18.017343599716973,18.017343599716973,123.45119967992503,0.5298365409566178,1.2778497666292932,0,0,0.0,1
0,structured,7,10,1.25,3,0,0.95,0.5,3,1,21.316909337056927,21.316909337056927,153.39307776564397,0.5899592520317468,1.4319404107987728,0,0,0.0,1
0,structured,7,11,1.325,3,0,0.95,0.5,3,1,24.931114062154563,24.931114062154563,188.85012542044097,0.6555895145975482,1.5879988150653679,0,0,0.0,1
0,structured,7,12,1.4,3,0,0.95,0.5,3,1,28.156202299428728,28.156202299428728,230.7289951138522,0.7263036467886342,1.7454831460730604,0,0,0.0,1
0,structured,7,13,1.475,3,0,0.95,0.5,3,1,30.980921256910243,30.980921256910243,284.8877352932436,0.8058671415301707,1.9184274439322797,0,0,0.0,1
0,structured,7,14,1.55,4,0,1.1,0.5,4,1,34.32218869332265,34.32218869332265,356.1761648308736,0.8973706154448011,2.1084931139312335,0,0,0.0,1
0,structured,7,15,1.625,4,0,1.1,0.5,4,1,38.42212809401761,38.42212809401761,443.1483159410968,0.9968460745885956,2.3000353049990654,0,0,0.0,1
0,structured,7,16,1.7,4,0,1.1,0.5,4,1,42.01961245807691,42.01961245807691,548.8442697808453,1.103322292827716,2.492148964517404,0,0,0.0,1
0,structured,7,17,1.775,4,0,1.1,0.5,4,1,45.12628277484831,45.12628277484831,677.6334225923958,1.2165078373322717,2.6852215780132385,0,0,0.0,1
0,structured,7,18,1.85,5,0,1.25,0.5,5,1,48.54779865566059,48.54779865566059,834.126348138622,1.3355842880079318,2.878605632218882,0,0,0.0,1
0,structured,7,19,1.925,5,0,1.25,0.5,5,1,52.913791872738756,52.913791872738756,1024.6522999082201,1.4604279243523386,3.0725974082580807,0,0,0.0,1
0,structured,7,20,2.0,5,0,1.25,0.5,5,1,56.69760713183363,56.69760713183363,1256.7127842295447,1.590807452294509,3.267169623691581,0,0,0.0,1
0,unconstrained,0,0,0.5,10,10,2.0,2.0,0,0,0.0,34.51946799463525,76.80057662449258,0.8083605461650522,-0.1948145691099854,6,2,0.3333333333333333,1
0,unconstrained,0,1,0.575,10,10,2.0,2.0,0,0,0.0,24.684016353329298,66.86419116490424,0.7455731961144405,-0.1870434970465742,6,4,0.6666666666666666,1
0,unconstrained,0,2,0.65,10,10,2.0,2.0,0,0,0.0,24.684016353329298,66.84954638038761,0.6822417412902718,-0.1832185042175436,3,1,0.3333333333333333,1
0,unconstrained,0,3,0.725,10,10,2.0,2.0,0,0,0.0,22.784405674733875,63.95418551505543,0.6307881220328015,-0.18412411466544265,7,2,0.2857142857142857,1
0,unconstrained,0,4,0.8,10,10,2.0,2.0,0,0,0.0,22.784405674733875,63.92533121914994,0.5909667113779893,-0.19060772508139046,3,1,0.3333333333333333,1
0,unconstrained,0,5,0.875,10,4,2.0,1.1,6,1,8.41264542206926,42.28845990732731,88.44278068332062,0.5606655305301059,0.4203320469320171,6,0,0.0,0
0,unconstrained,0,6,0.95,10,4,2.0,1.1,6,1,19.947274921328244,53.82308940658629,86.57822663239966,0.5423009936606384,0.33557907470415005,4,0,0.0,0
0,unconstrained,0,7,1.025,10,7,2.0,1.55,3,1,13.19679886477195,37.88081521810125,85.10060055145271,0.522830730533269,1.0362676679520237,2,0,0.0,0
0,unconstrained,0,8,1.1,10,7,2.0,1.55,3,1,16.01607383872158,40.70009019205088,86.98453521506838,0.5133474615737856,0.9665538190523395,4,0,0.0,0
0,unconstrained,0,9,1.175,3,7,0.95,1.55,4,1,15.144162560939208,39.828178914268506,88.54003216418721,0.5038884039287788,0.8877463857348449,1,0,0.0,0
0,unconstrained,0,10,1.25,3,6,0.95,1.4,3,1,11.211659991285387,35.895676344614685,89.16577586474222,0.49010553234998966,0.5383873796583929,5,0,0.0,0
0,unconstrained,0,11,1.325,10,5,2.0,1.25,5,1,0.15767706942165205,24.84169342275095,78.73332002187067,0.4725616502927082,0.19784492054588387,6,0,0.0,0
0,unconstrained,0,12,1.4,5,5,1.25,1.25,0,0,0.0,24.684016353329298,75.7335106399255,0.46373643968867784,0.13496336494031969,3,3,1.0,1
0,unconstrained,0,13,1.475,4,5,1.1,1.25,1,1,5.7335287194338775,28.517934394167753,69.81939770199887,0.4603693101976205,0.08144476223275321,3,0,0.0,0
0,unconstrained,0,14,1.55,4,6,1.1,1.4,2,1,3.92589622583381,29.384021052487014,71.62721911489939,0.4459373190808836,0.20775148327304382,7,0,0.0,0
0,unconstrained,0,15,1.625,4,4,1.1,1.1,0,0,0.0,22.78440567473382,60.63754532456261,0.4274690003813657,-0.03967942052873674,4,4,1.0,1
0,unconstrained,0,16,1.7,5,5,1.25,1.25,0,0,0.0,25.458124826653204,56.347977058374056,0.40845420772807195,-0.022120259020708133,8,3,0.375,1
0,unconstrained,0,17,1.775,5,7,1.25,1.55,2,1,3.057655937790514,23.765818979097276,60.082123553397764,0.3864319966709541,0.21786746748894226,8,0,0.0,0
0,unconstrained,0,18,1.85,5,7,1.25,1.55,2,1,4.372337049746761,25.080500091053636,56.513860531062846,0.35887360121487144,0.15068155234732306,3,0,0.0,0
0,unconstrained,0,19,1.925,6,7,1.4,1.55,1,1,10.218447763168342,26.935015694215053,51.3988988613479,0.3288625973181342,0.09229638072317137,4,0,0.0,0
0,unconstrained,0,20,2.0,6,7,1.4,1.55,1,1,8.053780636214128,24.77034856726084,47.66297812193716,0.29882570710144857,0.04324809472385116,7,0,0.0,0
0,unconstrained,1,0,0.5,10,10,2.0,2.0,0,0,0.0,33.00355880538507,65.36698682381439,0.7806626438434265,-0.0594387028961183,4,2,0.5,1
0,unconstrained,1,1,0.575,10,10,2.0,2.0,0,0,0.0,21.624206785814692,55.80840860888452,0.7132427204458389,-0.053921639576933744,0,0,0.0,0
0,unconstrained,1,2,0.65,10,10,2.0,2.0,0,0,0.0,21.624206785814692,55.803938814068204,0.6481470222897451,-0.05280785830358958,9,0,0.0,0
0,unconstrained,1,3,0.725,10,10,2.0,2.0,0,0,0.0,19.72459610721927,52.92044728987105,0.5953034136226543,-0.056927939993178356,2,0,0.0,0
0,unconstrained,1,4,0.8,10,10,2.0,2.0,0,0,0.0,19.72459610721927,52.90516792201083,0.5511997722553815,-0.06716289494626282,3,1,0.3333333333333333,1
0,unconstrained,1,5,0.875,10,4,2.0,1.1,6,1,6.255473976479493,39.2286503398127,74.96167929013507,0.5094732013419155,0.4048620697759331,3,0,0.0,0
0,unconstrained,1,6,0.95,10,10,2.0,2.0,0,0,0.0,20.70816304130682,47.04399063154818,0.47934653239017455,-0.10952287085186874,3,0,0.0,0
0,unconstrained,1,7,1.025,3,7,0.95,1.55,4,1,12.251607699443355,33.87581448525805,71.53384308755795,0.46143037198041503,0.9446145368174064,0,0,0.0,0
0,unconstrained,1,8,1.1,2,7,0.8,1.55,5,1,17.64595096619513,39.27015775200982,73.96924211808641,0.4533515460219649,0.905566343594574,8,0,0.0,0
0,unconstrained,1,9,1.175,2,7,0.8,1.55,5,1,17.677198812276174,39.30140559809087,76.09813098157292,0.43662988937139896,0.8505313935455692,3,0,0.0,0
0,unconstrained,1,10,1.25,3,6,0.95,1.4,3,1,12.895261208820557,34.51946799463525,76.85372230404568,0.42468735502741733,0.5154381811854436,2,0,0.0,0
0,unconstrained,1,11,1.325,10,5,2.0,1.25,5,1,3.0598095675146055,24.684016353329298,66.92830839232647,0.41961954640633276,0.18706949638740866,15,0,0.0,0
0,unconstrained,1,12,1.4,4,5,1.1,1.25,1,1,1.1601988889192398,22.784405674733875,64.05320623236616,0.4092219018785816,0.12661040545854352,18,0,0.0,0
0,unconstrained,1,13,1.475,4,5,1.1,1.25,1,1,5.733528719433934,25.458124826653204,58.263800516424396,0.39926585250422075,0.07524795574059473,11,0,0.0,0
0,unconstrained,1,14,1.55,4,6,1.1,1.4,2,1,5.6160484436656475,26.324211484972466,59.491843639529975,0.38887120827729255,0.19311313793089813,7,0,0.0,0
0,unconstrained,1,15,1.625,4,4,1.1,1.1,0,0,0.0,19.72459610721927,49.65089364222291,0.3907587810794179,-0.03833502325533811,5,5,1.0,1
0,unconstrained,1,16,1.7,5,5,1.25,1.25,0,0,0.0,20.70816304130682,45.16648723363943,0.383610168233147,-0.02306998552498829,7,7,1.0,1
0,unconstrained,1,17,1.775,7,7,1.55,1.55,0,0,0.0,16.71656793104671,43.8117750826612,0.3657072118252172,0.20010027860249346,0,0,0.0,0
0,unconstrained,1,18,1.85,6,7,1.4,1.55,1,1,3.3864583357073457,20.103026266754057,40.32165537087303,0.34151090905195186,0.13498275467118281,0,0,0.0,0
0,unconstrained,1,19,1.925,6,7,1.4,1.55,1,1,11.753076541302448,32.187646515287156,45.04687853294206,0.3143126748791875,0.0793262521933622,0,0,0.0,0
0,unconstrained,1,20,2.0,6,7,1.4,1.55,1,1,9.588409414348291,30.022979388333,41.46558292323101,0.2867107428253476,0.032704321633073796,0,0,0.0,0
0,unconstrained,2,0,0.5,10,10,2.0,2.0,0,0,0.0,29.943749237870463,54.213764525706324,0.7861962879806522,0.07468296923987627,2,0,0.0,0
0,unconstrained,2,1,0.575,10,10,2.0,2.0,0,0,0.0,16.874245000468306,44.65190037227512,0.7182666919067944,0.07768511181475257,0,0,0.0,0
0,unconstrained,2,2,0.65,10,10,2.0,2.0,0,0,0.0,16.874245000468306,44.65858591455407,0.6532627625815758,0.0758002782442424,11,0,0.0,0
0,unconstrained,2,3,0.725,10,10,2.0,2.0,0,0,0.0,18.698873079950545,41.787963092768564,0.5951611607963875,0.06815716460304411,2,0,0.0,0
0,unconstrained,2,4,0.8,10,10,2.0,2.0,0,0,0.0,18.698873079950545,41.78720222428274,0.5456768584043985,0.05385486041512555,3,0,0.0,0
0,unconstrained,2,5,0.875,10,4,2.0,1.1,6,1,8.289560516725373,38.20292731254398,65.15320706259888,0.4982958904774183,0.40679057953081266,3,0,0.0,0
0,unconstrained,2,6,0.95,10,10,2.0,2.0,0,0,0.0,16.71656793104671,32.130668570914395,0.46020540837947704,0.001812457028417036,11,9,0.8181818181818182,1
0,unconstrained,2,7,1.025,10,7,2.0,1.55,3,1,16.098931362864903,32.97317636333321,58.80912177554916,0.4347899398217603,0.8837215730804109,0,0,0.0,0
0,unconstrained,2,8,1.1,10,6,2.0,1.4,4,1,21.42002080565743,51.36377004352789,75.31605510495427,0.4098678681517065,0.6815293814550869,11,0,0.0,0
0,unconstrained,2,9,1.175,2,7,0.8,1.55,5,1,19.367351030107955,36.24159603057626,63.70989419715204,0.404346980594103,0.8165691373917645,18,0,0.0,0
0,unconstrained,2,10,1.25,10,6,2.0,1.4,4,1,16.129313804916762,33.00355880538507,65.3843124811421,0.38969355601224787,0.5103911442074103,5,0,0.0,0
0,unconstrained,2,11,1.325,10,5,2.0,1.25,5,1,4.749961785346386,21.624206785814692,55.828138376551806,0.39110589942872503,0.18870403088383148,15,0,0.0,0
0,unconstrained,2,12,1.4,4,5,1.1,1.25,1,1,2.8503511067510203,19.72459610721927,52.95303144821992,0.3852134260750947,0.12814798554722806,6,0,0.0,0
0,unconstrained,2,13,1.475,4,5,1.1,1.25,1,1,2.0092899613562736,20.70816304130682,47.16362096390657,0.3714970968566822,0.07669943221789088,7,0,0.0,0
0,unconstrained,2,14,1.55,5,6,1.25,1.4,1,1,1.1159718311321853,17.832539762178897,44.576000898468635,0.3618584012111047,0.19480968471818727,0,0,0.0,0
0,unconstrained,2,15,1.625,4,4,1.1,1.1,0,0,0.0,18.698873079950545,38.55781667454397,0.3624517779991767,-0.03699243095963212,0,0,0.0,0
0,unconstrained,2,16,1.7,5,5,1.25,1.25,0,0,0.0,16.71656793104671,30.237872886132777,0.3602701732482174,-0.021827035292020902,6,6,1.0,1
0,unconstrained,2,17,1.775,5,7,1.25,1.55,2,1,1.3675037199587905,20.434569973984708,38.56870269889646,0.3464840544895443,0.20084114923435292,0,0,0.0,0
0,unconstrained,2,18,1.85,6,7,1.4,1.55,1,1,8.297880795156573,27.36494704918249,35.15508254460343,0.325744378647631,0.1366339585717551,0,0,0.0,0
0,unconstrained,2,19,1.925,6,7,1.4,1.55,1,1,11.753076541302448,18.967567271932353,24.813990873797877,0.30153502370881635,0.08087864426648661,0,0,0.0,0
0,unconstrained,2,20,2.0,6,7,1.4,1.55,1,1,9.588409414348291,16.802900144978196,21.232695264086885,0.2764250961794878,0.034169060383022476,0,0,0.0,0
0,unconstrained,3,0,0.5,10,10,2.0,2.0,0,0,0.0,20.183839591573047,34.49916006551891,0.8208546643816219,0.20739853995280644,2,0,0.0,0
0,unconstrained,3,1,0.575,10,10,2.0,2.0,0,0,0.0,11.966606145700325,33.39523609666614,0.759231303784728,0.20761428625988332,0,0,0.0,0
0,unconstrained,3,2,0.65,10,10,2.0,2.0,0,0,0.0,11.966606145700325,33.41407127092219,0.6961899512492686,0.20242731094031297,13,0,0.0,0
0,unconstrained,3,3,0.725,10,10,2.0,2.0,0,0,0.0,20.550485971885166,30.557290733816103,0.6368003487317846,0.1909460129330156,3,0,0.0,0
0,unconstrained,3,4,0.8,10,10,2.0,2.0,0,0,0.0,20.550485971885223,30.571929500168437,0.58156720300369,0.1722667154806985,3,0,0.0,0
0,unconstrained,3,5,0.875,10,4,2.0,1.1,6,1,14.891135194006353,36.9893872575002,53.548114164237916,0.539429378777221,0.40871546345065735,2,0,0.0,0
0,unconstrained,3,6,0.95,10,5,2.0,1.25,5,1,26.650872962805067,35.768112942752396,47.87622560712305,0.4963444173568522,0.5934062673070057,18,0,0.0,0
0,unconstrained,3,7,1.025,10,7,2.0,1.55,3,1,17.94676065011828,29.913366795818575,48.906995296914346,0.46052314244396086,0.9404333650168935,0,0,0.0,0
0,unconstrained,3,8,1.1,10,4,2.0,1.1,6,1,9.390214825561202,18.50745480550853,37.86021365481986,0.43274330554362683,0.18421757692368335,8,0,0.0,0
0,unconstrained,3,9,1.175,10,4,2.0,1.1,6,1,3.67074040714607,12.787980387093398,35.30139603174632,0.4072999935115116,0.12567972565543828,5,0,0.0,0
0,unconstrained,3,10,1.25,10,6,2.0,1.4,4,1,17.977143092170138,29.943749237870463,54.1904834458972,0.39030264138064513,0.51268336485643,1,0,0.0,0
0,unconstrained,3,11,1.325,10,5,2.0,1.25,5,1,4.907638854767981,16.874245000468306,44.6215383070662,0.3823780798145087,0.1903358249837992,7,0,0.0,0
0,unconstrained,3,12,1.4,4,5,1.1,1.25,1,1,6.7322669342502195,18.698873079950545,41.746431378734314,0.3797738810335298,0.12968320511241327,0,0,0.0,0
0,unconstrained,3,13,1.475,5,4,1.25,1.1,1,1,4.749961785346386,16.71656793104671,32.12857656268898,0.3670167545396053,-0.015093501792380337,15,0,0.0,0
0,unconstrained,3,14,1.55,5,6,1.25,1.4,1,1,6.027394290581412,23.51807069495203,37.2106406090183,0.35505360930471597,0.1965033581086395,11,0,0.0,0
0,unconstrained,3,15,1.625,4,4,1.1,1.1,0,0,0.0,20.550485971885223,27.358322813859672,0.35605869390852496,-0.0356515397481445,3,3,1.0,1
0,unconstrained,3,16,1.7,5,6,1.25,1.4,1,1,7.192684952773391,19.067066254025917,24.939326793261614,0.35357768281818336,0.08014814643192025,9,0,0.0,0
0,unconstrained,3,17,1.775,5,7,1.25,1.55,2,1,3.057655937790571,7.214490730629905,18.203841773150714,0.34442207348870324,0.20260141613196447,0,0,0.0,0
0,unconstrained,3,18,1.85,6,7,1.4,1.55,1,1,9.988033012988353,14.144867805827687,14.790215706076879,0.3268387379275316,0.1382822929001728,0,0,0.0,0
0,unconstrained,3,19,1.925,6,7,1.4,1.55,1,1,11.753076541302448,18.967567271932353,16.895936345151824,0.3047508069454497,0.08242856076329996,0,0,0.0,0
0,unconstrained,3,20,2.0,6,7,1.4,1.55,1,1,9.588409414348291,16.802900144978196,13.314646648221583,0.2816062086890318,0.03563165681092606,0,0,0.0,0
0,unconstrained,4,0,0.5,10,3,2.0,0.95,7,1,24.940856446609644,45.63621396483694,56.789266096541326,0.9200997147380555,0.6589426303194035,2,0,0.0,0
0,unconstrained,4,1,0.575,10,10,2.0,2.0,0,0,0.0,11.966606145700325,22.038991413914545,0.858925436386352,0.33569061152147284,0,0,0.0,0
0,unconstrained,4,2,0.65,10,4,2.0,1.1,6,1,25.155486951006992,37.138909828588965,52.30501592550871,0.7950161545505733,0.7579730720909685,16,0,0.0,0
0,unconstrained,4,3,0.725,10,4,2.0,1.1,6,1,25.281418400929113,33.68913335113268,41.91113538069635,0.7331165109004845,0.6333675621385666,3,0,0.0,0
0,unconstrained,4,4,0.8,10,3,2.0,0.95,7,1,17.911924944814245,29.895347822396218,41.3824210261682,0.6810921989083778,0.24528052856947236,2,0,0.0,0
0,unconstrained,4,5,0.875,10,4,2.0,1.1,6,1,11.071006520534667,19.478721470738236,35.766312859025504,0.6352878569188192,0.4106365633175866,1,0,0.0,0
0,unconstrained,4,6,0.95,10,5,2.0,1.25,5,1,19.494070338008015,26.576409387814493,38.10504078861476,0.5900511099600412,0.6009492812890884,1,0,0.0,0
0,unconstrained,4,7,1.025,10,5,2.0,1.25,5,1,15.015913013687367,22.098252063493845,37.208243951287784,0.5425961876652502,0.5069904603523936,0,0,0.0,0
0,unconstrained,4,8,1.1,3,4,0.95,1.1,1,1,2.03490093014085,9.117239979947328,27.84378957849907,0.5068543944291071,0.18578951528005172,0,0,0.0,0
0,unconstrained,4,9,1.175,3,4,0.95,1.1,1,1,0.6599584155219702,7.742297465328448,25.284976151592474,0.4718289640328304,0.12716191969708168,9,0,0.0,0
0,unconstrained,4,10,1.25,3,5,0.95,1.25,2,1,4.915805573516167,20.183839591573047,34.429963709897606,0.44540702156969014,0.2611633557842432,0,0,0.0,0
0,unconstrained,4,11,1.325,5,5,1.25,1.25,0,0,0.0,11.966606145700325,33.308512952241244,0.4216766241936988,0.19196496066917845,11,0,0.0,0
0,unconstrained,4,12,1.4,4,5,1.1,1.25,1,1,8.58387982618487,20.550485971885195,30.433406023909384,0.4018905313832376,0.1312160713908357,9,0,0.0,0
0,unconstrained,4,13,1.475,5,5,1.25,1.25,0,0,0.0,17.490676404370618,24.64401461308239,0.39049382581665265,0.07959633927328236,26,9,0.34615384615384615,1
0,unconstrained,4,14,1.55,5,6,1.25,1.4,1,1,7.717546508413193,11.874381301252527,18.806173935088566,0.378132418380513,0.1981940921298735,12,0,0.0,0
0,unconstrained,4,15,1.625,4,6,1.1,1.4,2,1,12.924985769614693,17.081820562454027,15.644062237845674,0.3826025076197594,0.13550125475169272,1,0,0.0,0
0,unconstrained,4,16,1.7,5,5,1.25,1.25,0,0,0.0,4.156834792839334,4.442498513695057,0.3739603896457455,-0.01934587105307628,7,7,1.0,1
0,unconstrained,4,17,1.775,5,7,1.25,1.55,2,1,7.214490730629905,7.214490730629905,10.153819890683849,0.36268133830391297,0.2043587472555326,0,0,0.0,0
0,unconstrained,4,18,1.85,6,6,1.4,1.4,0,0,0.0,0.0,-2.3036127336898176,0.3433173327330078,0.0018067100371332856,0,0,0.0,0
0,unconstrained,4,19,1.925,6,6,1.4,1.4,0,0,0.0,0.0,-6.049139229176603,0.3196675224469534,-0.024392924704993213,0,0,0.0,0
0,unconstrained,4,20,2.0,6,6,1.4,1.4,0,0,0.0,0.0,-7.9580877726634185,0.29465753936298866,-0.04209152026104945,0,0,0.0,0
0,unconstrained,5,0,0.5,10,3,2.0,0.95,7,1,21.426105299210732,38.48942514260261,53.387013676632904,1.0848620960788047,0.6957752949529175,2,0,0.0,0
0,unconstrained,5,1,0.575,10,3,2.0,0.95,7,1,21.55199469486533,38.615314538257195,51.54645192849719,1.019316550751974,0.5734922602293784,0,0,0.0,0
0,unconstrained,5,2,0.65,10,4,2.0,1.1,6,1,16.030688127269542,29.99212100635468,48.11505655827368,0.9537215616620571,0.8002881193140023,19,0,0.0,0
0,unconstrained,5,3,0.725,10,4,2.0,1.1,6,1,12.2876425680237,20.695357518227297,37.05557867001647,0.8892567853196447,0.6733777483385359,2,0,0.0,0
0,unconstrained,5,4,0.8,2,3,0.8,0.95,1,1,4.410306441854345,18.37173932093947,36.00493819854495,0.8379064019652773,0.2569459173324744,1,0,0.0,0
0,unconstrained,5,5,0.875,2,4,0.8,1.1,2,1,5.255846342647374,11.983422877581972,30.465785635955456,0.7890963469291027,0.4375559705778316,1,0,0.0,0
0,unconstrained,5,6,0.95,3,3,0.95,0.95,0,0,0.0,8.40771495020357,21.493227291463512,0.7338126451504542,0.12484863026726689,0,0,0.0,0
0,unconstrained,5,7,1.025,3,3,0.95,0.95,0,0,0.0,8.40771495020357,19.332788394976717,0.6846439303800528,0.07795782426089737,9,9,1.0,1
0,unconstrained,5,8,1.1,3,4,0.95,1.1,1,1,2.5901288776568947,7.082339049806478,17.733707054912628,0.635458507380917,0.18735898652386584,11,0,0.0,0
0,unconstrained,5,9,1.175,3,4,0.95,1.1,1,1,1.2151863630380433,5.707396535187598,15.174893628006032,0.6034337401577404,0.1286418538343077,17,0,0.0,0
0,unconstrained,5,10,1.25,3,5,0.95,1.25,2,1,9.82722803296545,15.26803401805688,20.34582058694849,0.5672129737533801,0.2628988801604093,9,0,0.0,0
0,unconstrained,5,11,1.325,3,5,0.95,1.25,2,1,3.059809567514634,11.966606145700325,21.88906231207693,0.5317344059124061,0.19359137377245306,12,0,0.0,0
0,unconstrained,5,12,1.4,4,5,1.1,1.25,1,1,8.583879826184898,17.49067640437059,19.013964920488235,0.4970224778138192,0.13274666010831648,10,0,0.0,0
0,unconstrained,5,13,1.475,4,5,1.1,1.25,1,1,4.156834792839334,4.156834792839334,6.120351619572546,0.46561739915913836,0.08104152242547036,7,0,0.0,0
0,unconstrained,5,14,1.55,4,5,1.1,1.25,1,1,2.0553367280917882,2.0553367280917882,3.3419559928169065,0.44234352479085826,0.03876623507322208,0,0,0.0,0
0,unconstrained,5,15,1.625,4,4,1.1,1.1,0,0,0.0,0.0,-2.464155596425769,0.42179432221839197,-0.03297533684523035,0,0,0.0,0
0,unconstrained,5,16,1.7,5,5,1.25,1.25,0,0,0.0,0.0,-3.739502548154121,0.40305730520751615,-0.018107538240952792,0,0,0.0,0
0,unconstrained,5,17,1.775,5,7,1.25,1.55,2,1,15.642803265613054,17.77720672991535,13.259404746691928,0.38415543109956607,0.2161639768949799,0,0,0.0,0
0,unconstrained,5,18,1.85,5,6,1.25,1.4,1,1,1.6757088659964836,1.6757088659964836,-3.950318776176431,0.36159152076785334,0.005516626022256332,0,0,0.0,0
0,unconstrained,5,19,1.925,6,6,1.4,1.4,0,0,0.0,2.134403464302295,-3.3606215194698734,0.33530155570684794,-0.019321401917475,0,0,0.0,0
0,unconstrained,5,20,2.0,5,6,1.25,1.4,1,1,0.4244224244647512,2.5588258887669895,-5.124584101042615,0.3080073164615191,-0.03578761614617054,0,0,0.0,0
0,unconstrained,6,0,0.5,1,3,0.65,0.95,2,1,8.917895565037128,21.25381135314302,40.35114348123362,1.2867172811506529,0.7312992056671805,2,0,0.0,0
0,unconstrained,6,1,0.575,1,3,0.65,0.95,2,1,11.879953809874507,24.2158695979804,38.51058898102272,1.2171006478401452,0.6073777866875276,0,0,0.0,0
0,unconstrained,6,2,0.65,1,3,0.65,0.95,2,1,8.043776487292575,18.14065608613113,33.25623284873974,1.1443031617501997,0.49122892809916063,21,0,0.0,0
0,unconstrained,6,3,0.725,2,4,0.8,1.1,2,1,10.89097125597334,17.06331984339188,32.119150758775035,1.0776167440911493,0.711848692871377,0,0,0.0,0
0,unconstrained,6,4,0.8,2,3,0.8,0.95,1,1,5.883503234550375,13.456782878341556,24.43790365307798,1.020752246038503,0.28671239475977606,2,0,0.0,0
0,unconstrained,6,5,0.875,2,4,0.8,1.1,2,1,9.469222706935568,13.961432879085137,24.499412541913756,0.9637858143254112,0.4723795735682015,0,0,0.0,0
0,unconstrained,6,6,0.95,2,3,0.8,0.95,1,1,2.2353663627850437,8.407714950203584,14.861265246310964,0.9006441871527694,0.12627897776544827,10,0,0.0,0
0,unconstrained,6,7,1.025,2,3,0.8,0.95,1,1,0.5552279475160589,6.727576534934599,12.700829973786568,0.8440866492731397,0.07931348142686989,27,0,0.0,0
0,unconstrained,6,8,1.1,3,3,0.95,0.95,0,0,0.0,4.492210172149569,7.529966084060575,0.798173941439148,0.04180630246647876,21,11,0.5238095238095238,1
0,unconstrained,6,9,1.175,3,4,0.95,1.1,1,1,6.126608822487327,8.75052631986594,10.398564723725073,0.7525573428907922,0.13011933636895678,0,0,0.0,0
0,unconstrained,6,10,1.25,3,4,0.95,1.1,1,1,4.776062408525405,5.440805985091444,6.155237873545289,0.700634917546935,0.08069529085837868,10,0,0.0,0
0,unconstrained,6,11,1.325,3,5,0.95,1.25,2,1,8.906796578185691,8.906796578185691,10.363191154944843,0.6502250688034388,0.19521529134505045,7,0,0.0,0
0,unconstrained,6,12,1.4,4,4,1.1,1.1,0,0,0.0,0.0,0.3838814100106447,0.5999578447220717,0.010240660189565709,0,0,0.0,0
0,unconstrained,6,13,1.475,4,4,1.1,1.1,0,0,0.0,0.0,-2.168079495987598,0.5615151312663083,-0.01147871149160995,0,0,0.0,0
0,unconstrained,6,14,1.55,4,4,1.1,1.1,0,0,0.0,0.0,-3.3373125682495868,0.5189731691290048,-0.025066757675198836,0,0,0.0,0
0,unconstrained,6,15,1.625,4,4,1.1,1.1,0,0,0.0,0.0,-4.441432622799084,0.47848495812576136,-0.031639916384031075,0,0,0.0,0
0,unconstrained,6,16,1.7,4,5,1.1,1.25,1,1,0.8880560508324891,2.1344034643022667,-1.5265524654004707,0.44085771404939295,-0.012572245748674327,0,0,0.0,0
0,unconstrained,6,17,1.775,5,5,1.25,1.25,0,0,0.0,1.2463474134697776,-2.9168086875791914,0.4051608724802719,-0.02701954151673025,0,0,0.0,0
0,unconstrained,6,18,1.85,5,5,1.25,1.25,0,0,0.0,0.0,-4.775984206147768,0.3793654534769643,-0.034047769241611014,0,0,0.0,0
0,unconstrained,6,19,1.925,6,6,1.4,1.4,0,0,0.0,0.0,-2.6713669925315457,0.35046650182281786,-0.006281526130310411,0,0,0.0,0
0,unconstrained,6,20,2.0,5,6,1.25,1.4,1,1,0.4244224244647512,0.4244224244647512,-4.435318892951955,0.32099205120591223,-0.023369680416049476,0,0,0.0,0
0,unconstrained,7,0,0.5,0,2,0.5,0.8,2,1,6.3496754276486165,6.3496754276486165,16.132964757867125,1.4936571174657007,0.42797425667185696,2,0,0.0,1
0,unconstrained,7,1,0.575,1,2,0.65,0.8,1,1,5.542421472145598,5.542421472145598,13.54463005033017,1.4149151348557396,0.3308901768681518,0,0,0.0,1
0,unconstrained,7,2,0.65,1,2,0.65,0.8,1,1,4.431996909667632,4.431996909667632,10.821633149400895,1.3376085661032417,0.24488648416568548,21,0,0.0,1
0,unconstrained,7,3,0.725,1,3,0.65,0.95,2,1,12.335915788105886,12.335915788105886,17.54911231996755,1.267325509042871,0.4141026133237551,1,0,0.0,0
0,unconstrained,7,4,0.8,1,3,0.65,0.95,2,1,10.096879598838562,10.096879598838562,14.573869391372419,1.2011421568677625,0.31561851570720334,1,0,0.0,0
0,unconstrained,7,5,0.875,2,3,0.8,0.95,1,1,7.573279643791182,7.573279643791182,11.398209753038579,1.1285888440551815,0.22788239787536657,37,0,0.0,0
0,unconstrained,7,6,0.95,2,3,0.8,0.95,1,1,6.17234858741854,6.17234858741854,8.148423608262902,1.0640836998043384,0.15133247651363657,10,0,0.0,0
0,unconstrained,7,7,1.025,2,3,0.8,0.95,1,1,4.492210172149562,4.492210172149562,4.9580473491052075,1.0034950860268652,0.08608471441462218,11,0,0.0,0
0,unconstrained,7,8,1.1,2,3,0.8,0.95,1,1,2.6239174973786135,2.6239174973786135,2.659995517181933,0.9449750667536021,0.043207486437705,17,0,0.0,0
0,unconstrained,7,9,1.175,2,3,0.8,0.95,1,1,0.664743576566039,0.664743576566039,0.9582207047477169,0.8812122318782531,0.01462595530552413,0,0,0.0,0
0,unconstrained,7,10,1.25,3,3,0.95,0.95,0,0,0.0,0.0,-0.3726810587176459,0.8175447022825608,-0.005380583711748876,0,0,0.0,0
0,unconstrained,7,11,1.325,3,3,0.95,0.95,0,0,0.0,0.0,-1.2691100558981674,0.7550552046160288,-0.0174344791057246,0,0,0.0,0
0,unconstrained,7,12,1.4,3,3,0.95,0.95,0,0,0.0,0.0,-1.706918718169291,0.7016184932457298,-0.022431947840462207,0,0,0.0,0
0,unconstrained,7,13,1.475,3,4,0.95,1.1,1,1,1.2463474134697634,1.2463474134697634,-0.4324815555679322,0.6479954426689014,-0.0055058026117045245,0,0,0.0,0
0,unconstrained,7,14,1.55,4,4,1.1,1.1,0,0,0.0,0.0,-1.4877886939920444,0.5923393152576285,-0.017968445396413735,0,0,0.0,0
0,unconstrained,7,15,1.625,4,4,1.1,1.1,0,0,0.0,0.0,-2.0286934395418967,0.5393096300344921,-0.023376825486449704,0,0,0.0,0
0,unconstrained,7,16,1.7,4,4,1.1,1.1,0,0,0.0,0.0,-2.0712060195168505,0.48834413473167204,-0.022890688716930896,0,0,0.0,0
0,unconstrained,7,17,1.775,4,4,1.1,1.1,0,0,0.0,0.0,-1.5996289812805884,0.44001899822708596,-0.01703072479787693,0,0,0.0,0
0,unconstrained,7,18,1.85,5,4,1.25,1.1,1,1,0.775134821096799,0.775134821096799,-0.6551696082952674,0.39807803649431844,-0.006745543788958308,0,0,0.0,0
0,unconstrained,7,19,1.925,5,4,1.25,1.1,1,1,2.912816581644293,2.912816581644293,0.7232514970084196,0.36540265186977955,0.0072247432582974724,0,0,0.0,0
0,unconstrained,7,20,2.0,5,5,1.25,1.25,0,0,0.0,0.0,-1.995942744818123,0.3340364121190181,-0.018920147182052816,0,0,0.0,0
1,structured,0,0,0.5,10,10,2.0,2.0,0,0,0.0,272.65547873533603,1301.1327591287327,0.33005234358456226,0.40937170646254284,3,2,0.6666666666666666,1
1,structured,0,1,0.575,10,10,2.0,2.0,0,0,0.0,282.8915836108302,1300.0953063042468,0.35490897799701376,0.31729782454501954,5,2,0.4,1
1,structured,0,2,0.65,10,10,2.0,2.0,0,0,0.0,282.89158361083025,1300.076197996104,0.3870855860389404,0.229285141557398,6,4,0.6666666666666666,1
1,structured,0,3,0.725,10,10,2.0,2.0,0,0,0.0,285.12771523360595,1298.7277388819587,0.4138776877287579,0.15844913573076536,9,7,0.7777777777777778,1
1,structured,0,4,0.8,10,10,2.0,2.0,0,0,0.0,285.12771523360607,1298.7128144001535,0.4290181395110154,0.11059858730882999,3,1,0.3333333333333333,1
1,structured,0,5,0.875,10,8,2.0,1.7,2,1,2.5436270632821447,285.4352106741124,1299.1149413393268,0.4453059125566278,-0.27842585222571714,4,0,0.0,0
1,structured,0,6,0.95,10,10,2.0,2.0,0,0,0.0,281.0470491120927,1334.3202316679537,0.46261728420206855,0.03010367033271355,4,3,0.75,1
1,structured,0,7,1.025,10,10,2.0,2.0,0,0,0.0,281.0470491120927,1334.2849147514974,0.481356008575212,-5.114888406493323e-05,3,1,0.3333333333333333,1
1,structured,0,8,1.1,10,10,2.0,2.0,0,0,0.0,284.1345044289842,1339.3402130871602,0.5041868368536372,-0.026875726262960947,5,1,0.2,1
1,structured,0,9,1.175,3,10,0.95,2.0,7,1,1.482198859120274,285.6167032881044,1339.13741241733,0.5550780447837315,-0.1179517457315873,4,0,0.0,0
1,structured,0,10,1.25,3,10,0.95,2.0,7,1,3.7180074038955127,295.3806462435823,1432.4118335389403,0.5959713516401716,-0.1684369579004224,7,0,0.0,0
1,structured,0,11,1.325,10,10,2.0,2.0,0,0,0.0,305.88465603166765,1465.3374838694194,0.6429904515592316,-0.21375200939188044,5,4,0.8,1
1,structured,0,12,1.4,5,10,1.25,2.0,5,1,5.953876606571839,311.8385326382395,1465.013097878205,0.6976538767228705,-0.25939291406344034,2,0,0.0,0
1,structured,0,13,1.475,4,10,1.1,2.0,6,1,15.551429785321204,328.49369052338363,1546.8329771744916,0.7590363443252451,-0.30371803279619514,6,0,0.0,0
1,structured,0,14,1.55,4,10,1.1,2.0,6,1,19.002410652202855,331.9446713902653,1546.2751660816298,0.8266512506137093,-0.34655372425284026,7,0,0.0,0
1,structured,0,15,1.625,4,10,1.1,2.0,6,1,14.809008400585412,338.6979481140705,1643.3388026148018,0.8999945556770289,-0.38753239064966105,6,0,0.0,0
1,structured,0,16,1.7,5,10,1.25,2.0,5,1,29.2347416172492,353.1236813307343,1642.4304658472872,0.9786601542848878,-0.4251784390319384,6,0,0.0,0
1,structured,0,17,1.775,5,0,1.25,0.5,5,1,92.39911006086874,346.4864574768385,1641.1419181304313,1.0628046442110386,2.3339609189437525,3,0,0.0,1
1,structured,0,18,1.85,5,10,1.25,2.0,5,1,16.53382671887732,363.0409567801238,1757.1848227891142,1.1518215561134617,-0.48920008623099287,0,0,0.0,0
1,structured,0,19,1.925,6,0,1.4,0.5,6,1,120.93229760018573,376.99367086223197,1852.6473379482222,1.2454014053286528,2.677570261620388,4,0,0.0,1
1,structured,0,20,2.0,6,0,1.4,0.5,6,1,116.10593352804108,388.7614122633771,2111.8989235672066,1.3432858468913866,2.8498183409250997,8,0,0.0,1
1,structured,1,0,0.5,10,10,2.0,2.0,0,0,0.0,233.13110826290824,1181.474805105438,0.32812958344303267,0.4888461832786042,1,0,0.0,0
1,structured,1,1,0.575,10,10,2.0,2.0,0,0,0.0,241.82331276013804,1180.5269642880933,0.34569956990818784,0.3971356076073591,0,0,0.0,0
1,structured,1,2,0.65,10,10,2.0,2.0,0,0,0.0,241.82331276013804,1180.5183688087773,0.36969156177441137,0.31571328174063207,7,0,0.0,0
1,structured,1,3,0.725,10,10,2.0,2.0,0,0,0.0,244.0594443829138,1179.2503679422937,0.39748364457685764,0.240717857813328,2,0,0.0,0
1,structured,1,4,0.8,10,10,2.0,2.0,0,0,0.0,244.05944438291385,1179.2511671061754,0.40990263431114715,0.1976795412081438,2,0,0.0,0
1,structured,1,5,0.875,10,8,2.0,1.7,2,1,2.5436270632821447,244.3669398234202,1179.710615903755,0.4179475034543578,-0.20231452749770806,3,0,0.0,0
1,structured,1,6,0.95,10,10,2.0,2.0,0,0,0.0,247.67986275377294,1179.803107094207,0.4489011186962505,0.0877122640190377,5,0,0.0,0
1,structured,1,7,1.025,3,10,0.95,2.0,7,1,0.7449610525031858,248.42482380627612,1179.7097948583842,0.48444979837237223,0.008565794193243048,3,0,0.0,0
1,structured,1,8,1.1,2,9,0.8,1.85,7,1,6.407484662196794,254.08734741596976,1178.9153864071761,0.5235570086180784,-0.2532936021589268,8,0,0.0,0
1,structured,1,9,1.175,2,9,0.8,1.85,7,1,8.381510508273323,256.06137326204623,1178.6121034696898,0.549955739697077,-0.28655425884459773,5,0,0.0,0
1,structured,1,10,1.25,3,10,0.95,2.0,7,1,3.367522081184802,272.65547873533603,1300.980878107193,0.5856976497173508,-0.13366695229266864,2,0,0.0,0
1,structured,1,11,1.325,10,10,2.0,2.0,0,0,0.0,282.89158361083025,1299.9549593643126,0.634165303908806,-0.1740352590453107,16,6,0.375,1
1,structured,1,12,1.4,4,9,1.1,1.85,5,1,15.83975857945478,285.127715233606,1298.626642637075,0.691121757324316,-0.39082407007226516,21,0,0.0,0
1,structured,1,13,1.475,4,10,1.1,2.0,6,1,14.18392606536247,281.04704911209274,1334.2849885099786,0.7550022729334681,-0.2618044980174238,8,0,0.0,0
1,structured,1,14,1.55,4,0,1.1,0.5,4,1,66.94118247619679,284.1345044289842,1339.388015635227,0.8250175072584699,1.8487308889061218,3,0,0.0,1
1,structured,1,15,1.625,4,10,1.1,2.0,6,1,9.897585941136242,291.6626388396868,1432.847849486377,0.9006777082956753,-0.3450762011929678,3,0,0.0,0
1,structured,1,16,1.7,5,0,1.25,0.5,5,1,83.50238069724122,305.88465603166765,1466.012985211717,0.9814926362639593,2.1854801906430863,11,0,0.0,1
1,structured,1,17,1.775,7,0,1.55,0.5,7,1,90.559985403636,312.94226073806243,1548.2606035994395,1.067068464065948,2.354916042049215,0,0,0.0,1
1,structured,1,18,1.85,6,0,1.4,0.5,6,1,101.21623975051733,323.8889397134851,1646.0431104354745,1.1574132172110678,2.525411398024106,0,0,0.0,1
1,structured,1,19,1.925,6,0,1.4,0.5,6,1,123.83443009827869,346.5071300612464,1763.3315133769474,1.2525240898119847,2.697262723695429,0,0,0.0,1
1,structured,1,20,2.0,6,0,1.4,0.5,6,1,117.4641656478696,350.59527391077785,2009.213947301366,1.3518250295259904,2.869388673218295,0,0,0.0,1
1,structured,2,0,0.5,10,10,2.0,2.0,0,0,0.0,184.04304291277606,950.6722663731717,0.33462506187420615,0.6320456456065426,1,0,0.0,0
1,structured,2,1,0.575,10,10,2.0,2.0,0,0,0.0,194.58428746107137,982.7176623276979,0.33118268617757557,0.5603965754533178,0,0,0.0,0
1,structured,2,2,0.65,10,10,2.0,2.0,0,0,0.0,194.58428746107143,982.7325008913125,0.33634775397776306,0.48968584226711676,9,0,0.0,0
1,structured,2,3,0.725,10,10,2.0,2.0,0,0,0.0,202.52046921654716,982.4326944146069,0.35847846816805096,0.36868661140411085,2,0,0.0,0
1,structured,2,4,0.8,10,10,2.0,2.0,0,0,0.0,202.52046921654716,982.3877516031814,0.39094730307300035,0.25872469118297337,3,0,0.0,0
1,structured,2,5,0.875,10,8,2.0,1.7,2,1,6.2678658213598055,200.85215328243123,981.7855655975077,0.4235661266473721,-0.2082097051613876,5,0,0.0,0
1,structured,2,6,0.95,10,10,2.0,2.0,0,0,0.0,217.1933219527874,1076.0697604561003,0.46171352440529106,0.071067345437614,16,9,0.5625,1
1,structured,2,7,1.025,10,10,2.0,2.0,0,0,0.0,217.1933219527874,1075.9532448473224,0.5039121033811431,-0.02214158667587568,0,0,0.0,0
1,structured,2,8,1.1,10,9,2.0,1.85,1,1,5.18895338163901,222.38227533442642,1075.1954793468874,0.5256400954830529,-0.25600347616083197,12,0,0.0,0
1,structured,2,9,1.175,2,9,0.8,1.85,7,1,5.479378010180369,222.67269996296776,1074.90199178904,0.5492094721137645,-0.28580424528634596,21,0,0.0,0
1,structured,2,10,1.25,10,10,2.0,2.0,0,0,0.0,233.13110826290824,1181.2855258647899,0.5837792650629715,-0.1312966241088949,4,3,0.75,1
1,structured,2,11,1.325,10,10,2.0,2.0,0,0,0.0,241.82331276013804,1180.3437154745704,0.6297608274837087,-0.15998863489024212,7,4,0.5714285714285714,1
1,structured,2,12,1.4,4,9,1.1,1.85,5,1,10.928336120005554,244.05944438291382,1179.0901128953774,0.6865287915120081,-0.3621423027994495,4,0,0.0,0
1,structured,2,13,1.475,4,10,1.1,2.0,6,1,12.49377384753069,247.67986275377297,1179.697389311598,0.7526724512075408,-0.22207397301416865,10,0,0.0,0
1,structured,2,14,1.55,5,10,1.25,2.0,5,1,16.036962817803612,251.22305172404594,1179.2090805724042,0.8248813868504876,-0.2641547505508266,0,0,0.0,0
1,structured,2,15,1.625,4,10,1.1,2.0,6,1,11.931672481382122,269.28795665415123,1301.3328023912693,0.9025640184886328,-0.30451211977125325,0,0,0.0,0
1,structured,2,16,1.7,5,10,1.25,2.0,5,1,25.535299438061145,282.89158361083025,1300.5156187685911,0.9852808149664418,-0.3427637831452883,6,0,0.0,0
1,structured,2,17,1.775,5,0,1.25,0.5,5,1,91.9274891235948,266.86312304673027,1335.5404233150532,1.0726632726371135,2.377122799209231,0,0,0.0,1
1,structured,2,18,1.85,6,0,1.4,0.5,6,1,106.82941897541508,281.7650528985506,1435.3043722156497,1.164448506588005,2.5469735210578186,0,0,0.0,1
1,structured,2,19,1.925,6,0,1.4,0.5,6,1,124.53618686372721,299.4718207868627,1553.9140031844663,1.2604003965885542,2.717184006647294,0,0,0.0,1
1,structured,2,20,2.0,6,0,1.4,0.5,6,1,117.4641656478696,301.50720856064567,1795.5319656090755,1.3608701803804537,2.8887907023755792,0,0,0.0,1
1,structured,3,0,0.5,10,10,2.0,2.0,0,0,0.0,164.5821784207996,829.8872348557059,0.36230918017573793,0.7594841069117835,1,0,0.0,0
1,structured,3,1,0.575,10,10,2.0,2.0,0,0,0.0,167.70231487269842,829.0699844474016,0.33691838651081557,0.6411665936222515,0,0,0.0,0
1,structured,3,2,0.65,10,10,2.0,2.0,0,0,0.0,167.70231487269842,829.0554575906747,0.3327620383795783,0.5230020147828445,11,0,0.0,0
1,structured,3,3,0.725,10,10,2.0,2.0,0,0,0.0,180.42193700025445,827.7432850332501,0.3490435165784002,0.40501639043952387,3,0,0.0,0
1,structured,3,4,0.8,10,10,2.0,2.0,0,0,0.0,180.42193700025445,827.6923209010047,0.3824251327933799,0.28506758786806274,5,0,0.0,0
1,structured,3,5,0.875,10,8,2.0,1.7,2,1,13.027117568062437,180.72943244076083,828.1286231765391,0.41682838194885796,-0.19191572523389622,7,0,0.0,0
1,structured,3,6,0.95,10,10,2.0,2.0,0,0,0.0,167.693924465748,842.8971034629358,0.45452149641641176,0.0897049725878058,22,20,0.9090909090909091,1
1,structured,3,7,1.025,10,10,2.0,2.0,0,0,0.0,167.693924465748,842.8439144513713,0.47434365015489177,0.03745689670588348,0,0,0.0,0
1,structured,3,8,1.1,10,10,2.0,2.0,0,0,0.0,174.93563392313547,850.7387267968762,0.4998125156443056,-0.00984360373626128,4,3,0.75,1
1,structured,3,9,1.175,10,10,2.0,2.0,0,0,0.0,174.93563392313547,850.6316373582777,0.5338297401621381,-0.056977127644628,3,3,1.0,1
1,structured,3,10,1.25,10,10,2.0,2.0,0,0,0.0,184.04304291277606,950.4076213209371,0.5757163094881286,-0.10225486126153577,1,1,1.0,1
1,structured,3,11,1.325,10,10,2.0,2.0,0,0,0.0,194.5842874610714,982.4352606511494,0.6252336736520715,-0.14488763809473526,10,10,1.0,1
1,structured,3,12,1.4,4,10,1.1,2.0,6,1,7.9361817554757295,202.52046921654716,982.1701772283704,0.6825761712613202,-0.18482991336415,0,0,0.0,0
1,structured,3,13,1.475,5,10,1.25,2.0,5,1,17.086058563455424,217.19332195278741,1075.984823713683,0.748335603806859,-0.2118033484554135,15,0,0.0,0
1,structured,3,14,1.55,5,10,1.25,2.0,5,1,22.63853749508462,222.74580088441667,1075.585209070101,0.8231579507485103,-0.23878325838736203,11,0,0.0,0
1,structured,3,15,1.625,4,10,1.1,2.0,6,1,22.690081951502464,233.13110826290824,1181.6316103241898,0.9053466894681121,-0.265610806065224,3,0,0.0,0
1,structured,3,16,1.7,5,10,1.25,2.0,5,1,31.38228644873226,241.82331276013807,1180.8626544885292,0.9898208346052081,-0.3037604069354274,4,0,0.0,0
1,structured,3,17,1.775,5,0,1.25,0.5,5,1,93.81615261204985,235.1860889062423,1180.7828011521951,1.0784631323189529,2.3973287409977466,0,0,0.0,1
1,structured,3,18,1.85,6,10,1.4,2.0,4,1,30.89864219088298,257.3562841727691,1303.54255044708,1.1710802925639967,-0.37415842079129047,0,0,0.0,0
1,structured,3,19,1.925,6,0,1.4,0.5,6,1,120.3901662305542,265.69330229163575,1402.4391761523004,1.2685229976238785,2.7360796100071143,0,0,0.0,1
1,structured,3,20,2.0,6,0,1.4,0.5,6,1,113.73992688979195,278.3221053105916,1692.7195967193068,1.3708068584530018,2.908758761367337,0,0,0.0,1
1,structured,4,0,0.5,10,10,2.0,2.0,0,0,0.0,128.42533002955668,692.2118438512101,0.37280809627572664,0.7970794169898539,1,0,0.0,0
1,structured,4,1,0.575,10,10,2.0,2.0,0,0,0.0,129.6938535895208,691.5011807932743,0.3403689090271629,0.6700986548938326,0,0,0.0,0
1,structured,4,2,0.65,10,10,2.0,2.0,0,0,0.0,129.6938535895208,691.4890679842655,0.33098946129830903,0.5520113786484581,14,0,0.0,0
1,structured,4,3,0.725,10,10,2.0,2.0,0,0,0.0,139.35366614956226,690.2359250536872,0.34252575879322805,0.4341038925815591,5,0,0.0,0
1,structured,4,4,0.8,10,10,2.0,2.0,0,0,0.0,139.35366614956223,690.1900326806658,0.37166852784796744,0.31634041942850477,5,0,0.0,0
1,structured,4,5,0.875,10,8,2.0,1.7,2,1,9.967308000547831,139.66116159006864,690.5883369355512,0.4100778598359689,-0.17472568377397424,2,0,0.0,0
1,structured,4,6,0.95,10,10,2.0,2.0,0,0,0.0,136.37949418317672,685.7021089480822,0.42499340362561916,0.1523976067750865,1,0,0.0,0
1,structured,4,7,1.025,10,10,2.0,2.0,0,0,0.0,136.37949418317672,685.6701412166158,0.44635954659429117,0.10388930362081053,0,0,0.0,0
1,structured,4,8,1.1,3,9,0.95,1.85,6,1,4.990442111015739,141.36993629419246,685.073145649643,0.47688415220851066,-0.1342731571493132,0,0,0.0,0
1,structured,4,9,1.175,3,9,0.95,1.85,6,1,8.923641877904828,145.30313606108155,684.7926135487677,0.5161588247963319,-0.1805796299599326,9,0,0.0,0
1,structured,4,10,1.25,3,10,0.95,2.0,7,1,7.881073550916966,164.5821784207996,829.5458139546057,0.5634520053408013,-0.039918375781208326,0,0,0.0,0
1,structured,4,11,1.325,5,10,1.25,2.0,5,1,3.99915772341771,167.7023148726984,828.7322095790196,0.6182912688426074,-0.08509085865066723,11,0,0.0,0
1,structured,4,12,1.4,4,9,1.1,1.85,5,1,23.720832130371804,180.42193700025445,827.4492701897145,0.6798974260103523,-0.3062312700263663,11,0,0.0,0
1,structured,4,13,1.475,5,10,1.25,2.0,5,1,22.93304557412651,167.69392446574804,842.7888745366424,0.7480157510933435,-0.169916017584964,24,0,0.0,0
1,structured,4,14,1.55,5,0,1.25,0.5,5,1,68.12468436556557,174.93563392313547,850.7563844150571,0.8223270159571597,1.8900083177702758,6,0,0.0,1
1,structured,4,15,1.625,4,10,1.1,2.0,6,1,29.995930132575836,184.04304291277606,950.681019823382,0.9022389021254308,-0.250014909045712,1,0,0.0,0
1,structured,4,16,1.7,5,0,1.25,0.5,5,1,81.13637405899215,194.58428746107143,982.9086891346365,0.9870394364559966,2.2265372632450724,10,0,0.0,1
1,structured,4,17,1.775,5,0,1.25,0.5,5,1,86.65934998725274,200.10726338933202,1077.0251734891558,1.0825167080862537,2.4113120697536576,0,0,0.0,1
1,structured,4,18,1.85,6,0,1.4,0.5,6,1,93.05991314243744,210.4410263114058,1183.5951082274123,1.1793335148572772,2.5864199060283015,0,0,0.0,1
1,structured,4,19,1.925,6,0,1.4,0.5,6,1,109.07652881291773,226.45764198188613,1308.501614196229,1.278960988844536,2.758571607298797,0,0,0.0,1
1,structured,4,20,2.0,6,0,1.4,0.5,6,1,102.9815174196716,231.40684744922828,1575.8847355142725,1.3826957993535298,2.9313556166237014,0,0,0.0,1
1,structured,5,0,0.5,10,10,2.0,2.0,0,0,0.0,80.12622074726534,392.29584366411575,0.38785288617585234,0.8413652368497384,1,0,0.0,0
1,structured,5,1,0.575,10,10,2.0,2.0,0,0,0.0,83.28391889047518,475.1924786850044,0.34521247456890186,0.6983717518069885,0,0,0.0,0
1,structured,5,2,0.65,10,10,2.0,2.0,0,0,0.0,83.28391889047518,475.1828114545707,0.330861074401196,0.5803793766629796,19,0,0.0,0
1,structured,5,3,0.725,10,10,2.0,2.0,0,0,0.0,89.07255581446785,474.9954404379558,0.33758635054307834,0.46275657962925887,5,0,0.0,0
1,structured,5,4,0.8,2,10,0.8,2.0,8,1,1.4701673314486357,90.54272314591645,474.9528844945303,0.3627840144504641,0.34534646448947637,0,0,0.0,0
1,structured,5,5,0.875,2,8,0.8,1.7,6,1,9.618798229625895,92.90271712010104,474.44346845736624,0.3818792414327295,-0.1129667407349162,1,0,0.0,0
1,structured,5,6,0.95,3,10,0.95,2.0,7,1,4.67749830749824,101.82133218092537,574.1620892779302,0.400321766856805,0.2147131171505549,0,0,0.0,0
1,structured,5,7,1.025,3,10,0.95,2.0,7,1,9.667115684142772,106.8109495575699,574.1458018595742,0.4256849825343662,0.16571222976812047,9,0,0.0,0
1,structured,5,8,1.1,3,9,0.95,1.85,6,1,16.304079528652153,113.44791340207928,573.6366849787912,0.46046151241837147,-0.07397756321230886,11,0,0.0,0
1,structured,5,9,1.175,3,9,0.95,1.85,6,1,20.237279295541242,117.38111316896837,573.3993020809778,0.5036795129841577,-0.11845541330571785,22,0,0.0,0
1,structured,5,10,1.25,3,10,0.95,2.0,7,1,21.774053057436078,128.42533002955668,691.8458404448838,0.555753155368587,0.02169656523678376,9,0,0.0,0
1,structured,5,11,1.325,3,10,0.95,2.0,7,1,21.334266836586607,129.6938535895208,691.1424576936721,0.6150579099194692,-0.02682037088130751,6,0,0.0,0
1,structured,5,12,1.4,4,9,1.1,1.85,5,1,32.70238917744166,139.35366614956223,689.915853562851,0.6807163975214822,-0.2527529907758097,8,0,0.0,0
1,structured,5,13,1.475,4,10,1.1,2.0,6,1,36.40624895278151,136.37949418317672,685.5122666003488,0.7519768189704421,-0.11633055151841831,9,0,0.0,0
1,structured,5,14,1.55,4,10,1.1,2.0,6,1,39.85722981966322,139.8304750500584,685.1326223737892,0.8291392365647104,-0.15583312144934158,0,0,0.0,0
1,structured,5,15,1.625,4,10,1.1,2.0,6,1,40.55864613186125,156.70110486988264,829.6558819020885,0.9126390576024224,-0.19098726605923821,0,0,0.0,0
1,structured,5,16,1.7,5,10,1.25,2.0,5,1,47.560698411259295,163.70315714928068,829.0185231085118,1.0012617432522162,-0.22490247755914772,0,0,0.0,0
1,structured,5,17,1.775,5,0,1.25,0.5,5,1,75.90094051713237,144.76087889162153,843.6405760882382,1.0948221864622896,2.443605789272942,0,0,0.0,1
1,structured,5,18,1.85,5,0,1.25,0.5,5,1,80.84264250191481,154.04711278020025,952.5430720517084,1.1927609980976293,2.616705207442915,0,0,0.0,1
1,structured,5,19,1.925,6,0,1.4,0.5,6,1,89.88980680781424,163.09427708609968,1082.3668753838065,1.2948189220112394,2.79018441334338,0,0,0.0,1
1,structured,5,20,2.0,5,0,1.25,0.5,5,1,89.13064029848206,169.2568610457474,1301.1003714699089,1.397452294033963,2.957943585070704,0,0,0.0,1
1,structured,6,0,0.5,1,10,0.65,2.0,9,1,6.867493930264757,28.18440326732169,138.20707343719468,0.4014880135720317,0.8757695156925698,1,0,0.0,0
1,structured,6,1,0.575,1,10,0.65,2.0,9,1,9.703662779447583,34.63477684160214,172.77557407212524,0.3508024689799561,0.7286313876368302,0,0,0.0,0
1,structured,6,2,0.65,1,10,0.65,2.0,9,1,12.964432624975828,37.895546687130384,172.75877007954932,0.33121399520432127,0.5993259932375027,24,0,0.0,0
1,structured,6,3,0.725,2,10,0.8,2.0,8,1,12.496308194468753,40.65251049389748,214.11583393962655,0.33496411454247504,0.4807076107782302,0,0,0.0,0
1,structured,6,4,0.8,2,10,0.8,2.0,8,1,19.5765232022559,47.732725501684634,214.11943619074296,0.3436487912481696,0.4042068023220524,1,0,0.0,0
1,structured,6,5,0.875,2,10,0.8,2.0,8,1,23.60483311055644,51.76103540998517,214.1147898950489,0.36069031093101656,0.3315184252809441,2,0,0.0,0
1,structured,6,6,0.95,2,10,0.8,2.0,8,1,26.987642726219335,57.968563983129584,263.4091537499096,0.38531565104539783,0.26310680866183456,9,0,0.0,0
1,structured,6,7,1.025,2,10,0.8,2.0,8,1,30.29712168759488,61.27804294450513,263.40505929610737,0.41394955506279557,0.21336495748514642,31,0,0.0,0
1,structured,6,8,1.1,3,10,0.95,2.0,7,1,34.53774968116652,68.85993837448918,322.1024904099048,0.45220141201805236,0.16429876963577006,15,0,0.0,0
1,structured,6,9,1.175,3,10,0.95,2.0,7,1,38.88228158496278,73.20447027828544,322.05698270214884,0.4993690284245464,0.11574383909023224,4,0,0.0,0
1,structured,6,10,1.25,3,10,0.95,2.0,7,1,41.70409265324773,80.12622074726534,391.8996722013015,0.5543137379884672,0.06953001117408647,6,0,0.0,0
1,structured,6,11,1.325,3,10,0.95,2.0,7,1,41.26430643239826,83.28391889047516,474.8126905290782,0.6163901195027155,0.024792970006144888,7,0,0.0,0
1,structured,6,12,1.4,4,10,1.1,2.0,6,1,47.05294335639093,89.07255581446783,474.6489500227878,0.685250732956198,-0.0174329354752063,0,0,0.0,0
1,structured,6,13,1.475,4,10,1.1,2.0,6,1,52.01755109857881,97.14383387342713,573.8858923168926,0.7606535192582685,-0.059847285611876244,0,0,0.0,0
1,structured,6,14,1.55,4,10,1.1,2.0,6,1,55.4685319654605,100.59481474030882,573.5619903541271,0.8414761915577916,-0.09925259593126778,0,0,0.0,0
1,structured,6,15,1.625,4,10,1.1,2.0,6,1,58.10347831646,106.6512769721206,691.7841471180287,0.9276018626513227,-0.13409910105733291,0,0,0.0,0
1,structured,6,16,1.7,4,10,1.1,2.0,6,1,59.811788097273606,108.3595867529342,691.2353455677993,1.0188966358274185,-0.1671050622755208,0,0,0.0,0
1,structured,6,17,1.775,5,9,1.25,1.85,4,1,51.42544657473462,99.97324523039521,686.110823410886,1.1146235179188266,-0.33651482983624925,0,0,0.0,0
1,structured,6,18,1.85,5,10,1.25,2.0,5,1,63.228666865282634,116.14245873802139,831.1193302142467,1.2145310898598423,-0.22586680389259106,0,0,0.0,0
1,structured,6,19,1.925,6,0,1.4,0.5,6,1,71.9189411328151,89.93628473253207,905.8201896516216,1.3185816415871174,2.834322886845615,0,0,0.0,1
1,structured,6,20,2.0,5,0,1.25,0.5,5,1,75.0475877133415,96.36449705039843,1097.5406917071027,1.4272278184695186,3.0093160567826667,0,0,0.0,1
1,structured,7,0,0.5,0,0,0.5,0.5,0,0,0.0,0.0,9.644817345355222,0.4140714587865743,0.2341696971016498,1,1,1.0,1
1,structured,7,1,0.575,1,0,0.65,0.5,1,1,1.429709824048821,1.429709824048821,10.909737463512684,0.3570252805351089,0.24864842869000192,0,0,0.0,1
1,structured,7,2,0.65,1,0,0.65,0.5,1,1,2.9322834916964453,2.9322834916964453,12.804811577132831,0.331907441214869,0.2747250909051884,24,0,0.0,1
1,structured,7,3,0.725,1,0,0.65,0.5,1,1,4.431820948969644,4.431820948969644,19.36658730505006,0.327142492340506,0.3783557135025317,1,0,0.0,1
1,structured,7,4,0.8,1,0,0.65,0.5,1,1,5.8736333198421065,5.8736333198421065,27.647429638560048,0.3325458702110707,0.49204171577841826,2,0,0.0,1
1,structured,7,5,0.875,2,0,0.8,0.5,2,1,7.442918870566899,7.442918870566899,37.66021329103256,0.3484590579316478,0.6114824051699186,40,0,0.0,1
1,structured,7,6,0.95,2,0,0.8,0.5,2,1,10.398660019931405,10.398660019931405,49.622384996525284,0.37427840826224407,0.7357739162502126,12,0,0.0,1
1,structured,7,7,1.025,2,0,0.8,0.5,2,1,13.181969722919256,13.181969722919256,65.35231224808047,0.40719165318562506,0.8782078214232527,7,0,0.0,1
1,structured,7,8,1.1,2,0,0.8,0.5,2,1,15.733007438348125,15.733007438348125,85.20092559181845,0.4485479346266916,1.032344267208705,13,0,0.0,1
1,structured,7,9,1.175,2,0,0.8,0.5,2,1,18.017343599716973,18.017343599716973,108.95487704808909,0.49874875845704064,1.1893391842490582,0,0,0.0,1
1,structured,7,10,1.25,3,0,0.95,0.5,3,1,21.316909337056927,21.316909337056927,137.78652564162053,0.5571651399200005,1.3513358149356929,0,0,0.0,1
1,structured,7,11,1.325,3,0,0.95,0.5,3,1,24.931114062154563,24.931114062154563,172.3725710991519,0.6229454316929037,1.516047872785463,0,0,0.0,1
1,structured,7,12,1.4,3,0,0.95,0.5,3,1,28.156202299428728,28.156202299428728,213.75240209627407,0.6951932983535851,1.6828263396285124,0,0,0.0,1
1,structured,7,13,1.475,3,0,0.95,0.5,3,1,30.980921256910243,30.980921256910243,263.06208221707175,0.773360300847555,1.8508314819781093,0,0,0.0,1
1,structured,7,14,1.55,4,0,1.1,0.5,4,1,34.32218869332265,34.32218869332265,321.7805959832173,0.8568693015436448,2.019832926734156,0,0,0.0,1
1,structured,7,15,1.625,4,0,1.1,0.5,4,1,38.42212809401761,38.42212809401761,391.6971440660968,0.9452798128417449,2.189702766940613,0,0,0.0,1
1,structured,7,16,1.7,4,0,1.1,0.5,4,1,42.01961245807691,42.01961245807691,474.72457983943895,1.0380907276312938,2.359903423688693,0,0,0.0,1
1,structured,7,17,1.775,4,0,1.1,0.5,4,1,45.12628277484831,45.12628277484831,574.2025143892708,1.1356633191488068,2.531808336355623,0,0,0.0,1
1,structured,7,18,1.85,5,0,1.25,0.5,5,1,48.54779865566059,48.54779865566059,692.8405205019033,1.237377258480378,2.7044185030265657,0,0,0.0,1
1,structured,7,19,1.925,5,0,1.25,0.5,5,1,52.913791872738756,52.913791872738756,834.3314380918138,1.3430584118305842,2.877625884680949,0,0,0.0,1
1,structured,7,20,2.0,5,0,1.25,0.5,5,1,56.69760713183363,56.69760713183363,1001.6554111826698,1.45172909937377,3.0499826918505057,0,0,0.0,1
1,unconstrained,0,0,0.5,10,10,2.0,2.0,0,0,0.0,34.51946799463525,64.4459115954437,0.4294769199610787,-0.2988640720462934,3,2,0.6666666666666666,1
1,unconstrained,0,1,0.575,10,10,2.0,2.0,0,0,0.0,24.684016353329298,55.720698388748815,0.4123440646038857,-0.2615765250086477,5,2,0.4,1
1,unconstrained,0,2,0.65,10,10,2.0,2.0,0,0,0.0,24.684016353329298,55.71132867489945,0.39280344766823944,-0.22789482728185106,6,4,0.6666666666666666,1
1,unconstrained,0,3,0.725,10,10,2.0,2.0,0,0,0.0,22.784405674733875,53.72491849602204,0.3841861074514576,-0.2027787410110553,9,7,0.7777777777777778,1
1,unconstrained,0,4,0.8,10,10,2.0,2.0,0,0,0.0,22.784405674733875,53.70883696885244,0.38107316645194356,-0.18451700438450902,3,1,0.3333333333333333,1
1,unconstrained,0,5,0.875,10,10,2.0,2.0,0,0,0.0,22.784405674733875,53.68549376897596,0.37259328523231267,-0.17434241190067812,4,2,0.5,1
1,unconstrained,0,6,0.95,10,10,2.0,2.0,0,0,0.0,51.871011120379876,77.0936423332767,0.3660057567829437,-0.17348399873992282,4,3,0.75,1
1,unconstrained,0,7,1.025,10,7,2.0,1.55,3,1,13.19679886477195,37.88081521810125,67.68470227607742,0.36816470008013624,0.7833059573657752,3,0,0.0,0
1,unconstrained,0,8,1.1,10,7,2.0,1.55,3,1,16.01607383872158,40.70009019205088,69.6201564766651,0.37407369329530027,0.7522745717979267,5,0,0.0,0
1,unconstrained,0,9,1.175,3,7,0.95,1.55,4,1,15.144162560939208,39.828178914268506,72.16623045596583,0.3713206518896062,0.7334125809736678,4,0,0.0,0
1,unconstrained,0,10,1.25,3,6,0.95,1.4,3,1,11.211659991285387,35.895676344614685,72.83213157000347,0.38366910844557356,0.43570679222456654,7,0,0.0,0
1,unconstrained,0,11,1.325,10,5,2.0,1.25,5,1,0.15767706942165205,24.84169342275095,64.06333730244933,0.4012769923648431,0.142371286711239,5,0,0.0,0
1,unconstrained,0,12,1.4,5,5,1.25,1.25,0,0,0.0,24.684016353329298,62.025647022982184,0.4055872451374817,0.09716816016862984,2,0,0.0,0
1,unconstrained,0,13,1.475,4,7,1.1,1.55,3,1,19.692105969151044,63.51470051407932,93.47068824360235,0.42234254600263516,0.5079331784498735,6,0,0.0,0
1,unconstrained,0,14,1.55,4,6,1.1,1.4,2,1,3.92589622583381,55.796907346213686,89.73849236388736,0.4462714968987681,0.19500530175805775,7,0,0.0,0
1,unconstrained,0,15,1.625,4,8,1.1,1.7,4,1,14.303264908926053,63.3766449523028,100.2071439923904,0.45678238204312865,0.647185645085409,6,0,0.0,0
1,unconstrained,0,16,1.7,5,7,1.25,1.55,2,1,20.29533359634945,92.65353559572219,122.00754874663261,0.4485990349326214,0.3098081694050032,6,0,0.0,0
1,unconstrained,0,17,1.775,5,9,1.25,1.85,4,1,21.73645614554266,62.30036117913363,102.30261345774937,0.43083087324374914,0.7937883501891845,3,0,0.0,0
1,unconstrained,0,18,1.85,5,8,1.25,1.7,3,1,19.580584995511572,80.5376545840511,121.00415692316926,0.4063693441372522,0.4393906226020716,0,0,0.0,0
1,unconstrained,0,19,1.925,6,8,1.4,1.7,2,1,21.329907334916356,61.89381236850727,98.58399386785459,0.3817794615222383,0.36980454439264276,4,0,0.0,0
1,unconstrained,0,20,2.0,6,9,1.4,1.85,3,1,19.422144414878858,51.609790930166014,93.11244684440055,0.3550810252021178,0.5875211317404379,8,0,0.0,0
1,unconstrained,1,0,0.5,10,10,2.0,2.0,0,0,0.0,33.00355880538507,55.80933952404786,0.4155199599848294,-0.4826973413821851,1,0,0.0,0
1,unconstrained,1,1,0.575,10,10,2.0,2.0,0,0,0.0,21.624206785814692,47.134477409572355,0.3909080628988444,-0.4425025031474963,0,0,0.0,0
1,unconstrained,1,2,0.65,10,10,2.0,2.0,0,0,0.0,21.624206785814692,47.112165470982006,0.37175271795017695,-0.40509856049214044,7,0,0.0,0
1,unconstrained,1,3,0.725,10,10,2.0,2.0,0,0,0.0,19.72459610721927,45.11041260950458,0.3597369231042819,-0.3752940073544693,2,0,0.0,0
1,unconstrained,1,4,0.8,10,10,2.0,2.0,0,0,0.0,19.72459610721927,45.076060470571974,0.3543366348018574,-0.35193180868601903,2,0,0.0,0
1,unconstrained,1,5,0.875,10,10,2.0,2.0,0,0,0.0,19.72459610721927,45.03171587213211,0.34564665025531865,-0.3357778462073183,3,0,0.0,0
1,unconstrained,1,6,0.95,10,10,2.0,2.0,0,0,0.0,38.20654610126263,58.745009814207606,0.3394956130531005,-0.32806671777989127,5,0,0.0,0
1,unconstrained,1,7,1.025,3,7,0.95,1.55,4,1,12.251607699443355,33.87581448525805,57.49870858133244,0.3411059544466858,0.7049763305946375,3,0,0.0,0
1,unconstrained,1,8,1.1,2,10,0.8,2.0,8,1,3.2278212419140573,33.808782278702324,55.087295222202044,0.3436167923250776,-0.2464073930274488,8,0,0.0,0
1,unconstrained,1,9,1.175,2,7,0.8,1.55,5,1,17.677198812276174,39.30140559809087,62.54594353879344,0.34487090411812915,0.6984338113651178,5,0,0.0,0
1,unconstrained,1,10,1.25,3,6,0.95,1.4,3,1,12.895261208820557,34.51946799463525,64.52347461575226,0.3454962071327618,0.4404602645848752,2,0,0.0,0
1,unconstrained,1,11,1.325,10,5,2.0,1.25,5,1,3.0598095675146055,24.684016353329298,55.807205296318216,0.36406777373341376,0.14689686018824677,16,0,0.0,0
1,unconstrained,1,12,1.4,4,5,1.1,1.25,1,1,1.1601988889192398,22.784405674733875,53.832991579351074,0.3817972387997433,0.10230233033123692,21,0,0.0,0
1,unconstrained,1,13,1.475,4,7,1.1,1.55,3,1,21.29005008359161,51.871011120379876,77.27731070388887,0.3861547680962338,0.5126231901641272,8,0,0.0,0
1,unconstrained,1,14,1.55,4,6,1.1,1.4,2,1,5.6160484436656475,43.82259454492828,71.92864604152686,0.4146872234497235,0.20067520432894703,3,0,0.0,0
1,unconstrained,1,15,1.625,4,8,1.1,1.7,4,1,11.401132410833156,72.35820199937274,102.70054529548486,0.43423420568800153,0.6519395377274813,3,0,0.0,0
1,unconstrained,1,16,1.7,5,7,1.25,1.55,2,1,16.57109483827179,49.073380043376744,74.75204515520403,0.43344901940861147,0.31605221671112327,11,0,0.0,0
1,unconstrained,1,17,1.775,7,7,1.55,1.55,0,0,0.0,60.95706958853958,94.84492105015164,0.4223728289896842,0.2557090337082837,0,0,0.0,0
1,unconstrained,1,18,1.85,6,8,1.4,1.7,2,1,20.129335059606262,40.56390503359097,73.76394206617681,0.4037843492423274,0.4461805316737646,0,0,0.0,0
1,unconstrained,1,19,1.925,6,7,1.4,1.55,1,1,11.753076541302448,32.187646515287156,60.172515396650624,0.38062747304575534,0.15405153017586937,0,0,0.0,0
1,unconstrained,1,20,2.0,6,9,1.4,1.85,3,1,22.32427691297181,63.49348047532885,95.33297636709949,0.35545380390428055,0.5879931530213733,0,0,0.0,0
1,unconstrained,2,0,0.5,10,10,2.0,2.0,0,0,0.0,29.943749237870463,46.84859601979929,0.4279135361827738,-0.6683767276696782,1,0,0.0,0
1,unconstrained,2,1,0.575,10,10,2.0,2.0,0,0,0.0,16.874245000468306,38.111375528940016,0.40045993586133377,-0.6257896535625456,0,0,0.0,0
1,unconstrained,2,2,0.65,10,10,2.0,2.0,0,0,0.0,16.874245000468306,38.07772897738408,0.3758233498697403,-0.5854283597870815,9,0,0.0,0
1,unconstrained,2,3,0.725,10,10,2.0,2.0,0,0,0.0,18.698873079950545,36.06242696687025,0.35797180835719167,-0.5513825061716238,2,0,0.0,0
1,unconstrained,2,4,0.8,10,10,2.0,2.0,0,0,0.0,18.698873079950545,36.01164409234957,0.3498242433186412,-0.5236059649566664,3,0,0.0,0
1,unconstrained,2,5,0.875,10,10,2.0,2.0,0,0,0.0,18.698873079950545,35.948040190101494,0.3408954605794181,-0.5021705295378106,5,0,0.0,0
1,unconstrained,2,6,0.95,10,10,2.0,2.0,0,0,0.0,29.46498920565608,41.67922494541159,0.33233543834029156,-0.4847720588852482,16,9,0.5625,1
1,unconstrained,2,7,1.025,10,7,2.0,1.55,3,1,16.098931362864903,32.97317636333321,46.94832599155262,0.33502936323045185,0.6242804300903491,0,0,0.0,0
1,unconstrained,2,8,1.1,10,10,2.0,2.0,0,0,0.0,23.51807069495203,36.10343247184784,0.3381044000491961,-0.4475081194938324,12,11,0.9166666666666666,1
1,unconstrained,2,9,1.175,2,7,0.8,1.55,5,1,19.367351030107955,36.24159603057626,53.265052716896946,0.33657120312228894,0.6885733211585747,21,0,0.0,0
1,unconstrained,2,10,1.25,10,6,2.0,1.4,4,1,16.129313804916762,33.00355880538507,55.924295086122584,0.33889336855559377,0.44834699788201604,4,0,0.0,0
1,unconstrained,2,11,1.325,10,5,2.0,1.25,5,1,4.749961785346386,21.624206785814692,47.26887152321933,0.34924139591085374,0.15398119493335072,7,0,0.0,0
1,unconstrained,2,12,1.4,4,5,1.1,1.25,1,1,2.8503511067510203,19.72459610721927,45.29466257462377,0.37412340963335733,0.10886332476439087,4,0,0.0,0
1,unconstrained,2,13,1.475,4,7,1.1,1.55,3,1,14.688475406310602,38.20654610126263,59.067540675473765,0.37971054016899375,0.5220993054174041,10,0,0.0,0
1,unconstrained,2,14,1.55,5,6,1.25,1.4,1,1,1.1159718311321853,30.580961036788267,55.480989365155665,0.4020570932767427,0.20768595806448298,0,0,0.0,0
1,unconstrained,2,15,1.625,4,8,1.1,1.7,4,1,13.435218951079037,32.502285205104954,54.99111752497919,0.4269794156011601,0.6627416122922929,0,0,0.0,0
1,unconstrained,2,16,1.7,5,7,1.25,1.55,2,1,14.561804876915517,60.95706958853958,76.99087511583025,0.435200153166602,0.32357903421214207,6,0,0.0,0
1,unconstrained,2,17,1.775,5,7,1.25,1.55,2,1,1.3675037199587905,20.434569973984708,47.10347519035156,0.42791828163028756,0.26264764244612415,0,0,0.0,0
1,unconstrained,2,18,1.85,6,8,1.4,1.7,2,1,25.04075751905549,54.45688454011008,76.0027994926233,0.4107821094051565,0.45430570419738503,0,0,0.0,0
1,unconstrained,2,19,1.925,6,7,1.4,1.55,1,1,11.753076541302448,41.16920356235704,62.35804125724019,0.3878825779585455,0.16005241417194505,0,0,0.0,0
1,unconstrained,2,20,2.0,6,9,1.4,1.85,3,1,24.01442913080359,50.27340123197405,74.04523069098758,0.36284163743304393,0.5968197107041053,0,0,0.0,0
1,unconstrained,3,0,0.5,10,10,2.0,2.0,0,0,0.0,28.91802621060171,37.46256967959036,0.4363677266243871,-0.7520994281819511,1,0,0.0,0
1,unconstrained,3,1,0.575,10,10,2.0,2.0,0,0,0.0,11.966606145700325,28.66985956220421,0.405501269366836,-0.7007878022168192,0,0,0.0,0
1,unconstrained,3,2,0.65,10,10,2.0,2.0,0,0,0.0,11.966606145700325,28.633933535317,0.37537135599484744,-0.6517191672540019,11,0,0.0,0
1,unconstrained,3,3,0.725,10,10,2.0,2.0,0,0,0.0,20.550485971885166,26.616647971632005,0.35625500670726334,-0.6083696376418493,3,0,0.0,0
1,unconstrained,3,4,0.8,10,10,2.0,2.0,0,0,0.0,20.550485971885223,26.564045695131938,0.34406485256903213,-0.5719785517671709,5,0,0.0,0
1,unconstrained,3,5,0.875,10,10,2.0,2.0,0,0,0.0,20.550485971885195,26.516898098864516,0.33208345079028034,-0.5096461388307664,7,2,0.2857142857142857,1
1,unconstrained,3,6,0.95,10,10,2.0,2.0,0,0,0.0,17.490676404370618,22.48468110231829,0.3211090481093961,-0.44300093920035144,22,20,0.9090909090909091,1
1,unconstrained,3,7,1.025,10,7,2.0,1.55,3,1,17.94676065011828,29.913366795818575,37.053105974633496,0.32098802294578477,0.5988595410711379,0,0,0.0,0
1,unconstrained,3,8,1.1,10,10,2.0,2.0,0,0,0.0,11.874381301252527,18.72151008655328,0.32595017152196554,-0.352896271223415,4,3,0.75,1
1,unconstrained,3,9,1.175,10,7,2.0,1.55,3,1,20.51342355191281,32.48002969761316,44.33727745362475,0.33607790313329283,0.7050248919323194,3,0,0.0,0
1,unconstrained,3,10,1.25,10,6,2.0,1.4,4,1,17.977143092170138,29.943749237870463,46.99494931198609,0.3460782428992849,0.45848967673054775,1,0,0.0,0
1,unconstrained,3,11,1.325,10,5,2.0,1.25,5,1,4.907638854767981,16.874245000468306,38.28620658099203,0.3542328001667401,0.1610156194939032,10,0,0.0,0
1,unconstrained,3,12,1.4,4,5,1.1,1.25,1,1,6.7322669342502195,18.698873079950545,36.31199763239647,0.3811845402826296,0.11538141354084885,0,0,0.0,0
1,unconstrained,3,13,1.475,5,7,1.25,1.55,2,1,17.590607904403555,29.46498920565608,42.12223843025487,0.39093406294747574,0.5320919827530353,15,0,0.0,0
1,unconstrained,3,14,1.55,5,6,1.25,1.4,1,1,6.027394290581412,23.51807069495203,36.7537978050633,0.4124617199633275,0.21464790311919746,11,0,0.0,0
1,unconstrained,3,15,1.625,4,8,1.1,1.7,4,1,20.036793628360044,46.395264711624066,56.678988661447704,0.4402356046936824,0.6738167270857609,3,0,0.0,0
1,unconstrained,3,16,1.7,5,6,1.25,1.4,1,1,7.192684952773391,19.067066254025917,28.698476344653216,0.4482898454250927,0.12084796121720931,4,0,0.0,0
1,unconstrained,3,17,1.775,5,7,1.25,1.55,2,1,3.057655937790571,29.416127021054592,48.73804222678348,0.4401095810011214,0.2695387332449761,0,0,0.0,0
1,unconstrained,3,18,1.85,6,8,1.4,1.7,2,1,26.73090973688727,41.23680529675528,54.110763998701316,0.42227097127252217,0.46236530388031394,0,0,0.0,0
1,unconstrained,3,19,1.925,6,7,1.4,1.55,1,1,11.753076541302448,26.258972101170457,40.41269250800815,0.3990656970167569,0.1660176299107734,0,0,0.0,0
1,unconstrained,3,20,2.0,6,9,1.4,1.85,3,1,28.171263923642925,56.455199781390945,71.48840109573052,0.37360000641645613,0.612597206647453,0,0,0.0,0
1,unconstrained,4,0,0.5,10,10,2.0,2.0,0,0,0.0,15.26803401805688,13.967572399327338,0.4368877416814384,-0.7118172817813684,1,0,0.0,0
1,unconstrained,4,1,0.575,10,10,2.0,2.0,0,0,0.0,11.966606145700325,18.802448142969013,0.4132193038192164,-0.6800831841965196,0,0,0.0,0
1,unconstrained,4,2,0.65,10,10,2.0,2.0,0,0,0.0,11.966606145700325,18.77274881960639,0.38118064107726685,-0.6112403538234881,14,0,0.0,0
1,unconstrained,4,3,0.725,10,10,2.0,2.0,0,0,0.0,17.49067640437059,16.769219084063565,0.3549421391846895,-0.5364716391355797,5,0,0.0,0
1,unconstrained,4,4,0.8,10,10,2.0,2.0,0,0,0.0,17.49067640437059,16.736882953031255,0.3432244388143535,-0.47107333579976407,5,0,0.0,0
1,unconstrained,4,5,0.875,10,10,2.0,2.0,0,0,0.0,17.49067640437059,16.709537748292917,0.3301257285350322,-0.4003542129843979,2,2,1.0,1
1,unconstrained,4,6,0.95,10,10,2.0,2.0,0,0,0.0,4.156834792839334,4.572225594007335,0.32295234123387007,-0.3386283159142438,1,0,0.0,0
1,unconstrained,4,7,1.025,10,7,2.0,1.55,3,1,13.196798864771893,25.163405010472218,27.91920101737628,0.3266839221127395,0.6386073001671193,0,0,0.0,0
1,unconstrained,4,8,1.1,3,4,0.95,1.1,1,1,2.03490093014085,14.750498642282537,19.087550293141447,0.3375008791496578,0.11571357495264722,0,0,0.0,0
1,unconstrained,4,9,1.175,3,6,0.95,1.4,3,1,12.939510907690789,28.20754492574767,32.26208770197755,0.34649042910299516,0.528269555184353,9,0,0.0,0
1,unconstrained,4,10,1.25,3,6,0.95,1.4,3,1,16.951420064901384,28.91802621060171,37.62128190546434,0.3613760825978989,0.4685305137297249,0,0,0.0,0
1,unconstrained,4,11,1.325,5,5,1.25,1.25,0,0,0.0,11.966606145700325,28.85921523800789,0.381185697791202,0.1680008316769186,11,0,0.0,0
1,unconstrained,4,12,1.4,4,5,1.1,1.25,1,1,8.58387982618487,20.550485971885195,26.88501105778394,0.3908022026911776,0.12185729181930682,11,0,0.0,0
1,unconstrained,4,13,1.475,5,5,1.25,1.25,0,0,0.0,17.490676404370618,22.897401301314858,0.4197550581121427,0.08303756358716052,24,4,0.16666666666666666,1
1,unconstrained,4,14,1.55,5,6,1.25,1.4,1,1,7.717546508413193,11.874381301252527,19.25753082290595,0.4420982079232685,0.2215617883474903,6,0,0.0,0
1,unconstrained,4,15,1.625,4,8,1.1,1.7,4,1,25.88378063903116,33.17518546826926,34.2248994871058,0.46002743139380714,0.6849343646526749,1,0,0.0,0
1,unconstrained,4,16,1.7,5,6,1.25,1.4,1,1,9.294183017520936,26.35847108326402,29.782066818585122,0.46544228669823173,0.12683024117779862,10,0,0.0,0
1,unconstrained,4,17,1.775,5,7,1.25,1.55,2,1,7.214490730629905,14.505895559868009,26.241722827832177,0.45503084587990256,0.2766322240417236,0,0,0.0,0
1,unconstrained,4,18,1.85,6,8,1.4,1.7,2,1,26.73090973688727,43.26176905333284,50.65720741369819,0.4354445870288145,0.4756823688468934,0,0,0.0,0
1,unconstrained,4,19,1.925,6,7,1.4,1.55,1,1,11.753076541302448,28.28393585774802,36.66583720169149,0.41095538196508374,0.1737157966056566,0,0,0.0,0
1,unconstrained,4,20,2.0,6,7,1.4,1.55,1,1,9.588409414348291,26.119268730793863,34.32776287493954,0.38457531826598035,0.13454116046081843,0,0,0.0,0
1,unconstrained,5,0,0.5,10,10,2.0,2.0,0,0,0.0,5.44080598509143,1.9357020283055988,0.4448495846897153,-0.43196015346381644,1,0,0.0,0
1,unconstrained,5,1,0.575,10,10,2.0,2.0,0,0,0.0,8.906796578185705,8.560609047532992,0.41089337693220246,-0.3524795851273077,0,0,0.0,0
1,unconstrained,5,2,0.65,10,10,2.0,2.0,0,0,0.0,8.906796578185705,8.558147512013122,0.3899090083391478,-0.2777971267799073,19,0,0.0,0
1,unconstrained,5,3,0.725,10,10,2.0,2.0,0,0,0.0,0.0,-1.536439146319907,0.36679205665656367,-0.21074610526789717,5,0,0.0,0
1,unconstrained,5,4,0.8,2,3,0.8,0.95,1,1,4.410306441854345,13.879529148789914,12.387984183316775,0.35872128452779867,0.11476707197679614,0,0,0.0,0
1,unconstrained,5,5,0.875,2,4,0.8,1.1,2,1,5.255846342647374,5.811074290163447,8.258763357741032,0.35191445819781847,0.27890274041266006,1,0,0.0,0
1,unconstrained,5,6,0.95,3,3,0.95,0.95,0,0,0.0,2.2353663627850437,1.1034857825972324,0.3473238443529881,0.03506213872563446,0,0,0.0,0
1,unconstrained,5,7,1.025,3,3,0.95,0.95,0,0,0.0,2.2353663627850437,-0.3722634013651316,0.35450193603190583,0.005495561239300173,9,7,0.7777777777777778,1
1,unconstrained,5,8,1.1,3,4,0.95,1.1,1,1,2.5901288776568947,12.715597712141715,13.012934154442718,0.36572488694813104,0.12272228629037674,11,0,0.0,0
1,unconstrained,5,9,1.175,3,4,0.95,1.1,1,1,1.2151863630380433,11.340655197522835,11.246910949704073,0.37671740660414343,0.08101978405004084,22,0,0.0,0
1,unconstrained,5,10,1.25,3,5,0.95,1.25,2,1,9.82722803296545,15.26803401805688,14.120467345981695,0.394352579576212,0.227900882681626,9,0,0.0,0
1,unconstrained,5,11,1.325,3,5,0.95,1.25,2,1,3.059809567514634,11.966606145700325,18.98790226263847,0.4182579831455557,0.17493773731550055,6,0,0.0,0
1,unconstrained,5,12,1.4,4,5,1.1,1.25,1,1,8.583879826184898,17.49067640437059,17.01369331404294,0.441888084405932,0.1282915027860465,8,0,0.0,0
1,unconstrained,5,13,1.475,4,5,1.1,1.25,1,1,4.156834792839334,4.156834792839334,4.903483409733667,0.46917092599000293,0.08903707062619803,9,0,0.0,0
1,unconstrained,5,14,1.55,4,6,1.1,1.4,2,1,9.772883236504981,17.064288065743085,19.84347572799021,0.4861826103652847,0.2284281263722283,0,0,0.0,0
1,unconstrained,5,15,1.625,4,4,1.1,1.1,0,0,0.0,0.0,-2.4189563929346036,0.4887247599855377,-0.011390356124051593,0,0,0.0,0
1,unconstrained,5,16,1.7,5,5,1.25,1.25,0,0,0.0,7.291404829238104,6.714608274736349,0.48380610032612376,0.019482473188817906,0,0,0.0,0
1,unconstrained,5,17,1.775,5,7,1.25,1.55,2,1,15.642803265613054,16.53085931644557,21.778959852448168,0.4703653589469649,0.28831089959924316,0,0,0.0,0
1,unconstrained,5,18,1.85,5,6,1.25,1.4,1,1,1.6757088659964836,1.6757088659964836,4.177359904243502,0.4487553113451502,0.07124537319423485,0,0,0.0,0
1,unconstrained,5,19,1.925,6,6,1.4,1.4,0,0,0.0,0.8880560508325175,6.511235565351342,0.4228201977819159,0.052919000547191786,0,0,0.0,0
1,unconstrained,5,20,2.0,5,7,1.25,1.55,2,1,10.900887889645503,31.310375154583483,35.84989702665138,0.39535198880763145,0.14508478490605814,0,0,0.0,0
1,unconstrained,6,0,0.5,1,2,0.65,0.8,1,1,2.982836656680192,7.4148335663478235,4.99268384476801,0.5303502712465424,0.11113673632553889,1,0,0.0,1
1,unconstrained,6,1,0.575,1,1,0.65,0.65,0,0,0.0,4.431996909667646,-1.1441157690576063,0.5016245388239843,-0.06671471321977585,0,0,0.0,1
1,unconstrained,6,2,0.65,1,2,0.65,0.8,1,1,1.3203155025772872,4.373107121632131,1.3117790151611644,0.4796120308756841,0.029259668825110108,24,0,0.0,1
1,unconstrained,6,3,0.725,2,4,0.8,1.1,2,1,10.89097125597334,10.89097125597334,8.46680835116608,0.46534025152364683,0.397090115623286,0,0,0.0,0
1,unconstrained,6,4,0.8,2,3,0.8,0.95,1,1,5.883503234550375,5.883503234550375,3.054675469552933,0.4515999314034402,0.12240433817670304,1,0,0.0,0
1,unconstrained,6,5,0.875,2,4,0.8,1.1,2,1,9.469222706935568,9.469222706935568,7.612113220289089,0.445401145555194,0.2880024722800383,2,0,0.0,0
1,unconstrained,6,6,0.95,2,3,0.8,0.95,1,1,2.2353663627850437,2.2353663627850437,-0.6761862997867638,0.44784607890249556,0.04157852682457008,9,0,0.0,0
1,unconstrained,6,7,1.025,2,3,0.8,0.95,1,1,0.5552279475160589,0.5552279475160589,-2.151935483749156,0.44585604750011515,0.011566454488983524,31,0,0.0,0
1,unconstrained,6,8,1.1,3,4,0.95,1.1,1,1,7.501551337106179,10.125468834484792,6.5473149792449306,0.45826248034896283,0.12968244058235223,15,0,0.0,0
1,unconstrained,6,9,1.175,3,4,0.95,1.1,1,1,6.126608822487327,8.75052631986594,4.781283382172347,0.47423585046114203,0.08747392804086607,4,0,0.0,0
1,unconstrained,6,10,1.25,3,4,0.95,1.1,1,1,4.776062408525405,5.440805985091444,2.0410143933206797,0.48957571663692767,0.052631004465386155,6,0,0.0,0
1,unconstrained,6,11,1.325,3,5,0.95,1.25,2,1,8.906796578185691,8.906796578185691,8.672258118140661,0.5052848366827772,0.18182677993709984,7,0,0.0,0
1,unconstrained,6,12,1.4,4,4,1.1,1.1,0,0,0.0,0.0,-1.4245509782950307,0.5273111507115212,0.006603379557138744,0,0,0.0,0
1,unconstrained,6,13,1.475,4,5,1.1,1.25,1,1,7.291404829238104,7.291404829238104,4.991782745970255,0.5379862064102625,0.0953316002856881,0,0,0.0,0
1,unconstrained,6,14,1.55,4,5,1.1,1.25,1,1,5.189906764490587,5.189906764490587,3.163318263929,0.5414969412477127,0.06428238416685073,0,0,0.0,0
1,unconstrained,6,15,1.625,4,4,1.1,1.1,0,0,0.0,0.0,-2.3784962214319023,0.529888379168636,-0.006549769849930165,0,0,0.0,0
1,unconstrained,6,16,1.7,4,5,1.1,1.25,1,1,0.8880560508324891,0.8880560508324891,1.3026547781121565,0.512688260560288,0.026359247814055742,0,0,0.0,0
1,unconstrained,6,17,1.775,5,7,1.25,1.55,2,1,20.40948726493798,20.40948726493798,22.244480082040866,0.49183837707891415,0.3011530057060101,0,0,0.0,0
1,unconstrained,6,18,1.85,5,6,1.25,1.4,1,1,5.196045451851603,5.196045451851603,7.4959378631354525,0.4669241853566478,0.08120633098915597,0,0,0.0,0
1,unconstrained,6,19,1.925,6,6,1.4,1.4,0,0,0.0,0.0,6.874491009177461,0.4384847807071683,0.062318865204225915,0,0,0.0,0
1,unconstrained,6,20,2.0,5,6,1.25,1.4,1,1,0.4244224244647512,0.4244224244647512,6.088889938835166,0.40908131165651623,0.05120597682251482,0,0,0.0,0
1,unconstrained,7,0,0.5,0,1,0.5,0.65,1,1,0.011456373923373064,0.011456373923373064,-1.421955994161344,0.6806460404544445,-0.03969084662322153,1,0,0.0,1
1,unconstrained,7,1,0.575,1,1,0.65,0.65,0,0,0.0,0.0,-2.355426729127444,0.6586039875748483,-0.06057071368363065,0,0,0.0,1
1,unconstrained,7,2,0.65,1,2,0.65,0.8,1,1,4.431996909667632,4.431996909667632,1.4423606884633955,0.6425362453140143,0.03631593093708885,24,0,0.0,1
1,unconstrained,7,3,0.725,1,2,0.65,0.8,1,1,3.052791619054844,3.052791619054844,0.15378722318213534,0.6283423551699462,0.00352982517291478,1,0,0.0,1
1,unconstrained,7,4,0.8,1,2,0.65,0.8,1,1,1.4731967926960507,1.4731967926960507,-1.047817374425847,0.6168115564037923,-0.022120238037254936,2,0,0.0,1
1,unconstrained,7,5,0.875,2,2,0.8,0.8,0,0,0.0,0.0,-2.0588835580499563,0.6125798117696978,-0.04031332850241398,40,40,1.0,1
1,unconstrained,7,6,0.95,2,2,0.8,0.8,0,0,0.0,0.0,-2.793546446745964,0.6052360522450917,-0.051129490845892356,12,12,1.0,1
1,unconstrained,7,7,1.025,2,2,0.8,0.8,0,0,0.0,0.0,-3.189597050034095,0.6075882140195197,-0.05496052841906174,7,7,1.0,1
1,unconstrained,7,8,1.1,2,3,0.8,0.95,1,1,2.6239174973786135,2.6239174973786135,-0.3093198209528296,0.610003496674236,-0.005147772685931251,13,0,0.0,0
1,unconstrained,7,9,1.175,2,3,0.8,0.95,1,1,0.664743576566039,0.664743576566039,-1.3008269942268953,0.6090847747320357,-0.02020402749983763,0,0,0.0,0
1,unconstrained,7,10,1.25,3,3,0.95,0.95,0,0,0.0,0.0,-1.9115097177752745,0.6101096067658854,-0.02790917719911068,0,0,0.0,0
1,unconstrained,7,11,1.325,3,3,0.95,0.95,0,0,0.0,0.0,-2.087712427113985,0.6200774532167083,-0.02884351969078658,0,0,0.0,0
1,unconstrained,7,12,1.4,3,3,0.95,0.95,0,0,0.0,0.0,-1.805302049468125,0.6238208264606295,-0.02374034590962104,0,0,0.0,0
1,unconstrained,7,13,1.475,3,3,0.95,0.95,0,0,0.0,0.0,-1.0363397264840017,0.6135735181790398,-0.013036764575519832,0,0,0.0,0
1,unconstrained,7,14,1.55,4,4,1.1,1.1,0,0,0.0,0.0,-0.2062792945779819,0.5977527481548566,-0.00247209769897605,0,0,0.0,0
1,unconstrained,7,15,1.625,4,4,1.1,1.1,0,0,0.0,0.0,-0.01428990560634702,0.5754671542290786,-0.00016276742375254116,0,0,0.0,0
1,unconstrained,7,16,1.7,4,4,1.1,1.1,0,0,0.0,0.0,0.7115492600241708,0.5456631042005862,0.0077445567889773415,0,0,0.0,0
1,unconstrained,7,17,1.775,4,4,1.1,1.1,0,0,0.0,0.0,1.9799112714049585,0.5174278842699997,0.0206855520394571,0,0,0.0,0
1,unconstrained,7,18,1.85,5,4,1.25,1.1,1,1,0.775134821096799,0.775134821096799,3.747734139263315,0.48796442917132715,0.0377353302064547,0,0,0.0,0
1,unconstrained,7,19,1.925,5,5,1.25,1.25,0,0,0.0,0.0,3.3600328462723184,0.45704104868394185,0.03220575612443888,0,0,0.0,0
1,unconstrained,7,20,2.0,5,5,1.25,1.25,0,0,0.0,0.0,4.631855335626213,0.425771947557789,0.04257470609297176,0,0,0.0,0
2,structured,0,0,0.5,10,10,2.0,2.0,0,0,0.0,272.65547873533603,1597.0577735113336,0.3323191407528881,0.5192579266221093,3,1,0.3333333333333333,1
2,structured,0,1,0.575,10,10,2.0,2.0,0,0,0.0,282.8915836108302,1596.0398270519086,0.33481628373782774,0.4270199852268446,5,2,0.4,1
2,structured,0,2,0.65,10,10,2.0,2.0,0,0,0.0,282.89158361083025,1596.0352178716305,0.3437766167438,0.347667075748058,4,3,0.75,1
2,structured,0,3,0.725,10,10,2.0,2.0,0,0,0.0,285.12771523360595,1594.3709685453307,0.36090619268727026,0.26825042884054284,4,2,0.5,1
2,structured,0,4,0.8,10,10,2.0,2.0,0,0,0.0,285.12771523360607,1594.3431477045588,0.38536131958545655,0.18905640696846393,4,2,0.5,1
2,structured,0,5,0.875,10,8,2.0,1.7,2,1,2.5436270632821447,285.4352106741124,1595.1242376850378,0.41609822562443904,-0.23188993409760367,4,0,0.0,0
2,structured,0,6,0.95,10,10,2.0,2.0,0,0,0.0,289.57722420448613,1588.754133993757,0.44732868375228363,0.0433435174088016,3,3,1.0,1
2,structured,0,7,1.025,10,10,2.0,2.0,0,0,0.0,289.57722420448613,1588.6772464138485,0.48144369086547073,-0.018056491983056477,3,1,0.3333333333333333,1
2,structured,0,8,1.1,10,9,2.0,1.85,1,1,3.0874553168914645,292.66467952137765,1587.935031753315,0.5196311657002396,-0.24815237650323496,3,0,0.0,0
2,structured,0,9,1.175,3,6,0.95,1.4,3,1,17.14177238442062,289.79725111975665,1584.1227342472428,0.5627858171240712,-0.6702226252548704,7,0,0.0,0
2,structured,0,10,1.25,3,10,0.95,2.0,7,1,3.7180074038955127,304.36055081687937,1714.9644521966243,0.6107311980233512,-0.19012882336409487,7,0,0.0,0
2,structured,0,11,1.325,10,10,2.0,2.0,0,0,0.0,305.88465603166765,1716.0853394731143,0.6632192151607085,-0.24535820229051725,6,4,0.6666666666666666,1
2,structured,0,12,1.4,5,10,1.25,2.0,5,1,5.953876606571839,311.8385326382395,1715.7181196768156,0.7199572060877922,-0.2989709382844021,3,0,0.0,0
2,structured,0,13,1.475,4,10,1.1,2.0,6,1,15.551429785321204,328.49369052338363,1816.8656061279485,0.780596044423797,-0.34986864395797024,8,0,0.0,0
2,structured,0,14,1.55,4,10,1.1,2.0,6,1,19.002410652202855,331.9446713902653,1816.2460784785376,0.8452203173911682,-0.39860949847834937,4,0,0.0,0
2,structured,0,15,1.625,4,10,1.1,2.0,6,1,14.809008400585412,338.6979481140705,1939.0849232584173,0.9155781067578505,-0.43199506022090883,5,0,0.0,0
2,structured,0,16,1.7,5,10,1.25,2.0,5,1,29.2347416172492,353.1236813307343,1938.3622931063508,0.9980838483718344,-0.4344252252563108,8,0,0.0,0
2,structured,0,17,1.775,5,9,1.25,1.85,4,1,21.73645614554266,345.6253958590278,1931.9816646204733,1.0902455490893983,-0.5568374191305543,6,0,0.0,0
2,structured,0,18,1.85,5,10,1.25,2.0,5,1,16.53382671887732,363.0409567801238,2087.2822317513637,1.1911338246090122,-0.42875289753931023,2,0,0.0,0
2,structured,0,19,1.925,6,0,1.4,0.5,6,1,120.93229760018573,372.19431412058714,2190.3031399170577,1.2998828275630658,2.797593037928329,4,0,0.0,1
2,structured,0,20,2.0,6,0,1.4,0.5,6,1,116.10593352804108,388.7614122633771,2541.4290167960235,1.4152951922322854,2.994166952050522,7,0,0.0,1
2,structured,1,0,0.5,10,10,2.0,2.0,0,0,0.0,233.13110826290824,1437.016258949747,0.32698004298758343,0.5384009524684574,2,0,0.0,0
2,structured,1,1,0.575,10,10,2.0,2.0,0,0,0.0,241.82331276013804,1435.972027855255,0.32459492053959876,0.45247061339919115,0,0,0.0,0
2,structured,1,2,0.65,10,10,2.0,2.0,0,0,0.0,241.82331276013804,1435.965486173184,0.33277272159097226,0.36687410261921394,6,0,0.0,0
2,structured,1,3,0.725,10,10,2.0,2.0,0,0,0.0,244.0594443829138,1434.2864766387545,0.34930971937826827,0.2872242739889004,2,0,0.0,0
2,structured,1,4,0.8,10,10,2.0,2.0,0,0,0.0,244.05944438291385,1434.26158840611,0.37354399005921185,0.20872451252232094,1,0,0.0,0
2,structured,1,5,0.875,10,8,2.0,1.7,2,1,2.5436270632821447,244.3669398234202,1435.1016132539712,0.40438457106412723,-0.21022862108964147,2,0,0.0,0
2,structured,1,6,0.95,10,10,2.0,2.0,0,0,0.0,246.8188011359622,1428.7830045544697,0.4396585103636599,0.05664589398698222,5,0,0.0,0
2,structured,1,7,1.025,3,10,0.95,2.0,7,1,0.7449610525031858,247.56376218846538,1428.694154322355,0.47904063935808744,-0.015120611513477766,5,0,0.0,0
2,structured,1,8,1.1,2,9,0.8,1.85,7,1,6.407484662196794,253.226285798159,1427.9282472148739,0.5227483395203314,-0.2553397577268045,9,0,0.0,0
2,structured,1,9,1.175,2,6,0.8,1.4,4,1,18.13090825749316,251.26201652040143,1423.9695655947748,0.5693355133059003,-0.6778935286353889,4,0,0.0,0
2,structured,1,10,1.25,3,10,0.95,2.0,7,1,3.367522081184802,272.65547873533603,1596.8533785625725,0.6186995981530572,-0.21242379303562214,1,0,0.0,0
2,structured,1,11,1.325,10,10,2.0,2.0,0,0,0.0,282.89158361083025,1595.839617736715,0.6712993402969143,-0.2689053951084253,16,6,0.375,1
2,structured,1,12,1.4,4,9,1.1,1.85,5,1,15.83975857945478,285.127715233606,1594.18980293733,0.7278917134875703,-0.4824960229930988,20,0,0.0,0
2,structured,1,13,1.475,4,10,1.1,2.0,6,1,14.18392606536247,289.5772242044862,1588.7030514974792,0.7883652479656146,-0.37575618900721897,10,0,0.0,0
2,structured,1,14,1.55,4,10,1.1,2.0,6,1,17.63490693224412,293.0282050713679,1588.0714241051787,0.8528690060584273,-0.42313988706771566,4,0,0.0,0
2,structured,1,15,1.625,4,10,1.1,2.0,6,1,9.897585941136242,300.64254341298385,1715.4514682623167,0.9270190859874373,-0.4296604482420825,2,0,0.0,0
2,structured,1,16,1.7,5,0,1.25,0.5,5,1,83.50238069724122,305.88465603166765,1716.84902707945,1.0113477464125857,2.240827162607994,11,0,0.0,1
2,structured,1,17,1.775,7,0,1.55,0.5,7,1,90.559985403636,312.94226073806243,1818.4746667074069,1.104866724058667,2.4365114240314876,0,0,0.0,1
2,structured,1,18,1.85,6,0,1.4,0.5,6,1,101.21623975051733,323.8889397134851,1942.0376923255806,1.2066751387806793,2.6327211982457603,0,0,0.0,1
2,structured,1,19,1.925,6,0,1.4,0.5,6,1,123.83443009827869,346.5071300612464,2092.8219448764285,1.3157817394255837,2.8288583613634417,0,0,0.0,1
2,structured,1,20,2.0,6,0,1.4,0.5,6,1,117.4641656478696,350.59527391077785,2412.887697737672,1.4315757865402474,3.0253635252702518,0,0,0.0,1
2,structured,2,0,0.5,10,10,2.0,2.0,0,0,0.0,184.04304291277606,1153.3568142743252,0.3216436743982059,0.5677341362759141,2,0,0.0,0
2,structured,2,1,0.575,10,10,2.0,2.0,0,0,0.0,194.58428746107137,1189.701307641676,0.3155953739777418,0.48233204657529205,0,0,0.0,0
2,structured,2,2,0.65,10,10,2.0,2.0,0,0,0.0,194.58428746107143,1189.6984897597872,0.3206728427553116,0.39824137122872516,8,0,0.0,0
2,structured,2,3,0.725,10,10,2.0,2.0,0,0,0.0,202.52046921654716,1189.2870775196463,0.33639013777805726,0.31442111369732695,1,0,0.0,0
2,structured,2,4,0.8,10,9,2.0,1.85,1,1,8.102298969191395,202.68658643026282,1189.5610582457032,0.35995515167503894,0.06252751593574546,2,0,0.0,0
2,structured,2,5,0.875,10,8,2.0,1.7,2,1,6.2678658213598055,200.85215328243123,1188.8930119402141,0.3910133633418789,-0.18205853994585874,6,0,0.0,0
2,structured,2,6,0.95,10,10,2.0,2.0,0,0,0.0,217.1933219527874,1301.7935161078126,0.42809622892139165,0.08226066708704899,17,14,0.8235294117647058,1
2,structured,2,7,1.025,10,10,2.0,2.0,0,0,0.0,217.1933219527874,1301.7092011931188,0.46889942197034123,0.01004490134115199,0,0,0.0,0
2,structured,2,8,1.1,10,9,2.0,1.85,1,1,5.18895338163901,222.38227533442642,1300.9741176501673,0.5143957020954807,-0.23088464746669835,11,0,0.0,0
2,structured,2,9,1.175,2,9,0.8,1.85,7,1,5.479378010180369,222.67269996296776,1300.5703407689898,0.5637096855058618,-0.29855531566465043,22,0,0.0,0
2,structured,2,10,1.25,10,10,2.0,2.0,0,0,0.0,233.13110826290824,1436.8021107737522,0.6163983343697491,-0.19817392766079422,3,3,1.0,1
2,structured,2,11,1.325,10,10,2.0,2.0,0,0,0.0,241.82331276013804,1435.756969294513,0.6726258513033827,-0.26368879014361407,9,7,0.7777777777777778,1
2,structured,2,12,1.4,4,9,1.1,1.85,5,1,10.928336120005554,244.05944438291382,1434.0905619210084,0.7322957584697775,-0.48546960203061795,3,0,0.0,0
2,structured,2,13,1.475,4,10,1.1,2.0,6,1,12.49377384753069,246.81880113596222,1428.7157953062924,0.7940595221719143,-0.38623751107309423,10,0,0.0,0
2,structured,2,14,1.55,5,10,1.25,2.0,5,1,16.036962817803612,250.3619901062352,1428.2002794309444,0.8613668611483125,-0.40592849306686496,0,0,0.0,0
2,structured,2,15,1.625,4,10,1.1,2.0,6,1,11.931672481382122,269.28795665415123,1597.3916725041654,0.9387836295534147,-0.4144655941453985,0,0,0.0,0
2,structured,2,16,1.7,5,10,1.25,2.0,5,1,25.535299438061145,282.89158361083025,1596.6672174962944,1.0256949060770775,-0.4204872963332058,6,0,0.0,0
2,structured,2,17,1.775,5,9,1.25,1.85,4,1,18.037013966354664,275.3932981391238,1590.410278542697,1.1211583622598666,-0.5407761143903462,0,0,0.0,0
2,structured,2,18,1.85,6,0,1.4,0.5,6,1,106.82941897541508,290.7449574718476,1718.391464292523,1.2242613583815787,2.6700804659519557,0,0,0.0,1
2,structured,2,19,1.925,6,0,1.4,0.5,6,1,124.53618686372721,308.4517253601597,1874.3553433082147,1.334250765298218,2.8655738176715815,0,0,0.0,1
2,structured,2,20,2.0,6,0,1.4,0.5,6,1,117.4641656478696,301.50720856064567,2166.9208267884273,1.4505867331649371,3.0614606630001013,0,0,0.0,1
2,structured,3,0,0.5,10,10,2.0,2.0,0,0,0.0,164.5821784207996,1058.9155233989302,0.3199338980233962,0.6027473405908397,2,0,0.0,0
2,structured,3,1,0.575,10,10,2.0,2.0,0,0,0.0,167.70231487269842,1058.013661217135,0.3095531468301707,0.5186160476278447,0,0,0.0,0
2,structured,3,2,0.65,10,10,2.0,2.0,0,0,0.0,167.70231487269842,1058.0143564330094,0.3108477307368103,0.43469226361826063,9,0,0.0,0
2,structured,3,3,0.725,10,10,2.0,2.0,0,0,0.0,180.42193700025445,1056.421582707906,0.3238336025444235,0.35095117210904614,2,0,0.0,0
2,structured,3,4,0.8,10,10,2.0,2.0,0,0,0.0,180.42193700025445,1056.399711185543,0.34754038346022476,0.26718142065961814,5,0,0.0,0
2,structured,3,5,0.875,10,8,2.0,1.7,2,1,13.027117568062437,180.72943244076083,1057.2721273312213,0.3785657346460734,-0.15154902453522257,3,0,0.0,0
2,structured,3,6,0.95,10,10,2.0,2.0,0,0,0.0,179.13791725170069,1051.7770557072395,0.4164703051621338,0.1123094636943569,23,19,0.8260869565217391,1
2,structured,3,7,1.025,10,10,2.0,2.0,0,0,0.0,179.13791725170069,1051.698404306683,0.45863549061878556,0.039709450769926935,0,0,0.0,0
2,structured,3,8,1.1,10,9,2.0,1.85,1,1,5.18895338163901,184.3268706333397,1051.004778661156,0.5052979664824772,-0.20059597618063985,2,0,0.0,0
2,structured,3,9,1.175,10,9,2.0,1.85,1,1,4.777621244731847,183.91553849643253,1050.6149086343698,0.556212507239689,-0.2683133538199065,3,0,0.0,0
2,structured,3,10,1.25,10,10,2.0,2.0,0,0,0.0,184.04304291277606,1153.1273540823202,0.6109662285643639,-0.1697468201727479,1,0,0.0,0
2,structured,3,11,1.325,10,10,2.0,2.0,0,0,0.0,194.5842874610714,1189.468337587156,0.6691081731078337,-0.2376644174092467,9,8,0.8888888888888888,1
2,structured,3,12,1.4,4,10,1.1,2.0,6,1,7.9361817554757295,202.52046921654716,1189.0695275675446,0.7302747043504018,-0.30217427778001116,1,0,0.0,0
2,structured,3,13,1.475,5,10,1.25,2.0,5,1,17.086058563455424,217.19332195278741,1301.6946427265634,0.7952848374945044,-0.3412398567848429,20,0,0.0,0
2,structured,3,14,1.55,5,10,1.25,2.0,5,1,22.63853749508462,222.74580088441667,1301.212893836155,0.8688711821970159,-0.3617051860509123,10,0,0.0,0
2,structured,3,15,1.625,4,10,1.1,2.0,6,1,22.690081951502464,233.13110826290824,1437.307762350843,0.9510543278363541,-0.38040749303162524,3,0,0.0,0
2,structured,3,16,1.7,5,10,1.25,2.0,5,1,31.38228644873226,241.82331276013807,1436.5705395512239,1.0409295724077732,-0.3945631066512858,7,0,0.0,0
2,structured,3,17,1.775,5,9,1.25,1.85,4,1,23.884000977025778,234.32502728843156,1430.462050757653,1.1384448448774176,-0.5171149722270645,0,0,0.0,0
2,structured,3,18,1.85,6,10,1.4,2.0,4,1,30.89864219088298,257.3562841727691,1600.2478024149868,1.2432926938425735,-0.40606784364473403,0,0,0.0,0
2,structured,3,19,1.925,6,0,1.4,0.5,6,1,120.3901662305542,265.69330229163575,1718.8178634684798,1.3546635990799167,2.906055410843936,0,0,0.0,1
2,structured,3,20,2.0,6,0,1.4,0.5,6,1,113.73992688979195,278.3221053105916,2115.931364154381,1.47203146839609,3.1015191738779793,0,0,0.0,1
2,structured,4,0,0.5,10,10,2.0,2.0,0,0,0.0,128.42533002955668,866.5037377506509,0.32180949968150624,0.6381648135864604,2,0,0.0,0
2,structured,4,1,0.575,10,10,2.0,2.0,0,0,0.0,129.6938535895208,865.705257739056,0.3072097320175908,0.5540488473252727,0,0,0.0,0
2,structured,4,2,0.65,10,10,2.0,2.0,0,0,0.0,129.6938535895208,865.7092860466663,0.30472862766476794,0.4699862832407825,11,0,0.0,0
2,structured,4,3,0.725,10,10,2.0,2.0,0,0,0.0,139.35366614956226,864.2916673651648,0.3148563757538079,0.3860520856954033,5,0,0.0,0
2,structured,4,4,0.8,10,10,2.0,2.0,0,0,0.0,139.35366614956223,864.274473257696,0.33671476874640616,0.3024534984781537,3,0,0.0,0
2,structured,4,5,0.875,10,8,2.0,1.7,2,1,9.967308000547831,139.66116159006864,865.032282772572,0.36830566783727,-0.12126609767953489,4,0,0.0,0
2,structured,4,6,0.95,10,10,2.0,2.0,0,0,0.0,136.37949418317672,860.094222323746,0.4062152091046633,0.14422231404471592,1,0,0.0,0
2,structured,4,7,1.025,10,10,2.0,2.0,0,0,0.0,136.37949418317672,860.0198179925482,0.44984311215105416,0.06996188952374938,0,0,0.0,0
2,structured,4,8,1.1,3,9,0.95,1.85,6,1,4.990442111015739,141.36993629419246,859.3675244965269,0.4977986447670474,-0.17048371075547075,2,0,0.0,0
2,structured,4,9,1.175,3,9,0.95,1.85,6,1,8.923641877904828,145.30313606108155,858.991857505572,0.55021630100139,-0.2382597614121994,15,0,0.0,0
2,structured,4,10,1.25,3,10,0.95,2.0,7,1,7.881073550916966,164.5821784207996,1058.6671883232734,0.606463065549723,-0.13921063781520687,0,0,0.0,0
2,structured,4,11,1.325,5,10,1.25,2.0,5,1,3.99915772341771,167.7023148726984,1057.7581950583744,0.6662028833054155,-0.20740337529987263,10,0,0.0,0
2,structured,4,12,1.4,4,9,1.1,1.85,5,1,23.720832130371804,180.42193700025445,1056.1740312942984,0.7290705721797511,-0.4181463704761359,9,0,0.0,0
2,structured,4,13,1.475,5,10,1.25,2.0,5,1,22.93304557412651,179.13791725170069,1051.6399882656647,0.7992062515644293,-0.2837546923121186,26,0,0.0,0
2,structured,4,14,1.55,5,10,1.25,2.0,5,1,28.485524505755762,184.69039618332994,1051.2082538711059,0.8782410710412789,-0.3042391852879558,4,0,0.0,0
2,structured,4,15,1.625,4,10,1.1,2.0,6,1,29.995930132575836,184.04304291277606,1153.5664811537958,0.9652282247423142,-0.3229065931341497,0,0,0.0,0
2,structured,4,16,1.7,5,0,1.25,0.5,5,1,81.13637405899215,194.58428746107143,1190.2108142846016,1.0593501400855236,2.3786989251024337,8,0,0.0,1
2,structured,4,17,1.775,5,0,1.25,0.5,5,1,86.65934998725274,200.10726338933202,1303.270413873496,1.1597830665742312,2.568831327159459,0,0,0.0,1
2,structured,4,18,1.85,6,0,1.4,0.5,6,1,93.05991314243744,210.4410263114058,1439.971218578498,1.2659304345217641,2.759377280931125,0,0,0.0,1
2,structured,4,19,1.925,6,0,1.4,0.5,6,1,109.07652881291773,226.45764198188613,1605.5500878285648,1.3770366531916816,2.9496650471556,0,0,0.0,1
2,structured,4,20,2.0,6,0,1.4,0.5,6,1,102.9815174196716,231.40684744922828,1970.987594296087,1.4949807286507701,3.1435200422948,0,0,0.0,1
2,structured,5,0,0.5,10,10,2.0,2.0,0,0,0.0,80.12622074726534,466.63829881281265,0.32686332181603517,0.6728962264045468,2,0,0.0,0
2,structured,5,1,0.575,10,10,2.0,2.0,0,0,0.0,83.28391889047518,575.1379816218445,0.3082120299292187,0.5866344966201646,0,0,0.0,0
2,structured,5,2,0.65,10,10,2.0,2.0,0,0,0.0,83.28391889047518,575.1438530242805,0.30235560255977806,0.5007389589602224,16,0,0.0,0
2,structured,5,3,0.725,10,10,2.0,2.0,0,0,0.0,89.07255581446785,574.9512260700892,0.30966589967264224,0.41820569641648786,3,0,0.0,0
2,structured,5,4,0.8,2,10,0.8,2.0,8,1,1.4701673314486357,90.54272314591645,574.9400613896719,0.32928636447856363,0.33630946965423214,2,0,0.0,0
2,structured,5,5,0.875,2,8,0.8,1.7,6,1,9.618798229625895,92.90271712010104,574.5453866302026,0.35970857879868123,-0.08848064549362744,1,0,0.0,0
2,structured,5,6,0.95,3,10,0.95,2.0,7,1,4.67749830749824,101.82133218092537,706.2211117045355,0.39877353645084024,0.17304180836161948,2,0,0.0,0
2,structured,5,7,1.025,3,10,0.95,2.0,7,1,9.667115684142772,106.8109495575699,706.1522044713067,0.44317850669797637,0.0982950999588739,15,0,0.0,0
2,structured,5,8,1.1,3,9,0.95,1.85,6,1,16.304079528652153,113.44791340207928,705.5399453826627,0.49220246539918816,-0.14222064937999485,10,0,0.0,0
2,structured,5,9,1.175,3,9,0.95,1.85,6,1,20.237279295541242,117.38111316896837,705.1803806937821,0.5458119884811062,-0.20937724738916896,20,0,0.0,0
2,structured,5,10,1.25,3,10,0.95,2.0,7,1,21.774053057436078,128.42533002955668,866.2356254962297,0.6034864715736937,-0.11036770705017027,9,0,0.0,0
2,structured,5,11,1.325,3,10,0.95,2.0,7,1,21.334266836586607,129.6938535895208,865.4270212350845,0.6645246819015752,-0.1742436820351047,4,0,0.0,0
2,structured,5,12,1.4,4,9,1.1,1.85,5,1,32.70238917744166,139.35366614956223,864.0142371564102,0.7316055993114123,-0.35765479888281293,8,0,0.0,0
2,structured,5,13,1.475,4,10,1.1,2.0,6,1,36.40624895278151,136.37949418317672,859.9153149249338,0.8073848561422045,-0.22420492344151166,8,0,0.0,0
2,structured,5,14,1.55,4,10,1.1,2.0,6,1,39.85722981966322,139.8304750500584,859.525560796946,0.8909246988284388,-0.24715168968180057,0,0,0.0,0
2,structured,5,15,1.625,4,10,1.1,2.0,6,1,40.55864613186125,156.70110486988264,1059.0327167714731,0.9822749751085915,-0.2657958234004132,0,0,0.0,0
2,structured,5,16,1.7,5,10,1.25,2.0,5,1,47.560698411259295,163.70315714928068,1058.415644061118,1.079994236395409,-0.2843750800179443,0,0,0.0,0
2,structured,5,17,1.775,5,9,1.25,1.85,4,1,40.062412939552786,156.2048716775742,1052.9864999216304,1.1833682348765096,-0.4157356091151536,0,0,0.0,0
2,structured,5,18,1.85,5,0,1.25,0.5,5,1,80.84264250191481,154.04711278020025,1155.8893745610162,1.2927641375911207,2.814225939460841,0,0,0.0,1
2,structured,5,19,1.925,6,0,1.4,0.5,6,1,89.88980680781424,163.09427708609968,1332.307843420458,1.407194221806944,3.0060076260935755,0,0,0.0,1
2,structured,5,20,2.0,5,0,1.25,0.5,5,1,89.13064029848206,169.2568610457474,1635.821795572692,1.5263371916678907,3.1980615500794176,0,0,0.0,1
2,structured,6,0,0.5,1,10,0.65,2.0,9,1,6.867493930264757,28.18440326732169,151.13215707443223,0.33746169442250695,0.7170260704701166,2,0,0.0,0
2,structured,6,1,0.575,1,10,0.65,2.0,9,1,9.703662779447583,34.63477684160214,192.415509982827,0.3138035744694056,0.6295450719207432,0,0,0.0,0
2,structured,6,2,0.65,1,10,0.65,2.0,9,1,12.964432624975828,37.895546687130384,192.42462721579886,0.30316991700115187,0.5422170807147668,19,0,0.0,0
2,structured,6,3,0.725,2,10,0.8,2.0,8,1,12.496308194468753,40.65251049389748,242.4232776180056,0.30694935079467206,0.45507423663133284,2,0,0.0,0
2,structured,6,4,0.8,2,10,0.8,2.0,8,1,19.5765232022559,47.732725501684634,242.41340117277574,0.3245942501807052,0.36957222239274357,1,0,0.0,0
2,structured,6,5,0.875,2,10,0.8,2.0,8,1,23.60483311055644,51.76103540998517,242.388208917609,0.35408648530583736,0.2852051122991614,2,0,0.0,0
2,structured,6,6,0.95,2,10,0.8,2.0,8,1,26.987642726219335,57.968563983129584,303.0411160492565,0.3927544712002795,0.20345309968569497,20,0,0.0,0
2,structured,6,7,1.025,2,10,0.8,2.0,8,1,30.29712168759488,61.27804294450513,302.9688398422957,0.438719295303067,0.12249173841797015,25,0,0.0,0
2,structured,6,8,1.1,3,10,0.95,2.0,7,1,34.53774968116652,68.85993837448918,377.00452135472904,0.48877168212211164,0.050274137813791836,13,0,0.0,0
2,structured,6,9,1.175,3,10,0.95,2.0,7,1,38.88228158496278,73.20447027828544,376.86941069973795,0.543262983689465,-0.018898343235947287,3,0,0.0,0
2,structured,6,10,1.25,3,10,0.95,2.0,7,1,41.70409265324773,80.12622074726534,466.3501002103347,0.6018758492823119,-0.08742948900062686,6,0,0.0,0
2,structured,6,11,1.325,3,10,0.95,2.0,7,1,41.26430643239826,83.28391889047516,574.8380802004039,0.6655101644436333,-0.11957811555775533,7,0,0.0,0
2,structured,6,12,1.4,4,10,1.1,2.0,6,1,47.05294335639093,89.07255581446783,574.6454900923679,0.7380857056045287,-0.14433644223942255,0,0,0.0,0
2,structured,6,13,1.475,4,10,1.1,2.0,6,1,52.01755109857881,97.14383387342713,706.0032552929669,0.8188188663313698,-0.16802494925803868,0,0,0.0,0
2,structured,6,14,1.55,4,10,1.1,2.0,6,1,55.4685319654605,100.59481474030882,705.6669670081799,0.9065383978934743,-0.1911129059906942,0,0,0.0,0
2,structured,6,15,1.625,4,10,1.1,2.0,6,1,58.10347831646,106.6512769721206,866.5295418247548,1.0006884016771287,-0.21323598951318434,0,0,0.0,0
2,structured,6,16,1.7,4,10,1.1,2.0,6,1,59.811788097273606,108.3595867529342,865.98829528246,1.1016352667262521,-0.23175661178206863,0,0,0.0,0
2,structured,6,17,1.775,5,9,1.25,1.85,4,1,51.42544657473462,99.97324523039521,861.0100184143957,1.2088774730546268,-0.3609637236997063,0,0,0.0,0
2,structured,6,18,1.85,5,10,1.25,2.0,5,1,63.228666865282634,116.14245873802139,1060.99740867494,1.3213056934385818,-0.25740007575741286,0,0,0.0,0
2,structured,6,19,1.925,6,0,1.4,0.5,6,1,71.9189411328151,89.93628473253207,1131.6797782746685,1.4381842090845443,3.061025123641607,0,0,0.0,1
2,structured,6,20,2.0,5,0,1.25,0.5,5,1,75.0475877133415,96.36449705039843,1389.4807551836652,1.5594877064963173,3.2532582985450773,0,0,0.0,1
2,structured,7,0,0.5,0,0,0.5,0.5,0,0,0.0,0.0,11.061817162249753,0.3537903467679165,0.2643811872373574,2,2,1.0,1
2,structured,7,1,0.575,1,0,0.65,0.5,1,1,1.429709824048821,1.429709824048821,16.00560843519237,0.325447751207554,0.3465269348906208,0,0,0.0,1
2,structured,7,2,0.65,1,0,0.65,0.5,1,1,2.9322834916964453,2.9322834916964453,22.231149772933612,0.3097356236109506,0.4375568419021114,21,0,0.0,1
2,structured,7,3,0.725,1,0,0.65,0.5,1,1,4.431820948969644,4.431820948969644,29.891436243038342,0.3086649457895245,0.5363804606062486,1,0,0.0,1
2,structured,7,4,0.8,1,0,0.65,0.5,1,1,5.8736333198421065,5.8736333198421065,39.15289228504442,0.32254529058155373,0.6419479483030566,2,0,0.0,1
2,structured,7,5,0.875,2,0,0.8,0.5,2,1,7.442918870566899,7.442918870566899,50.19940549073959,0.3498101568174776,0.7532527923607875,45,0,0.0,1
2,structured,7,6,0.95,2,0,0.8,0.5,2,1,10.398660019931405,10.398660019931405,63.23217198382997,0.38793491014350534,0.8693045380796569,10,0,0.0,1
2,structured,7,7,1.025,2,0,0.8,0.5,2,1,13.181969722919256,13.181969722919256,78.50160424026797,0.43431181225925564,0.9893910076076802,6,0,0.0,1
2,structured,7,8,1.1,2,0,0.8,0.5,2,1,15.733007438348125,15.733007438348125,96.77128386818563,0.4864551952874084,1.116163702187131,13,0,0.0,1
2,structured,7,9,1.175,2,0,0.8,0.5,2,1,18.017343599716973,18.017343599716973,119.38905063207346,0.5417380973762416,1.2538271038981836,0,0,0.0,1
2,structured,7,10,1.25,3,0,0.95,0.5,3,1,21.316909337056927,21.316909337056927,150.81740943068303,0.6017860851353322,1.4190772565410983,0,0,0.0,1
2,structured,7,11,1.325,3,0,0.95,0.5,3,1,24.931114062154563,24.931114062154563,192.08598052298004,0.6705528000587131,1.601540065310429,0,0,0.0,1
2,structured,7,12,1.4,3,0,0.95,0.5,3,1,28.156202299428728,28.156202299428728,242.08394506502407,0.747629083883106,1.7853023799882495,0,0,0.0,1
2,structured,7,13,1.475,3,0,0.95,0.5,3,1,30.980921256910243,30.980921256910243,302.7809237698061,0.8321580581533726,1.9706263605559302,0,0,0.0,1
2,structured,7,14,1.55,4,0,1.1,0.5,4,1,34.32218869332265,34.32218869332265,376.9115774285298,0.9239029869085342,2.158376024375186,0,0,0.0,1
2,structured,7,15,1.625,4,0,1.1,0.5,4,1,38.42212809401761,38.42212809401761,466.5855718004718,1.021667320645474,2.346523539634222,0,0,0.0,1
2,structured,7,16,1.7,4,0,1.1,0.5,4,1,42.01961245807691,42.01961245807691,575.2336740777203,1.1249110641911773,2.5353079415596724,0,0,0.0,1
2,structured,7,17,1.775,4,0,1.1,0.5,4,1,45.12628277484831,45.12628277484831,706.8462521822396,1.2332014252968646,2.724605459048977,0,0,0.0,1
2,structured,7,18,1.85,5,0,1.25,0.5,5,1,48.54779865566059,48.54779865566059,868.1460014589345,1.3473445176730448,2.9163754225111944,0,0,0.0,1
2,structured,7,19,1.925,5,0,1.25,0.5,5,1,52.913791872738756,52.913791872738756,1064.6029835019701,1.466423876341345,3.1091070073391673,0,0,0.0,1
2,structured,7,20,2.0,5,0,1.25,0.5,5,1,56.69760713183363,56.69760713183363,1303.1693271982947,1.589851805858388,3.302109803545191,0,0,0.0,1
2,unconstrained,0,0,0.5,10,10,2.0,2.0,0,0,0.0,34.51946799463525,59.61063988230603,0.8793167897795664,-0.4151898802363836,3,1,0.3333333333333333,1
2,unconstrained,0,1,0.575,10,10,2.0,2.0,0,0,0.0,24.684016353329298,49.57650229566639,0.80901221550684,-0.3914146129143252,5,2,0.4,1
2,unconstrained,0,2,0.65,10,10,2.0,2.0,0,0,0.0,24.684016353329298,49.552308727847446,0.7452909120976347,-0.371335060545249,4,3,0.75,1
2,unconstrained,0,3,0.725,10,10,2.0,2.0,0,0,0.0,22.784405674733875,46.47251252473336,0.6843758444265919,-0.3557851250770725,4,2,0.5,1
2,unconstrained,0,4,0.8,10,10,2.0,2.0,0,0,0.0,22.784405674733875,46.43342774720327,0.6303726088581935,-0.3457040042324995,4,2,0.5,1
2,unconstrained,0,5,0.875,10,4,2.0,1.1,6,1,8.41264542206926,42.28845990732731,70.92810539988864,0.5771245404049705,0.4151182981173407,4,0,0.0,0
2,unconstrained,0,6,0.95,10,4,2.0,1.1,6,1,19.947274921328244,53.82308940658629,68.99482232980267,0.5333004997409952,0.32940245926972533,3,0,0.0,0
2,unconstrained,0,7,1.025,10,7,2.0,1.55,3,1,13.19679886477195,37.88081521810125,66.0260494459535,0.4997235905199351,0.9685346763997089,3,0,0.0,0
2,unconstrained,0,8,1.1,10,7,2.0,1.55,3,1,16.01607383872158,40.70009019205088,68.12057962195928,0.477088522673283,0.9147587042190941,3,0,0.0,0
2,unconstrained,0,9,1.175,3,7,0.95,1.55,4,1,15.144162560939208,39.828178914268506,69.92482430133327,0.4577372820875261,0.849303949491345,7,0,0.0,0
2,unconstrained,0,10,1.25,3,6,0.95,1.4,3,1,11.211659991285387,35.895676344614685,70.74079131426618,0.4591209732390504,0.5157631444586062,7,0,0.0,0
2,unconstrained,0,11,1.325,10,5,2.0,1.25,5,1,0.15767706942165205,24.84169342275095,60.63628098988829,0.45270834494392115,0.18457439461070146,6,0,0.0,0
2,unconstrained,0,12,1.4,5,5,1.25,1.25,0,0,0.0,24.684016353329298,57.58683762814576,0.4284349682021374,0.12173363266796855,3,1,0.3333333333333333,1
2,unconstrained,0,13,1.475,4,5,1.1,1.25,1,1,5.7335287194338775,28.517934394167753,51.44874950863954,0.43842647215597325,0.06825148270061066,8,0,0.0,0
2,unconstrained,0,14,1.55,4,6,1.1,1.4,2,1,3.92589622583381,25.55010301164856,48.89576231673669,0.44160180518481,0.1907850554703403,4,0,0.0,0
2,unconstrained,0,15,1.625,4,4,1.1,1.1,0,0,0.0,22.78440567473382,41.95903236985072,0.43016980073209604,-0.05489322923472262,5,5,1.0,1
2,unconstrained,0,16,1.7,5,5,1.25,1.25,0,0,0.0,21.62420678581475,33.98077311360498,0.4131130884292345,-0.03190691946446922,8,4,0.5,1
2,unconstrained,0,17,1.775,5,7,1.25,1.55,2,1,3.057655937790514,19.931900938258877,37.24812750200033,0.3892658072685487,0.20738457249863584,6,0,0.0,0
2,unconstrained,0,18,1.85,5,7,1.25,1.55,2,1,4.372337049746761,21.246582050215125,33.81346376097633,0.3613641051124745,0.1425010003128495,2,0,0.0,0
2,unconstrained,0,19,1.925,6,7,1.4,1.55,1,1,10.218447763168342,26.935015694215053,33.01456296199501,0.3307522368570295,0.08614988476218155,4,0,0.0,0
2,unconstrained,0,20,2.0,6,7,1.4,1.55,1,1,8.053780636214128,24.77034856726084,29.412241503895302,0.29940672684083025,0.03891156550402641,7,0,0.0,0
2,unconstrained,1,0,0.5,10,10,2.0,2.0,0,0,0.0,33.00355880538507,49.2611807711296,0.83460155708656,-0.4080733710779523,2,0,0.0,0
2,unconstrained,1,1,0.575,10,10,2.0,2.0,0,0,0.0,21.624206785814692,39.39099896237349,0.7657087760816633,-0.3843930199367507,0,0,0.0,0
2,unconstrained,1,2,0.65,10,10,2.0,2.0,0,0,0.0,21.624206785814692,39.367261966133526,0.7008130426102344,-0.364434710076299,6,0,0.0,0
2,unconstrained,1,3,0.725,10,10,2.0,2.0,0,0,0.0,19.72459610721927,36.241260451005815,0.6373327062442713,-0.34903123564858407,2,0,0.0,0
2,unconstrained,1,4,0.8,10,10,2.0,2.0,0,0,0.0,19.72459610721927,36.202822145452956,0.5805133423564266,-0.33912497017673915,1,0,0.0,0
2,unconstrained,1,5,0.875,10,4,2.0,1.1,6,1,6.255473976479493,39.2286503398127,60.74910204251546,0.536287345212533,0.41117343929438155,2,0,0.0,0
2,unconstrained,1,6,0.95,10,5,2.0,1.25,5,1,21.860076976257062,43.37687294672213,53.56664443325718,0.4934209957416818,0.5933579000224571,5,0,0.0,0
2,unconstrained,1,7,1.025,3,7,0.95,1.55,4,1,12.251607699443355,33.87581448525805,54.275394153002935,0.45904173537479864,0.9072988837636331,5,0,0.0,0
2,unconstrained,1,8,1.1,2,6,0.8,1.4,4,1,19.73641958812226,52.73997839350733,70.31681468219136,0.43247002631856546,0.6775322780271908,9,0,0.0,0
2,unconstrained,1,9,1.175,2,7,0.8,1.55,5,1,17.677198812276174,39.30140559809087,58.620889942296856,0.4161876537050361,0.8172000581811587,4,0,0.0,0
2,unconstrained,1,10,1.25,3,6,0.95,1.4,3,1,12.895261208820557,34.51946799463525,59.71265575283718,0.3987599254578785,0.4995303701144618,1,0,0.0,0
2,unconstrained,1,11,1.325,10,5,2.0,1.25,5,1,3.0598095675146055,24.684016353329298,49.69824037627427,0.4022630267976425,0.1729388686017299,16,0,0.0,0
2,unconstrained,1,12,1.4,4,5,1.1,1.25,1,1,1.1601988889192398,22.784405674733875,46.648792246160156,0.3990057065387154,0.11076580887675824,20,0,0.0,0
2,unconstrained,1,13,1.475,4,4,1.1,1.1,0,0,0.0,21.62420678581475,36.730785032959034,0.37966493242607,-0.03593417553345102,10,5,0.5,1
2,unconstrained,1,14,1.55,4,6,1.1,1.4,2,1,5.6160484436656475,22.49029344413401,37.94944762475359,0.38612028676165705,0.1783755306325765,4,0,0.0,0
2,unconstrained,1,15,1.625,4,4,1.1,1.1,0,0,0.0,19.72459610721927,31.41299958399543,0.39074579329554593,-0.05865413769697536,2,2,1.0,1
2,unconstrained,1,16,1.7,5,5,1.25,1.25,0,0,0.0,16.874245000468363,23.127015184317145,0.3840033928120025,-0.04104081206285404,11,10,0.9090909090909091,1
2,unconstrained,1,17,1.775,7,7,1.55,1.55,0,0,0.0,16.71656793104671,25.95475870998058,0.3664800180092287,0.1931584373525781,0,0,0.0,0
2,unconstrained,1,18,1.85,6,7,1.4,1.55,1,1,3.3864583357073457,20.103026266754057,22.52972688881738,0.34229222813210813,0.12929791889671538,0,0,0.0,0
2,unconstrained,1,19,1.925,6,7,1.4,1.55,1,1,11.753076541302448,18.561386246352697,13.742260948944079,0.3144207449542678,0.07384764770242258,0,0,0.0,0
2,unconstrained,1,20,2.0,6,7,1.4,1.55,1,1,9.588409414348291,16.39671911939854,10.14957141070522,0.28534272568000896,0.027408870828329768,0,0,0.0,0
2,unconstrained,2,0,0.5,10,10,2.0,2.0,0,0,0.0,29.943749237870463,39.69539879685124,0.829446638072815,-0.40095764071201634,2,0,0.0,0
2,unconstrained,2,1,0.575,10,10,2.0,2.0,0,0,0.0,16.874245000468306,29.880636784800345,0.7582886560725177,-0.37737667132450126,0,0,0.0,0
2,unconstrained,2,2,0.65,10,10,2.0,2.0,0,0,0.0,16.874245000468306,29.857359131755345,0.6911482131323015,-0.35753898723533983,8,0,0.0,0
2,unconstrained,2,3,0.725,10,10,2.0,2.0,0,0,0.0,18.698873079950545,26.731894594872415,0.6278622469128,-0.34228259987572973,1,0,0.0,0
2,unconstrained,2,4,0.8,10,4,2.0,1.1,6,1,13.28563138494826,44.561534155551044,53.94440405086368,0.5725024456804992,0.5055282444969151,2,0,0.0,0
2,unconstrained,2,5,0.875,10,4,2.0,1.1,6,1,8.289560516725373,35.08730596300751,51.08159225145357,0.5221595366353572,0.409158042070068,6,0,0.0,0
2,unconstrained,2,6,0.95,10,5,2.0,1.25,5,1,24.762209474350016,38.777454107708934,44.636282979006694,0.48185745992589224,0.5908590107731153,17,0,0.0,0
2,unconstrained,2,7,1.025,10,7,2.0,1.55,3,1,16.098931362864903,32.97317636333321,44.28937251560046,0.451299360452228,0.8879725811065018,0,0,0.0,0
2,unconstrained,2,8,1.1,10,4,2.0,1.1,6,1,7.50155133710615,21.51679597046507,33.53637324533145,0.42588751337572095,0.1638936362800294,11,0,0.0,0
2,unconstrained,2,9,1.175,2,4,0.8,1.1,2,1,2.4838336841395403,16.49907831749846,30.78300033966508,0.3989267008537569,0.10338342837750192,22,0,0.0,0
2,unconstrained,2,10,1.25,10,6,2.0,1.4,4,1,16.129313804916762,33.00355880538507,49.36178097174269,0.3757726686067082,0.48307190124949395,3,0,0.0,0
2,unconstrained,2,11,1.325,10,5,2.0,1.25,5,1,4.749961785346386,21.624206785814692,39.510946489649996,0.3693675068925097,0.16235841044967092,9,0,0.0,0
2,unconstrained,2,12,1.4,4,5,1.1,1.25,1,1,2.8503511067510203,19.72459610721927,36.414744476174064,0.3695184342746758,0.10010504691095834,3,0,0.0,0
2,unconstrained,2,13,1.475,4,4,1.1,1.1,0,0,0.0,16.874245000468363,26.648244449862602,0.3570452001241302,-0.04346878631318951,10,9,0.9,1
2,unconstrained,2,14,1.55,5,6,1.25,1.4,1,1,1.1159718311321853,17.832539762178897,27.628529852020904,0.35219557932512946,0.1658100724025835,0,0,0.0,0
2,unconstrained,2,15,1.625,4,4,1.1,1.1,0,0,0.0,18.698873079950545,21.349713494612388,0.3625754031328708,-0.06533237513816914,0,0,0.0,0
2,unconstrained,2,16,1.7,5,5,1.25,1.25,0,0,0.0,16.71656793104671,12.89864463753662,0.36173285213386003,-0.05025901681452449,6,6,1.0,1
2,unconstrained,2,17,1.775,5,7,1.25,1.55,2,1,1.3675037199587905,6.808309705050249,7.728202928008841,0.3480641525824024,0.18020921871639928,0,0,0.0,0
2,unconstrained,2,18,1.85,6,7,1.4,1.55,1,1,8.297880795156573,13.738686780248031,4.303171106845639,0.3263776932734767,0.11718149463015992,0,0,0.0,0
2,unconstrained,2,19,1.925,6,7,1.4,1.55,1,1,11.753076541302448,18.967567271932353,6.638642210467822,0.30035893090235694,0.06246358232240423,0,0,0.0,0
2,unconstrained,2,20,2.0,6,7,1.4,1.55,1,1,9.588409414348291,16.802900144978196,3.045940846667463,0.27286474730106935,0.016673368980806735,0,0,0.0,0
2,unconstrained,3,0,0.5,10,3,2.0,0.95,7,1,14.182446976489274,41.69923174020343,47.89481365919474,0.8587953216151542,0.6159998787694296,2,0,0.0,0
2,unconstrained,3,1,0.575,10,10,2.0,2.0,0,0,0.0,11.966606145700325,20.846641037748185,0.7820996871807594,-0.30421634809685605,0,0,0.0,0
2,unconstrained,3,2,0.65,10,3,2.0,0.95,7,1,11.739299273725635,35.46229850870333,44.73835340710332,0.7166627979836772,0.41609918402770685,9,0,0.0,0
2,unconstrained,3,3,0.725,10,4,2.0,1.1,6,1,24.11192969775624,34.66357358594843,35.6612840023098,0.6583704743517529,0.6041646353605792,2,0,0.0,0
2,unconstrained,3,4,0.8,10,3,2.0,0.95,7,1,17.56341517389231,30.86978805721202,35.32122283076501,0.6023961185925695,0.24444343435558835,5,0,0.0,0
2,unconstrained,3,5,0.875,10,4,2.0,1.1,6,1,14.891135194006353,32.497177085350614,42.31737020912939,0.5484191672297888,0.4071387474023367,3,0,0.0,0
2,unconstrained,3,6,0.95,10,5,2.0,1.25,5,1,26.650872962805067,31.275902770602784,35.87204777597691,0.5045876207616221,0.5883538614297459,23,0,0.0,0
2,unconstrained,3,7,1.025,10,5,2.0,1.25,5,1,22.172715638484448,26.797745446282164,34.72016213249762,0.46720366249652917,0.49011239853178346,0,0,0.0,0
2,unconstrained,3,8,1.1,10,4,2.0,1.1,6,1,9.390214825561202,14.015244633358918,24.717715663761624,0.4308701598729603,0.16104187025501338,2,0,0.0,0
2,unconstrained,3,9,1.175,10,4,2.0,1.1,6,1,3.67074040714607,8.295770214943786,21.729844161903827,0.39662914703659524,0.09687472969964661,3,0,0.0,0
2,unconstrained,3,10,1.25,10,6,2.0,1.4,4,1,17.977143092170138,29.943749237870463,39.794573373570586,0.3700842276358289,0.472856847195942,1,0,0.0,0
2,unconstrained,3,11,1.325,10,5,2.0,1.25,5,1,4.907638854767981,16.874245000468306,29.998782493467615,0.363114687280185,0.15510684612801162,9,0,0.0,0
2,unconstrained,3,12,1.4,4,5,1.1,1.25,1,1,6.7322669342502195,18.698873079950545,26.902566174876938,0.35311723626234515,0.09327260981417185,1,0,0.0,0
2,unconstrained,3,13,1.475,5,4,1.25,1.1,1,1,4.749961785346386,16.71656793104671,17.191100786016648,0.3382306698388605,-0.04883463564679946,20,0,0.0,0
2,unconstrained,3,14,1.55,5,6,1.25,1.4,1,1,6.027394290581412,11.46820027567287,10.251612055278713,0.33945940363734334,0.15485973314939683,10,0,0.0,0
2,unconstrained,3,15,1.625,4,4,1.1,1.1,0,0,0.0,20.550485971885223,11.892584135881236,0.3449499456575056,-0.07025142848567878,3,3,1.0,1
2,unconstrained,3,16,1.7,5,5,1.25,1.25,0,0,0.0,5.440805985091458,-4.37158980959623,0.341572846013343,-0.057940657205289625,7,7,1.0,1
2,unconstrained,3,17,1.775,5,7,1.25,1.55,2,1,3.057655937790571,7.214490730629905,1.580887786029166,0.3311973141594514,0.16709019718756846,0,0,0.0,0
2,unconstrained,3,18,1.85,6,7,1.4,1.55,1,1,9.988033012988353,14.144867805827687,-1.8441499479147865,0.31242332625339747,0.10491646016196432,0,0,0.0,0
2,unconstrained,3,19,1.925,6,6,1.4,1.4,0,0,0.0,4.156834792839334,-15.035919447845004,0.2887800611054616,-0.058801968237680136,0,0,0.0,0
2,unconstrained,3,20,2.0,6,6,1.4,1.4,0,0,0.0,4.156834792839334,-16.955175303343538,0.2632533244686415,-0.07497116072544241,0,0,0.0,0
2,unconstrained,4,0,0.5,10,3,2.0,0.95,7,1,24.940856446609644,39.46386537741839,42.66313828854169,0.9131148888133741,0.6193924872007388,2,0,0.0,0
2,unconstrained,4,1,0.575,10,3,2.0,0.95,7,1,25.066745842264226,39.58975477307297,41.248442858155016,0.8419210086378368,0.5110619909095924,0,0,0.0,0
2,unconstrained,4,2,0.65,10,4,2.0,1.1,6,1,25.155486951006992,30.96656124117044,38.807971941666864,0.7790320172760665,0.713662647285402,11,0,0.0,0
2,unconstrained,4,3,0.725,10,4,2.0,1.1,6,1,25.281418400929113,27.516784763714156,29.879895496891095,0.7155855306661969,0.6018360900998481,5,0,0.0,0
2,unconstrained,4,4,0.8,10,3,2.0,0.95,7,1,17.911924944814245,23.722999234977692,29.53983546975553,0.6519379950226946,0.2427491156594983,3,0,0.0,0
2,unconstrained,4,5,0.875,10,4,2.0,1.1,6,1,11.071006520534667,13.30637288331971,24.446581916870656,0.6019495279881595,0.4051151075274717,4,0,0.0,0
2,unconstrained,4,6,0.95,10,3,2.0,0.95,7,1,8.316277525407145,10.551643888192189,16.495810071402133,0.5487982354717988,0.10791330385212117,1,0,0.0,0
2,unconstrained,4,7,1.025,10,5,2.0,1.25,5,1,15.015913013687367,17.606041891344262,26.05423110579838,0.4983250141171668,0.48778984139305503,0,0,0.0,0
2,unconstrained,4,8,1.1,3,4,0.95,1.1,1,1,2.03490093014085,4.625029807797716,16.065184333412475,0.4558841957894678,0.15935059953141284,2,0,0.0,0
2,unconstrained,4,9,1.175,3,4,0.95,1.1,1,1,0.6599584155219702,3.250087293178865,13.077312831554735,0.4271445659179871,0.09527122791017151,15,0,0.0,0
2,unconstrained,4,10,1.25,3,5,0.95,1.25,2,1,4.915805573516167,20.183839591573047,24.17470648486099,0.40341615436898665,0.22131209809420582,0,0,0.0,0
2,unconstrained,4,11,1.325,5,5,1.25,1.25,0,0,0.0,11.966606145700325,20.945226170930255,0.38112216367230306,0.14780200736771887,10,0,0.0,0
2,unconstrained,4,12,1.4,4,5,1.1,1.25,1,1,8.58387982618487,20.550485971885195,17.849024157454352,0.359500027456601,0.0863933127345744,9,0,0.0,0
2,unconstrained,4,13,1.475,5,5,1.25,1.25,0,0,0.0,5.440805985091458,0.558130590592782,0.342838895179839,0.034186848920435775,26,6,0.23076923076923078,1
2,unconstrained,4,14,1.55,5,6,1.25,1.4,1,1,7.717546508413193,11.874381301252527,5.003120651397182,0.34996406376400657,0.1468864485751138,4,0,0.0,0
2,unconstrained,4,15,1.625,4,4,1.1,1.1,0,0,0.0,5.440805985091458,-8.165217300759537,0.34514106432377767,-0.07519469553506664,0,0,0.0,0
2,unconstrained,4,16,1.7,5,5,1.25,1.25,0,0,0.0,4.156834792839334,-9.562589529517822,0.3379713908844487,-0.06375484743988391,8,8,1.0,1
2,unconstrained,4,17,1.775,5,7,1.25,1.55,2,1,7.214490730629905,7.214490730629905,-4.884559778505604,0.3229401329934476,0.15619460972531618,0,0,0.0,0
2,unconstrained,4,18,1.85,6,6,1.4,1.4,0,0,0.0,0.0,-16.44117300590665,0.3030980356409285,-0.04161929444614376,0,0,0.0,0
2,unconstrained,4,19,1.925,6,6,1.4,1.4,0,0,0.0,0.0,-21.395227257130728,0.2813611566925687,-0.06633954123783692,0,0,0.0,0
2,unconstrained,4,20,2.0,6,6,1.4,1.4,0,0,0.0,0.0,-23.366852802570634,0.2575598759146581,-0.08269913108570659,0,0,0.0,0
2,unconstrained,5,0,0.5,10,4,2.0,1.1,6,1,22.24205623148123,28.125559466031604,34.467641866028686,0.9965942100383818,0.999790072313433,2,0,0.0,0
2,unconstrained,5,1,0.575,10,4,2.0,1.1,6,1,23.467561974424783,29.351065208975157,33.7996014334437,0.9285765716079564,0.8632988506243158,0,0,0.0,0
2,unconstrained,5,2,0.65,10,3,2.0,0.95,7,1,10.051129696725269,15.934632931275644,26.973187951883602,0.8578883310461094,0.4122893309627509,16,0,0.0,0
2,unconstrained,5,3,0.725,10,4,2.0,1.1,6,1,12.2876425680237,14.523008930808743,24.515101115312746,0.7940614265062533,0.6073561966613927,3,0,0.0,0
2,unconstrained,5,4,0.8,2,4,0.8,1.1,2,1,9.533086263945307,11.768452626730351,22.99198963910146,0.7371348946794042,0.4990323214775638,2,0,0.0,0
2,unconstrained,5,5,0.875,2,4,0.8,1.1,2,1,5.255846342647374,5.811074290163447,18.75008587513605,0.6766092920013219,0.4030876241598955,1,0,0.0,0
2,unconstrained,5,6,0.95,3,3,0.95,0.95,0,0,0.0,2.2353663627850437,10.812720973942447,0.6183125665365717,0.10638410678129606,2,0,0.0,0
2,unconstrained,5,7,1.025,3,3,0.95,0.95,0,0,0.0,2.2353663627850437,8.28174641766563,0.5699983370431658,0.05412304585628025,15,15,1.0,1
2,unconstrained,5,8,1.1,3,4,0.95,1.1,1,1,2.5901288776568947,2.5901288776568947,7.510952411022345,0.5324612092698958,0.15765646356456609,10,0,0.0,0
2,unconstrained,5,9,1.175,3,4,0.95,1.1,1,1,1.2151863630380433,1.2151863630380433,4.523080909164605,0.4957524017934618,0.09366515077257853,20,0,0.0,0
2,unconstrained,5,10,1.25,3,5,0.95,1.25,2,1,9.82722803296545,15.26803401805688,12.484500472812755,0.46030829323941247,0.21941332284335502,9,0,0.0,0
2,unconstrained,5,11,1.325,3,5,0.95,1.25,2,1,3.059809567514634,11.966606145700325,12.350296595524213,0.43267411202036554,0.14510176043336687,4,0,0.0,0
2,unconstrained,5,12,1.4,4,4,1.1,1.1,0,0,0.0,5.440805985091458,-1.8051983302117662,0.40360042922598105,-0.03758415435639684,8,6,0.75,1
2,unconstrained,5,13,1.475,4,5,1.1,1.25,1,1,4.156834792839334,4.156834792839334,-4.153771762995802,0.3916435104355306,0.027643320612046995,8,0,0.0,0
2,unconstrained,5,14,1.55,4,5,1.1,1.25,1,1,2.0553367280917882,2.0553367280917882,-7.153272011638649,0.37741111086408147,-0.014737368880024526,0,0,0.0,0
2,unconstrained,5,15,1.625,4,4,1.1,1.1,0,0,0.0,0.0,-12.822088640859363,0.3649886596903797,-0.08016272704095062,0,0,0.0,0
2,unconstrained,5,16,1.7,5,5,1.25,1.25,0,0,0.0,0.0,-15.243281005795723,0.3451834814876546,-0.06960304027650643,0,0,0.0,0
2,unconstrained,5,17,1.775,5,5,1.25,1.25,0,0,0.0,0.0,-16.81896012531331,0.32751696949728176,-0.08347641532159766,0,0,0.0,0
2,unconstrained,5,18,1.85,5,6,1.25,1.4,1,1,1.6757088659964836,1.6757088659964836,-16.48616548638151,0.30532732994549916,-0.04794006231354864,0,0,0.0,0
2,unconstrained,5,19,1.925,6,6,1.4,1.4,0,0,0.0,0.0,-19.324678532966516,0.2799053445285035,-0.07234000518593131,0,0,0.0,0
2,unconstrained,5,20,2.0,5,5,1.25,1.25,0,0,0.0,0.0,-20.95460597369629,0.256623590141463,-0.08444954982869213,0,0,0.0,0
2,unconstrained,6,0,0.5,1,3,0.65,0.95,2,1,8.917895565037128,11.970687184091972,24.669237726489214,1.102045046987786,0.6496345895544375,2,0,0.0,0
2,unconstrained,6,1,0.575,1,3,0.65,0.95,2,1,11.879953809874507,14.932745428929366,22.736775915792492,1.031211389852676,0.5274046753525017,0,0,0.0,0
2,unconstrained,6,2,0.65,1,3,0.65,0.95,2,1,8.043776487292575,9.516973279988619,18.385980790583076,0.9625125779997991,0.4152766742027665,19,0,0.0,0
2,unconstrained,6,3,0.725,2,4,0.8,1.1,2,1,10.89097125597334,10.89097125597334,19.790485223419495,0.89927071229721,0.6257868402785984,2,0,0.0,0
2,unconstrained,6,4,0.8,2,3,0.8,0.95,1,1,5.883503234550375,5.883503234550375,11.944459901010447,0.8370669203127415,0.2393517690865954,1,0,0.0,0
2,unconstrained,6,5,0.875,2,4,0.8,1.1,2,1,9.469222706935568,9.469222706935568,14.384788162305696,0.7701781270799106,0.4010558481111528,2,0,0.0,0
2,unconstrained,6,6,0.95,2,3,0.8,0.95,1,1,2.2353663627850437,2.2353663627850437,5.214523195757664,0.7182495494001346,0.10485256768491347,20,0,0.0,0
2,unconstrained,6,7,1.025,2,3,0.8,0.95,1,1,0.5552279475160589,0.5552279475160589,2.6835413915560196,0.6752828559626686,0.05266371288678062,25,0,0.0,0
2,unconstrained,6,8,1.1,3,3,0.95,0.95,0,0,0.0,0.0,-0.9449801034088097,0.6287572282612962,0.01054260861970846,13,4,0.3076923076923077,1
2,unconstrained,6,9,1.175,3,4,0.95,1.1,1,1,6.126608822487327,8.75052631986594,5.923354915375455,0.5839137680575583,0.09205655872629093,3,0,0.0,0
2,unconstrained,6,10,1.25,3,4,0.95,1.1,1,1,4.776062408525405,5.440805985091444,0.9059935650736151,0.5451347183113285,0.03806281010978996,6,0,0.0,0
2,unconstrained,6,11,1.325,3,5,0.95,1.25,2,1,8.906796578185691,8.906796578185691,3.9240529332041376,0.5098710128550985,0.14330963470171154,7,0,0.0,0
2,unconstrained,6,12,1.4,4,4,1.1,1.1,0,0,0.0,0.0,-6.0584739366690314,0.48946520547536515,-0.040246611986716196,0,0,0.0,0
2,unconstrained,6,13,1.475,4,4,1.1,1.1,0,0,0.0,0.0,-9.355365872940723,0.46594517062006885,-0.06510701761944038,0,0,0.0,0
2,unconstrained,6,14,1.55,4,4,1.1,1.1,0,0,0.0,0.0,-10.719158423962483,0.4404933482701414,-0.07877328791926352,0,0,0.0,0
2,unconstrained,6,15,1.625,4,4,1.1,1.1,0,0,0.0,0.0,-12.33050275219361,0.4079187091251475,-0.0851553550048898,0,0,0.0,0
2,unconstrained,6,16,1.7,4,4,1.1,1.1,0,0,0.0,0.0,-12.636148571914674,0.37758289288568697,-0.08517748678801507,0,0,0.0,0
2,unconstrained,6,17,1.775,5,5,1.25,1.25,0,0,0.0,0.0,-13.421721622289226,0.34705154299567453,-0.08908066322818975,0,0,0.0,0
2,unconstrained,6,18,1.85,5,5,1.25,1.25,0,0,0.0,0.9065059288869861,-14.239054922158289,0.32019842527489195,-0.09533313031288504,0,0,0.0,0
2,unconstrained,6,19,1.925,6,6,1.4,1.4,0,0,0.0,0.0,-15.100147357521763,0.2928265391899822,-0.07837669216595788,0,0,0.0,0
2,unconstrained,6,20,2.0,5,5,1.25,1.25,0,0,0.0,2.936151976195191,-13.682949845371894,0.26478227261378895,-0.08933801233880967,0,0,0.0,0
2,unconstrained,7,0,0.5,0,2,0.5,0.8,2,1,6.3496754276486165,6.3496754276486165,12.298070959038998,1.2291773227941367,0.3415855887837349,2,0,0.0,1
2,unconstrained,7,1,0.575,1,2,0.65,0.8,1,1,5.542421472145598,5.542421472145598,9.769559859900482,1.1585162753198257,0.24911812326212024,0,0,0.0,1
2,unconstrained,7,2,0.65,1,2,0.65,0.8,1,1,4.431996909667632,4.431996909667632,7.491582490221205,1.0953915562299494,0.17570876779852185,21,0,0.0,1
2,unconstrained,7,3,0.725,1,2,0.65,0.8,1,1,3.052791619054844,3.052791619054844,5.3143920815805785,1.0260620926126238,0.11528654229269542,1,0,0.0,1
2,unconstrained,7,4,0.8,1,2,0.65,0.8,1,1,1.4731967926960507,1.4731967926960507,3.2241735923710237,0.9598083863675386,0.06514851220248463,2,0,0.0,1
2,unconstrained,7,5,0.875,2,2,0.8,0.8,0,0,0.0,0.0,1.3244965689031645,0.9084840900630721,0.025100437887143556,45,45,1.0,1
2,unconstrained,7,6,0.95,2,2,0.8,0.8,0,0,0.0,0.0,-0.2987832631522096,0.8561282592767739,-0.005345357140616791,10,10,1.0,1
2,unconstrained,7,7,1.025,2,2,0.8,0.8,0,0,0.0,0.0,-1.583456913315345,0.7995219445165644,-0.026907368145992372,6,6,1.0,1
2,unconstrained,7,8,1.1,2,3,0.8,0.95,1,1,2.6239174973786135,2.6239174973786135,0.5535891145940397,0.7443793547792631,0.00914732222565462,13,0,0.0,0
2,unconstrained,7,9,1.175,2,3,0.8,0.95,1,1,0.664743576566039,0.664743576566039,-1.4931579268440842,0.6935678779835293,-0.023226193204863854,0,0,0.0,0
2,unconstrained,7,10,1.25,3,3,0.95,0.95,0,0,0.0,0.0,-3.1590587747821104,0.6568820690405486,-0.04655342678576435,0,0,0.0,0
2,unconstrained,7,11,1.325,3,3,0.95,0.95,0,0,0.0,0.0,-4.390486856435274,0.6216989559933608,-0.06165399686065687,0,0,0.0,0
2,unconstrained,7,12,1.4,3,3,0.95,0.95,0,0,0.0,0.0,-5.163309099028666,0.5840393030049685,-0.06945690396688864,0,0,0.0,0
2,unconstrained,7,13,1.475,3,3,0.95,0.95,0,0,0.0,0.0,-5.4790204668404385,0.545877042495387,-0.07093406810289693,0,0,0.0,0
2,unconstrained,7,14,1.55,4,3,1.1,0.95,1,1,0.9065059288870145,0.9065059288870145,-5.307062489226141,0.5047192976712144,-0.06637411355498912,0,0,0.0,0
2,unconstrained,7,15,1.625,4,3,1.1,0.95,1,1,2.936151976195177,2.936151976195177,-4.581580312223679,0.46367732011674145,-0.055499046379062555,0,0,0.0,0
2,unconstrained,7,16,1.7,4,4,1.1,1.1,0,0,0.0,0.0,-7.87503368675317,0.4190042942616797,-0.08997419718702648,0,0,0.0,0
2,unconstrained,7,17,1.775,4,4,1.1,1.1,0,0,0.0,0.0,-7.6138524615052035,0.37769996991035926,-0.08379018862265486,0,0,0.0,0
2,unconstrained,7,18,1.85,5,4,1.25,1.1,1,1,0.775134821096799,0.775134821096799,-6.778409506976914,0.3407844864332283,-0.07209209185309895,0,0,0.0,0
2,unconstrained,7,19,1.925,5,4,1.25,1.1,1,1,2.912816581644293,2.912816581644293,-5.509424436829477,0.30878692940676916,-0.05681834987760048,0,0,0.0,0
2,unconstrained,7,20,2.0,5,4,1.25,1.1,1,1,4.838500048375593,4.838500048375593,-3.8575250939034618,0.2787647540446949,-0.038685736618434774,0,0,0.0,0
3,structured,0,0,0.5,10,10,2.0,2.0,0,0,0.0,264.9758811837223,1402.1811683572666,0.3392744752024266,0.46618448227919207,5,0,0.0,0
3,structured,0,1,0.575,10,10,2.0,2.0,0,0,0.0,275.21198605921654,1401.7254937610637,0.33231404480818466,0.41150943044437716,6,2,0.3333333333333333,1
3,structured,0,2,0.65,10,10,2.0,2.0,0,0,0.0,275.21198605921654,1401.736626465494,0.33092014725833374,0.3579372199974129,2,0,0.0,0
3,structured,0,3,0.725,10,10,2.0,2.0,0,0,0.0,277.4481176819923,1400.1837988673287,0.33646831949393163,0.30530257865821797,8,4,0.5,1
3,structured,0,4,0.8,10,10,2.0,2.0,0,0,0.0,277.44811768199236,1400.1865550305124,0.349995257093687,0.25390624647774174,3,2,0.6666666666666666,1
3,structured,0,5,0.875,10,8,2.0,1.7,2,1,2.5436270632821447,277.75561312249874,1401.0955508566335,0.37238043333764237,-0.13569517591251845,4,0,0.0,0
3,structured,0,6,0.95,10,10,2.0,2.0,0,0,0.0,281.0470491120927,1460.2704187550128,0.402496669163364,0.15684077632073534,5,4,0.8,1
3,structured,0,7,1.025,10,10,2.0,2.0,0,0,0.0,281.0470491120927,1460.2554898457204,0.4403826572629589,0.11817441062785111,6,3,0.5,1
3,structured,0,8,1.1,10,9,2.0,1.85,1,1,3.0874553168914645,284.1345044289842,1459.7913439124413,0.48677683567030866,-0.0845223438520607,3,0,0.0,0
3,structured,0,9,1.175,3,9,0.95,1.85,6,1,4.158322039104576,285.20537115119726,1459.60237929213,0.5420253590446691,-0.11474748109145583,5,0,0.0,0
3,structured,0,10,1.25,3,10,0.95,2.0,7,1,3.7180074038955127,295.3806462435823,1579.1819347285536,0.6037521725838665,0.011336843704430777,4,0,0.0,0
3,structured,0,11,1.325,10,10,2.0,2.0,0,0,0.0,305.88465603166765,1608.4806889637568,0.6673126522492028,-0.051630684003249216,3,0,0.0,0
3,structured,0,12,1.4,5,10,1.25,2.0,5,1,5.953876606571839,311.8385326382395,1608.1895692784656,0.7339698580711574,-0.11303680864159427,2,0,0.0,0
3,structured,0,13,1.475,4,10,1.1,2.0,6,1,15.551429785321204,328.49369052338363,1708.9826260077664,0.8033282882365904,-0.1700391049671539,1,0,0.0,0
3,structured,0,14,1.55,4,10,1.1,2.0,6,1,19.002410652202855,331.9446713902653,1708.4772803537473,0.8754087831916434,-0.2234767378452036,7,0,0.0,0
3,structured,0,15,1.625,4,10,1.1,2.0,6,1,14.809008400585412,338.6979481140705,1828.8019656330282,0.9509491223517341,-0.2718068563448863,6,0,0.0,0
3,structured,0,16,1.7,5,10,1.25,2.0,5,1,29.2347416172492,353.1236813307343,1828.1867487728928,1.0394513970325185,-0.28907669551831994,4,0,0.0,0
3,structured,0,17,1.775,5,0,1.25,0.5,5,1,92.39911006086874,346.4864574768385,1852.7951892810202,1.133741287236148,2.5202845310771336,6,0,0.0,1
3,structured,0,18,1.85,5,0,1.25,0.5,5,1,99.2999859664638,355.3613592285101,1973.1095391653892,1.233618215334444,2.6974156069738706,7,0,0.0,1
3,structured,0,19,1.925,6,0,1.4,0.5,6,1,120.93229760018573,376.99367086223197,2117.686455290456,1.3388673120200054,2.8752526409701282,6,0,0.0,1
3,structured,0,20,2.0,6,0,1.4,0.5,6,1,116.10593352804108,381.0818147117634,2407.606877204062,1.449337369368938,3.0537310445968116,7,0,0.0,1
3,structured,1,0,0.5,10,10,2.0,2.0,0,0,0.0,233.13110826290824,1259.1175497479342,0.3374669397838678,0.5638331376465666,5,0,0.0,0
3,structured,1,1,0.575,10,10,2.0,2.0,0,0,0.0,241.82331276013804,1258.8704566887395,0.32498438587601985,0.5100081794398288,0,0,0.0,0
3,structured,1,2,0.65,10,10,2.0,2.0,0,0,0.0,241.82331276013804,1258.8932992620778,0.31863660207394146,0.4574640704909969,10,0,0.0,0
3,structured,1,3,0.725,10,10,2.0,2.0,0,0,0.0,244.0594443829138,1257.6956440357767,0.3202842727842943,0.40507836719002577,1,0,0.0,0
3,structured,1,4,0.8,10,10,2.0,2.0,0,0,0.0,244.05944438291385,1257.7137044663668,0.33142460751169095,0.3531900061459383,2,0,0.0,0
3,structured,1,5,0.875,10,8,2.0,1.7,2,1,2.5436270632821447,244.3669398234202,1258.4452418035469,0.3528323164190951,-0.052004547056387684,4,0,0.0,0
3,structured,1,6,0.95,10,10,2.0,2.0,0,0,0.0,247.67986275377294,1286.2399477357055,0.38375483381240866,0.25583313758564036,3,0,0.0,0
3,structured,1,7,1.025,3,10,0.95,2.0,7,1,0.7449610525031858,248.42482380627612,1286.2135035666704,0.4243944845116518,0.19457801714062473,2,0,0.0,0
3,structured,1,8,1.1,2,9,0.8,1.85,7,1,6.407484662196794,254.08734741596976,1285.7400137589368,0.47115264547573743,-0.047983769034491974,7,0,0.0,0
3,structured,1,9,1.175,2,9,0.8,1.85,7,1,8.381510508273323,256.06137326204623,1285.450659288486,0.522752131616452,-0.10983465656303992,1,0,0.0,0
3,structured,1,10,1.25,3,10,0.95,2.0,7,1,3.367522081184802,264.9758811837223,1402.0028576229547,0.5785204019810849,0.00633429654775558,0,0,0.0,0
3,structured,1,11,1.325,10,10,2.0,2.0,0,0,0.0,275.21198605921654,1401.534150517571,0.6375321122635549,-0.05000945445768956,11,7,0.6363636363636364,1
3,structured,1,12,1.4,4,9,1.1,1.85,5,1,15.83975857945478,277.44811768199236,1399.9735684252098,0.6999048207779354,-0.2750284710229536,20,0,0.0,0
3,structured,1,13,1.475,4,10,1.1,2.0,6,1,14.18392606536247,281.04704911209274,1460.0745957964318,0.7714789096420884,-0.12541044144950098,11,0,0.0,0
3,structured,1,14,1.55,4,10,1.1,2.0,6,1,17.63490693224412,284.4980299789744,1459.8218846677116,0.850874373008267,-0.14161290425462214,13,0,0.0,0
3,structured,1,15,1.625,4,10,1.1,2.0,6,1,9.897585941136242,291.6626388396868,1579.149865863826,0.9371462688230046,-0.15484106382444063,3,0,0.0,0
3,structured,1,16,1.7,5,0,1.25,0.5,5,1,83.50238069724122,305.88465603166765,1608.6573130191432,1.0298624309138171,2.33972503545278,7,0,0.0,1
3,structured,1,17,1.775,7,0,1.55,0.5,7,1,90.559985403636,312.94226073806243,1709.834893565069,1.128667318597888,2.5176457773918175,0,0,0.0,1
3,structured,1,18,1.85,6,0,1.4,0.5,6,1,101.21623975051733,323.8889397134851,1830.8053295068626,1.2331101134891314,2.6960471048921155,0,0,0.0,1
3,structured,1,19,1.925,6,0,1.4,0.5,6,1,123.83443009827869,346.5071300612464,1977.3096137959915,1.3437276775986784,2.876294078005153,0,0,0.0,1
3,structured,1,20,2.0,6,0,1.4,0.5,6,1,117.4641656478696,350.59527391077785,2269.492706613996,1.4605584381447638,3.058456014342485,0,0,0.0,1
3,structured,2,0,0.5,10,10,2.0,2.0,0,0,0.0,184.04304291277606,1006.1533364744329,0.3532289465203397,0.6897876916356176,5,0,0.0,0
3,structured,2,1,0.575,10,10,2.0,2.0,0,0,0.0,194.58428746107137,1049.6683389119416,0.3347603339260801,0.6389206264284955,0,0,0.0,0
3,structured,2,2,0.65,10,10,2.0,2.0,0,0,0.0,194.58428746107143,1049.708101455792,0.32252124291318157,0.587273965405571,11,0,0.0,0
3,structured,2,3,0.725,10,10,2.0,2.0,0,0,0.0,202.52046921654716,1049.6739935908229,0.31919094097387446,0.5235017918598203,2,0,0.0,0
3,structured,2,4,0.8,10,10,2.0,2.0,0,0,0.0,202.52046921654716,1049.6737787008833,0.32849975853900576,0.43789239554811066,4,0,0.0,0
3,structured,2,5,0.875,10,8,2.0,1.7,2,1,6.2678658213598055,200.85215328243123,1049.259357244465,0.3497402828966486,-0.021289029863940545,3,0,0.0,0
3,structured,2,6,0.95,10,10,2.0,2.0,0,0,0.0,217.1933219527874,1144.9044906282575,0.37999316504254743,0.2745352146412347,10,8,0.8,1
3,structured,2,7,1.025,10,10,2.0,2.0,0,0,0.0,217.1933219527874,1144.8790279093034,0.4150887602843047,0.21105182449736354,0,0,0.0,0
3,structured,2,8,1.1,10,9,2.0,1.85,1,1,5.18895338163901,222.38227533442642,1144.404779078142,0.4560488303735429,-0.0395122604187258,4,0,0.0,0
3,structured,2,9,1.175,2,9,0.8,1.85,7,1,5.479378010180369,222.67269996296776,1144.1548114463656,0.5011759227511169,-0.0926302983515257,26,0,0.0,0
3,structured,2,10,1.25,10,10,2.0,2.0,0,0,0.0,233.13110826290824,1258.8901518766384,0.551493097411812,0.06870227160088704,2,2,1.0,1
3,structured,2,11,1.325,10,10,2.0,2.0,0,0,0.0,241.82331276013804,1258.6204014992363,0.6115972309911866,0.04447104863394635,16,7,0.4375,1
3,structured,2,12,1.4,4,9,1.1,1.85,5,1,10.928336120005554,244.05944438291382,1257.401574475177,0.6803013996974404,-0.1672780651399297,4,0,0.0,0
3,structured,2,13,1.475,4,10,1.1,2.0,6,1,12.49377384753069,247.67986275377297,1285.903749043749,0.7561869608892214,-0.009250076535429752,6,0,0.0,0
3,structured,2,14,1.55,5,10,1.25,2.0,5,1,16.036962817803612,251.22305172404594,1285.7321317031758,0.8385983114396816,-0.03326596641553503,0,0,0.0,0
3,structured,2,15,1.625,4,10,1.1,2.0,6,1,11.931672481382122,261.6083591025375,1401.9849844388457,0.9270807005225394,-0.05477395018922149,0,0,0.0,0
3,structured,2,16,1.7,5,10,1.25,2.0,5,1,25.535299438061145,275.21198605921654,1401.7053660474908,1.0217101662035277,-0.07237804770466294,7,0,0.0,0
3,structured,2,17,1.775,5,0,1.25,0.5,5,1,91.9274891235948,266.86312304673027,1460.717007320409,1.1216808028560248,2.5031775650433294,0,0,0.0,1
3,structured,2,18,1.85,6,0,1.4,0.5,6,1,106.82941897541508,281.7650528985506,1580.3573518041583,1.2281069213830313,2.681819709174637,0,0,0.0,1
3,structured,2,19,1.925,6,0,1.4,0.5,6,1,124.53618686372721,299.4718207868627,1724.23138706985,1.3398443874952033,2.8614234233282003,0,0,0.0,1
3,structured,2,20,2.0,6,0,1.4,0.5,6,1,117.4641656478696,301.50720856064567,1998.7362331109066,1.4565458832372973,3.0416027485190904,0,0,0.0,1
3,structured,3,0,0.5,10,10,2.0,2.0,0,0,0.0,164.5821784207996,898.2035496721808,0.3964632522301954,0.8522108939983035,5,0,0.0,0
3,structured,3,1,0.575,10,10,2.0,2.0,0,0,0.0,167.70231487269842,898.1056826824365,0.360377304352561,0.7444218093915733,0,0,0.0,0
3,structured,3,2,0.65,10,10,2.0,2.0,0,0,0.0,167.70231487269842,898.1099458323472,0.33871485859223455,0.6376446519451322,13,0,0.0,0
3,structured,3,3,0.725,10,10,2.0,2.0,0,0,0.0,180.42193700025445,896.747196516538,0.33313424011201503,0.5310005784516165,4,0,0.0,0
3,structured,3,4,0.8,10,10,2.0,2.0,0,0,0.0,180.42193700025445,896.7237018404884,0.3438086317437492,0.4239577958995372,3,0,0.0,0
3,structured,3,5,0.875,10,8,2.0,1.7,2,1,13.027117568062437,180.72943244076083,897.4533992776514,0.36868216705966306,-0.07099453961109392,2,0,0.0,0
3,structured,3,6,0.95,10,10,2.0,2.0,0,0,0.0,167.693924465748,896.6613791329873,0.3996691254766723,0.22670315427311832,26,25,0.9615384615384616,1
3,structured,3,7,1.025,10,10,2.0,2.0,0,0,0.0,167.693924465748,896.6484012029277,0.4239010063749083,0.17771471103720507,0,0,0.0,0
3,structured,3,8,1.1,10,10,2.0,2.0,0,0,0.0,174.93563392313547,904.1212434194196,0.45287836894510985,0.14455051170504168,9,9,1.0,1
3,structured,3,9,1.175,10,10,2.0,2.0,0,0,0.0,174.93563392313547,904.1087502475675,0.49259369778265705,0.11236490807726031,4,3,0.75,1
3,structured,3,10,1.25,10,10,2.0,2.0,0,0,0.0,184.04304291277606,1005.8551139204244,0.5423594896443465,0.08204271665311863,1,1,1.0,1
3,structured,3,11,1.325,10,10,2.0,2.0,0,0,0.0,194.5842874610714,1049.3321650243183,0.6013096508661565,0.05492428632460211,5,5,1.0,1
3,structured,3,12,1.4,4,10,1.1,2.0,6,1,7.9361817554757295,202.52046921654716,1049.2689262937695,0.6688879667295814,0.0303681299788523,1,0,0.0,0
3,structured,3,13,1.475,5,10,1.25,2.0,5,1,17.086058563455424,217.19332195278741,1144.5401751140585,0.7439056679957763,0.0062233363648835915,14,0,0.0,0
3,structured,3,14,1.55,5,10,1.25,2.0,5,1,22.63853749508462,222.74580088441667,1144.39929183568,0.8258145080127536,-0.01588855828133351,4,0,0.0,0
3,structured,3,15,1.625,4,10,1.1,2.0,6,1,22.690081951502464,233.13110826290824,1258.6901185534452,0.9140211246669558,-0.03564032801043848,2,0,0.0,0
3,structured,3,16,1.7,5,10,1.25,2.0,5,1,31.38228644873226,241.82331276013807,1258.460785978283,1.0085680044752299,-0.05154742029140347,7,0,0.0,0
3,structured,3,17,1.775,5,0,1.25,0.5,5,1,93.81615261204985,235.1860889062423,1285.9539331087724,1.1095764590659565,2.4784969741987863,0,0,0.0,1
3,structured,3,18,1.85,6,0,1.4,0.5,6,1,104.37355056007385,249.67668662115543,1402.4336469844022,1.216247509486373,2.6570141748187694,0,0,0.0,1
3,structured,3,19,1.925,6,0,1.4,0.5,6,1,120.3901662305542,265.69330229163575,1543.1190836172816,1.3286854301126447,2.8370160597216563,0,0,0.0,1
3,structured,3,20,2.0,6,0,1.4,0.5,6,1,113.73992688979195,278.3221053105916,1865.8257397170485,1.4461372510371304,3.017476207885255,0,0,0.0,1
3,structured,4,0,0.5,10,10,2.0,2.0,0,0,0.0,128.42533002955668,746.7149435907617,0.4045489196603098,0.8666113381939566,5,0,0.0,0
3,structured,4,1,0.575,10,10,2.0,2.0,0,0,0.0,129.6938535895208,746.888649965752,0.3684487766809894,0.7592137520540564,0,0,0.0,0
3,structured,4,2,0.65,10,10,2.0,2.0,0,0,0.0,129.6938535895208,746.89392788474,0.34598133348472343,0.6519287499244628,17,0,0.0,0
3,structured,4,3,0.725,10,10,2.0,2.0,0,0,0.0,139.35366614956226,745.7839257827713,0.33909814408366884,0.5447807369290434,3,0,0.0,0
3,structured,4,4,0.8,10,10,2.0,2.0,0,0,0.0,139.35366614956223,745.7764914590472,0.34476805056685994,0.4502152959409884,1,0,0.0,0
3,structured,4,5,0.875,10,8,2.0,1.7,2,1,9.967308000547831,139.66116159006864,746.422529223473,0.35541744524151586,-0.01132692587244477,1,0,0.0,0
3,structured,4,6,0.95,10,10,2.0,2.0,0,0,0.0,136.37949418317672,744.4798880742496,0.37494703413421837,0.32687330277050525,1,0,0.0,0
3,structured,4,7,1.025,10,10,2.0,2.0,0,0,0.0,136.37949418317672,744.4916339124243,0.4021201587276478,0.2756003066087305,0,0,0.0,0
3,structured,4,8,1.1,3,9,0.95,1.85,6,1,4.990442111015739,141.36993629419246,744.1363674499704,0.43771682088434993,0.028860919921553596,0,0,0.0,0
3,structured,4,9,1.175,3,9,0.95,1.85,6,1,8.923641877904828,145.30313606108155,743.9706289239051,0.48191698486336093,-0.014663124779626724,8,0,0.0,0
3,structured,4,10,1.25,3,10,0.95,2.0,7,1,7.881073550916966,164.5821784207996,897.7997841007849,0.5339812429969513,0.14236117444470375,1,0,0.0,0
3,structured,4,11,1.325,5,10,1.25,2.0,5,1,3.99915772341771,167.7023148726984,897.6902836718846,0.5932256995087575,0.10083847100368448,4,0,0.0,0
3,structured,4,12,1.4,4,9,1.1,1.85,5,1,23.720832130371804,180.42193700025445,896.3346482405187,0.6589236198352941,-0.13205077467360327,9,0,0.0,0
3,structured,4,13,1.475,5,10,1.25,2.0,5,1,22.93304557412651,167.69392446574804,896.3679405747741,0.7305028946484355,0.024056015907241157,32,0,0.0,0
3,structured,4,14,1.55,5,0,1.25,0.5,5,1,68.12468436556557,174.93563392313547,903.840893668559,0.808370670372739,1.9133427465553003,12,0,0.0,1
3,structured,4,15,1.625,4,10,1.1,2.0,6,1,29.995930132575836,184.04304291277606,1005.6146197722651,0.8974812886523791,-0.018818050642799067,1,0,0.0,0
3,structured,4,16,1.7,5,0,1.25,0.5,5,1,81.13637405899215,194.58428746107143,1049.1339891128926,0.993422616982197,2.2701860004832444,5,0,0.0,1
3,structured,4,17,1.775,5,0,1.25,0.5,5,1,86.65934998725274,200.10726338933202,1144.5061497369431,1.0955701268031657,2.4498447574671873,0,0,0.0,1
3,structured,4,18,1.85,6,0,1.4,0.5,6,1,93.05991314243744,210.4410263114058,1258.9848394676849,1.2035028641757468,2.6301091211189815,0,0,0.0,1
3,structured,4,19,1.925,6,0,1.4,0.5,6,1,109.07652881291773,226.45764198188613,1396.5847048115015,1.3168826743093456,2.8108982548986488,0,0,0.0,1
3,structured,4,20,2.0,6,0,1.4,0.5,6,1,102.9815174196716,231.40684744922828,1688.874895979513,1.4354416671813977,2.992151885067673,0,0,0.0,1
3,structured,5,0,0.5,10,10,2.0,2.0,0,0,0.0,80.12622074726534,426.569836858219,0.40623994299951627,0.8614352746010863,5,0,0.0,0
3,structured,5,1,0.575,10,10,2.0,2.0,0,0,0.0,83.28391889047518,512.992939858062,0.37381286670762653,0.7675384487874958,0,0,0.0,0
3,structured,5,2,0.65,10,10,2.0,2.0,0,0,0.0,83.28391889047518,513.0273942506675,0.3520853189016085,0.6909068482663243,20,0,0.0,0
3,structured,5,3,0.725,10,10,2.0,2.0,0,0,0.0,89.07255581446785,513.1784377242755,0.33975538122910365,0.6230010640958338,1,0,0.0,0
3,structured,5,4,0.8,2,10,0.8,2.0,8,1,1.4701673314486357,90.54272314591645,513.221621453034,0.3373655441614564,0.559300446481744,1,0,0.0,0
3,structured,5,5,0.875,2,8,0.8,1.7,6,1,9.618798229625895,92.90271712010104,512.9033501326097,0.34574548068353456,0.09495856991411733,1,0,0.0,0
3,structured,5,6,0.95,3,10,0.95,2.0,7,1,4.67749830749824,101.82133218092537,619.484147717185,0.3647058394076648,0.44775965662999617,0,0,0.0,0
3,structured,5,7,1.025,3,10,0.95,2.0,7,1,9.667115684142772,106.8109495575699,619.5377451951074,0.39426348160347807,0.39798866782972153,8,0,0.0,0
3,structured,5,8,1.1,3,9,0.95,1.85,6,1,16.304079528652153,113.44791340207928,619.3936011679849,0.4341153163605998,0.14881642372652715,5,0,0.0,0
3,structured,5,9,1.175,3,9,0.95,1.85,6,1,20.237279295541242,117.38111316896837,619.3204664267191,0.4831622535195406,0.10611591083126681,28,0,0.0,0
3,structured,5,10,1.25,3,10,0.95,2.0,7,1,21.774053057436078,128.42533002955668,746.3009667304368,0.5403038324911029,0.26912024573129617,8,0,0.0,0
3,structured,5,11,1.325,3,10,0.95,2.0,7,1,21.334266836586607,129.6938535895208,746.4614598451614,0.6045479372777034,0.22767195136518137,12,0,0.0,0
3,structured,5,12,1.4,4,9,1.1,1.85,5,1,32.70238917744166,139.35366614956223,745.3574829487992,0.6752515690038083,-0.00899151670152043,6,0,0.0,0
3,structured,5,13,1.475,4,10,1.1,2.0,6,1,36.40624895278151,136.37949418317672,744.0340338828348,0.7521097622220548,0.1553312008498784,5,0,0.0,0
3,structured,5,14,1.55,4,10,1.1,2.0,6,1,39.85722981966322,139.8304750500584,744.0133364565072,0.8350406743703319,0.12403546014531819,0,0,0.0,0
3,structured,5,15,1.625,4,10,1.1,2.0,6,1,40.55864613186125,156.70110486988264,897.3694567884105,0.9231389986270092,0.09567442139967497,0,0,0.0,0
3,structured,5,16,1.7,5,10,1.25,2.0,5,1,47.560698411259295,163.70315714928068,897.3178814764317,1.016790762791545,0.07332337109456621,0,0,0.0,0
3,structured,5,17,1.775,5,0,1.25,0.5,5,1,75.90094051713237,144.76087889162153,896.2352361319546,1.115429697905694,2.4809902987130767,0,0,0.0,1
3,structured,5,18,1.85,5,0,1.25,0.5,5,1,80.84264250191481,154.04711278020025,1005.7715404698297,1.2186669670377033,2.648886939798431,0,0,0.0,1
3,structured,5,19,1.925,6,0,1.4,0.5,6,1,89.88980680781424,163.09427708609968,1135.130561087084,1.3257925537226631,2.816716616308013,0,0,0.0,1
3,structured,5,20,2.0,5,0,1.25,0.5,5,1,89.13064029848206,169.2568610457474,1361.430131782943,1.4368867851160458,2.9847651758194456,0,0,0.0,1
3,structured,6,0,0.5,1,10,0.65,2.0,9,1,6.867493930264757,28.18440326732169,157.58592669866547,0.41489213576642725,0.8960655869689107,5,0,0.0,0
3,structured,6,1,0.575,1,10,0.65,2.0,9,1,9.703662779447583,34.63477684160214,194.65717910123138,0.38083476546608414,0.8094385601698187,0,0,0.0,0
3,structured,6,2,0.65,1,10,0.65,2.0,9,1,12.964432624975828,37.895546687130384,194.70533356183387,0.35838833531515,0.741124987444367,21,0,0.0,0
3,structured,6,3,0.725,2,10,0.8,2.0,8,1,12.496308194468753,40.65251049389748,238.725220443323,0.3442395261120922,0.6732238893027601,1,0,0.0,0
3,structured,6,4,0.8,2,10,0.8,2.0,8,1,19.5765232022559,47.732725501684634,238.78789191069077,0.34213461251163174,0.6166095906968463,1,0,0.0,0
3,structured,6,5,0.875,2,10,0.8,2.0,8,1,23.60483311055644,51.76103540998517,238.85284572028235,0.3507470758781938,0.5607192383589992,0,0,0.0,0
3,structured,6,6,0.95,2,10,0.8,2.0,8,1,26.987642726219335,57.968563983129584,291.02371566530724,0.3706130057002631,0.505347249736905,13,0,0.0,0
3,structured,6,7,1.025,2,10,0.8,2.0,8,1,30.29712168759488,61.27804294450513,291.09143825194843,0.4018338881873177,0.4528568696737174,28,0,0.0,0
3,structured,6,8,1.1,3,10,0.95,2.0,7,1,34.53774968116652,68.85993837448918,352.941230043465,0.44467717775710236,0.41230229233981525,20,0,0.0,0
3,structured,6,9,1.175,3,10,0.95,2.0,7,1,38.88228158496278,73.20447027828544,353.0404560030827,0.4967495679973537,0.37325586563027147,0,0,0.0,0
3,structured,6,10,1.25,3,10,0.95,2.0,7,1,41.70409265324773,80.12622074726534,426.1595472604293,0.5569133936772765,0.3355036020887912,6,0,0.0,0
3,structured,6,11,1.325,3,10,0.95,2.0,7,1,41.26430643239826,83.28391889047516,512.5590367643534,0.6241619613155447,0.29888129669391983,5,0,0.0,0
3,structured,6,12,1.4,4,10,1.1,2.0,6,1,47.05294335639093,89.07255581446783,512.66939203176,0.6986843934833408,0.2659052022755988,0,0,0.0,0
3,structured,6,13,1.475,4,10,1.1,2.0,6,1,52.01755109857881,97.14383387342713,618.832821294859,0.7792564273191724,0.23506028098971976,0,0,0.0,0
3,structured,6,14,1.55,4,10,1.1,2.0,6,1,55.4685319654605,100.59481474030882,618.9465509391491,0.8653246617182,0.20687310306433915,0,0,0.0,0
3,structured,6,15,1.625,4,10,1.1,2.0,6,1,58.10347831646,106.6512769721206,745.4323619350758,0.9566419349643194,0.18220744866105432,0,0,0.0,0
3,structured,6,16,1.7,4,10,1.1,2.0,6,1,59.811788097273606,108.3595867529342,745.5640504017837,1.0527544358466738,0.16034330831288712,0,0,0.0,0
3,structured,6,17,1.775,5,9,1.25,1.85,4,1,51.42544657473462,99.97324523039521,743.1181244076665,1.1530145792969606,-0.02719632172603692,0,0,0.0,0
3,structured,6,18,1.85,5,10,1.25,2.0,5,1,63.228666865282634,116.14245873802139,896.5243289935436,1.2580211467393372,0.12393902737514795,0,0,0.0,0
3,structured,6,19,1.925,6,0,1.4,0.5,6,1,71.9189411328151,89.93628473253207,959.6335746613872,1.368189474922198,2.876506769317971,0,0,0.0,1
3,structured,6,20,2.0,5,0,1.25,0.5,5,1,75.0475877133415,96.36449705039843,1154.4056209063215,1.482621288809237,3.045788848717402,0,0,0.0,1
3,structured,7,0,0.5,0,0,0.5,0.5,0,0,0.0,0.0,9.723793022845456,0.46746917679196354,0.2358777511883936,5,5,1.0,1
3,structured,7,1,0.575,1,0,0.65,0.5,1,1,1.429709824048821,1.429709824048821,12.915367956676747,0.41317087253290924,0.28832221871137165,0,0,0.0,1
3,structured,7,2,0.65,1,0,0.65,0.5,1,1,2.9322834916964453,2.9322834916964453,17.82150087766994,0.376363814265699,0.3646694392526193,22,0,0.0,1
3,structured,7,3,0.725,1,0,0.65,0.5,1,1,4.431820948969644,4.431820948969644,25.24139657018678,0.35905232952238963,0.4696200132911752,1,0,0.0,1
3,structured,7,4,0.8,1,0,0.65,0.5,1,1,5.8736333198421065,5.8736333198421065,34.87691419666552,0.35527437428954584,0.5888239722217756,0,0,0.0,1
3,structured,7,5,0.875,2,0,0.8,0.5,2,1,7.442918870566899,7.442918870566899,46.92221432863022,0.3639337411040323,0.7180960887286352,41,0,0.0,1
3,structured,7,6,0.95,2,0,0.8,0.5,2,1,10.398660019931405,10.398660019931405,61.39348790179872,0.38426125399776223,0.8522728935768047,10,0,0.0,1
3,structured,7,7,1.025,2,0,0.8,0.5,2,1,13.181969722919256,13.181969722919256,78.81930748733828,0.4163627718111565,0.9919301523716619,10,0,0.0,1
3,structured,7,8,1.1,2,0,0.8,0.5,2,1,15.733007438348125,15.733007438348125,100.44994902931845,0.4612678985315821,1.1414055659443072,11,0,0.0,1
3,structured,7,9,1.175,2,0,0.8,0.5,2,1,18.017343599716973,18.017343599716973,126.29096713597971,0.5156190015906582,1.2943072512017704,0,0,0.0,1
3,structured,7,10,1.25,3,0,0.95,0.5,3,1,21.316909337056927,21.316909337056927,157.15060034865178,0.5783075875158065,1.4504139994794922,0,0,0.0,1
3,structured,7,11,1.325,3,0,0.95,0.5,3,1,24.931114062154563,24.931114062154563,194.18862639700347,0.6488943349376826,1.6102418387101922,0,0,0.0,1
3,structured,7,12,1.4,3,0,0.95,0.5,3,1,28.156202299428728,28.156202299428728,238.15962865877407,0.725870313300806,1.7717192471515615,0,0,0.0,1
3,structured,7,13,1.475,3,0,0.95,0.5,3,1,30.980921256910243,30.980921256910243,290.2654208401186,0.808496339793723,1.9344038635107408,0,0,0.0,1
3,structured,7,14,1.55,4,0,1.1,0.5,4,1,34.32218869332265,34.32218869332265,352.02134915704545,0.8963737083502549,2.0981915571272323,0,0,0.0,1
3,structured,7,15,1.625,4,0,1.1,0.5,4,1,38.42212809401761,38.42212809401761,425.0382695543781,0.9888526742920566,2.2625725868954616,0,0,0.0,1
3,structured,7,16,1.7,4,0,1.1,0.5,4,1,42.01961245807691,42.01961245807691,511.3363352105327,1.0855766307400978,2.4274120689720267,0,0,0.0,1
3,structured,7,17,1.775,4,0,1.1,0.5,4,1,45.12628277484831,45.12628277484831,617.3885495455208,1.19053279768111,2.5987471862158733,0,0,0.0,1
3,structured,7,18,1.85,5,0,1.25,0.5,5,1,48.54779865566059,48.54779865566059,743.7500053651845,1.3000116392536458,2.77073318573398,0,0,0.0,1
3,structured,7,19,1.925,5,0,1.25,0.5,5,1,52.913791872738756,52.913791872738756,894.4279957090013,1.4139035845920471,2.943391735703332,0,0,0.0,1
3,structured,7,20,2.0,5,0,1.25,0.5,5,1,56.69760713183363,56.69760713183363,1076.4602207529822,1.5335907346562583,3.1187102080055285,0,0,0.0,1
3,unconstrained,0,0,0.5,10,10,2.0,2.0,0,0,0.0,34.51946799463525,98.79342397473232,0.9771990755034693,0.2698961696011588,5,0,0.0,0
3,unconstrained,0,1,0.575,10,10,2.0,2.0,0,0,0.0,24.684016353329298,89.57485028141082,0.9017029524404173,0.3345004853435656,6,2,0.3333333333333333,1
3,unconstrained,0,2,0.65,10,10,2.0,2.0,0,0,0.0,24.684016353329298,89.64927686010486,0.8332097627939086,0.3890330699531326,2,0,0.0,0
3,unconstrained,0,3,0.725,10,10,2.0,2.0,0,0,0.0,74.06545524342198,140.93811780874398,0.7644758080202558,0.4314795080180702,8,4,0.5,1
3,unconstrained,0,4,0.8,10,10,2.0,2.0,0,0,0.0,74.06545524342198,141.05071060990156,0.7077575873680404,0.45992151724006114,3,2,0.6666666666666666,1
3,unconstrained,0,5,0.875,10,8,2.0,1.7,2,1,2.5436270632821447,27.227643416611443,96.4279019691703,0.6560577779932131,1.1071924983285533,4,0,0.0,0
3,unconstrained,0,6,0.95,10,10,2.0,2.0,0,0,0.0,60.454890946564774,124.59670260036427,0.6081223226127415,0.4689368340456496,5,4,0.8,1
3,unconstrained,0,7,1.025,10,7,2.0,1.55,3,1,13.19679886477195,37.88081521810125,105.14980852493301,0.5773598552239737,0.9453364120775023,6,0,0.0,0
3,unconstrained,0,8,1.1,10,7,2.0,1.55,3,1,16.01607383872158,40.70009019205088,109.13987865226323,0.5485622584485297,0.9559352951958329,3,0,0.0,0
3,unconstrained,0,9,1.175,3,7,0.95,1.55,4,1,15.144162560939208,39.828178914268506,112.64703375491592,0.5402860746277278,0.9306417639433482,5,0,0.0,0
3,unconstrained,0,10,1.25,3,6,0.95,1.4,3,1,11.211659991285387,35.895676344614685,114.71972483935161,0.5291820554233942,0.5940351000872526,4,0,0.0,0
3,unconstrained,0,11,1.325,10,5,2.0,1.25,5,1,0.15767706942165205,24.84169342275095,105.39077165150934,0.5452028898418309,0.2591834181682531,3,0,0.0,0
3,unconstrained,0,12,1.4,5,7,1.25,1.55,2,1,12.052688187053036,72.50757913361781,154.03968335978914,0.5540120502979945,0.746850989815318,2,0,0.0,0
3,unconstrained,0,13,1.475,4,7,1.1,1.55,3,1,19.692105969151044,84.47057036243467,162.97548749717015,0.5792030132589058,0.6696165218237615,1,0,0.0,0
3,unconstrained,0,14,1.55,4,8,1.1,1.7,4,1,24.588861758572136,96.94706375794487,178.85641534666343,0.5992832494741908,0.9042343610599026,7,0,0.0,0
3,unconstrained,0,15,1.625,4,8,1.1,1.7,4,1,14.303264908926053,99.23925399623499,187.2361707304143,0.5947261821959176,0.8274495757123721,6,0,0.0,0
3,unconstrained,0,16,1.7,5,7,1.25,1.55,2,1,20.29533359634945,92.65353559572219,174.25276683287512,0.5755194311629271,0.43961384762065014,4,0,0.0,0
3,unconstrained,0,17,1.775,5,9,1.25,1.85,4,1,21.73645614554266,108.33229542103226,201.29602640982245,0.5477148126835758,0.9895310832743074,6,0,0.0,0
3,unconstrained,0,18,1.85,5,8,1.25,1.7,3,1,19.580584995511572,90.70697978201747,185.10194472184355,0.5152146549229029,0.5807566287371069,7,0,0.0,0
3,unconstrained,0,19,1.925,6,8,1.4,1.7,2,1,21.329907334916356,107.9257466104059,197.68761466370813,0.4807788349654847,0.5022765056610736,6,0,0.0,0
3,unconstrained,0,20,2.0,6,9,1.4,1.85,3,1,19.422144414878858,93.19964632854897,188.96775996830843,0.4465187387831214,0.7353407500894837,7,0,0.0,0
3,unconstrained,1,0,0.5,10,10,2.0,2.0,0,0,0.0,33.00355880538507,83.21481379343794,0.9419206788407183,0.24398162888855524,5,0,0.0,0
3,unconstrained,1,1,0.575,10,10,2.0,2.0,0,0,0.0,21.624206785814692,74.04736956045122,0.8614053368119671,0.30938726656559346,0,0,0.0,0
3,unconstrained,1,2,0.65,10,10,2.0,2.0,0,0,0.0,21.624206785814692,74.11826551761663,0.7912997509478413,0.3648967102155267,10,0,0.0,0
3,unconstrained,1,3,0.725,10,10,2.0,2.0,0,0,0.0,19.72459610721927,72.3198773860205,0.7220508599992898,0.4084983432788898,1,0,0.0,0
3,unconstrained,1,4,0.8,10,10,2.0,2.0,0,0,0.0,19.72459610721927,72.42805711888354,0.6632159526867955,0.43826153464706596,2,0,0.0,0
3,unconstrained,1,5,0.875,10,8,2.0,1.7,2,1,2.5436270632821447,24.167833849096837,79.33997145725607,0.6084865793133868,0.9441508736900248,4,0,0.0,0
3,unconstrained,1,6,0.95,10,10,2.0,2.0,0,0,0.0,59.16241594961798,111.70227393441354,0.5676573378325381,0.45024450944245253,3,0,0.0,0
3,unconstrained,1,7,1.025,3,7,0.95,1.55,4,1,12.251607699443355,33.87581448525805,89.07638716638485,0.5347744810991485,0.9233608954466239,2,0,0.0,0
3,unconstrained,1,8,1.1,2,7,0.8,1.55,5,1,17.64595096619513,39.27015775200982,93.06646320649583,0.5098863375897027,0.9383286337509089,7,0,0.0,0
3,unconstrained,1,9,1.175,2,7,0.8,1.55,5,1,17.677198812276174,39.30140559809087,96.57361239636788,0.506885607983473,0.9159546353519055,1,0,0.0,0
3,unconstrained,1,10,1.25,3,6,0.95,1.4,3,1,12.895261208820557,34.51946799463525,98.70040218228053,0.5054844168809991,0.585054816669718,0,0,0.0,0
3,unconstrained,1,11,1.325,10,5,2.0,1.25,5,1,3.0598095675146055,24.684016353329298,89.42554655150616,0.5277315779922783,0.2527161146139125,11,0,0.0,0
3,unconstrained,1,12,1.4,4,7,1.1,1.55,3,1,14.903039293804,74.06545524342198,140.62042847714076,0.537652401002444,0.7370432089329415,20,0,0.0,0
3,unconstrained,1,13,1.475,4,7,1.1,1.55,3,1,21.29005008359161,60.454890946564774,123.9067540371538,0.5666907518000205,0.6607865434112532,11,0,0.0,0
3,unconstrained,1,14,1.55,4,6,1.1,1.4,2,1,5.6160484436656475,64.77846439328363,131.9412799203388,0.5880979954231409,0.308251137635851,13,0,0.0,0
3,unconstrained,1,15,1.625,4,8,1.1,1.7,4,1,11.401132410833156,72.35820199937274,144.90085352302384,0.5857127456605028,0.817820798263583,3,0,0.0,0
3,unconstrained,1,16,1.7,5,7,1.25,1.55,2,1,16.57109483827179,84.93598908730894,151.2282659926542,0.5681017822665237,0.43281679711860255,7,0,0.0,0
3,unconstrained,1,17,1.775,7,9,1.55,1.85,2,1,16.669510246395873,71.12639478650595,147.77143962275176,0.5415098002353644,0.9789444944233909,0,0,0.0,0
3,unconstrained,1,18,1.85,6,8,1.4,1.7,2,1,20.129335059606262,86.5958392754896,161.49474677621492,0.5099727253601941,0.5734957573065782,0,0,0.0,0
3,unconstrained,1,19,1.925,6,8,1.4,1.7,2,1,19.320617373560026,73.77750191367011,144.21713420750916,0.4763135797618934,0.4955659831789716,0,0,0.0,0
3,unconstrained,1,20,2.0,6,9,1.4,1.85,3,1,22.32427691297181,90.0743845360605,165.3605685076651,0.44272250685025955,0.7275484769630314,0,0,0.0,0
3,unconstrained,2,0,0.5,10,10,2.0,2.0,0,0,0.0,29.943749237870463,68.14656628494936,0.9200795156455793,0.21800679127259404,5,0,0.0,0
3,unconstrained,2,1,0.575,10,10,2.0,2.0,0,0,0.0,16.874245000468306,58.97095023728252,0.8416639000475044,0.28419472653889843,0,0,0.0,0
3,unconstrained,2,2,0.65,10,10,2.0,2.0,0,0,0.0,16.874245000468306,59.03836388248391,0.7699798778168693,0.34066497304416465,11,0,0.0,0
3,unconstrained,2,3,0.725,10,10,2.0,2.0,0,0,0.0,18.698873079950545,57.235979140246286,0.6982588118810774,0.3854104565383345,2,0,0.0,0
3,unconstrained,2,4,0.8,10,10,2.0,2.0,0,0,0.0,18.698873079950545,57.3397676201148,0.6433680014955586,0.4164775981718496,4,0,0.0,0
3,unconstrained,2,5,0.875,10,8,2.0,1.7,2,1,6.2678658213598055,23.142110821828112,64.15105966215401,0.5879486485610028,0.9299563127047419,3,0,0.0,0
3,unconstrained,2,6,0.95,10,10,2.0,2.0,0,0,0.0,38.04886903184098,73.66362382076409,0.5514212938350512,0.4314134373089386,10,8,0.8,1
3,unconstrained,2,7,1.025,10,7,2.0,1.55,3,1,16.098931362864903,32.97317636333321,73.67356030933212,0.5157439799566191,0.9097881135345334,0,0,0.0,0
3,unconstrained,2,8,1.1,10,7,2.0,1.55,3,1,21.01970440156208,37.89394940203039,77.52279686808936,0.5062101597276022,0.9229580779377367,4,0,0.0,0
3,unconstrained,2,9,1.175,2,7,0.8,1.55,5,1,19.367351030107955,36.24159603057626,80.950983827279,0.5005930640064647,0.9010489726959499,26,0,0.0,0
3,unconstrained,2,10,1.25,10,6,2.0,1.4,4,1,16.129313804916762,33.00355880538507,83.13185219214063,0.5095952775908288,0.5759930601313688,2,0,0.0,0
3,unconstrained,2,11,1.325,10,5,2.0,1.25,5,1,4.749961785346386,21.624206785814692,73.91108992226714,0.5285246161020728,0.2462065744670756,16,0,0.0,0
3,unconstrained,2,12,1.4,4,5,1.1,1.25,1,1,2.8503511067510203,19.72459610721927,72.02278318772187,0.5465163749923058,0.19573952872918543,4,0,0.0,0
3,unconstrained,2,13,1.475,4,7,1.1,1.55,3,1,14.688475406310602,59.16241594961798,111.0464579710337,0.5709827991585319,0.6518779960245906,6,0,0.0,0
3,unconstrained,2,14,1.55,5,6,1.25,1.4,1,1,1.1159718311321853,39.164840862973165,93.43150527685077,0.5866203760428861,0.3018209375635723,0,0,0.0,0
3,unconstrained,2,15,1.625,4,8,1.1,1.7,4,1,13.435218951079037,68.36489424903715,122.43531149933125,0.5828571583651132,0.8080984053266218,0,0,0.0,0
3,unconstrained,2,16,1.7,5,7,1.25,1.55,2,1,14.561804876915517,60.95706958853958,109.50600039048845,0.5643092021767049,0.4259732303674211,7,0,0.0,0
3,unconstrained,2,17,1.775,5,9,1.25,1.85,4,1,18.037013966354664,66.46650421588333,124.77730625231845,0.537520213818998,0.9682447432236252,0,0,0.0,0
3,unconstrained,2,18,1.85,6,8,1.4,1.7,2,1,25.04075751905549,54.45688454011008,108.63731144025513,0.5059064808911038,0.5661820127428219,0,0,0.0,0
3,unconstrained,2,19,1.925,6,8,1.4,1.7,2,1,19.320617373560026,67.7501076230887,121.2770871407867,0.47227192907468135,0.48880998177354495,0,0,0.0,0
3,unconstrained,2,20,2.0,6,9,1.4,1.85,3,1,24.01442913080359,57.46608618474744,115.53803370864125,0.4389116669676265,0.7196950071426644,0,0,0.0,0
3,unconstrained,3,0,0.5,10,10,2.0,2.0,0,0,0.0,28.91802621060171,54.02809685048689,0.9074265902228658,0.19196885487302828,5,0,0.0,0
3,unconstrained,3,1,0.575,10,10,2.0,2.0,0,0,0.0,11.966606145700325,44.345590136335176,0.8293841070809159,0.2589287769670705,0,0,0.0,0
3,unconstrained,3,2,0.65,10,10,2.0,2.0,0,0,0.0,11.966606145700325,44.409572669962415,0.7573511838868887,0.3163465318625167,13,0,0.0,0
3,unconstrained,3,3,0.725,10,10,2.0,2.0,0,0,0.0,20.550485971885166,42.48965436315723,0.6929474988113411,0.36221269164073744,4,0,0.0,0
3,unconstrained,3,4,0.8,10,10,2.0,2.0,0,0,0.0,20.550485971885223,42.58908431298124,0.6340659815631401,0.3945756169887292,3,0,0.0,0
3,unconstrained,3,5,0.875,10,8,2.0,1.7,2,1,13.027117568062437,24.993723713762762,49.45333057579225,0.584150361684311,0.9202256717394166,2,0,0.0,0
3,unconstrained,3,6,0.95,10,10,2.0,2.0,0,0,0.0,38.44654625272594,61.833798459676274,0.5511635956220999,0.41244673487627237,26,25,0.9615384615384616,1
3,unconstrained,3,7,1.025,10,7,2.0,1.55,3,1,17.94676065011828,29.913366795818575,59.29215984388091,0.5224313974967326,0.919072720472977,0,0,0.0,0
3,unconstrained,3,8,1.1,10,7,2.0,1.55,3,1,22.867533688815456,34.83413983451578,63.14140527180933,0.5175484935748611,0.9304011472949751,9,0,0.0,0
3,unconstrained,3,9,1.175,10,7,2.0,1.55,3,1,20.51342355191281,32.48002969761316,66.50773567506027,0.5202693143443465,0.905596668272044,4,0,0.0,0
3,unconstrained,3,10,1.25,10,6,2.0,1.4,4,1,17.977143092170138,29.943749237870463,68.07343003250611,0.53387202986967,0.5679277744028828,1,0,0.0,0
3,unconstrained,3,11,1.325,10,5,2.0,1.25,5,1,4.907638854767981,16.874245000468306,58.84741130053544,0.5514019925416405,0.23965438241140546,5,0,0.0,0
3,unconstrained,3,12,1.4,4,5,1.1,1.25,1,1,6.7322669342502195,18.698873079950545,56.959104565990174,0.5717797822903825,0.18963866559734743,1,0,0.0,0
3,unconstrained,3,13,1.475,5,7,1.25,1.55,2,1,17.590607904403555,38.04886903184098,73.04155469595389,0.589422522574536,0.6455559789620207,14,0,0.0,0
3,unconstrained,3,14,1.55,5,6,1.25,1.4,1,1,6.027394290581412,44.47394054330738,81.1301621144782,0.5961159200246571,0.295349122279871,4,0,0.0,0
3,unconstrained,3,15,1.625,4,8,1.1,1.7,4,1,20.036793628360044,46.395264711624066,81.27200471369378,0.5862523855775477,0.8054168847995493,2,0,0.0,0
3,unconstrained,3,16,1.7,5,7,1.25,1.55,2,1,14.561804876915517,54.92967529795811,87.6535099720204,0.5657613450013745,0.41908250630080923,7,0,0.0,0
3,unconstrained,3,17,1.775,5,7,1.25,1.55,2,1,3.057655937790571,29.416127021054592,72.5329160365979,0.538228387472041,0.3522563515724877,0,0,0.0,0
3,unconstrained,3,18,1.85,6,8,1.4,1.7,2,1,26.73090973688727,48.42949024952867,86.3103224637427,0.5061202635472171,0.55881422652506,0,0,0.0,0
3,unconstrained,3,19,1.925,6,7,1.4,1.55,1,1,11.753076541302448,33.45165705394385,72.12169673568377,0.47227011327494806,0.24018186729067104,0,0,0.0,0
3,unconstrained,3,20,2.0,6,9,1.4,1.85,3,1,28.171263923642925,57.70154719486072,99.25079598692253,0.43863682881263694,0.7149551096568181,0,0,0.0,0
3,unconstrained,4,0,0.5,10,10,2.0,2.0,0,0,0.0,15.26803401805688,24.422986733266896,0.8985919528787761,0.16586818592569696,5,0,0.0,0
3,unconstrained,4,1,0.575,10,10,2.0,2.0,0,0,0.0,11.966606145700325,30.015438340508325,0.8254121385060067,0.23358727156360581,0,0,0.0,0
3,unconstrained,4,2,0.65,10,10,2.0,2.0,0,0,0.0,11.966606145700325,30.076036880033087,0.7512486837979765,0.2919333740472181,17,0,0.0,0
3,unconstrained,4,3,0.725,10,10,2.0,2.0,0,0,0.0,17.49067640437059,28.15220731643774,0.6916930458998125,0.33891344692455316,3,0,0.0,0
3,unconstrained,4,4,0.8,10,10,2.0,2.0,0,0,0.0,17.49067640437059,28.2473015051915,0.6341351138959153,0.37255174520683965,1,0,0.0,0
3,unconstrained,4,5,0.875,10,8,2.0,1.7,2,1,9.967308000547831,21.933914146248156,35.19624999750232,0.5942095868860316,0.9272195403775496,1,0,0.0,0
3,unconstrained,4,6,0.95,10,10,2.0,2.0,0,0,0.0,12.740714619024203,24.429941556056463,0.5585565016189141,0.39334592306973803,1,0,0.0,0
3,unconstrained,4,7,1.025,10,7,2.0,1.55,3,1,13.196798864771893,25.163405010472218,45.20571339225418,0.547540530292266,0.9282727344718549,0,0,0.0,0
3,unconstrained,4,8,1.1,3,7,0.95,1.55,4,1,17.9190606328458,29.885666778546124,49.0549410818403,0.540944433696998,0.9377890384173915,0,0,0.0,0
3,unconstrained,4,9,1.175,3,7,0.95,1.55,4,1,19.90948239973946,31.876088545439785,52.42126557231049,0.5496300220136688,0.9117689936028923,8,0,0.0,0
3,unconstrained,4,10,1.25,3,6,0.95,1.4,3,1,16.951420064901384,28.91802621060171,53.96455697565477,0.564137890501737,0.5717211135263232,1,0,0.0,0
3,unconstrained,4,11,1.325,5,5,1.25,1.25,0,0,0.0,11.966606145700325,44.23451068631107,0.5837312533558925,0.235344087981896,4,0,0.0,0
3,unconstrained,4,12,1.4,4,5,1.1,1.25,1,1,8.58387982618487,20.550485971885195,42.23263087742501,0.6064531716095104,0.18407757596259255,9,0,0.0,0
3,unconstrained,4,13,1.475,5,7,1.25,1.55,2,1,21.38225818698288,38.446546252725966,61.24508290198952,0.6128075897687584,0.6492788025637624,32,0,0.0,0
3,unconstrained,4,14,1.55,5,6,1.25,1.4,1,1,7.717546508413193,20.458261127437424,43.51891404417137,0.6088390897009516,0.2922533945965573,12,0,0.0,0
3,unconstrained,4,15,1.625,4,8,1.1,1.7,4,1,25.88378063903116,40.367870421042625,59.978473111754084,0.5964857487890664,0.8094659912387607,1,0,0.0,0
3,unconstrained,4,16,1.7,5,6,1.25,1.4,1,1,9.294183017520936,26.35847108326402,46.65824212681264,0.5721865122511552,0.18761263854595,5,0,0.0,0
3,unconstrained,4,17,1.775,5,7,1.25,1.55,2,1,7.214490730629905,21.6985805126414,50.81898515029542,0.5409207948079765,0.3503441712907214,0,0,0.0,0
3,unconstrained,4,18,1.85,6,8,1.4,1.7,2,1,26.73090973688727,44.50811646680262,71.10692129750493,0.5082031783234924,0.5616517961508949,0,0,0.0,0
3,unconstrained,4,19,1.925,6,7,1.4,1.55,1,1,11.753076541302448,29.530283271217797,56.23458051207297,0.47397886381606447,0.235680067096248,0,0,0.0,0
3,unconstrained,4,20,2.0,6,7,1.4,1.55,1,1,9.588409414348291,27.36561614426364,53.76609980562125,0.4401012899626658,0.19144747797633155,0,0,0.0,0
3,unconstrained,5,0,0.5,10,10,2.0,2.0,0,0,0.0,5.44080598509143,8.117699530155733,0.8965074369079101,0.13971411128094036,5,0,0.0,0
3,unconstrained,5,1,0.575,10,10,2.0,2.0,0,0,0.0,8.906796578185705,15.498855077148377,0.8228762439859396,0.2081689793173327,0,0,0.0,0
3,unconstrained,5,2,0.65,10,10,2.0,2.0,0,0,0.0,8.906796578185705,15.556122372681287,0.7543224698824257,0.26743339743797745,20,0,0.0,0
3,unconstrained,5,3,0.725,10,10,2.0,2.0,0,0,0.0,8.58387982618487,13.630885126190265,0.6978969821035234,0.31550496311520426,1,0,0.0,0
3,unconstrained,5,4,0.8,2,3,0.8,0.95,1,1,4.410306441854345,18.37173932093947,25.55675285003423,0.6443017323515081,0.17680187645813117,1,0,0.0,0
3,unconstrained,5,5,0.875,2,4,0.8,1.1,2,1,5.255846342647374,18.371145006622328,29.529329450786832,0.6108539361080864,0.3579062925577623,1,0,0.0,0
3,unconstrained,5,6,0.95,3,5,0.95,1.25,2,1,13.413159175385886,23.538628009870706,31.50043544085233,0.5883236407956823,0.5668154151065443,0,0,0.0,0
3,unconstrained,5,7,1.025,3,5,0.95,1.25,2,1,13.924619227709798,24.05008806219459,31.709342911081507,0.5802333840171746,0.49862985099675816,8,0,0.0,0
3,unconstrained,5,8,1.1,3,4,0.95,1.1,1,1,2.5901288776568947,12.715597712141715,22.55799602883235,0.5830139690930898,0.1825207465707419,5,0,0.0,0
3,unconstrained,5,9,1.175,3,4,0.95,1.1,1,1,1.2151863630380433,11.340655197522835,20.769787689206026,0.5887281070413061,0.13622921941797683,28,0,0.0,0
3,unconstrained,5,10,1.25,3,5,0.95,1.25,2,1,9.82722803296545,15.26803401805688,24.36881882455836,0.6118394745847487,0.29662552830190947,8,0,0.0,0
3,unconstrained,5,11,1.325,3,5,0.95,1.25,2,1,3.059809567514634,11.966606145700325,29.916543391178493,0.6191051106074024,0.2380747788265749,12,0,0.0,0
3,unconstrained,5,12,1.4,4,5,1.1,1.25,1,1,8.583879826184898,17.49067640437059,27.914663582292434,0.6403768670295689,0.18662301410489945,6,0,0.0,0
3,unconstrained,5,13,1.475,4,5,1.1,1.25,1,1,4.156834792839334,12.740714619024203,23.87418212172176,0.6397938832032878,0.14319178862382698,5,0,0.0,0
3,unconstrained,5,14,1.55,4,6,1.1,1.4,2,1,9.772883236504981,17.064288065743085,31.49093323226265,0.6246672975308755,0.2949472549446761,0,0,0.0,0
3,unconstrained,5,15,1.625,4,6,1.1,1.4,2,1,12.924985769614636,20.21639059885274,29.306841249375168,0.6075855454093358,0.23841035498446317,0,0,0.0,0
3,unconstrained,5,16,1.7,5,6,1.25,1.4,1,1,9.29418301752088,14.484089782011495,25.11079740841791,0.5810898937584428,0.1899682484948766,0,0,0.0,0
3,unconstrained,5,17,1.775,5,7,1.25,1.55,2,1,15.642803265613054,17.77720672991535,35.38001040617678,0.5486879903559255,0.3530021132751595,0,0,0.0,0
3,unconstrained,5,18,1.85,5,7,1.25,1.55,2,1,16.9574843775693,19.09188784187154,33.04918596721575,0.5128667880680702,0.29144016787261995,0,0,0.0,0
3,unconstrained,5,19,1.925,6,7,1.4,1.55,1,1,12.641132592134966,33.050619857072945,51.05558495508791,0.4764082442447798,0.23800809990482197,0,0,0.0,0
3,unconstrained,5,20,2.0,5,7,1.25,1.55,2,1,10.900887889645503,31.310375154583483,48.55711462461278,0.4423196332894249,0.19335525695038136,0,0,0.0,0
3,unconstrained,6,0,0.5,1,2,0.65,0.8,1,1,2.982836656680192,7.4148335663478235,9.36035962601801,0.9017070177946066,0.17463789867905355,5,0,0.0,1
3,unconstrained,6,1,0.575,1,2,0.65,0.8,1,1,5.542421472145605,9.974418381813237,8.21538734523888,0.8284936100323086,0.12551242588354894,0,0,0.0,1
3,unconstrained,6,2,0.65,1,3,0.65,0.95,2,1,8.043776487292575,9.516973279988619,11.228231805292538,0.7678405756693165,0.29620363403565797,21,0,0.0,0
3,unconstrained,6,3,0.725,2,4,0.8,1.1,2,1,10.89097125597334,10.89097125597334,14.082227929718314,0.70888132632821,0.4947598875974717,1,0,0.0,0
3,unconstrained,6,4,0.8,2,3,0.8,0.95,1,1,5.883503234550375,5.883503234550375,7.94931334034149,0.6695773246404814,0.18333024102613793,1,0,0.0,0
3,unconstrained,6,5,0.875,2,4,0.8,1.1,2,1,9.469222706935568,13.961432879085137,17.961888509321,0.6401261385833101,0.365555129284743,0,0,0.0,0
3,unconstrained,6,6,0.95,2,3,0.8,0.95,1,1,2.2353663627850437,2.2353663627850437,4.163994097246928,0.6225957354586539,0.09312048192304268,13,0,0.0,0
3,unconstrained,6,7,1.025,2,4,0.8,1.1,2,1,8.623088491825385,13.11529866397494,15.602230081342555,0.6217959097311057,0.24230408216542632,28,0,0.0,0
3,unconstrained,6,8,1.1,3,4,0.95,1.1,1,1,7.501551337106179,10.125468834484792,12.642506553341605,0.6291618199561451,0.18848310313323413,20,0,0.0,0
3,unconstrained,6,9,1.175,3,4,0.95,1.1,1,1,6.126608822487327,8.75052631986594,10.85429821371531,0.634944528698114,0.14178338417155123,0,0,0.0,0
3,unconstrained,6,10,1.25,3,4,0.95,1.1,1,1,4.776062408525405,5.440805985091444,8.072680576792365,0.6592404248244482,0.10303957182885792,6,0,0.0,0
3,unconstrained,6,11,1.325,3,5,0.95,1.25,2,1,8.906796578185691,8.906796578185691,15.411875275123066,0.6666064901356293,0.24348590656911107,5,0,0.0,0
3,unconstrained,6,12,1.4,4,5,1.1,1.25,1,1,8.58387982618487,8.58387982618487,13.412460714344917,0.6753760326819995,0.19170183445205158,0,0,0.0,0
3,unconstrained,6,13,1.475,4,5,1.1,1.25,1,1,7.291404829238104,7.291404829238104,11.637096390379412,0.6665563760789481,0.1479802635257621,0,0,0.0,0
3,unconstrained,6,14,1.55,4,5,1.1,1.25,1,1,5.189906764490587,5.189906764490587,9.734383594434348,0.6424788814173708,0.11279272557219588,0,0,0.0,0
3,unconstrained,6,15,1.625,4,4,1.1,1.1,0,0,0.0,0.0,3.454600854984136,0.6214792224217449,0.02979768330305621,0,0,0.0,0
3,unconstrained,6,16,1.7,4,5,1.1,1.25,1,1,0.8880560508324891,2.1344034643022667,9.440319559135673,0.5919031847760512,0.06795032325364048,0,0,0.0,0
3,unconstrained,6,17,1.775,5,7,1.25,1.55,2,1,20.40948726493798,20.40948726493798,29.969517656808932,0.5567354755124383,0.357112998538319,0,0,0.0,0
3,unconstrained,6,18,1.85,5,6,1.25,1.4,1,1,5.196045451851603,5.196045451851603,14.632972470069035,0.5200640161947637,0.1230213240768947,0,0,0.0,0
3,unconstrained,6,19,1.925,6,6,1.4,1.4,0,0,0.0,0.0,13.803077587546596,0.4825535858704787,0.10049545493134548,0,0,0.0,0
3,unconstrained,6,20,2.0,5,6,1.25,1.4,1,1,0.4244224244647512,0.4244224244647512,12.874915176872292,0.4460161144041247,0.08611509764661296,0,0,0.0,0
3,unconstrained,7,0,0.5,0,1,0.5,0.65,1,1,0.011456373923373064,0.011456373923373064,0.19281088968875082,0.9347006616311719,0.005262622869983247,5,0,0.0,1
3,unconstrained,7,1,0.575,1,2,0.65,0.8,1,1,5.542421472145598,5.542421472145598,4.876752853064545,0.8637179798706172,0.13209291013748103,0,0,0.0,1
3,unconstrained,7,2,0.65,1,2,0.65,0.8,1,1,4.431996909667632,4.431996909667632,3.5971275341665176,0.8054926550973914,0.08822472511514645,22,0,0.0,1
3,unconstrained,7,3,0.725,1,2,0.65,0.8,1,1,3.052791619054844,3.052791619054844,2.2924194253305785,0.757143045991814,0.05136787480821692,1,0,0.0,1
3,unconstrained,7,4,0.8,1,2,0.65,0.8,1,1,1.4731967926960507,1.4731967926960507,1.0746862876835266,0.7210622370034545,0.022190338775302187,0,0,0.0,1
3,unconstrained,7,5,0.875,2,2,0.8,0.8,0,0,0.0,0.0,0.04748851226253947,0.6984384355652443,0.0009109259955879523,41,41,1.0,1
3,unconstrained,7,6,0.95,2,2,0.8,0.8,0,0,0.0,0.0,-0.7033120717459624,0.6857045197742856,-0.012628380310622411,10,10,1.0,1
3,unconstrained,7,7,1.025,2,3,0.8,0.95,1,1,4.492210172149562,4.492210172149562,3.6793612071374397,0.6897133210534996,0.06458260230305868,10,0,0.0,0
3,unconstrained,7,8,1.1,2,3,0.8,0.95,1,1,2.6239174973786135,2.6239174973786135,2.3715933412786114,0.6849179963713978,0.0386120630831277,11,0,0.0,0
3,unconstrained,7,9,1.175,2,3,0.8,0.95,1,1,0.664743576566039,0.664743576566039,1.3609226548209534,0.7041391537190415,0.02070938704096381,0,0,0.0,0
3,unconstrained,7,10,1.25,3,3,0.95,0.95,0,0,0.0,0.0,0.7310909139386013,0.7141953882352238,0.010471760604729319,0,0,0.0,0
3,unconstrained,7,11,1.325,3,3,0.95,0.95,0,0,0.0,0.0,0.5357319393410904,0.719305183173644,0.007269380459218766,0,0,0.0,0
3,unconstrained,7,12,1.4,3,3,0.95,0.95,0,0,0.0,0.0,0.7989788038033652,0.7137475003179774,0.010329576199890944,0,0,0.0,0
3,unconstrained,7,13,1.475,3,4,0.95,1.1,1,1,1.2463474134697634,1.2463474134697634,3.283022899998471,0.6978827741588158,0.04083518392613694,0,0,0.0,0
3,unconstrained,7,14,1.55,4,4,1.1,1.1,0,0,0.0,0.0,2.884390718849744,0.6684352654776425,0.03394189978686857,0,0,0.0,0
3,unconstrained,7,15,1.625,4,4,1.1,1.1,0,0,0.0,0.0,3.0110457877530195,0.6384999169172684,0.0337192211886288,0,0,0.0,0
3,unconstrained,7,16,1.7,4,4,1.1,1.1,0,0,0.0,0.0,3.6705603379050302,0.6063362629910631,0.03932240107045448,0,0,0.0,0
3,unconstrained,7,17,1.775,4,4,1.1,1.1,0,0,0.0,0.0,4.845448533367843,0.5694176083244162,0.04988584361263815,0,0,0.0,0
3,unconstrained,7,18,1.85,5,5,1.25,1.25,0,0,0.0,0.0,5.859515288015146,0.5301802387777044,0.05793994455549267,0,0,0.0,0
3,unconstrained,7,19,1.925,5,5,1.25,1.25,0,0,0.0,0.0,6.408099939167826,0.49095500051023355,0.060550359636404316,0,0,0.0,0
3,unconstrained,7,20,2.0,5,5,1.25,1.25,0,0,0.0,0.0,7.55160554924926,0.4537179522861288,0.06850970920895794,0,0,0.0,0
4,structured,0,0,0.5,10,10,2.0,2.0,0,0,0.0,241.47322831232086,1083.974638030869,0.3345665686742389,0.6534899103853846,5,3,0.6,1
4,structured,0,1,0.575,10,10,2.0,2.0,0,0,0.0,259.2873910427212,1114.1113703090996,0.32018106748026853,0.5719154692701574,7,3,0.42857142857142855,1
4,structured,0,2,0.65,10,10,2.0,2.0,0,0,0.0,259.2873910427212,1114.1199783395912,0.31637215069397906,0.49150213717290403,3,2,0.6666666666666666,1
4,structured,0,3,0.725,10,10,2.0,2.0,0,0,0.0,263.49933404011927,1113.9118283093426,0.3233633537123477,0.41225902250644275,4,2,0.5,1
4,structured,0,4,0.8,10,10,2.0,2.0,0,0,0.0,263.4993340401194,1113.90565468346,0.340188653017606,0.3360061472076641,7,4,0.5714285714285714,1
4,structured,0,5,0.875,10,8,2.0,1.7,2,1,2.5436270632821447,261.8310181060034,1113.4950057957444,0.36574821205918373,-0.09917132614649471,7,0,0.0,0
4,structured,0,6,0.95,10,10,2.0,2.0,0,0,0.0,278.9942930363443,1197.2852103760931,0.3984708529284484,0.18764024361141157,8,3,0.375,1
4,structured,0,7,1.025,10,10,2.0,2.0,0,0,0.0,278.9942930363443,1197.2328462928124,0.4357558562985093,0.12110318306394663,5,1,0.2,1
4,structured,0,8,1.1,10,9,2.0,1.85,1,1,3.0874553168914645,282.08174835323575,1196.6685310763817,0.47614288212725253,-0.11468041032135545,2,0,0.0,0
4,structured,0,9,1.175,3,9,0.95,1.85,6,1,4.158322039104576,283.1526150754488,1196.4243675422579,0.5210459430746772,-0.154299205305797,0,0,0.0,0
4,structured,0,10,1.25,3,10,0.95,2.0,7,1,3.7180074038955127,292.9165580309267,1295.1057399184745,0.5736016740907882,-0.013987041505311881,5,0,0.0,0
4,structured,0,11,1.325,10,10,2.0,2.0,0,0,0.0,305.88465603166765,1307.8285124167064,0.6332507139445199,-0.05218479856116698,9,3,0.3333333333333333,1
4,structured,0,12,1.4,5,10,1.25,2.0,5,1,5.953876606571839,311.8385326382395,1307.6343733031622,0.6994316684323229,-0.08898808718801543,5,0,0.0,0
4,structured,0,13,1.475,4,10,1.1,2.0,6,1,15.551429785321204,328.49369052338363,1395.4995967137525,0.7716169369937708,-0.12417636009537214,4,0,0.0,0
4,structured,0,14,1.55,4,10,1.1,2.0,6,1,19.002410652202855,331.9446713902653,1395.1481502525435,0.849354291972096,-0.15751012249904783,4,0,0.0,0
4,structured,0,15,1.625,4,10,1.1,2.0,6,1,14.809008400585412,338.6979481140705,1497.881196478003,0.932008365324429,-0.1906739537241806,6,0,0.0,0
4,structured,0,16,1.7,5,10,1.25,2.0,5,1,29.2347416172492,353.1236813307343,1497.251148551736,1.0190207261727255,-0.22376385583421232,3,0,0.0,0
4,structured,0,17,1.775,5,0,1.25,0.5,5,1,92.39911006086874,322.983804605437,1529.374138100865,1.1101734836168289,2.4756297585997205,2,0,0.0,1
4,structured,0,18,1.85,5,0,1.25,0.5,5,1,99.2999859664638,331.8587063571086,1636.7481111491725,1.205309248624964,2.6418584135922787,1,0,0.0,1
4,structured,0,19,1.925,6,0,1.4,0.5,6,1,120.93229760018573,353.49101799083047,1764.215347098458,1.3042744146227132,2.8084945078552614,6,0,0.0,1
4,structured,0,20,2.0,6,0,1.4,0.5,6,1,116.10593352804108,357.5791618403619,2009.2060651505885,1.4065170144293357,2.9748054851835164,7,0,0.0,1
4,structured,1,0,0.5,10,10,2.0,2.0,0,0,0.0,233.13110826290824,971.4594959087274,0.3427490322748555,0.6828563836816188,2,0,0.0,0
4,structured,1,1,0.575,10,10,2.0,2.0,0,0,0.0,241.82331276013804,970.6162952474133,0.3257653323141099,0.5972989998717952,0,0,0.0,0
4,structured,1,2,0.65,10,10,2.0,2.0,0,0,0.0,241.82331276013804,970.6234272880863,0.3199899532549442,0.5116370597429641,7,0,0.0,0
4,structured,1,3,0.725,10,10,2.0,2.0,0,0,0.0,244.0594443829138,969.3420905856689,0.32584383273790013,0.42759842391493075,3,0,0.0,0
4,structured,1,4,0.8,10,10,2.0,2.0,0,0,0.0,244.05944438291385,969.3365077610254,0.34109922744614857,0.34981445140268597,4,0,0.0,0
4,structured,1,5,0.875,10,8,2.0,1.7,2,1,2.5436270632821447,244.3669398234202,970.0045067495307,0.36533587365974884,-0.09226437938109733,9,0,0.0,0
4,structured,1,6,0.95,10,10,2.0,2.0,0,0,0.0,224.17720988237144,989.9290564652754,0.39722553513032133,0.19777921486198446,0,0,0.0,0
4,structured,1,7,1.025,3,10,0.95,2.0,7,1,0.7449610525031858,224.92217093487463,989.8684277211594,0.43510816723201884,0.12472899552903802,0,0,0.0,0
4,structured,1,8,1.1,2,9,0.8,1.85,7,1,6.407484662196794,230.58469454456826,989.2498707819066,0.47820799234925393,-0.1303111108071221,11,0,0.0,0
4,structured,1,9,1.175,2,9,0.8,1.85,7,1,8.381510508273323,232.55872039064477,988.9366433816442,0.5229551337255518,-0.18625109857788946,4,0,0.0,0
4,structured,1,10,1.25,3,10,0.95,2.0,7,1,3.367522081184802,241.47322831232083,1083.6977486944813,0.5711298854925015,-0.04381798657719693,3,0,0.0,0
4,structured,1,11,1.325,10,10,2.0,2.0,0,0,0.0,259.2873910427212,1113.8213424566707,0.6266681362578551,-0.08116220698484067,14,7,0.5,1
4,structured,1,12,1.4,4,10,1.1,2.0,6,1,4.211942997398069,263.4993340401193,1113.6113961913318,0.6892123751456694,-0.11709426049849792,18,0,0.0,0
4,structured,1,13,1.475,4,10,1.1,2.0,6,1,14.18392606536247,278.9942930363443,1197.0471919781735,0.7582215305171851,-0.15139376019510808,6,0,0.0,0
4,structured,1,14,1.55,4,10,1.1,2.0,6,1,17.63490693224412,282.445273903226,1196.6748009216274,0.8332079454161582,-0.18378867711779856,8,0,0.0,0
4,structured,1,15,1.625,4,10,1.1,2.0,6,1,9.897585941136242,289.1985506270312,1295.144807766775,0.9137508391330073,-0.21398225867561171,4,0,0.0,0
4,structured,1,16,1.7,5,0,1.25,0.5,5,1,83.50238069724122,305.88465603166765,1308.0069830239881,0.9994444853961285,2.263795906441561,7,0,0.0,1
4,structured,1,17,1.775,7,0,1.55,0.5,7,1,90.559985403636,312.94226073806243,1396.136071138273,1.0898345513108545,2.4317678610356097,0,0,0.0,1
4,structured,1,18,1.85,6,0,1.4,0.5,6,1,101.21623975051733,323.8889397134851,1499.3424656443483,1.1840819382305656,2.598749434846378,0,0,0.0,1
4,structured,1,19,1.925,6,0,1.4,0.5,6,1,123.83443009827869,346.5071300612464,1621.3399139959774,1.2820147746842463,2.765273059847031,0,0,0.0,1
4,structured,1,20,2.0,6,0,1.4,0.5,6,1,117.4641656478696,350.59527391077785,1855.453203552224,1.3834118088143523,2.9316221177710773,0,0,0.0,1
4,structured,2,0,0.5,10,10,2.0,2.0,0,0,0.0,184.04304291277606,803.1359040231847,0.3548070467604202,0.7310622953174009,2,0,0.0,0
4,structured,2,1,0.575,10,10,2.0,2.0,0,0,0.0,194.58428746107137,805.8963091782838,0.33306854925032575,0.6443994929465839,0,0,0.0,0
4,structured,2,2,0.65,10,10,2.0,2.0,0,0,0.0,194.58428746107143,805.9076333924378,0.3224010884749807,0.5578683341844604,10,0,0.0,0
4,structured,2,3,0.725,10,10,2.0,2.0,0,0,0.0,197.0054655730275,800.8436533622586,0.32381755540236035,0.47221511952245765,4,0,0.0,0
4,structured,2,4,0.8,10,10,2.0,2.0,0,0,0.0,197.00546557302755,800.8377740045073,0.3368930018949121,0.38819501212608054,9,0,0.0,0
4,structured,2,5,0.875,10,8,2.0,1.7,2,1,6.2678658213598055,200.85215328243123,805.3300435847971,0.360272443555594,-0.06767528443942705,0,0,0.0,0
4,structured,2,6,0.95,10,10,2.0,2.0,0,0,0.0,217.1933219527874,882.005092623249,0.39207141215565927,0.22341731197687026,15,8,0.5333333333333333,1
4,structured,2,7,1.025,10,10,2.0,2.0,0,0,0.0,217.1933219527874,881.9397639336831,0.4303543420313494,0.14400615340629505,0,0,0.0,0
4,structured,2,8,1.1,10,9,2.0,1.85,1,1,5.18895338163901,222.38227533442642,881.319237901346,0.4740656798292484,-0.12063516270499508,10,0,0.0,0
4,structured,2,9,1.175,2,9,0.8,1.85,7,1,5.479378010180369,222.67269996296776,880.9603191658823,0.5207891041742453,-0.1906480457572659,19,0,0.0,0
4,structured,2,10,1.25,10,10,2.0,2.0,0,0,0.0,233.13110826290824,971.1654071156481,0.5701390025590416,-0.06869261529436144,3,3,1.0,1
4,structured,2,11,1.325,10,10,2.0,2.0,0,0,0.0,241.82331276013804,970.3091487025863,0.6220446837654728,-0.11153769383965262,10,3,0.3,1
4,structured,2,12,1.4,4,9,1.1,1.85,5,1,10.928336120005554,244.05944438291382,969.0279126828987,0.6805504351700359,-0.32551267682051144,5,0,0.0,0
4,structured,2,13,1.475,4,10,1.1,2.0,6,1,12.49377384753069,224.17720988237147,989.6768608641773,0.7457773795232703,-0.1831688413707595,6,0,0.0,0
4,structured,2,14,1.55,5,10,1.25,2.0,5,1,16.036962817803612,227.72039885264445,989.2792422609393,0.8172807456934038,-0.21470773070054672,0,0,0.0,0
4,structured,2,15,1.625,4,10,1.1,2.0,6,1,11.931672481382122,238.10570623113603,1083.8183354312555,0.8947959532483454,-0.24399915810130324,0,0,0.0,0
4,structured,2,16,1.7,5,0,1.25,0.5,5,1,86.40451319533418,259.28739104272125,1114.0949663957088,0.9779185332790901,2.209556614689631,7,0,0.0,1
4,structured,2,17,1.775,5,0,1.25,0.5,5,1,91.9274891235948,264.8103669709818,1197.8129216974937,1.066223602149746,2.3779902036387917,0,0,0.0,1
4,structured,2,18,1.85,6,0,1.4,0.5,6,1,106.82941897541508,279.300964685895,1296.766340948318,1.1593540994163585,2.546832843089854,0,0,0.0,1
4,structured,2,19,1.925,6,0,1.4,0.5,6,1,124.53618686372721,297.00773257420707,1414.8607741632286,1.2572447857598592,2.7163810165263005,0,0,0.0,1
4,structured,2,20,2.0,6,0,1.4,0.5,6,1,117.4641656478696,301.50720856064567,1644.7943516926784,1.3588662618757457,2.8852730881492983,0,0,0.0,1
4,structured,3,0,0.5,10,10,2.0,2.0,0,0,0.0,132.849176695266,639.6070345961605,0.3734369664513254,0.7939861531684631,2,0,0.0,0
4,structured,3,1,0.575,10,10,2.0,2.0,0,0,0.0,135.96931314716483,638.7595140882163,0.3460124085715041,0.7078217235618405,0,0,0.0,0
4,structured,3,2,0.65,10,10,2.0,2.0,0,0,0.0,135.96931314716483,638.7783385336363,0.3289095269980261,0.6219342521930928,14,0,0.0,0
4,structured,3,3,0.725,10,10,2.0,2.0,0,0,0.0,148.68893527472085,637.4214888974877,0.32374799560744655,0.5370987756226558,9,0,0.0,0
4,structured,3,4,0.8,10,10,2.0,2.0,0,0,0.0,148.68893527472088,637.4257332694424,0.3309103522710663,0.4535917991863584,0,0,0.0,0
4,structured,3,5,0.875,10,8,2.0,1.7,2,1,13.027117568062437,148.99643071522723,638.3316865526291,0.3497262482629013,-0.011893028310343778,7,0,0.0,0
4,structured,3,6,0.95,10,10,2.0,2.0,0,0,0.0,167.693924465748,713.1634946210397,0.378686356434972,0.28686576664145774,19,17,0.8947368421052632,1
4,structured,3,7,1.025,10,10,2.0,2.0,0,0,0.0,167.693924465748,713.1067156217205,0.4159424861664569,0.20401462786851937,0,0,0.0,0
4,structured,3,8,1.1,10,9,2.0,1.85,1,1,5.18895338163901,172.88287784738705,712.5474800621292,0.45975817568873417,-0.06895698949089601,7,0,0.0,0
4,structured,3,9,1.175,10,9,2.0,1.85,1,1,4.777621244731847,172.47154571047986,712.1828394893835,0.5083614683532844,-0.14754150228109242,4,0,0.0,0
4,structured,3,10,1.25,10,10,2.0,2.0,0,0,0.0,184.04304291277606,802.8124634592275,0.5607333806092274,-0.03727432524081803,1,1,1.0,1
4,structured,3,11,1.325,10,10,2.0,2.0,0,0,0.0,194.5842874610714,805.5562234974285,0.615830337287651,-0.1105916155230105,6,5,0.8333333333333334,1
4,structured,3,12,1.4,4,9,1.1,1.85,5,1,12.962422660251434,197.00546557302752,800.4882742852292,0.6724352512393545,-0.3426897206228756,0,0,0.0,0
4,structured,3,13,1.475,5,10,1.25,2.0,5,1,17.086058563455424,217.19332195278741,881.7163996676435,0.7341934444440098,-0.2022422643168027,15,0,0.0,0
4,structured,3,14,1.55,5,10,1.25,2.0,5,1,22.63853749508462,222.74580088441667,881.2958337530041,0.8026680547426572,-0.23478014910296474,10,0,0.0,0
4,structured,3,15,1.625,4,10,1.1,2.0,6,1,22.690081951502464,233.13110826290824,971.3521337888693,0.8778007092071912,-0.2636371536025741,3,0,0.0,0
4,structured,3,16,1.7,5,10,1.25,2.0,5,1,31.38228644873226,241.82331276013807,970.6796006254807,0.9590445441158879,-0.28967846739314385,3,0,0.0,0
4,structured,3,17,1.775,5,0,1.25,0.5,5,1,93.81615261204985,211.6834360348408,990.589105952913,1.0459874858893425,2.3313087598349265,0,0,0.0,1
4,structured,3,18,1.85,6,0,1.4,0.5,6,1,104.37355056007385,226.17403374975393,1085.6408325867974,1.138026132243478,2.5011241868120058,0,0,0.0,1
4,structured,3,19,1.925,6,0,1.4,0.5,6,1,120.3901662305542,242.19064942023425,1198.936681817333,1.2348325809165788,2.6713408824506164,0,0,0.0,1
4,structured,3,20,2.0,6,0,1.4,0.5,6,1,113.73992688979195,246.58910358505798,1443.4340835401447,1.3362068991625626,2.841971980227374,0,0,0.0,1
4,structured,4,0,0.5,10,10,2.0,2.0,0,0,0.0,128.42533002955668,518.0358640581384,0.39756384719624227,0.861205898367519,2,0,0.0,0
4,structured,4,1,0.575,10,10,2.0,2.0,0,0,0.0,129.6938535895208,517.1224126472363,0.3661560720045039,0.7794097792169347,0,0,0.0,0
4,structured,4,2,0.65,10,10,2.0,2.0,0,0,0.0,129.6938535895208,517.153642011327,0.3434588882063604,0.6977485040305931,23,0,0.0,0
4,structured,4,3,0.725,10,10,2.0,2.0,0,0,0.0,139.35366614956226,516.1758358231498,0.33125638196833007,0.6147388574548728,0,0,0.0,0
4,structured,4,4,0.8,10,10,2.0,2.0,0,0,0.0,139.35366614956223,516.1932416159266,0.3314412218934102,0.5319242366516155,5,0,0.0,0
4,structured,4,5,0.875,10,8,2.0,1.7,2,1,9.967308000547831,139.66116159006864,516.8811749725652,0.34416516963272104,0.05688842557969709,2,0,0.0,0
4,structured,4,6,0.95,10,10,2.0,2.0,0,0,0.0,112.87684131177524,530.2047070789924,0.3684461288863368,0.3669104917369849,0,0,0.0,0
4,structured,4,7,1.025,10,10,2.0,2.0,0,0,0.0,112.87684131177524,530.1685689297404,0.40252591610343447,0.28473700656515993,0,0,0.0,0
4,structured,4,8,1.1,3,9,0.95,1.85,6,1,4.990442111015739,117.86728342279098,529.7182260851264,0.4444761498301682,0.007040867695354391,1,0,0.0,0
4,structured,4,9,1.175,3,9,0.95,1.85,6,1,8.923641877904828,121.80048318968007,529.3961372802067,0.49251631048881106,-0.07071683134472939,8,0,0.0,0
4,structured,4,10,1.25,3,10,0.95,2.0,7,1,7.881073550916966,132.849176695266,639.2430888613811,0.5454950989850713,0.044384947879424264,0,0,0.0,0
4,structured,4,11,1.325,5,10,1.25,2.0,5,1,3.99915772341771,135.96931314716483,638.3725513211984,0.6023645960608729,-0.03326530669275585,10,0,0.0,0
4,structured,4,12,1.4,4,9,1.1,1.85,5,1,23.720832130371804,148.68893527472085,637.0028154097529,0.6623985440596297,-0.29108455050736426,12,0,0.0,0
4,structured,4,13,1.475,5,10,1.25,2.0,5,1,22.93304557412651,167.69392446574804,712.7803515492767,0.7258545244943209,-0.1703036852368901,20,0,0.0,0
4,structured,4,14,1.55,5,10,1.25,2.0,5,1,28.485524505755762,173.24640339737726,712.3617649856811,0.7946364180302158,-0.20782127729932132,11,0,0.0,0
4,structured,4,15,1.625,4,10,1.1,2.0,6,1,29.995930132575836,184.04304291277606,802.9153759883143,0.8690034607024968,-0.2414828807004561,1,0,0.0,0
4,structured,4,16,1.7,5,0,1.25,0.5,5,1,81.13637405899215,194.58428746107143,805.923703771153,0.9487908920809132,2.141686990689573,5,0,0.0,1
4,structured,4,17,1.775,5,0,1.25,0.5,5,1,86.65934998725274,200.10726338933202,882.7143824616098,1.0340543245554117,2.307260443424882,0,0,0.0,1
4,structured,4,18,1.85,6,0,1.4,0.5,6,1,93.05991314243744,210.4410263114058,973.3028810664816,1.1242610577872267,2.473260231241685,0,0,0.0,1
4,structured,4,19,1.925,6,0,1.4,0.5,6,1,109.07652881291773,226.45764198188613,1082.3478147696733,1.2199465737669724,2.6418518279060708,0,0,0.0,1
4,structured,4,20,2.0,6,0,1.4,0.5,6,1,102.9815174196716,231.40684744922828,1296.9477745786799,1.3208904705324755,2.8124185625802847,0,0,0.0,1
4,structured,5,0,0.5,10,10,2.0,2.0,0,0,0.0,80.12622074726534,310.53951710791,0.4167186578924491,0.9072254648592611,2,0,0.0,0
4,structured,5,1,0.575,10,10,2.0,2.0,0,0,0.0,83.28391889047518,366.84601899824827,0.38324455436968435,0.8269494590936286,0,0,0.0,0
4,structured,5,2,0.65,10,10,2.0,2.0,0,0,0.0,83.28391889047518,366.8849213278655,0.3576236138496318,0.7468465531190185,23,0,0.0,0
4,structured,5,3,0.725,10,10,2.0,2.0,0,0,0.0,89.07255581446785,366.6884042169284,0.34201534117569743,0.6678714663817417,5,0,0.0,0
4,structured,5,4,0.8,2,9,0.8,1.85,7,1,7.424921469156942,90.70884035963209,367.0406502642399,0.33806031618897714,0.38654459465565977,0,0,0.0,0
4,structured,5,5,0.875,2,8,0.8,1.7,6,1,9.618798229625895,92.90271712010104,366.7711269556535,0.34609872969156696,0.11172512226835096,0,0,0.0,0
4,structured,5,6,0.95,3,10,0.95,2.0,7,1,4.67749830749824,101.82133218092537,434.29467361135005,0.3658990628991876,0.438994896554631,1,0,0.0,0
4,structured,5,7,1.025,3,10,0.95,2.0,7,1,9.667115684142772,106.8109495575699,434.29088230677115,0.39627197579301854,0.3633306845230651,8,0,0.0,0
4,structured,5,8,1.1,3,9,0.95,1.85,6,1,16.304079528652153,113.44791340207928,433.9730802305421,0.4355776934151661,0.08603368669914235,10,0,0.0,0
4,structured,5,9,1.175,3,9,0.95,1.85,6,1,20.237279295541242,117.38111316896837,433.7086374200472,0.4823268007422618,0.011309637294343977,19,0,0.0,0
4,structured,5,10,1.25,3,10,0.95,2.0,7,1,21.774053057436078,128.42533002955668,517.6257374194474,0.5350143261621226,0.1353540644022499,10,0,0.0,0
4,structured,5,11,1.325,3,10,0.95,2.0,7,1,21.334266836586607,129.6938535895208,516.6788394151687,0.592512586929106,0.060113218633398025,11,0,0.0,0
4,structured,5,12,1.4,4,9,1.1,1.85,5,1,32.70238917744166,139.35366614956223,515.6758235721779,0.6540834851463023,-0.20378472610886766,6,0,0.0,0
4,structured,5,13,1.475,4,10,1.1,2.0,6,1,36.40624895278151,112.87684131177524,529.6935326342054,0.7190455260290601,-0.08589448231216756,5,0,0.0,0
4,structured,5,14,1.55,4,10,1.1,2.0,6,1,39.85722981966322,116.32782217865693,529.1959222325667,0.7879042753975152,-0.15033615275478152,0,0,0.0,0
4,structured,5,15,1.625,4,10,1.1,2.0,6,1,40.55864613186125,124.96810314434906,639.1154341735946,0.8636315869384272,-0.1933785953133782,0,0,0.0,0
4,structured,5,16,1.7,5,10,1.25,2.0,5,1,47.560698411259295,131.9701554237471,638.4873913475778,0.9455691309667186,-0.22577846543517643,0,0,0.0,0
4,structured,5,17,1.775,5,0,1.25,0.5,5,1,75.90094051713237,144.76087889162153,713.6338355181698,1.0324345921558424,2.3108772295842064,0,0,0.0,1
4,structured,5,18,1.85,5,0,1.25,0.5,5,1,80.84264250191481,154.04711278020025,804.7212572762414,1.1239051595471132,2.4767892716536304,0,0,0.0,1
4,structured,5,19,1.925,6,0,1.4,0.5,6,1,89.88980680781424,163.09427708609968,912.2902998661519,1.219564790282203,2.642721115269701,0,0,0.0,1
4,structured,5,20,2.0,5,0,1.25,0.5,5,1,89.13064029848206,169.2568610457474,1086.5290571350395,1.3192589892104447,2.8089281560961554,0,0,0.0,1
4,structured,6,0,0.5,1,10,0.65,2.0,9,1,6.867493930264757,28.18440326732169,128.98296337030396,0.4304849754183021,0.939008594909512,2,0,0.0,0
4,structured,6,1,0.575,1,10,0.65,2.0,9,1,9.703662779447583,34.63477684160214,155.57021193099288,0.39603684822398566,0.8604734659717462,0,0,0.0,0
4,structured,6,2,0.65,1,10,0.65,2.0,9,1,12.964432624975828,37.895546687130384,155.6154535126052,0.36880578486471993,0.7821100193347357,28,0,0.0,0
4,structured,6,3,0.725,2,10,0.8,2.0,8,1,12.496308194468753,40.65251049389748,186.40022564084802,0.3510418228806512,0.7050575443850197,0,0,0.0,0
4,structured,6,4,0.8,2,10,0.8,2.0,8,1,19.5765232022559,47.732725501684634,186.4435403806157,0.34442458331681414,0.6296973510732146,0,0,0.0,0
4,structured,6,5,0.875,2,10,0.8,2.0,8,1,23.60483311055644,51.76103540998517,186.48074608229712,0.3496503683059481,0.5546552935128568,2,0,0.0,0
4,structured,6,6,0.95,2,10,0.8,2.0,8,1,26.987642726219335,57.968563983129584,222.04261546370049,0.36680224963257024,0.4798198153685473,8,0,0.0,0
4,structured,6,7,1.025,2,10,0.8,2.0,8,1,30.29712168759488,61.27804294450513,222.0530390324355,0.3950383767460356,0.40523606615632435,28,0,0.0,0
4,structured,6,8,1.1,3,10,0.95,2.0,7,1,34.53774968116652,68.85993837448918,263.0868692246021,0.4329307927355225,0.3322083682759018,21,0,0.0,0
4,structured,6,9,1.175,3,10,0.95,2.0,7,1,38.88228158496278,73.20447027828544,263.0437616766819,0.47869777920100287,0.25945771255820627,3,0,0.0,0
4,structured,6,10,1.25,3,10,0.95,2.0,7,1,41.70409265324773,80.12622074726534,310.0959359914321,0.5309214105221522,0.18738225776235634,4,0,0.0,0
4,structured,6,11,1.325,3,10,0.95,2.0,7,1,41.26430643239826,83.28391889047516,366.36254981443284,0.5884748734563626,0.11552458139728483,4,0,0.0,0
4,structured,6,12,1.4,4,10,1.1,2.0,6,1,47.05294335639093,89.07255581446783,366.1289748373935,0.6504778568470827,0.04387117258446083,0,0,0.0,0
4,structured,6,13,1.475,4,10,1.1,2.0,6,1,52.01755109857881,97.14383387342713,433.6590942593365,0.7162154841230158,-0.0266097855196894,0,0,0.0,0
4,structured,6,14,1.55,4,10,1.1,2.0,6,1,55.4685319654605,100.59481474030882,433.1882472968761,0.7853787671847247,-0.09493579219624038,0,0,0.0,0
4,structured,6,15,1.625,4,10,1.1,2.0,6,1,58.10347831646,106.6512769721206,517.218055103716,0.8591383413088789,-0.1574689481448064,0,0,0.0,0
4,structured,6,16,1.7,4,10,1.1,2.0,6,1,59.811788097273606,108.3595867529342,516.4613721028335,0.938730213215158,-0.21086968616046442,0,0,0.0,0
4,structured,6,17,1.775,5,0,1.25,0.5,5,1,60.7375849206456,76.47059235899373,530.142148477183,1.025914686812769,2.2983459599496694,0,0,0.0,1
4,structured,6,18,1.85,5,0,1.25,0.5,5,1,66.39211341277084,84.4094570124878,640.5954921544845,1.1180606207156307,2.465423871051768,0,0,0.0,1
4,structured,6,19,1.925,6,0,1.4,0.5,6,1,71.9189411328151,89.93628473253207,748.045394119395,1.2145219779066183,2.632942122456144,0,0,0.0,1
4,structured,6,20,2.0,5,0,1.25,0.5,5,1,75.0475877133415,96.36449705039843,897.8669398760481,1.3148133344364545,2.800320300578748,0,0,0.0,1
4,structured,7,0,0.5,0,0,0.5,0.5,0,0,0.0,0.0,6.2887382437927215,0.44506643531731904,0.15874984323576946,2,2,1.0,1
4,structured,7,1,0.575,1,0,0.65,0.5,1,1,1.429709824048821,1.429709824048821,10.612252111950184,0.4087012770862032,0.24262742801262238,0,0,0.0,1
4,structured,7,2,0.65,1,0,0.65,0.5,1,1,2.9322834916964453,2.9322834916964453,16.173662285140644,0.3795417957310784,0.3360081704862914,28,0,0.0,1
4,structured,7,3,0.725,1,0,0.65,0.5,1,1,4.431820948969644,4.431820948969644,23.192156457882092,0.35992351018425567,0.43872239664904455,0,0,0.0,1
4,structured,7,4,0.8,1,0,0.65,0.5,1,1,5.8736333198421065,5.8736333198421065,31.784148388560048,0.35120946980829304,0.5485613068408552,2,0,0.0,1
4,structured,7,5,0.875,2,0,0.8,0.5,2,1,7.442918870566899,7.442918870566899,42.113605319841156,0.35427935739110505,0.6641648016928325,36,0,0.0,1
4,structured,7,6,0.95,2,0,0.8,0.5,2,1,10.398660019931405,10.398660019931405,54.39225956927919,0.3695145890160445,0.7846282550104293,11,0,0.0,1
4,structured,7,7,1.025,2,0,0.8,0.5,2,1,13.181969722919256,13.181969722919256,68.86630455765078,0.3962044316494512,0.9091512012649847,13,0,0.0,1
4,structured,7,8,1.1,2,0,0.8,0.5,2,1,15.733007438348125,15.733007438348125,85.82357573830282,0.43291315322712876,1.0370383483966208,8,0,0.0,1
4,structured,7,9,1.175,2,0,0.8,0.5,2,1,18.017343599716973,18.017343599716973,105.60097995336253,0.47798722241745056,1.1676950532231185,0,0,0.0,1
4,structured,7,10,1.25,3,0,0.95,0.5,3,1,21.316909337056927,21.316909337056927,128.51536170119084,0.5298977375222065,1.3001831772640617,0,0,0.0,1
4,structured,7,11,1.325,3,0,0.95,0.5,3,1,24.931114062154563,24.931114062154563,155.05744658743316,0.5874000661811116,1.4344095808118178,0,0,0.0,1
4,structured,7,12,1.4,3,0,0.95,0.5,3,1,28.156202299428728,28.156202299428728,185.79729345369594,0.6495266827241064,1.570243167210755,0,0,0.0,1
4,structured,7,13,1.475,3,0,0.95,0.5,3,1,30.980921256910243,30.980921256910243,221.33249847683737,0.7155696396295147,1.707297838709942,0,0,0.0,1
4,structured,7,14,1.55,4,0,1.1,0.5,4,1,34.32218869332265,34.32218869332265,262.3765432488423,0.7850002939982024,1.845340539775079,0,0,0.0,1
4,structured,7,15,1.625,4,0,1.1,0.5,4,1,38.42212809401761,38.42212809401761,309.51626638054995,0.857439734103376,1.9835155505148725,0,0,0.0,1
4,structured,7,16,1.7,4,0,1.1,0.5,4,1,42.01961245807691,42.01961245807691,365.93270972225145,0.9345834258299002,2.1273050986193747,0,0,0.0,1
4,structured,7,17,1.775,4,0,1.1,0.5,4,1,45.12628277484831,45.12628277484831,433.8022153170052,1.0163216133014161,2.27682442217555,0,0,0.0,1
4,structured,7,18,1.85,5,0,1.25,0.5,5,1,48.54779865566059,48.54779865566059,518.444463372997,1.1049656282562887,2.4367091668695426,0,0,0.0,1
4,structured,7,19,1.925,5,0,1.25,0.5,5,1,52.913791872738756,52.913791872738756,622.2013111386888,1.2000127139176373,2.6032609452265536,0,0,0.0,1
4,structured,7,20,2.0,5,0,1.25,0.5,5,1,56.69760713183363,56.69760713183363,744.9857334482948,1.29901817055174,2.770123586119194,0,0,0.0,1
4,unconstrained,0,0,0.5,10,10,2.0,2.0,0,0,0.0,34.51946799463525,74.0567980172433,0.8858844198286369,0.27398735098741533,5,3,0.6,1
4,unconstrained,0,1,0.575,10,10,2.0,2.0,0,0,0.0,24.684016353329298,64.03576331370414,0.8331980432738627,0.2783276008669828,7,3,0.42857142857142855,1
4,unconstrained,0,2,0.65,10,10,2.0,2.0,0,0,0.0,24.684016353329298,64.06510115419513,0.7819661651152561,0.27667667364733783,3,2,0.6666666666666666,1
4,unconstrained,0,3,0.725,10,10,2.0,2.0,0,0,0.0,22.784405674733875,61.35571563185192,0.7267589420302553,0.2680586662323089,4,2,0.5,1
4,unconstrained,0,4,0.8,10,10,2.0,2.0,0,0,0.0,22.784405674733875,61.385406955195776,0.6822662517796736,0.25150577685454734,7,4,0.5714285714285714,1
4,unconstrained,0,5,0.875,10,4,2.0,1.1,6,1,8.41264542206926,42.28845990732731,86.77035207537995,0.6480339977262415,0.45263224795536194,7,0,0.0,0
4,unconstrained,0,6,0.95,10,4,2.0,1.1,6,1,19.947274921328244,53.82308940658629,85.00776068620218,0.6142471004067606,0.36764156722971864,8,0,0.0,0
4,unconstrained,0,7,1.025,10,7,2.0,1.55,3,1,13.19679886477195,37.88081521810125,83.6433388937379,0.5858663207590499,1.0900393735279439,5,0,0.0,0
4,unconstrained,0,8,1.1,10,7,2.0,1.55,3,1,16.01607383872158,40.70009019205088,86.12288570182375,0.5598685729368647,1.0309059854958642,2,0,0.0,0
4,unconstrained,0,9,1.175,3,7,0.95,1.55,4,1,15.144162560939208,39.828178914268506,88.27949072513081,0.558257444697031,0.9600159048705108,0,0,0.0,0
4,unconstrained,0,10,1.25,3,6,0.95,1.4,3,1,11.211659991285387,35.895676344614685,88.79912509264744,0.5501033905975858,0.58674485757918,5,0,0.0,0
4,unconstrained,0,11,1.325,10,5,2.0,1.25,5,1,0.15767706942165205,24.84169342275095,78.25905301595026,0.536866321831195,0.23572393254066526,9,0,0.0,0
4,unconstrained,0,12,1.4,5,5,1.25,1.25,0,0,0.0,24.684016353329298,75.51860013272335,0.5271957645286125,0.17430168699056026,5,3,0.6,1
4,unconstrained,0,13,1.475,4,5,1.1,1.25,1,1,5.7335287194338775,28.517934394167753,69.99852158047787,0.5324265947633545,0.12208342798237082,4,0,0.0,0
4,unconstrained,0,14,1.55,4,6,1.1,1.4,2,1,3.92589622583381,29.384021052487014,72.43446417868108,0.525525743899945,0.25459571530177305,4,0,0.0,0
4,unconstrained,0,15,1.625,4,6,1.1,1.4,2,1,5.5013048323489215,30.959429659002126,69.423170352532,0.5043380690346562,0.1904455162390697,6,0,0.0,0
4,unconstrained,0,16,1.7,5,6,1.25,1.4,1,1,9.294183017520936,35.6183945024934,68.63757145650436,0.47421053325209983,0.13529709504578413,3,0,0.0,0
4,unconstrained,0,17,1.775,5,7,1.25,1.55,2,1,3.057655937790514,33.92608865493759,73.42398369096901,0.4395983927045563,0.27421910707315433,2,0,0.0,0
4,unconstrained,0,18,1.85,5,8,1.25,1.7,3,1,19.580584995511572,50.291340643236936,85.90491672808253,0.40289353242336484,0.4538257837759163,1,0,0.0,0
4,unconstrained,0,19,1.925,6,7,1.4,1.55,1,1,10.218447763168342,40.929203410893706,71.32308135189135,0.36544690217374826,0.14943132264416104,6,0,0.0,0
4,unconstrained,0,20,2.0,6,7,1.4,1.55,1,1,8.053780636214128,38.76453628393949,67.90876267089118,0.3287676168631521,0.10071061529856795,7,0,0.0,0
4,unconstrained,1,0,0.5,10,10,2.0,2.0,0,0,0.0,33.00355880538507,60.43253433777613,0.8695948334994579,0.21890690662024825,2,0,0.0,0
4,unconstrained,1,1,0.575,10,10,2.0,2.0,0,0,0.0,21.624206785814692,50.51342110917062,0.8091608623689209,0.23667838178904765,0,0,0.0,0
4,unconstrained,1,2,0.65,10,10,2.0,2.0,0,0,0.0,21.624206785814692,50.545467563534146,0.7549468440894952,0.24799112357063846,7,0,0.0,0
4,unconstrained,1,3,0.725,10,10,2.0,2.0,0,0,0.0,19.72459610721927,47.84113901846297,0.7010352380464032,0.25170511969235576,3,0,0.0,0
4,unconstrained,1,4,0.8,10,10,2.0,2.0,0,0,0.0,19.72459610721927,47.87876038216632,0.6500368313104697,0.24668476345842805,4,0,0.0,0
4,unconstrained,1,5,0.875,10,4,2.0,1.1,6,1,6.255473976479493,39.2286503398127,72.15216219266188,0.6086066057532165,0.4314148300944769,9,0,0.0,0
4,unconstrained,1,6,0.95,10,10,2.0,2.0,0,0,0.0,20.70816304130682,42.41687657400729,0.5741109852745917,0.20639159279391223,0,0,0.0,0
4,unconstrained,1,7,1.025,3,7,0.95,1.55,4,1,12.251607699443355,33.87581448525805,68.24391798913877,0.5416410898819444,1.024070786830119,0,0,0.0,0
4,unconstrained,1,8,1.1,2,7,0.8,1.55,5,1,17.64595096619513,39.27015775200982,70.99939358064137,0.5083675019558649,0.9827981605172753,11,0,0.0,0
4,unconstrained,1,9,1.175,2,7,0.8,1.55,5,1,17.677198812276174,39.30140559809087,73.27196006024724,0.4937691516634602,0.9211392827853775,4,0,0.0,0
4,unconstrained,1,10,1.25,3,6,0.95,1.4,3,1,12.895261208820557,34.51946799463525,73.96216403835962,0.4913811029423079,0.5626461698262801,3,0,0.0,0
4,unconstrained,1,11,1.325,10,5,2.0,1.25,5,1,3.0598095675146055,24.684016353329298,63.91514577941143,0.4881243172686877,0.22332276229627324,14,0,0.0,0
4,unconstrained,1,12,1.4,4,5,1.1,1.25,1,1,1.1601988889192398,22.784405674733875,61.174697664556106,0.47024953368812494,0.16262922042728434,18,0,0.0,0
4,unconstrained,1,13,1.475,4,5,1.1,1.25,1,1,5.733528719433934,25.458124826653204,55.65460957556746,0.4726114580221834,0.11105859857900446,6,0,0.0,0
4,unconstrained,1,14,1.55,4,6,1.1,1.4,2,1,5.6160484436656475,26.324211484972466,57.98954356781371,0.47622434947026515,0.24188577216809248,8,0,0.0,0
4,unconstrained,1,15,1.625,4,6,1.1,1.4,2,1,7.191457050180759,27.899620091487577,54.9782657633931,0.465004415075295,0.17850003279775262,4,0,0.0,0
4,unconstrained,1,16,1.7,5,6,1.25,1.4,1,1,9.201974914129664,30.868432717147073,54.09161839782195,0.44579900032964204,0.12402896637337957,7,0,0.0,0
4,unconstrained,1,17,1.775,7,7,1.55,1.55,0,0,0.0,30.71075564772542,58.67598900631009,0.4196481290476407,0.2611845497355372,0,0,0.0,0
4,unconstrained,1,18,1.85,6,8,1.4,1.7,2,1,20.129335059606262,40.56390503359097,63.74160167311027,0.3884422413274667,0.43836829373061237,0,0,0.0,0
4,unconstrained,1,19,1.925,6,7,1.4,1.55,1,1,11.753076541302448,32.187646515287156,49.260772041853215,0.3542131758791487,0.1379087803676491,0,0,0.0,0
4,unconstrained,1,20,2.0,6,7,1.4,1.55,1,1,9.588409414348291,30.022979388333,45.84645927363391,0.31912871128277637,0.08981980657460031,0,0,0.0,0
4,unconstrained,2,0,0.5,10,10,2.0,2.0,0,0,0.0,29.943749237870463,47.68768738632872,0.8608383769168458,0.26198961697580136,2,0,0.0,0
4,unconstrained,2,1,0.575,10,10,2.0,2.0,0,0,0.0,16.874245000468306,37.8735822949493,0.8017953758734085,0.2786898683267176,0,0,0.0,0
4,unconstrained,2,2,0.65,10,10,2.0,2.0,0,0,0.0,16.874245000468306,37.91026283163018,0.7427366265904304,0.2887287687316171,10,0,0.0,0
4,unconstrained,2,3,0.725,10,10,2.0,2.0,0,0,0.0,18.698873079950545,35.211191475832834,0.6853307325678657,0.2909637510107618,4,0,0.0,0
4,unconstrained,2,4,0.8,10,10,2.0,2.0,0,0,0.0,18.698873079950545,35.25459890082311,0.6344157851151976,0.28426251799009605,9,0,0.0,0
4,unconstrained,2,5,0.875,10,4,2.0,1.1,6,1,8.289560516725373,38.20292731254398,59.50614161383788,0.5915540352236199,0.41254471024504724,0,0,0.0,0
4,unconstrained,2,6,0.95,10,10,2.0,2.0,0,0,0.0,20.550485971885223,29.805215497975723,0.5485400263891268,0.24011523559244402,15,8,0.5333333333333333,1
4,unconstrained,2,7,1.025,10,7,2.0,1.55,3,1,16.098931362864903,32.97317636333321,54.694109988134585,0.5132256389941074,0.9915771623591267,0,0,0.0,0
4,unconstrained,2,8,1.1,10,7,2.0,1.55,3,1,21.01970440156208,37.89394940203039,56.83368077159275,0.4828569139599054,0.9359590889909972,10,0,0.0,0
4,unconstrained,2,9,1.175,2,7,0.8,1.55,5,1,19.367351030107955,36.24159603057626,59.12062713401116,0.45818340694190685,0.8810841327887102,19,0,0.0,0
4,unconstrained,2,10,1.25,10,6,2.0,1.4,4,1,16.129313804916762,33.00355880538507,60.359061855531706,0.446756368233022,0.545268195140709,3,0,0.0,0
4,unconstrained,2,11,1.325,10,5,2.0,1.25,5,1,4.749961785346386,21.624206785814692,50.41305639870757,0.44687039786966015,0.21076586987042623,10,0,0.0,0
4,unconstrained,2,12,1.4,4,5,1.1,1.25,1,1,2.8503511067510203,19.72459610721927,47.67260828385224,0.44313188739071685,0.15081882937609237,5,0,0.0,0
4,unconstrained,2,13,1.475,4,5,1.1,1.25,1,1,2.0092899613562736,20.70816304130682,42.15252496323518,0.4281867671137408,0.0999109930634039,6,0,0.0,0
4,unconstrained,2,14,1.55,5,6,1.25,1.4,1,1,1.1159718311321853,21.66645780301741,44.3864265076665,0.4331771457691566,0.22901220449026516,0,0,0.0,0
4,unconstrained,2,15,1.625,4,8,1.1,1.7,4,1,13.435218951079037,32.502285205104954,47.50621533381707,0.4381043910893458,0.6773902442721482,0,0,0.0,0
4,unconstrained,2,16,1.7,5,6,1.25,1.4,1,1,7.192684952773391,30.71075564772542,40.38748376717916,0.4266587160040048,0.11263241855952089,7,0,0.0,0
4,unconstrained,2,17,1.775,5,7,1.25,1.55,2,1,1.3675037199587905,20.434569973984708,37.65753975028804,0.4042704583112761,0.24797799700343282,0,0,0.0,0
4,unconstrained,2,18,1.85,6,7,1.4,1.55,1,1,8.297880795156573,27.36494704918249,34.41089061192514,0.37532159130278003,0.1828333252606309,0,0,0.0,0
4,unconstrained,2,19,1.925,6,7,1.4,1.55,1,1,11.753076541302448,18.967567271932353,24.897649282916575,0.34291300354851756,0.12625198633518941,0,0,0.0,0
4,unconstrained,2,20,2.0,6,7,1.4,1.55,1,1,9.588409414348291,16.802900144978196,21.48334242747802,0.3093717030863537,0.07880914365907365,0,0,0.0,0
4,unconstrained,3,0,0.5,10,10,2.0,2.0,0,0,0.0,28.91802621060171,35.785311080785874,0.8632314678613301,0.30489676249289266,2,0,0.0,0
4,unconstrained,3,1,0.575,10,10,2.0,2.0,0,0,0.0,11.966606145700325,26.076319775865358,0.8028277035399914,0.3204914329464663,0,0,0.0,0
4,unconstrained,3,2,0.65,10,10,2.0,2.0,0,0,0.0,11.966606145700325,26.11774892518855,0.7438662037307645,0.3292221505405235,14,0,0.0,0
4,unconstrained,3,3,0.725,10,10,2.0,2.0,0,0,0.0,20.550485971885166,23.424035550119356,0.6872816142910652,0.3299405395378714,9,0,0.0,0
4,unconstrained,3,4,0.8,10,10,2.0,2.0,0,0,0.0,20.550485971885223,23.47330884701597,0.633893688656117,0.32152579986796237,0,0,0.0,0
4,unconstrained,3,5,0.875,10,4,2.0,1.1,6,1,14.891135194006353,40.05454020447857,48.23395974579884,0.5906120504157302,0.3972765673345471,7,0,0.0,0
4,unconstrained,3,6,0.95,10,5,2.0,1.25,5,1,26.650872962805067,35.768112942752396,39.135913603033714,0.5507602731256946,0.5896491396989147,19,0,0.0,0
4,unconstrained,3,7,1.025,10,7,2.0,1.55,3,1,17.94676065011828,29.913366795818575,42.979416084725614,0.5122244029327631,0.9954225755430663,0,0,0.0,0
4,unconstrained,3,8,1.1,10,4,2.0,1.1,6,1,9.390214825561202,18.50745480550853,29.089307969395122,0.4769843690040831,0.18087874001196225,7,0,0.0,0
4,unconstrained,3,9,1.175,10,4,2.0,1.1,6,1,3.67074040714607,12.787980387093398,26.648994298347873,0.4533224170848356,0.1244129312444735,4,0,0.0,0
4,unconstrained,3,10,1.25,10,6,2.0,1.4,4,1,17.977143092170138,29.943749237870463,47.597762651219455,0.4386899696619923,0.5275827765150911,1,0,0.0,0
4,unconstrained,3,11,1.325,10,5,2.0,1.25,5,1,4.907638854767981,16.874245000468306,37.752784873838664,0.4312048437192334,0.19804943963547395,6,0,0.0,0
4,unconstrained,3,12,1.4,4,5,1.1,1.25,1,1,6.7322669342502195,18.698873079950545,35.01233675898334,0.41988889237573146,0.1388674204512439,0,0,0.0,0
4,unconstrained,3,13,1.475,5,5,1.25,1.25,0,0,0.0,20.550485971885223,29.49224390162317,0.40878547215788374,0.08863765197052809,15,7,0.4666666666666667,1
4,unconstrained,3,14,1.55,5,6,1.25,1.4,1,1,6.027394290581412,23.51807069495203,31.62512787555886,0.4085548315985216,0.2159708186991951,10,0,0.0,0
4,unconstrained,3,15,1.625,4,8,1.1,1.7,4,1,20.036793628360044,24.193628421199378,24.085931815908282,0.4151792609936337,0.6563783421579377,3,0,0.0,0
4,unconstrained,3,16,1.7,5,6,1.25,1.4,1,1,7.192684952773391,19.067066254025917,20.41288273961169,0.40776787102037787,0.10110449072655214,3,0,0.0,0
4,unconstrained,3,17,1.775,5,7,1.25,1.55,2,1,3.057655937790571,7.214490730629905,14.338271132586783,0.388463438807268,0.23459461805811088,0,0,0.0,0
4,unconstrained,3,18,1.85,6,7,1.4,1.55,1,1,9.988033012988353,14.144867805827687,11.091621994223885,0.36191173831622453,0.17029464529652882,0,0,0.0,0
4,unconstrained,3,19,1.925,6,7,1.4,1.55,1,1,11.753076541302448,18.967567271932353,14.904841755918426,0.33142927291221397,0.11445784165093809,0,0,0.0,0
4,unconstrained,3,20,2.0,6,7,1.4,1.55,1,1,9.588409414348291,16.802900144978196,11.490517162137621,0.2994976726546209,0.06767576821242471,0,0,0.0,0
4,unconstrained,4,0,0.5,10,3,2.0,0.95,7,1,24.940856446609644,45.63621396483694,45.62118061680496,0.8766810220044909,0.6006017122042162,2,0,0.0,0
4,unconstrained,4,1,0.575,10,10,2.0,2.0,0,0,0.0,11.966606145700325,15.121664307915552,0.8179362728037302,0.3620784932517864,0,0,0.0,0
4,unconstrained,4,2,0.65,10,4,2.0,1.1,6,1,25.155486951006992,37.138909828588965,42.130984667879346,0.7598604434786226,0.7081715126013743,23,0,0.0,0
4,unconstrained,4,3,0.725,10,4,2.0,1.1,6,1,25.281418400929113,33.68913335113268,32.454881947468806,0.7029320859541376,0.598294225787865,0,0,0.0,0
4,unconstrained,4,4,0.8,10,3,2.0,0.95,7,1,17.911924944814245,29.895347822396218,31.658788785872815,0.650771387076269,0.21398675700204883,5,0,0.0,0
4,unconstrained,4,5,0.875,10,4,2.0,1.1,6,1,11.071006520534667,19.478721470738236,26.96110656019735,0.6105500039772898,0.39095289717524073,2,0,0.0,0
4,unconstrained,4,6,0.95,10,5,2.0,1.25,5,1,19.494070338008015,26.576409387814493,30.20592503544094,0.5726394108042421,0.5929446585582498,0,0,0.0,0
4,unconstrained,4,7,1.025,10,7,2.0,1.55,3,1,13.196798864771893,25.163405010472218,32.44802973365435,0.5329705152076717,1.0117568666719692,0,0,0.0,0
4,unconstrained,4,8,1.1,3,4,0.95,1.1,1,1,2.03490093014085,9.117239979947328,19.27132902246882,0.4953782454633807,0.1683154450261828,1,0,0.0,0
4,unconstrained,4,9,1.175,3,4,0.95,1.1,1,1,0.6599584155219702,7.742297465328448,16.8310153514216,0.472449678627479,0.11259688042469618,8,0,0.0,0
4,unconstrained,4,10,1.25,3,6,0.95,1.4,3,1,16.951420064901384,28.91802621060171,35.678281302742164,0.45800471259394865,0.5095789441282621,0,0,0.0,0
4,unconstrained,4,11,1.325,5,5,1.25,1.25,0,0,0.0,11.966606145700325,25.934321668061557,0.43937864017786377,0.1851690698463857,10,0,0.0,0
4,unconstrained,4,12,1.4,4,5,1.1,1.25,1,1,8.58387982618487,20.550485971885195,23.19387355320626,0.4151540901931249,0.1267713079800208,12,0,0.0,0
4,unconstrained,4,13,1.475,5,5,1.25,1.25,0,0,0.0,17.490676404370618,17.67377592747448,0.4065552241326961,0.07723570726719897,20,3,0.15,1
4,unconstrained,4,14,1.55,5,6,1.25,1.4,1,1,7.717546508413193,11.874381301252527,12.593362846526531,0.4027084890666641,0.202757029954725,11,0,0.0,0
4,unconstrained,4,15,1.625,4,6,1.1,1.4,2,1,12.924985769614693,17.081820562454027,9.58207436095364,0.3937873249149445,0.14178207630468131,1,0,0.0,0
4,unconstrained,4,16,1.7,5,5,1.25,1.25,0,0,0.0,4.156834792839334,-1.862531736854237,0.3882499393889887,-0.01666619162964178,5,5,1.0,1
4,unconstrained,4,17,1.775,5,7,1.25,1.55,2,1,7.214490730629905,7.214490730629905,5.389305921262462,0.3722068898215932,0.22102969181800036,0,0,0.0,0
4,unconstrained,4,18,1.85,6,7,1.4,1.55,1,1,9.988033012988353,9.988033012988353,2.1426626956803716,0.34886975112984653,0.1575968207382199,0,0,0.0,0
4,unconstrained,4,19,1.925,6,6,1.4,1.4,0,0,0.0,0.0,-11.000512520192217,0.321766237583188,-0.012946715720612012,0,0,0.0,0
4,unconstrained,4,20,2.0,6,6,1.4,1.4,0,0,0.0,0.0,-12.75863251143295,0.2925566204051299,-0.02965918388884692,0,0,0.0,0
4,unconstrained,5,0,0.5,10,3,2.0,0.95,7,1,21.426105299210732,38.48942514260261,41.861158421505934,0.9016345393964744,0.6076516915327321,2,0,0.0,0
4,unconstrained,5,1,0.575,10,3,2.0,0.95,7,1,21.55199469486533,38.615314538257195,40.44969194161976,0.8481915150497777,0.5001089840441395,0,0,0.0,0
4,unconstrained,5,2,0.65,10,3,2.0,0.95,7,1,10.051129696725269,23.507912575066825,31.786469655611313,0.7910546786766803,0.3986869199194403,23,0,0.0,0
4,unconstrained,5,3,0.725,10,4,2.0,1.1,6,1,12.2876425680237,20.695357518227297,28.20481058072201,0.7324816005148297,0.6057868173839873,5,0,0.0,0
4,unconstrained,5,4,0.8,2,3,0.8,0.95,1,1,4.410306441854345,18.37173932093947,27.6182005657935,0.6875963334890332,0.21958146480908924,0,0,0.0,0
4,unconstrained,5,5,0.875,2,4,0.8,1.1,2,1,5.255846342647374,11.983422877581972,22.288403929717674,0.651814718411843,0.397535452235688,0,0,0.0,0
4,unconstrained,5,6,0.95,3,3,0.95,0.95,0,0,0.0,8.40771495020357,13.536788845418585,0.6110744421455144,0.08760224385302973,1,0,0.0,0
4,unconstrained,5,7,1.025,3,3,0.95,0.95,0,0,0.0,8.40771495020357,11.478697895098776,0.5682062936820818,0.04447066236971686,8,7,0.875,1
4,unconstrained,5,8,1.1,3,4,0.95,1.1,1,1,2.5901288776568947,7.082339049806478,10.194145592510296,0.5347781102960542,0.15559223079943907,10,0,0.0,0
4,unconstrained,5,9,1.175,3,4,0.95,1.1,1,1,1.2151863630380433,5.707396535187598,7.753831921463075,0.5105671713093558,0.10063947125425665,19,0,0.0,0
4,unconstrained,5,10,1.25,3,5,0.95,1.25,2,1,9.82722803296545,15.26803401805688,13.180676811008539,0.489459998038473,0.2377292208324957,10,0,0.0,0
4,unconstrained,5,11,1.325,3,5,0.95,1.25,2,1,3.059809567514634,11.966606145700325,14.957676318119411,0.4629299502065417,0.17212062895956537,11,0,0.0,0
4,unconstrained,5,12,1.4,4,5,1.1,1.25,1,1,8.583879826184898,17.49067640437059,12.217228203264114,0.4378507363331789,0.11452708619699425,6,0,0.0,0
4,unconstrained,5,13,1.475,4,5,1.1,1.25,1,1,4.156834792839334,4.156834792839334,-0.4151531030226465,0.4246636347901107,0.0657023887799224,5,0,0.0,0
4,unconstrained,5,14,1.55,4,5,1.1,1.25,1,1,2.0553367280917882,2.0553367280917882,-3.058899453044887,0.41254203635869907,0.025996591276156167,0,0,0.0,0
4,unconstrained,5,15,1.625,4,4,1.1,1.1,0,0,0.0,0.0,-9.019785708120082,0.39826742897308015,-0.04650765531100021,0,0,0.0,0
4,unconstrained,5,16,1.7,5,5,1.25,1.25,0,0,0.0,0.0,-9.767642806943172,0.3772227013226586,-0.026488817463333092,0,0,0.0,0
4,unconstrained,5,17,1.775,5,7,1.25,1.55,2,1,15.642803265613054,16.53085931644557,6.06334248184271,0.3609834953308749,0.2072783034772141,0,0,0.0,0
4,unconstrained,5,18,1.85,5,6,1.25,1.4,1,1,1.6757088659964836,1.6757088659964836,-9.372431431816068,0.3406944218371399,0.001616942642745478,0,0,0.0,0
4,unconstrained,5,19,1.925,6,6,1.4,1.4,0,0,0.0,0.8880560508325175,-10.225463729692564,0.31568042757883236,-0.02296206156175984,0,0,0.0,0
4,unconstrained,5,20,2.0,5,6,1.25,1.4,1,1,0.4244224244647512,1.3124784752972118,-11.983583720933268,0.2882057800626109,-0.039193851203297214,0,0,0.0,0
4,unconstrained,6,0,0.5,1,3,0.65,0.95,2,1,8.917895565037128,11.970687184091972,22.04890844182124,0.9452378639125147,0.6146524090378715,2,0,0.0,0
4,unconstrained,6,1,0.575,1,3,0.65,0.95,2,1,11.879953809874507,14.932745428929366,20.63744196193508,0.8905639588604881,0.5066850598660313,0,0,0.0,0
4,unconstrained,6,2,0.65,1,3,0.65,0.95,2,1,8.043776487292575,9.516973279988619,16.418903726068905,0.8353876934335503,0.4048867589041141,28,0,0.0,0
4,unconstrained,6,3,0.725,2,4,0.8,1.1,2,1,10.89097125597334,17.06331984339188,24.1718895206769,0.7823309872775187,0.613223490514299,0,0,0.0,0
4,unconstrained,6,4,0.8,2,3,0.8,0.95,1,1,5.883503234550375,13.456782878341556,17.358696041993994,0.7410218324478937,0.22514504592468843,0,0,0.0,0
4,unconstrained,6,5,0.875,2,4,0.8,1.1,2,1,9.469222706935568,13.961432879085137,17.974916844892277,0.7045877137499205,0.40407513358491665,2,0,0.0,0
4,unconstrained,6,6,0.95,2,3,0.8,0.95,1,1,2.2353663627850437,8.407714950203584,8.970720927158126,0.6634304099166701,0.0836052450648106,8,0,0.0,0
4,unconstrained,6,7,1.025,2,3,0.8,0.95,1,1,0.5552279475160589,6.727576534934599,6.490007105439403,0.6161588708679265,0.03331278629978662,28,0,0.0,0
4,unconstrained,6,8,1.1,3,3,0.95,0.95,0,0,0.0,4.492210172149569,1.8577618756865633,0.5857972362906639,-4.5842042416310846e-05,21,11,0.5238095238095238,1
4,unconstrained,6,9,1.175,3,4,0.95,1.1,1,1,6.126608822487327,8.75052631986594,4.5127271687934325,0.5577575212587857,0.0885373503269693,3,0,0.0,0
4,unconstrained,6,10,1.25,3,4,0.95,1.1,1,1,4.776062408525405,5.440805985091444,0.5158061108499794,0.5314433775171188,0.043234058128497566,4,0,0.0,0
4,unconstrained,6,11,1.325,3,5,0.95,1.25,2,1,8.906796578185691,8.906796578185691,4.822848824012226,0.49725029495486966,0.15889959734111558,4,0,0.0,0
4,unconstrained,6,12,1.4,4,4,1.1,1.1,0,0,0.0,0.0,-5.029887739769606,0.47674949711542824,-0.020219992050629187,0,0,0.0,0
4,unconstrained,6,13,1.475,4,4,1.1,1.1,0,0,0.0,0.0,-7.478446317276649,0.46344245639422793,-0.038940922816057544,0,0,0.0,0
4,unconstrained,6,14,1.55,4,4,1.1,1.1,0,0,0.0,0.0,-8.529188026013259,0.44491382363429727,-0.04980417165378537,0,0,0.0,0
4,unconstrained,6,15,1.625,4,4,1.1,1.1,0,0,0.0,0.0,-9.516098073848895,0.4195452283849655,-0.05372993645147073,0,0,0.0,0
4,unconstrained,6,16,1.7,4,5,1.1,1.25,1,1,0.8880560508324891,0.8880560508324891,-8.049758017908346,0.39245062510732226,-0.036408998143127924,0,0,0.0,0
4,unconstrained,6,17,1.775,5,5,1.25,1.25,0,0,0.0,0.0,-9.434816715062652,0.3631496108177053,-0.049672809568916954,0,0,0.0,0
4,unconstrained,6,18,1.85,5,5,1.25,1.25,0,0,0.0,0.0,-10.114576735444643,0.3354277615577872,-0.05562428247612328,0,0,0.0,0
4,unconstrained,6,19,1.925,6,6,1.4,1.4,0,0,0.0,0.0,-8.484401813088198,0.3114250515849371,-0.03307873019353025,0,0,0.0,0
4,unconstrained,6,20,2.0,5,5,1.25,1.25,0,0,0.0,0.0,-10.43000804104949,0.284970484508694,-0.049121333898718866,0,0,0.0,0
4,unconstrained,7,0,0.5,0,2,0.5,0.8,2,1,6.3496754276486165,6.3496754276486165,11.16939053911712,1.0033735454067718,0.3146702400225525,2,0,0.0,1
4,unconstrained,7,1,0.575,1,2,0.65,0.8,1,1,5.542421472145598,5.542421472145598,8.940363692908292,0.9508485317368611,0.23022468817299213,0,0,0.0,1
4,unconstrained,7,2,0.65,1,2,0.65,0.8,1,1,4.431996909667632,4.431996909667632,6.54221115233058,0.8945873594145225,0.15507720022283777,28,0,0.0,1
4,unconstrained,7,3,0.725,1,2,0.65,0.8,1,1,3.052791619054844,3.052791619054844,4.086737052283702,0.8450873147088938,0.08981073511906423,0,0,0.0,1
4,unconstrained,7,4,0.8,1,2,0.65,0.8,1,1,1.4731967926960507,1.4731967926960507,1.718234871667903,0.8079422225142929,0.035246506130647504,2,0,0.0,1
4,unconstrained,7,5,0.875,2,3,0.8,0.95,1,1,7.573279643791182,7.573279643791182,7.442513456346688,0.7656653826523929,0.1545354424853489,36,0,0.0,0
4,unconstrained,7,6,0.95,2,3,0.8,0.95,1,1,6.17234858741854,6.17234858741854,4.621811707933311,0.7198615001584078,0.0886256861720689,11,0,0.0,0
4,unconstrained,7,7,1.025,2,3,0.8,0.95,1,1,4.492210172149562,4.492210172149562,1.860523469100329,0.6730772887925122,0.0331782285479143,13,0,0.0,0
4,unconstrained,7,8,1.1,2,3,0.8,0.95,1,1,2.6239174973786135,2.6239174973786135,-0.6425431638483374,0.643906440986271,-0.01072316524007011,8,0,0.0,0
4,unconstrained,7,9,1.175,2,3,0.8,0.95,1,1,0.664743576566039,0.664743576566039,-2.2163993514046325,0.6121421417171097,-0.0346732059064605,0,0,0.0,0
4,unconstrained,7,10,1.25,3,3,0.95,0.95,0,0,0.0,0.0,-3.558629621339719,0.5791510323153227,-0.05259914717163916,0,0,0.0,0
4,unconstrained,7,11,1.325,3,3,0.95,0.95,0,0,0.0,0.0,-4.470156045888402,0.5463229914519334,-0.06280863642409606,0,0,0.0,0
4,unconstrained,7,12,1.4,3,3,0.95,0.95,0,0,0.0,0.0,-4.923076631377299,0.5306458263561553,-0.0661160076359062,0,0,0.0,0
4,unconstrained,7,13,1.475,3,3,0.95,0.95,0,0,0.0,0.0,-4.918734135663684,0.5119858203407325,-0.0634449805703845,0,0,0.0,0
4,unconstrained,7,14,1.55,4,4,1.1,1.1,0,0,0.0,0.0,-4.799823300925638,0.4865975191185444,-0.059167505152219135,0,0,0.0,0
4,unconstrained,7,15,1.625,4,4,1.1,1.1,0,0,0.0,0.0,-5.325277759610259,0.4533999175507314,-0.06256925013688974,0,0,0.0,0
4,unconstrained,7,16,1.7,4,4,1.1,1.1,0,0,0.0,0.0,-5.365860102768806,0.4168930147473441,-0.060418135040042564,0,0,0.0,0
4,unconstrained,7,17,1.775,4,4,1.1,1.1,0,0,0.0,0.0,-5.020243605304032,0.3796401529995971,-0.05445230227003606,0,0,0.0,0
4,unconstrained,7,18,1.85,5,4,1.25,1.1,1,1,0.775134821096799,0.775134821096799,-4.19458611220152,0.34408407602263835,-0.04399535528254184,0,0,0.0,0
4,unconstrained,7,19,1.925,5,4,1.25,1.1,1,1,2.912816581644293,2.912816581644293,-2.9349752791146244,0.3101280744985605,-0.02986595953738913,0,0,0.0,0
4,unconstrained,7,20,2.0,5,5,1.25,1.25,0,0,0.0,0.0,-5.946548137274178,0.2821606265281858,-0.057458815956669795,0,0,0.0,0
5,structured,0,0,0.5,10,10,2.0,2.0,0,0,0.0,272.65547873533603,1738.3475451039506,0.4751908777038178,0.18178735451935446,6,4,0.6666666666666666,1
5,structured,0,1,0.575,10,10,2.0,2.0,0,0,0.0,282.8915836108302,1737.2956745715446,0.47261530528680945,0.13844667758007567,10,2,0.2,1
5,structured,0,2,0.65,10,10,2.0,2.0,0,0,0.0,282.89158361083025,1737.2871561908366,0.4709736138698798,0.09578304778627622,2,2,1.0,1
5,structured,0,3,0.725,10,10,2.0,2.0,0,0,0.0,285.12771523360595,1736.0003788718116,0.47132041831041677,0.053848692228581685,3,2,0.6666666666666666,1
5,structured,0,4,0.8,10,10,2.0,2.0,0,0,0.0,285.12771523360607,1735.9772204255632,0.47485099544946935,0.012700592727649673,8,4,0.5,1
5,structured,0,5,0.875,10,10,2.0,2.0,0,0,0.0,285.127715233606,1735.9427900465028,0.48276917974476785,-0.02750565298416985,5,0,0.0,0
5,structured,0,6,0.95,10,10,2.0,2.0,0,0,0.0,289.57722420448613,1730.187328404558,0.49620872325560517,-0.06657836518061544,3,3,1.0,1
5,structured,0,7,1.025,10,10,2.0,2.0,0,0,0.0,289.57722420448613,1730.1197463017918,0.5158122326577099,-0.10355344735896599,6,2,0.3333333333333333,1
5,structured,0,8,1.1,10,9,2.0,1.85,1,1,3.0874553168914645,292.66467952137765,1729.3428017134797,0.5428047700894313,-0.30503716717127066,6,0,0.0,0
5,structured,0,9,1.175,3,6,0.95,1.4,3,1,17.14177238442062,289.79725111975665,1725.3229190574043,0.5777634431342419,-0.6879357797861823,1,0,0.0,0
5,structured,0,10,1.25,3,10,0.95,2.0,7,1,3.7180074038955127,304.36055081687937,1828.7302960827612,0.6205258755155908,-0.20721768384681682,10,0,0.0,0
5,structured,0,11,1.325,10,10,2.0,2.0,0,0,0.0,305.88465603166765,1827.9368480428318,0.6711266393175161,-0.23879593787068354,4,2,0.5,1
5,structured,0,12,1.4,5,10,1.25,2.0,5,1,5.953876606571839,311.8385326382395,1827.6065278131832,0.7319017286862991,-0.28217143216915197,1,0,0.0,0
5,structured,0,13,1.475,4,10,1.1,2.0,6,1,15.551429785321204,328.49369052338363,1920.6185126411626,0.7987596268942099,-0.3227013697249077,6,0,0.0,0
5,structured,0,14,1.55,4,10,1.1,2.0,6,1,19.002410652202855,331.9446713902653,1920.0627450339423,0.8715103735591417,-0.36202699978212594,6,0,0.0,0
5,structured,0,15,1.625,4,10,1.1,2.0,6,1,14.809008400585412,338.6979481140705,2030.1064687222179,0.9496023280741177,-0.3994504497222795,2,0,0.0,0
5,structured,0,16,1.7,5,10,1.25,2.0,5,1,29.2347416172492,353.1236813307343,2029.201205170188,1.0326785809661898,-0.43470041115678204,7,0,0.0,0
5,structured,0,17,1.775,5,0,1.25,0.5,5,1,92.39911006086874,345.6253958590278,2068.2283211277268,1.1209217719302065,2.4641584839668793,2,0,0.0,1
5,structured,0,18,1.85,5,1,1.25,0.65,4,1,73.57244275915644,346.2279214944925,2186.8951293141863,1.2144455902796607,2.0788536681431227,1,0,0.0,0
5,structured,0,19,1.925,6,0,1.4,0.5,6,1,120.93229760018573,376.13260924442125,2313.8439867455363,1.312110409855976,2.813391651846749,6,0,0.0,1
5,structured,0,20,2.0,6,0,1.4,0.5,6,1,116.10593352804108,388.7614122633771,2677.894334319503,1.4139268498680906,2.9891573074487043,5,0,0.0,1
5,structured,1,0,0.5,10,10,2.0,2.0,0,0,0.0,233.13110826290824,1542.590893477907,0.41598754630221507,0.3018878321188423,2,0,0.0,0
5,structured,1,1,0.575,10,10,2.0,2.0,0,0,0.0,241.82331276013804,1541.6259707740323,0.4253767916883102,0.2391775821867319,0,0,0.0,0
5,structured,1,2,0.65,10,10,2.0,2.0,0,0,0.0,241.82331276013804,1541.618359963448,0.43349504083220397,0.1820610045551343,9,0,0.0,0
5,structured,1,3,0.725,10,10,2.0,2.0,0,0,0.0,244.0594443829138,1540.3718324331842,0.43076936364522256,0.14418886631244066,4,0,0.0,0
5,structured,1,4,0.8,10,10,2.0,2.0,0,0,0.0,244.05944438291385,1540.363829957986,0.4320163502285168,0.10713386750047704,5,0,0.0,0
5,structured,1,5,0.875,10,8,2.0,1.7,2,1,2.5436270632821447,244.3669398234202,1540.7019492215118,0.4389132676399913,-0.27173969371485773,4,0,0.0,0
5,structured,1,6,0.95,10,10,2.0,2.0,0,0,0.0,246.8188011359622,1535.53305267926,0.4525718717019948,0.0353346524132796,3,1,0.3333333333333333,1
5,structured,1,7,1.025,3,10,0.95,2.0,7,1,0.7449610525031858,247.56376218846538,1535.49356498739,0.47411809213000494,0.0013779294847979795,0,0,0.0,0
5,structured,1,8,1.1,2,9,0.8,1.85,7,1,6.407484662196794,253.226285798159,1534.8303111329876,0.5059640049193387,-0.2097493789100695,12,0,0.0,0
5,structured,1,9,1.175,2,9,0.8,1.85,7,1,8.381510508273323,255.2003116442355,1534.5151121302854,0.5488661340894986,-0.2538232302846737,2,0,0.0,0
5,structured,1,10,1.25,3,10,0.95,2.0,7,1,3.367522081184802,272.65547873533603,1738.287690226677,0.5990585528327595,-0.12701076272123568,4,0,0.0,0
5,structured,1,11,1.325,10,10,2.0,2.0,0,0,0.0,282.89158361083025,1737.2398651079116,0.6570220938227124,-0.17282842426256895,15,6,0.4,1
5,structured,1,12,1.4,4,9,1.1,1.85,5,1,15.83975857945478,285.127715233606,1735.9678023384224,0.7220614576738529,-0.3818905778934685,12,0,0.0,0
5,structured,1,13,1.475,4,10,1.1,2.0,6,1,14.18392606536247,289.5772242044862,1730.261606039544,0.792727914886173,-0.26860944385206353,10,0,0.0,0
5,structured,1,14,1.55,4,8,1.1,1.7,4,1,22.554775218326313,291.8427318724775,1728.548379631054,0.8685512923303548,-0.5730005590184701,8,0,0.0,0
5,structured,1,15,1.625,4,10,1.1,2.0,6,1,9.897585941136242,300.64254341298385,1829.2567182096263,0.948981997068689,-0.3575745779625843,2,0,0.0,0
5,structured,1,16,1.7,5,0,1.25,0.5,5,1,83.50238069724122,305.88465603166765,1828.6824544609653,1.0338668931973272,2.306631609410739,8,0,0.0,1
5,structured,1,17,1.775,7,0,1.55,0.5,7,1,90.559985403636,312.94226073806243,1922.1217842744693,1.1230402006998874,2.4770597949697537,0,0,0.0,1
5,structured,1,18,1.85,6,0,1.4,0.5,6,1,101.21623975051733,323.8889397134851,2032.8784631006604,1.2162432139700499,2.6478946442212514,0,0,0.0,1
5,structured,1,19,1.925,6,0,1.4,0.5,6,1,123.83443009827869,346.5071300612464,2164.9408528585395,1.3132876794226482,2.819126103805657,0,0,0.0,1
5,structured,1,20,2.0,6,0,1.4,0.5,6,1,117.4641656478696,350.59527391077785,2492.1624100975773,1.4182800117989163,2.9992843942591056,0,0,0.0,1
5,structured,2,0,0.5,10,10,2.0,2.0,0,0,0.0,184.04304291277606,1279.1757498772286,0.35815342174544307,0.464640947776779,2,0,0.0,0
5,structured,2,1,0.575,10,10,2.0,2.0,0,0,0.0,191.04509519217407,1278.7019302562492,0.35807675421787355,0.40599716951969556,0,0,0.0,0
5,structured,2,2,0.65,10,10,2.0,2.0,0,0,0.0,191.04509519217407,1278.708157915647,0.36255528444668367,0.3459433055336103,13,0,0.0,0
5,structured,2,3,0.725,10,10,2.0,2.0,0,0,0.0,197.0054655730275,1277.155966871246,0.37087554046461,0.28753465367034015,5,0,0.0,0
5,structured,2,4,0.8,10,10,2.0,2.0,0,0,0.0,197.00546557302755,1277.1521599073888,0.3834286618952007,0.23194168630815115,4,0,0.0,0
5,structured,2,5,0.875,10,8,2.0,1.7,2,1,6.2678658213598055,197.3129610135339,1277.937299737378,0.3990811192072398,-0.18243330021570914,2,0,0.0,0
5,structured,2,6,0.95,10,10,2.0,2.0,0,0,0.0,217.1933219527874,1381.8449500107915,0.42196546678689273,0.11838631588682613,14,10,0.7142857142857143,1
5,structured,2,7,1.025,10,10,2.0,2.0,0,0,0.0,217.1933219527874,1381.792308408285,0.45329432515000534,0.06203397863416177,0,0,0.0,0
5,structured,2,8,1.1,10,9,2.0,1.85,1,1,5.18895338163901,222.38227533442642,1381.1535838500422,0.4927672238131933,-0.17002359049211874,13,0,0.0,0
5,structured,2,9,1.175,2,9,0.8,1.85,7,1,5.479378010180369,222.67269996296776,1380.8440339073509,0.5389349777536845,-0.21879288429173183,17,0,0.0,0
5,structured,2,10,1.25,10,10,2.0,2.0,0,0,0.0,233.13110826290824,1542.4850872938136,0.5925107933372411,-0.09552281086407718,0,0,0.0,0
5,structured,2,11,1.325,10,10,2.0,2.0,0,0,0.0,241.82331276013804,1541.5244144177086,0.652193128837852,-0.141707615030027,13,6,0.46153846153846156,1
5,structured,2,12,1.4,4,9,1.1,1.85,5,1,10.928336120005554,244.05944438291382,1540.2805047935326,0.7180631588507325,-0.3483856029487058,2,0,0.0,0
5,structured,2,13,1.475,4,10,1.1,2.0,6,1,12.49377384753069,246.81880113596222,1535.4915765443714,0.7898372274880049,-0.22833483093688733,9,0,0.0,0
5,structured,2,14,1.55,5,10,1.25,2.0,5,1,16.036962817803612,250.3619901062352,1535.0018277569598,0.8669999287089102,-0.2696803565387095,0,0,0.0,0
5,structured,2,15,1.625,4,10,1.1,2.0,6,1,11.931672481382122,269.28795665415123,1738.6231803180958,0.9491330723288501,-0.30992281739790317,0,0,0.0,0
5,structured,2,16,1.7,5,10,1.25,2.0,5,1,25.535299438061145,282.89158361083025,1737.7969630154555,1.0358118288875033,-0.3485249101943533,6,0,0.0,0
5,structured,2,17,1.775,5,9,1.25,1.85,4,1,18.037013966354664,275.3932981391238,1731.5454903799887,1.1267086638783117,-0.5037993429997734,0,0,0.0,0
5,structured,2,18,1.85,6,10,1.4,2.0,4,1,25.051655180211867,290.74495747184767,1831.7872803981272,1.222871212711272,-0.41455603645708483,0,0,0.0,0
5,structured,2,19,1.925,6,0,1.4,0.5,6,1,124.53618686372721,308.4517253601597,1989.3159041962663,1.339314797663569,2.875960745279486,0,0,0.0,1
5,structured,2,20,2.0,6,0,1.4,0.5,6,1,117.4641656478696,301.50720856064567,2316.94545852709,1.4627677060592672,3.083916336065827,0,0,0.0,1
5,structured,3,0,0.5,10,10,2.0,2.0,0,0,0.0,164.5821784207996,1161.125851679856,0.34225427932216307,0.6419771305143909,2,0,0.0,0
5,structured,3,1,0.575,10,10,2.0,2.0,0,0,0.0,167.70231487269842,1161.002769183558,0.3294725154143498,0.5752084986466122,0,0,0.0,0
5,structured,3,2,0.65,10,10,2.0,2.0,0,0,0.0,167.70231487269842,1161.011088369941,0.3242565799369565,0.4939792770770386,18,0,0.0,0
5,structured,3,3,0.725,10,10,2.0,2.0,0,0,0.0,180.42193700025445,1159.3222533197643,0.329584515772201,0.4128684534538475,4,0,0.0,0
5,structured,3,4,0.8,10,10,2.0,2.0,0,0,0.0,180.42193700025445,1159.3106144843978,0.3454979265469635,0.33122012771306697,2,0,0.0,0
5,structured,3,5,0.875,10,8,2.0,1.7,2,1,13.027117568062437,180.72943244076083,1160.3346686849238,0.3718469434193874,-0.11512442927993649,4,0,0.0,0
5,structured,3,6,0.95,10,10,2.0,2.0,0,0,0.0,179.13791725170069,1157.360327377581,0.40662475898024664,0.16233730557518894,18,18,1.0,1
5,structured,3,7,1.025,10,10,2.0,2.0,0,0,0.0,179.13791725170069,1157.3036537592739,0.44258287292246284,0.09680783175916305,0,0,0.0,0
5,structured,3,8,1.1,10,9,2.0,1.85,1,1,5.18895338163901,184.3268706333397,1156.730190165663,0.48129241617810486,-0.13027488049360303,7,0,0.0,0
5,structured,3,9,1.175,10,9,2.0,1.85,1,1,4.777621244731847,183.91553849643253,1156.4553523349216,0.5285123479511357,-0.17565910364473436,3,0,0.0,0
5,structured,3,10,1.25,10,10,2.0,2.0,0,0,0.0,184.04304291277606,1278.9981772272329,0.5832282876143742,-0.04439255846564677,0,0,0.0,0
5,structured,3,11,1.325,10,10,2.0,2.0,0,0,0.0,191.04509519217407,1278.513704931725,0.6451001887500558,-0.08899854893897774,8,7,0.875,1
5,structured,3,12,1.4,4,9,1.1,1.85,5,1,12.962422660251434,197.00546557302752,1276.9598085493167,0.7134047024022003,-0.2987721068851519,0,0,0.0,0
5,structured,3,13,1.475,5,10,1.25,2.0,5,1,17.086058563455424,217.19332195278741,1381.700017974757,0.7874857455717904,-0.17459620855225233,16,0,0.0,0
5,structured,3,14,1.55,5,10,1.25,2.0,5,1,22.63853749508462,222.74580088441667,1381.2594959482099,0.8668980307066927,-0.21540869339947544,12,0,0.0,0
5,structured,3,15,1.625,4,10,1.1,2.0,6,1,22.690081951502464,233.13110826290824,1542.741333248422,0.9511756949155281,-0.2545829796132617,0,0,0.0,0
5,structured,3,16,1.7,5,10,1.25,2.0,5,1,31.38228644873226,241.82331276013807,1541.9881712131157,1.0399279603333653,-0.29247605933441756,6,0,0.0,0
5,structured,3,17,1.775,5,9,1.25,1.85,4,1,23.884000977025778,234.32502728843156,1536.604231522328,1.1473133473519417,-0.41690245779885116,0,0,0.0,0
5,structured,3,18,1.85,6,10,1.4,2.0,4,1,30.89864219088298,257.3562841727691,1740.86642618427,1.2634623999659529,-0.2900204865770728,0,0,0.0,0
5,structured,3,19,1.925,6,0,1.4,0.5,6,1,120.3901662305542,265.69330229163575,1837.1790366750474,1.3865188382651257,2.964935272831835,0,0,0.0,1
5,structured,3,20,2.0,6,0,1.4,0.5,6,1,113.73992688979195,278.3221053105916,2300.4077082629624,1.5157972775645032,3.173216506703331,0,0,0.0,1
5,structured,4,0,0.5,10,10,2.0,2.0,0,0,0.0,128.42533002955668,925.862536194922,0.34974360989294384,0.6788400543230266,2,0,0.0,0
5,structured,4,1,0.575,10,10,2.0,2.0,0,0,0.0,129.6938535895208,925.7992109312901,0.3319355842891268,0.6077979482549327,0,0,0.0,0
5,structured,4,2,0.65,10,10,2.0,2.0,0,0,0.0,129.6938535895208,925.8203178173725,0.32214159385532587,0.538273215543999,22,0,0.0,0
5,structured,4,3,0.725,10,10,2.0,2.0,0,0,0.0,139.35366614956226,924.0714267245246,0.32154162178539936,0.472083996029097,2,0,0.0,0
5,structured,4,4,0.8,10,10,2.0,2.0,0,0,0.0,139.35366614956223,924.085297663843,0.33085221300349954,0.4061002500393668,3,0,0.0,0
5,structured,4,5,0.875,10,8,2.0,1.7,2,1,9.967308000547831,139.66116159006864,925.391589978249,0.3500188266208343,-0.02735346972497288,0,0,0.0,0
5,structured,4,6,0.95,10,10,2.0,2.0,0,0,0.0,136.37949418317672,922.9974011109775,0.3790323431720538,0.2784495266877364,1,0,0.0,0
5,structured,4,7,1.025,10,10,2.0,2.0,0,0,0.0,136.37949418317672,922.9711812938253,0.41709051894626725,0.2139643473645369,0,0,0.0,0
5,structured,4,8,1.1,3,9,0.95,1.85,6,1,4.990442111015739,141.36993629419246,922.50153175375,0.4633926625901204,-0.03660117673473806,1,0,0.0,0
5,structured,4,9,1.175,3,9,0.95,1.85,6,1,8.923641877904828,145.30313606108155,922.189517528546,0.5163622363670516,-0.10587782090509523,11,0,0.0,0
5,structured,4,10,1.25,3,10,0.95,2.0,7,1,7.881073550916966,164.5821784207996,1160.8555685646675,0.5747839011959901,0.021685616440653588,0,0,0.0,0
5,structured,4,11,1.325,5,10,1.25,2.0,5,1,3.99915772341771,167.7023148726984,1160.7105449595738,0.6397128221729457,-0.02354880398143666,12,0,0.0,0
5,structured,4,12,1.4,4,9,1.1,1.85,5,1,23.720832130371804,180.42193700025445,1159.0212790975095,0.7109119712647834,-0.2381355760121604,7,0,0.0,0
5,structured,4,13,1.475,5,10,1.25,2.0,5,1,22.93304557412651,179.13791725170069,1157.1570690971923,0.7877068116539246,-0.11150106813383054,23,0,0.0,0
5,structured,4,14,1.55,5,10,1.25,2.0,5,1,28.485524505755762,184.69039618332994,1156.7766457187163,0.8695665897679329,-0.15192591739974493,9,0,0.0,0
5,structured,4,15,1.625,4,10,1.1,2.0,6,1,29.995930132575836,184.04304291277606,1279.120310346911,0.9667265505454877,-0.1626149472448586,0,0,0.0,0
5,structured,4,16,1.7,5,10,1.25,2.0,5,1,36.99798241197385,191.0450951921741,1278.812590988149,1.0752063146552648,-0.1632445697588656,7,0,0.0,0
5,structured,4,17,1.775,5,0,1.25,0.5,5,1,86.65934998725274,200.10726338933202,1382.5731919804239,1.1912353249763745,2.641724040972501,0,0,0.0,1
5,structured,4,18,1.85,6,0,1.4,0.5,6,1,93.05991314243744,210.4410263114058,1544.6332631394073,1.314124895742068,2.849745062963308,0,0,0.0,1
5,structured,4,19,1.925,6,0,1.4,0.5,6,1,109.07652881291773,226.45764198188613,1744.866185123849,1.44310400385602,3.0581263952247344,0,0,0.0,1
5,structured,4,20,2.0,6,0,1.4,0.5,6,1,102.9815174196716,231.40684744922828,2181.7659136549128,1.577628212245136,3.2667732983076494,0,0,0.0,1
5,structured,5,0,0.5,10,10,2.0,2.0,0,0,0.0,80.12622074726534,478.7042417559088,0.35859948779557216,0.7114718542737053,2,0,0.0,0
5,structured,5,1,0.575,10,10,2.0,2.0,0,0,0.0,83.28391889047518,590.9267935439178,0.33919869967644695,0.6453980437164462,0,0,0.0,0
5,structured,5,2,0.65,10,10,2.0,2.0,0,0,0.0,83.28391889047518,590.9554307616119,0.3267866487520221,0.5795667884896085,24,0,0.0,0
5,structured,5,3,0.725,10,10,2.0,2.0,0,0,0.0,89.07255581446785,590.9587148572634,0.3228978170246841,0.5157360440090794,3,0,0.0,0
5,structured,5,4,0.8,2,10,0.8,2.0,8,1,1.4701673314486357,90.54272314591645,590.9825142018667,0.32901812533987446,0.4520906968911155,0,0,0.0,0
5,structured,5,5,0.875,2,8,0.8,1.7,6,1,9.618798229625895,92.90271712010104,590.6239937721742,0.34579558733856824,0.010934120654867985,1,0,0.0,0
5,structured,5,6,0.95,3,10,0.95,2.0,7,1,4.67749830749824,101.82133218092537,736.28490631742,0.37294010154672186,0.3269210137576315,2,0,0.0,0
5,structured,5,7,1.025,3,10,0.95,2.0,7,1,9.667115684142772,106.8109495575699,736.2769425684976,0.4095833890431457,0.2652114318140569,10,0,0.0,0
5,structured,5,8,1.1,3,9,0.95,1.85,6,1,16.304079528652153,113.44791340207928,735.894603372403,0.45452030296812795,0.015791755351886816,12,0,0.0,0
5,structured,5,9,1.175,3,9,0.95,1.85,6,1,20.237279295541242,117.38111316896837,735.6495541609415,0.5067997867618594,-0.044460203211532434,20,0,0.0,0
5,structured,5,10,1.25,3,10,0.95,2.0,7,1,21.774053057436078,128.42533002955668,925.5708296206803,0.5653941565729348,0.07758476903871403,5,0,0.0,0
5,structured,5,11,1.325,3,10,0.95,2.0,7,1,21.334266836586607,129.6938535895208,925.4848558603286,0.6293291395492251,0.011976541601888213,9,0,0.0,0
5,structured,5,12,1.4,4,9,1.1,1.85,5,1,32.70238917744166,139.35366614956223,923.7161714463425,0.6993276980743036,-0.21639701882914264,5,0,0.0,0
5,structured,5,13,1.475,4,10,1.1,2.0,6,1,36.40624895278151,136.37949418317672,922.6271339537882,0.7840846601447383,-0.056479378494495136,7,0,0.0,0
5,structured,5,14,1.55,4,10,1.1,2.0,6,1,39.85722981966322,139.8304750500584,922.5760996706185,0.8841107805201261,-0.05306277327735898,0,0,0.0,0
5,structured,5,15,1.625,4,10,1.1,2.0,6,1,40.55864613186125,156.70110486988264,1160.7939067090647,0.995000047015807,-0.046268140830141524,0,0,0.0,0
5,structured,5,16,1.7,5,10,1.25,2.0,5,1,47.560698411259295,163.70315714928068,1160.792235266715,1.1148310619776212,-0.03733624471234087,0,0,0.0,0
5,structured,5,17,1.775,5,9,1.25,1.85,4,1,40.062412939552786,156.2048716775742,1157.7321373861537,1.2422157873126773,-0.1580156172962055,0,0,0.0,0
5,structured,5,18,1.85,5,0,1.25,0.5,5,1,80.84264250191481,154.04711278020025,1280.383629150097,1.3743834093278535,2.945058137716229,0,0,0.0,1
5,structured,5,19,1.925,6,0,1.4,0.5,6,1,89.88980680781424,163.09427708609968,1500.428074572039,1.508023112028722,3.15325162771601,0,0,0.0,1
5,structured,5,20,2.0,5,0,1.25,0.5,5,1,89.13064029848206,169.2568610457474,1864.7037070888816,1.646640660506545,3.361746905971552,0,0,0.0,1
5,structured,6,0,0.5,1,10,0.65,2.0,9,1,6.867493930264757,28.18440326732169,151.74373732707963,0.37023947275029867,0.7591146083492697,2,0,0.0,0
5,structured,6,1,0.575,1,10,0.65,2.0,9,1,9.703662779447583,34.63477684160214,194.22978387666015,0.34786779471966545,0.6855581737321349,0,0,0.0,0
5,structured,6,2,0.65,1,10,0.65,2.0,9,1,12.964432624975828,37.895546687130384,194.26616940015174,0.3329009238072058,0.6228078222350445,27,0,0.0,0
5,structured,6,3,0.725,2,10,0.8,2.0,8,1,12.496308194468753,40.65251049389748,246.02429795415674,0.3262507886735352,0.5602254039593771,0,0,0.0,0
5,structured,6,4,0.8,2,10,0.8,2.0,8,1,19.5765232022559,47.732725501684634,246.05812172712754,0.3296268343134847,0.49840165801662484,1,0,0.0,0
5,structured,6,5,0.875,2,10,0.8,2.0,8,1,23.60483311055644,51.76103540998517,246.08782225035742,0.3439269441432824,0.4373562109954514,2,0,0.0,0
5,structured,6,6,0.95,2,10,0.8,2.0,8,1,26.987642726219335,57.968563983129584,308.98167186018486,0.36913614156878866,0.3766169671695927,12,0,0.0,0
5,structured,6,7,1.025,2,10,0.8,2.0,8,1,30.29712168759488,61.27804294450513,308.9906553807021,0.4044610869530524,0.31623972218352203,30,0,0.0,0
5,structured,6,8,1.1,3,10,0.95,2.0,7,1,34.53774968116652,68.85993837448918,385.5668747273029,0.4486714966766114,0.25656440837733874,14,0,0.0,0
5,structured,6,9,1.175,3,10,0.95,2.0,7,1,38.88228158496278,73.20447027828544,385.53065747631877,0.5005281492446576,0.19721288192090602,1,0,0.0,0
5,structured,6,10,1.25,3,10,0.95,2.0,7,1,41.70409265324773,80.12622074726534,478.39290039839926,0.5589034253853787,0.13837820421795577,4,0,0.0,0
5,structured,6,11,1.325,3,10,0.95,2.0,7,1,41.26430643239826,83.28391889047516,590.5859926073252,0.6266066353034735,0.09462431498537682,7,0,0.0,0
5,structured,6,12,1.4,4,10,1.1,2.0,6,1,47.05294335639093,89.07255581446783,590.5613359633396,0.7068424801800481,0.0713584623271527,0,0,0.0,0
5,structured,6,13,1.475,4,10,1.1,2.0,6,1,52.01755109857881,97.14383387342713,735.8389758320599,0.7951679587516821,0.04725134265694875,0,0,0.0,0
5,structured,6,14,1.55,4,10,1.1,2.0,6,1,55.4685319654605,100.59481474030882,735.7394824958508,0.8904337842727892,0.02393685367970133,0,0,0.0,0
5,structured,6,15,1.625,4,10,1.1,2.0,6,1,58.10347831646,106.6512769721206,925.3439162716237,1.0028527850186713,0.02418887842457451,0,0,0.0,0
5,structured,6,16,1.7,4,10,1.1,2.0,6,1,59.811788097273606,108.3595867529342,925.442565645314,1.123839828087679,0.028797272610962876,0,0,0.0,0
5,structured,6,17,1.775,5,9,1.25,1.85,4,1,51.42544657473462,99.97324523039521,922.9264368237432,1.2522349657951795,-0.09860122021731987,0,0,0.0,0
5,structured,6,18,1.85,5,10,1.25,2.0,5,1,63.228666865282634,116.14245873802139,1161.1744983661022,1.3883061177246871,0.05214502164483825,0,0,0.0,0
5,structured,6,19,1.925,6,0,1.4,0.5,6,1,71.9189411328151,89.93628473253207,1258.86839216627,1.5302289631447419,3.176482137968706,0,0,0.0,1
5,structured,6,20,2.0,5,0,1.25,0.5,5,1,75.0475877133415,96.36449705039843,1585.629375789134,1.6775082650278028,3.3945675726523197,0,0,0.0,1
5,structured,7,0,0.5,0,0,0.5,0.5,0,0,0.0,0.0,3.6715278556091278,0.38404242098728075,0.09571387051710012,2,2,1.0,1
5,structured,7,1,0.575,1,0,0.65,0.5,1,1,1.429709824048821,1.429709824048821,7.353676672497059,0.3571717291743805,0.17418648700603256,0,0,0.0,1
5,structured,7,2,0.65,1,0,0.65,0.5,1,1,2.9322834916964453,2.9322834916964453,13.355486015609394,0.3403030603447589,0.2850027796190462,27,0,0.0,1
5,structured,7,3,0.725,1,0,0.65,0.5,1,1,4.431820948969644,4.431820948969644,20.95203652380006,0.33151093949110194,0.40381740928454324,1,0,0.0,1
5,structured,7,4,0.8,1,0,0.65,0.5,1,1,5.8736333198421065,5.8736333198421065,30.35153883045458,0.3324914930393891,0.5293471553341478,2,0,0.0,1
5,structured,7,5,0.875,2,0,0.8,0.5,2,1,7.442918870566899,7.442918870566899,41.790660678727875,0.3444863502336491,0.6604364023501414,42,0,0.0,1
5,structured,7,6,0.95,2,0,0.8,0.5,2,1,10.398660019931405,10.398660019931405,55.574480028263565,0.36783243139942884,0.796376571646209,6,0,0.0,1
5,structured,7,7,1.025,2,0,0.8,0.5,2,1,13.181969722919256,13.181969722919256,72.03890435013125,0.4018386272132503,0.9362889659723299,9,0,0.0,1
5,structured,7,8,1.1,2,0,0.8,0.5,2,1,15.733007438348125,15.733007438348125,91.60120940529501,0.4452748189983869,1.0795754639335637,11,0,0.0,1
5,structured,7,9,1.175,2,0,0.8,0.5,2,1,18.017343599716973,18.017343599716973,116.59902682836253,0.49882515156084356,1.2369867270690262,0,0,0.0,1
5,structured,7,10,1.25,3,0,0.95,0.5,3,1,21.316909337056927,21.316909337056927,151.40255347365178,0.5671668135155401,1.4220140854009813,0,0,0.0,1
5,structured,7,11,1.325,3,0,0.95,0.5,3,1,24.931114062154563,24.931114062154563,193.85961638723785,0.6457433370101581,1.6088852221883574,0,0,0.0,1
5,structured,7,12,1.4,3,0,0.95,0.5,3,1,28.156202299428728,28.156202299428728,245.58205297518032,0.7329755589139416,1.797256689661742,0,0,0.0,1
5,structured,7,13,1.475,3,0,0.95,0.5,3,1,30.980921256910243,30.980921256910243,308.4542636135561,0.8275315049933276,1.986623730579761,0,0,0.0,1
5,structured,7,14,1.55,4,0,1.1,0.5,4,1,34.32218869332265,34.32218869332265,385.0396291863423,0.9287778270750421,2.1772702615343418,0,0,0.0,1
5,structured,7,15,1.625,4,0,1.1,0.5,4,1,38.42212809401761,38.42212809401761,477.9754643785968,1.0356291869918421,2.368358390567427,0,0,0.0,1
5,structured,7,16,1.7,4,0,1.1,0.5,4,1,42.01961245807691,42.01961245807691,590.2376413628765,1.1468786717486854,2.5590405705805326,0,0,0.0,1
5,structured,7,17,1.775,4,0,1.1,0.5,4,1,45.12628277484831,45.12628277484831,735.5752560884896,1.270372806070665,2.761880835028598,0,0,0.0,1
5,structured,7,18,1.85,5,0,1.25,0.5,5,1,48.54779865566059,48.54779865566059,925.137822747997,1.406691163518868,2.976618095550692,0,0,0.0,1
5,structured,7,19,1.925,5,0,1.25,0.5,5,1,52.913791872738756,52.913791872738756,1160.3240528379076,1.5481946360524301,3.19151493931009,0,0,0.0,1
5,structured,7,20,2.0,5,0,1.25,0.5,5,1,56.69760713183363,56.69760713183363,1453.2838291514197,1.695450431027381,3.407327267461958,0,0,0.0,1
5,unconstrained,0,0,0.5,10,10,2.0,2.0,0,0,0.0,34.51946799463525,89.90962240121735,0.7401974701578818,-0.6075983448768953,6,4,0.6666666666666666,1
5,unconstrained,0,1,0.575,10,10,2.0,2.0,0,0,0.0,24.684016353329298,83.2666958802277,0.6613539904081822,-0.5506616137421849,10,2,0.2,1
5,unconstrained,0,2,0.65,10,10,2.0,2.0,0,0,0.0,24.684016353329298,83.2413572028745,0.5929054675305961,-0.4978048995302442,2,2,1.0,1
5,unconstrained,0,3,0.725,10,10,2.0,2.0,0,0,0.0,22.784405674733875,82.04579751432874,0.5268310179545602,-0.4501195068982704,3,2,0.6666666666666666,1
5,unconstrained,0,4,0.8,10,10,2.0,2.0,0,0,0.0,22.784405674733875,82.01192486496103,0.46789573610451074,-0.40887887933387357,8,4,0.5,1
5,unconstrained,0,5,0.875,10,10,2.0,2.0,0,0,0.0,22.784405674733875,81.97060535125513,0.41809080046117664,-0.37550053940712347,5,0,0.0,0
5,unconstrained,0,6,0.95,10,10,2.0,2.0,0,0,0.0,51.871011120379876,109.36216686082645,0.3855493767761844,-0.35148278868465455,3,3,1.0,1
5,unconstrained,0,7,1.025,10,10,2.0,2.0,0,0,0.0,51.871011120379876,109.29003227450164,0.3660443076286211,-0.33828912755380136,6,2,0.3333333333333333,1
5,unconstrained,0,8,1.1,10,10,2.0,2.0,0,0,0.0,64.77846439328363,126.0973726311754,0.3504223024649029,-0.3372229735080028,6,4,0.6666666666666666,1
5,unconstrained,0,9,1.175,3,10,0.95,2.0,7,1,1.482198859120274,66.2606632524039,125.98127263921685,0.34795768408625605,-0.3293942260620006,1,0,0.0,0
5,unconstrained,0,10,1.25,3,6,0.95,1.4,3,1,11.211659991285387,35.895676344614685,100.78581561388768,0.34242125291619396,0.4426334922116282,10,0,0.0,0
5,unconstrained,0,11,1.325,10,5,2.0,1.25,5,1,0.15767706942165205,24.84169342275095,94.0513549568683,0.3596688205545772,0.1797470756061177,4,0,0.0,0
5,unconstrained,0,12,1.4,5,5,1.25,1.25,0,0,0.0,24.684016353329298,92.88471741940555,0.3824500714800334,0.1442922964324378,1,0,0.0,0
5,unconstrained,0,13,1.475,4,7,1.1,1.55,3,1,19.692105969151044,84.47057036243467,149.82494771750697,0.40240469305055654,0.5383319588859519,6,0,0.0,0
5,unconstrained,0,14,1.55,4,6,1.1,1.4,2,1,3.92589622583381,55.796907346213686,126.19710575957828,0.4360084558898579,0.2507482910784544,6,0,0.0,0
5,unconstrained,0,15,1.625,4,8,1.1,1.7,4,1,14.303264908926053,63.3766449523028,140.8151949109694,0.46791832955191215,0.6952352520595562,2,0,0.0,0
5,unconstrained,0,16,1.7,5,9,1.25,1.85,4,1,32.251624838862256,103.37801962536821,176.60490779916677,0.48137340678936197,0.9017521760289084,7,0,0.0,0
5,unconstrained,0,17,1.775,5,9,1.25,1.85,4,1,21.73645614554266,101.13961046825887,188.39430071989705,0.47803164704414935,0.8664078479828206,2,0,0.0,0
5,unconstrained,0,18,1.85,5,8,1.25,1.7,3,1,19.580584995511572,90.70697978201747,180.36733197083652,0.46408121248284145,0.5160127181257725,1,0,0.0,0
5,unconstrained,0,19,1.925,6,7,1.4,1.55,1,1,10.218447763168342,81.34484254967424,168.87563617441833,0.44577927519075394,0.23236837515770414,6,0,0.0,0
5,unconstrained,0,20,2.0,6,9,1.4,1.85,3,1,19.422144414878858,93.19964632854897,188.73750121739283,0.4252551819324719,0.6807542209313469,5,0,0.0,0
5,unconstrained,1,0,0.5,10,10,2.0,2.0,0,0,0.0,33.00355880538507,78.61682080699728,0.7210456346968701,-0.5887489440169551,2,0,0.0,0
5,unconstrained,1,1,0.575,10,10,2.0,2.0,0,0,0.0,21.624206785814692,71.88344369217845,0.6437791922291485,-0.5320581684343644,0,0,0.0,0
5,unconstrained,1,2,0.65,10,10,2.0,2.0,0,0,0.0,21.624206785814692,71.85931387152709,0.5684115937716503,-0.4795170660254231,9,0,0.0,0
5,unconstrained,1,3,0.725,10,10,2.0,2.0,0,0,0.0,19.72459610721927,70.66524328582176,0.5024643057930557,-0.43222888956410377,4,0,0.0,0
5,unconstrained,1,4,0.8,10,10,2.0,2.0,0,0,0.0,19.72459610721927,70.63318729661984,0.4395680075849167,-0.3914779307449474,5,0,0.0,0
5,unconstrained,1,5,0.875,10,10,2.0,2.0,0,0,0.0,19.72459610721927,70.59401176198651,0.3869707175692762,-0.35868826663885434,4,0,0.0,0
5,unconstrained,1,6,0.95,10,10,2.0,2.0,0,0,0.0,59.16241594961798,108.93839234643133,0.3411068670865361,-0.3353658625569619,3,1,0.3333333333333333,1
5,unconstrained,1,7,1.025,3,10,0.95,2.0,7,1,0.7449610525031858,59.907377002121166,108.86895355898042,0.31845860716408075,-0.3229627938205114,0,0,0.0,0
5,unconstrained,1,8,1.1,2,10,0.8,2.0,8,1,3.2278212419140573,33.808782278702324,85.05043079845018,0.30941286688241193,-0.3227685697837783,12,0,0.0,0
5,unconstrained,1,9,1.175,2,10,0.8,2.0,8,1,5.613179224897749,36.194140261686016,84.90532098746087,0.31591881681968753,-0.3357571886275406,2,0,0.0,0
5,unconstrained,1,10,1.25,3,6,0.95,1.4,3,1,12.895261208820557,34.51946799463525,90.04633285397239,0.3220394064721166,0.4558922466194,4,0,0.0,0
5,unconstrained,1,11,1.325,10,5,2.0,1.25,5,1,3.0598095675146055,24.684016353329298,83.42584295348371,0.3344565963622857,0.191473411970136,15,0,0.0,0
5,unconstrained,1,12,1.4,4,5,1.1,1.25,1,1,1.1601988889192398,22.784405674733875,82.25921495276413,0.3643647662753161,0.15505595810365502,12,0,0.0,0
5,unconstrained,1,13,1.475,4,7,1.1,1.55,3,1,21.29005008359161,51.871011120379876,109.70392260421846,0.38737637358590465,0.5551315076492012,10,0,0.0,0
5,unconstrained,1,14,1.55,4,6,1.1,1.4,2,1,5.6160484436656475,64.77846439328363,126.61338456511413,0.4211481180150083,0.2621563442273893,8,0,0.0,0
5,unconstrained,1,15,1.625,4,8,1.1,1.7,4,1,11.401132410833156,72.35820199937274,141.17187918067776,0.4616084835847603,0.7076850956568435,2,0,0.0,0
5,unconstrained,1,16,1.7,5,7,1.25,1.55,2,1,16.57109483827179,49.073380043376744,112.73047666612928,0.48073042116973574,0.38745762940645534,8,0,0.0,0
5,unconstrained,1,17,1.775,7,9,1.55,1.85,2,1,16.669510246395873,71.12639478650595,148.34945008646645,0.48058109476032523,0.8705452516506322,0,0,0.0,0
5,unconstrained,1,18,1.85,6,8,1.4,1.7,2,1,20.129335059606262,79.4031543227162,155.93213518007002,0.4688125849161753,0.5289724328869054,0,0,0.0,0
5,unconstrained,1,19,1.925,6,8,1.4,1.7,2,1,19.320617373560026,73.77750191367011,148.5528420627337,0.4507251282300158,0.4656665739442656,0,0,0.0,0
5,unconstrained,1,20,2.0,6,9,1.4,1.85,3,1,22.32427691297181,82.88169958328712,163.83814837117592,0.43002784774804564,0.6839829340649168,0,0,0.0,0
5,unconstrained,2,0,0.5,10,10,2.0,2.0,0,0,0.0,29.943749237870463,66.56226706033425,0.7139868363990024,-0.5699147584500661,2,0,0.0,0
5,unconstrained,2,1,0.575,10,10,2.0,2.0,0,0,0.0,16.874245000468306,59.738439226516505,0.6408873697338843,-0.5134770979391847,0,0,0.0,0
5,unconstrained,2,2,0.65,10,10,2.0,2.0,0,0,0.0,16.874245000468306,59.71553709763475,0.5658179812291754,-0.46125350524158026,13,0,0.0,0
5,unconstrained,2,3,0.725,10,10,2.0,2.0,0,0,0.0,18.698873079950545,58.522990721905614,0.49773653141601193,-0.4143673566334629,5,0,0.0,0
5,unconstrained,2,4,0.8,10,10,2.0,2.0,0,0,0.0,18.698873079950545,58.49277422144843,0.43394901924766155,-0.37411051682252716,4,0,0.0,0
5,unconstrained,2,5,0.875,10,10,2.0,2.0,0,0,0.0,18.698873079950545,58.45576164996703,0.38000838229670525,-0.3419206052878935,2,0,0.0,0
5,unconstrained,2,6,0.95,10,10,2.0,2.0,0,0,0.0,29.46498920565608,67.03284018169393,0.3349722481496449,-0.3192947959423936,14,10,0.7142857142857143,1
5,unconstrained,2,7,1.025,10,10,2.0,2.0,0,0,0.0,29.46498920565608,66.96611024653413,0.31120627114678706,-0.30768968198209856,0,0,0.0,0
5,unconstrained,2,8,1.1,10,10,2.0,2.0,0,0,0.0,44.47394054330738,83.68774801703393,0.3039753546132414,-0.3083749153342514,13,12,0.9230769230769231,1
5,unconstrained,2,9,1.175,2,10,0.8,2.0,8,1,0.701756765448522,45.1756973087559,83.54552521661896,0.3180288706042456,-0.32230026604963324,17,0,0.0,0
5,unconstrained,2,10,1.25,10,6,2.0,1.4,4,1,16.129313804916762,33.00355880538507,78.75041965887647,0.33992500321802127,0.4730906091472855,0,0,0.0,0
5,unconstrained,2,11,1.325,10,5,2.0,1.25,5,1,4.749961785346386,21.624206785814692,72.03852160103912,0.35691491845001255,0.2030640499983467,13,0,0.0,0
5,unconstrained,2,12,1.4,4,5,1.1,1.25,1,1,2.8503511067510203,19.72459610721927,70.87188406357637,0.3706574343637892,0.16570492973780748,2,0,0.0,0
5,unconstrained,2,13,1.475,4,7,1.1,1.55,3,1,14.688475406310602,59.16241594961798,109.26696425765476,0.40048589582613575,0.5716534881748383,9,0,0.0,0
5,unconstrained,2,14,1.55,5,6,1.25,1.4,1,1,1.1159718311321853,30.580961036788267,85.54770994621032,0.43337495647104035,0.27343572027509255,0,0,0.0,0
5,unconstrained,2,15,1.625,4,8,1.1,1.7,4,1,13.435218951079037,32.502285205104954,87.57194294917349,0.47200714374629527,0.7257757538265168,0,0,0.0,0
5,unconstrained,2,16,1.7,5,7,1.25,1.55,2,1,14.561804876915517,60.95706958853958,112.38495375199972,0.4888543301521755,0.3994466623228061,6,0,0.0,0
5,unconstrained,2,17,1.775,5,9,1.25,1.85,4,1,18.037013966354664,59.27381926310994,122.87818609599287,0.48791906445823496,0.8833941509553269,0,0,0.0,0
5,unconstrained,2,18,1.85,6,8,1.4,1.7,2,1,25.04075751905549,54.45688454011008,115.65505359723755,0.4756415387664288,0.541766339970589,0,0,0.0,0
5,unconstrained,2,19,1.925,6,8,1.4,1.7,2,1,19.320617373560026,60.557422670315304,123.39029837484196,0.45728026595965604,0.4773230362807541,0,0,0.0,0
5,unconstrained,2,20,2.0,6,9,1.4,1.85,3,1,24.01442913080359,50.27340123197405,119.26580926612183,0.4363491516902887,0.697697655287159,0,0,0.0,0
5,unconstrained,3,0,0.5,10,10,2.0,2.0,0,0,0.0,28.91802621060171,53.74605498787989,0.7237203194124576,-0.5505284924066123,2,0,0.0,0
5,unconstrained,3,1,0.575,10,10,2.0,2.0,0,0,0.0,11.966606145700325,46.831695179031186,0.6555917578424854,-0.4949096411080163,0,0,0.0,0
5,unconstrained,3,2,0.65,10,10,2.0,2.0,0,0,0.0,11.966606145700325,46.8100379676614,0.5846936542525454,-0.44301372062914823,18,0,0.0,0
5,unconstrained,3,3,0.725,10,10,2.0,2.0,0,0,0.0,20.550485971885166,45.61902632212826,0.5209942960251749,-0.3965369071866369,4,0,0.0,0
5,unconstrained,3,4,0.8,10,10,2.0,2.0,0,0,0.0,20.550485971885223,45.59067026144851,0.45984424246444927,-0.35678211947382943,2,0,0.0,0
5,unconstrained,3,5,0.875,10,10,2.0,2.0,0,0,0.0,20.550485971885195,45.5558439287328,0.4129332565209512,-0.3251951313277227,4,1,0.25,1
5,unconstrained,3,6,0.95,10,10,2.0,2.0,0,0,0.0,38.44654625272594,64.81153653016426,0.37408124710142177,-0.30327701236355686,18,18,1.0,1
5,unconstrained,3,7,1.025,10,7,2.0,1.55,3,1,17.94676065011828,29.913366795818575,57.30485310598115,0.35453615504282243,0.7097418918229159,0,0,0.0,0
5,unconstrained,3,8,1.1,10,10,2.0,2.0,0,0,0.0,11.874381301252527,40.84329675246971,0.3503759843434137,-0.29404342612318496,7,6,0.8571428571428571,1
5,unconstrained,3,9,1.175,10,7,2.0,1.55,3,1,20.51342355191281,32.48002969761316,62.504772322856894,0.36335814300975877,0.706602102493481,3,0,0.0,0
5,unconstrained,3,10,1.25,10,6,2.0,1.4,4,1,17.977143092170138,29.943749237870463,66.69269768692504,0.3612360385687962,0.4899982869992585,0,0,0.0,0
5,unconstrained,3,11,1.325,10,5,2.0,1.25,5,1,4.907638854767981,16.874245000468306,59.88937659441973,0.369776045371043,0.21452174034823646,8,0,0.0,0
5,unconstrained,3,12,1.4,4,5,1.1,1.25,1,1,6.7322669342502195,18.698873079950545,58.722743825328564,0.4005318001090692,0.1762417602183275,0,0,0.0,0
5,unconstrained,3,13,1.475,5,7,1.25,1.55,2,1,17.590607904403555,29.46498920565608,67.34805248665134,0.42791594791944043,0.5879070246567482,16,0,0.0,0
5,unconstrained,3,14,1.55,5,6,1.25,1.4,1,1,6.027394290581412,44.47394054330738,84.16610209403143,0.4543284932594082,0.28458915085112624,12,0,0.0,0
5,unconstrained,3,15,1.625,4,8,1.1,1.7,4,1,20.036793628360044,46.395264711624066,86.28176461664793,0.48885895979585975,0.7435449469855224,0,0,0.0,0
5,unconstrained,3,16,1.7,5,6,1.25,1.4,1,1,7.192684952773391,19.067066254025917,57.74894383580306,0.4997785073521466,0.2019358792728161,6,0,0.0,0
5,unconstrained,3,17,1.775,5,7,1.25,1.55,2,1,3.057655937790571,29.416127021054592,81.56503731345339,0.49734352728768777,0.35532305440542933,0,0,0.0,0
5,unconstrained,3,18,1.85,6,8,1.4,1.7,2,1,26.73090973688727,41.23680529675528,89.45642973966807,0.48455193739523084,0.5543987071223673,0,0,0.0,0
5,unconstrained,3,19,1.925,6,7,1.4,1.55,1,1,11.753076541302448,26.258972101170457,77.69047437598908,0.4658558978045308,0.2605934937625296,0,0,0.0,0
5,unconstrained,3,20,2.0,6,9,1.4,1.85,3,1,28.171263923642925,57.70154719486072,112.88133588102647,0.44467236397208365,0.7112269089633592,0,0,0.0,0
5,unconstrained,4,0,0.5,10,10,2.0,2.0,0,0,0.0,15.26803401805688,26.066362934658116,0.7621250833658018,-0.3939241252219561,2,0,0.0,0
5,unconstrained,4,1,0.575,10,10,2.0,2.0,0,0,0.0,11.966606145700325,33.1965017422074,0.6963138791887735,-0.34303691276068626,0,0,0.0,0
5,unconstrained,4,2,0.65,10,10,2.0,2.0,0,0,0.0,11.966606145700325,33.18477731706389,0.636710216900508,-0.29693877797213086,22,0,0.0,0
5,unconstrained,4,3,0.725,10,10,2.0,2.0,0,0,0.0,17.49067640437059,32.00563915518859,0.5793702410298254,-0.25681764293069675,2,0,0.0,0
5,unconstrained,4,4,0.8,10,10,2.0,2.0,0,0,0.0,17.49067640437059,31.991113756282516,0.5268264253537515,-0.22402364978107503,3,0,0.0,0
5,unconstrained,4,5,0.875,10,8,2.0,1.7,2,1,9.967308000547831,21.933914146248156,37.01182588327504,0.4915768409536769,0.7286279169682375,0,0,0.0,0
5,unconstrained,4,6,0.95,10,10,2.0,2.0,0,0,0.0,4.156834792839334,21.200523375951633,0.46594691239837055,-0.18617596484378462,1,0,0.0,0
5,unconstrained,4,7,1.025,10,7,2.0,1.55,3,1,13.196798864771893,25.163405010472218,46.11112406348835,0.4558202278342471,0.8248630476500816,0,0,0.0,0
5,unconstrained,4,8,1.1,3,10,0.95,2.0,7,1,1.9029867941243026,18.967274859867388,38.40855042964111,0.44256616534010706,0.1470196545484082,1,0,0.0,0
5,unconstrained,4,9,1.175,3,7,0.95,1.55,4,1,19.90948239973946,31.876088545439785,50.65686652064426,0.4414500586738251,0.7644484461988319,11,0,0.0,0
5,unconstrained,4,10,1.25,3,6,0.95,1.4,3,1,16.951420064901384,28.91802621060171,53.87316159754198,0.4461194962860982,0.5066248418327204,0,0,0.0,0
5,unconstrained,4,11,1.325,5,5,1.25,1.25,0,0,0.0,11.966606145700325,46.9784174703687,0.4570892922542774,0.22584963775351463,12,0,0.0,0
5,unconstrained,4,12,1.4,4,5,1.1,1.25,1,1,8.58387982618487,20.550485971885195,45.81177993290598,0.4656978811341423,0.18666859270773983,7,0,0.0,0
5,unconstrained,4,13,1.475,5,7,1.25,1.55,2,1,21.38225818698288,38.446546252725966,65.11321816352518,0.47060157244678474,0.6039005039828771,23,0,0.0,0
5,unconstrained,4,14,1.55,5,6,1.25,1.4,1,1,7.717546508413193,11.874381301252527,41.30253490463201,0.4954860924177277,0.29561962200039327,9,0,0.0,0
5,unconstrained,4,15,1.625,4,8,1.1,1.7,4,1,25.88378063903116,33.17518546826926,59.138466457930974,0.5166330975978392,0.761003683943819,0,0,0.0,0
5,unconstrained,4,16,1.7,5,6,1.25,1.4,1,1,9.294183017520936,26.35847108326402,55.42269181858512,0.5228169537986888,0.21137747605339285,7,0,0.0,0
5,unconstrained,4,17,1.775,5,7,1.25,1.55,2,1,7.214490730629905,14.505895559868009,54.33033977119152,0.5135374513297145,0.36607145218652404,0,0,0.0,0
5,unconstrained,4,18,1.85,6,8,1.4,1.7,2,1,26.73090973688727,44.50811646680262,82.03587675709957,0.49831247398266115,0.5668734862150528,0,0,0.0,0
5,unconstrained,4,19,1.925,6,7,1.4,1.55,1,1,11.753076541302448,29.530283271217797,70.17850903990495,0.4778616886708495,0.26982768034751636,0,0,0.0,0
5,unconstrained,4,20,2.0,6,7,1.4,1.55,1,1,9.588409414348291,27.36561614426364,68.71574503877548,0.45539338691422393,0.23280728367055747,0,0,0.0,0
5,unconstrained,5,0,0.5,10,10,2.0,2.0,0,0,0.0,5.44080598509143,10.709587823779657,0.862522354268844,-0.23853274563630134,2,0,0.0,0
5,unconstrained,5,1,0.575,10,10,2.0,2.0,0,0,0.0,8.906796578185705,18.805936764598798,0.8032498168175604,-0.19025043952414533,0,0,0.0,0
5,unconstrained,5,2,0.65,10,10,2.0,2.0,0,0,0.0,8.906796578185705,18.806566266352334,0.7534237931415205,-0.14742036406544323,24,0,0.0,0
5,unconstrained,5,3,0.725,10,10,2.0,2.0,0,0,0.0,0.0,9.272256116350633,0.7054310087134494,-0.11132397216381862,3,0,0.0,0
5,unconstrained,5,4,0.8,2,10,0.8,2.0,8,1,1.4701673314486357,1.4701673314486357,9.367764736199518,0.6650493140687685,0.04442897377710209,0,0,0.0,0
5,unconstrained,5,5,0.875,2,4,0.8,1.1,2,1,5.255846342647374,5.811074290163447,15.907902380568203,0.6393447504795109,0.3227178483311781,1,0,0.0,0
5,unconstrained,5,6,0.95,3,5,0.95,1.25,2,1,13.413159175385886,23.538628009870706,30.46749781878202,0.6307927135886294,0.5283777505504106,2,0,0.0,0
5,unconstrained,5,7,1.025,3,7,0.95,1.55,4,1,17.016927538243607,25.923724116429298,34.37273335603277,0.6210829446901994,0.9366434993286725,10,0,0.0,0
5,unconstrained,5,8,1.1,3,4,0.95,1.1,1,1,2.5901288776568947,12.715597712141715,22.326322597435876,0.609914052670061,0.16824812699788794,12,0,0.0,0
5,unconstrained,5,9,1.175,3,4,0.95,1.1,1,1,1.2151863630380433,11.340655197522835,21.27094964599314,0.5957203906479301,0.13451317462031254,20,0,0.0,0
5,unconstrained,5,10,1.25,3,5,0.95,1.25,2,1,9.82722803296545,15.26803401805688,26.164118354587657,0.5831514453640815,0.2822632952284083,5,0,0.0,0
5,unconstrained,5,11,1.325,3,5,0.95,1.25,2,1,3.059809567514634,11.966606145700325,33.305644228886024,0.5680919215026012,0.23705071961926816,9,0,0.0,0
5,unconstrained,5,12,1.4,4,5,1.1,1.25,1,1,8.583879826184898,17.49067640437059,32.13900192305172,0.5530587821699379,0.19698789156062713,5,0,0.0,0
5,unconstrained,5,13,1.475,4,5,1.1,1.25,1,1,4.156834792839334,4.156834792839334,21.396419162602342,0.5417097741454868,0.16339537887636846,7,0,0.0,0
5,unconstrained,5,14,1.55,4,6,1.1,1.4,2,1,9.772883236504981,17.064288065743085,38.1230510758906,0.5499057735636645,0.3065298839471464,0,0,0.0,0
5,unconstrained,5,15,1.625,4,6,1.1,1.4,2,1,12.924985769614636,20.21639059885274,36.874425096421106,0.549508926036092,0.26027025118009206,0,0,0.0,0
5,unconstrained,5,16,1.7,5,5,1.25,1.25,0,0,0.0,7.291404829238104,27.243332945146506,0.5494293450716987,0.10689622565940482,0,0,0.0,0
5,unconstrained,5,17,1.775,5,7,1.25,1.55,2,1,15.642803265613054,17.77720672991535,45.87371310393064,0.5358549298689835,0.37757448013132633,0,0,0.0,0
5,unconstrained,5,18,1.85,5,6,1.25,1.4,1,1,1.6757088659964836,1.6757088659964836,27.580595530464194,0.5151340799338373,0.1646340848372061,0,0,0.0,0
5,unconstrained,5,19,1.925,6,7,1.4,1.55,1,1,12.641132592134966,33.050619857072945,64.59331517206789,0.4925943908936326,0.2794567000273851,0,0,0.0,0
5,unconstrained,5,20,2.0,5,7,1.25,1.55,2,1,10.900887889645503,31.310375154583483,63.11657335721776,0.4685488214804725,0.24168227269025966,0,0,0.0,0
5,unconstrained,6,0,0.5,1,2,0.65,0.8,1,1,2.982836656680192,7.4148335663478235,12.365941291057084,1.0139982760429178,0.22084173236140092,2,0,0.0,1
5,unconstrained,6,1,0.575,1,3,0.65,0.95,2,1,11.879953809874507,14.932745428929366,15.812837736776387,0.9631073121408155,0.4155532117134957,0,0,0.0,0
5,unconstrained,6,2,0.65,1,3,0.65,0.95,2,1,8.043776487292575,9.516973279988619,12.572479051081118,0.917781141483944,0.32961345143701415,27,0,0.0,0
5,unconstrained,6,3,0.725,2,4,0.8,1.1,2,1,10.89097125597334,10.89097125597334,16.63453620303376,0.8892191836791455,0.5399606863817605,0,0,0.0,0
5,unconstrained,6,4,0.8,2,3,0.8,0.95,1,1,5.883503234550375,5.883503234550375,7.879861245309755,0.8715584223881917,0.17615862889912304,1,0,0.0,0
5,unconstrained,6,5,0.875,2,4,0.8,1.1,2,1,9.469222706935568,9.469222706935568,14.303964645459999,0.8555828078830839,0.3613299138523849,2,0,0.0,0
5,unconstrained,6,6,0.95,2,3,0.8,0.95,1,1,2.2353663627850437,2.2353663627850437,4.443378519549171,0.8330233377777548,0.08355284447970313,12,0,0.0,0
5,unconstrained,6,7,1.025,2,3,0.8,0.95,1,1,0.5552279475160589,0.5552279475160589,3.581376360122931,0.8064871242942445,0.06125747433895068,30,0,0.0,0
5,unconstrained,6,8,1.1,3,4,0.95,1.1,1,1,7.501551337106179,10.125468834484792,13.253083564450009,0.7771307129187948,0.17962496483007095,14,0,0.0,0
5,unconstrained,6,9,1.175,3,4,0.95,1.1,1,1,6.126608822487327,8.75052631986594,12.197723201508296,0.7434121081537413,0.14498171555920214,1,0,0.0,0
5,unconstrained,6,10,1.25,3,4,0.95,1.1,1,1,4.776062408525405,5.440805985091444,10.773303135386115,0.7084873712355105,0.11663584762308954,4,0,0.0,0
5,unconstrained,6,11,1.325,3,5,0.95,1.25,2,1,8.906796578185691,8.906796578185691,18.871052101600128,0.6723739940394975,0.24997623482155706,7,0,0.0,0
5,unconstrained,6,12,1.4,4,4,1.1,1.1,0,0,0.0,0.0,9.334289201148351,0.6443235755813098,0.08119203698421185,0,0,0.0,0
5,unconstrained,6,13,1.475,4,5,1.1,1.25,1,1,7.291404829238104,7.291404829238104,17.3636928411851,0.6221848951801133,0.17417565653039402,0,0,0.0,0
5,unconstrained,6,14,1.55,4,5,1.1,1.25,1,1,5.189906764490587,5.189906764490587,16.282513248365035,0.6064986346768242,0.14697290594762968,0,0,0.0,0
5,unconstrained,6,15,1.625,4,4,1.1,1.1,0,0,0.0,0.0,11.692563196292696,0.5913261366024378,0.07942811520993054,0,0,0.0,0
5,unconstrained,6,16,1.7,4,5,1.1,1.25,1,1,0.8880560508324891,2.1344034643022667,17.764410135307514,0.5757516346336613,0.11541322245625629,0,0,0.0,0
5,unconstrained,6,17,1.775,5,7,1.25,1.55,2,1,20.40948726493798,20.40948726493798,39.294131418710776,0.5581375579809588,0.39506567486330857,0,0,0.0,0
5,unconstrained,6,18,1.85,5,6,1.25,1.4,1,1,5.196045451851603,5.196045451851603,25.30842260434639,0.534017027287344,0.1759886475145036,0,0,0.0,0
5,unconstrained,6,19,1.925,6,6,1.4,1.4,0,0,0.0,0.0,26.121591839255586,0.5076429308820104,0.1589675684772187,0,0,0.0,0
5,unconstrained,6,20,2.0,5,6,1.25,1.4,1,1,0.4244224244647512,0.4244224244647512,26.113525253776572,0.4820088374605682,0.14951582731115387,0,0,0.0,0
5,unconstrained,7,0,0.5,0,2,0.5,0.8,2,1,6.3496754276486165,6.3496754276486165,8.743514684624937,1.2051980592521603,0.2542461450422908,2,0,0.0,1
5,unconstrained,7,1,0.575,1,2,0.65,0.8,1,1,5.542421472145598,5.542421472145598,6.89005546536923,1.1676728745109333,0.18191548307663075,0,0,0.0,1
5,unconstrained,7,2,0.65,1,2,0.65,0.8,1,1,4.431996909667632,4.431996909667632,4.901931000963394,1.1421852516136244,0.11839606303565109,27,0,0.0,1
5,unconstrained,7,3,0.725,1,2,0.65,0.8,1,1,3.052791619054844,3.052791619054844,2.888729850135263,1.1200576375381168,0.06430835094658072,1,0,0.0,1
5,unconstrained,7,4,0.8,1,2,0.65,0.8,1,1,1.4731967926960507,1.4731967926960507,1.0733526695194655,1.0920630613230429,0.02216310486640438,2,0,0.0,1
5,unconstrained,7,5,0.875,2,2,0.8,0.8,0,0,0.0,0.0,0.31513377593441305,1.0522906752488843,0.006029445443759052,42,42,1.0,1
5,unconstrained,7,6,0.95,2,2,0.8,0.8,0,0,0.0,0.0,0.09731048684778898,1.0127858824502525,0.001734774931994032,6,6,1.0,1
5,unconstrained,7,7,1.025,2,2,0.8,0.8,0,0,0.0,0.0,0.21811169020028132,0.9647585521736095,0.0036502387708248207,9,9,1.0,1
5,unconstrained,7,8,1.1,2,3,0.8,0.95,1,1,2.6239174973786135,2.6239174973786135,3.509452304291308,0.9197780643817036,0.05662137637368758,11,0,0.0,0
5,unconstrained,7,9,1.175,2,3,0.8,0.95,1,1,0.664743576566039,0.664743576566039,3.1231396042838497,0.8653142437199676,0.04690349157221618,0,0,0.0,0
5,unconstrained,7,10,1.25,3,3,0.95,0.95,0,0,0.0,0.0,3.11766584985169,0.8197659237646975,0.04391202996198462,0,0,0.0,0
5,unconstrained,7,11,1.325,3,3,0.95,0.95,0,0,0.0,0.0,3.546686605478797,0.7690881387865819,0.0471703377353343,0,0,0.0,0
5,unconstrained,7,12,1.4,3,3,0.95,0.95,0,0,0.0,0.0,4.43429145639125,0.7341392335885325,0.056026519789941887,0,0,0.0,0
5,unconstrained,7,13,1.475,3,4,0.95,1.1,1,1,1.2463474134697634,1.2463474134697634,7.051239605320731,0.6966005703391892,0.0857378802055182,0,0,0.0,0
5,unconstrained,7,14,1.55,4,4,1.1,1.1,0,0,0.0,0.0,7.3755650352560025,0.6650291887952996,0.08459963875524146,0,0,0.0,0
5,unconstrained,7,15,1.625,4,4,1.1,1.1,0,0,0.0,0.0,8.22516932290928,0.6339919279197347,0.08954830468172759,0,0,0.0,0
5,unconstrained,7,16,1.7,4,4,1.1,1.1,0,0,0.0,0.0,9.607641484145262,0.6033171423620277,0.09982386905388907,0,0,0.0,0
5,unconstrained,7,17,1.775,4,4,1.1,1.1,0,0,0.0,0.0,11.505453721356133,0.5797154271410417,0.11462926665960183,0,0,0.0,0
5,unconstrained,7,18,1.85,5,4,1.25,1.1,1,1,0.775134821096799,0.775134821096799,13.883290169536764,0.552898189705461,0.13318346771584633,0,0,0.0,0
5,unconstrained,7,19,1.925,5,5,1.25,1.25,0,0,0.0,0.0,14.29659824544224,0.5236858324974851,0.13038130977551887,0,0,0.0,0
5,unconstrained,7,20,2.0,5,5,1.25,1.25,0,0,0.0,0.0,16.26162752190551,0.4954211370609818,0.14210684078242153,0,0,0.0,0
6,structured,0,0,0.5,10,10,2.0,2.0,0,0,0.0,272.65547873533603,1508.4491007255745,0.32135592957446746,0.451548944446311,4,2,0.5,1
6,structured,0,1,0.575,10,10,2.0,2.0,0,0,0.0,282.8915836108302,1508.2321602852649,0.3239140471371882,0.3845036696195798,11,5,0.45454545454545453,1
6,structured,0,2,0.65,10,10,2.0,2.0,0,0,0.0,282.89158361083025,1508.2348076128603,0.33131161267014886,0.32224069920139775,6,3,0.5,1
6,structured,0,3,0.725,10,10,2.0,2.0,0,0,0.0,285.12771523360595,1506.483746517552,0.34409635099825764,0.2633413739767869,3,1,0.3333333333333333,1
6,structured,0,4,0.8,10,10,2.0,2.0,0,0,0.0,285.12771523360607,1506.4745663141778,0.36331409135590587,0.2056226597253229,2,1,0.5,1
6,structured,0,5,0.875,10,8,2.0,1.7,2,1,2.5436270632821447,285.4352106741124,1507.4764675067195,0.3888807981793865,-0.1834952386204386,6,0,0.0,0
6,structured,0,6,0.95,10,10,2.0,2.0,0,0,0.0,281.0470491120927,1563.4100717224658,0.419244494115395,0.09850602334295011,5,2,0.4,1
6,structured,0,7,1.025,10,10,2.0,2.0,0,0,0.0,281.0470491120927,1563.3658501104985,0.45529551539484436,0.050805439370075145,6,1,0.16666666666666666,1
6,structured,0,8,1.1,10,9,2.0,1.85,1,1,3.0874553168914645,284.1345044289842,1562.7611192255804,0.49736593083530034,-0.16432104149261362,4,0,0.0,0
6,structured,0,9,1.175,3,9,0.95,1.85,6,1,4.158322039104576,285.20537115119726,1562.4781680523154,0.54503000293607,-0.20645182543365248,6,0,0.0,0
6,structured,0,10,1.25,3,10,0.95,2.0,7,1,3.7180074038955127,295.3806462435823,1685.06663049691,0.5994926535740744,-0.084493135548453,2,0,0.0,0
6,structured,0,11,1.325,10,10,2.0,2.0,0,0,0.0,306.61170713164813,1708.5624907208191,0.6599316891762854,-0.1322262240357926,7,3,0.42857142857142855,1
6,structured,0,12,1.4,5,10,1.25,2.0,5,1,5.953876606571839,312.56558373821997,1708.2893611478326,0.7258347876423065,-0.1764409165930192,5,0,0.0,0
6,structured,0,13,1.475,4,10,1.1,2.0,6,1,15.551429785321204,329.2207416233641,1809.6585716323214,0.7974916239851244,-0.21444932137807937,1,0,0.0,0
6,structured,0,14,1.55,4,10,1.1,2.0,6,1,19.002410652202855,332.67172249024577,1809.2076564630738,0.8743649104555615,-0.2506445117984213,2,0,0.0,0
6,structured,0,15,1.625,4,10,1.1,2.0,6,1,14.809008400585412,339.0614736640607,1930.1651123358965,0.9560698279073164,-0.2788792664727977,6,0,0.0,0
6,structured,0,16,1.7,5,10,1.25,2.0,5,1,29.2347416172492,353.48720688072456,1929.5118610366742,1.0429434082474458,-0.2997888483385729,6,0,0.0,0
6,structured,0,17,1.775,5,0,1.25,0.5,5,1,92.39911006086874,347.213508576819,1934.0353312537657,1.1353986725076106,2.522870929061612,10,0,0.0,1
6,structured,0,18,1.85,5,10,1.25,2.0,5,1,16.53382671887732,363.404482330114,2074.957790167832,1.2335611850291655,-0.3148083532021777,4,0,0.0,0
6,structured,0,19,1.925,6,0,1.4,0.5,6,1,120.93229760018573,377.3571964122222,2194.246937844516,1.3373593908537373,2.8723578043443307,3,0,0.0,1
6,structured,0,20,2.0,6,0,1.4,0.5,6,1,116.10593352804108,388.7614122633771,2508.759569981963,1.4470155301708219,3.0488659128342386,1,0,0.0,1
6,structured,1,0,0.5,10,10,2.0,2.0,0,0,0.0,233.13110826290824,1360.2903406686685,0.32354629846505856,0.5114215402976896,2,0,0.0,0
6,structured,1,1,0.575,10,10,2.0,2.0,0,0,0.0,241.82331276013804,1360.3152452996746,0.3210402532823861,0.44613160110372774,0,0,0.0,0
6,structured,1,2,0.65,10,10,2.0,2.0,0,0,0.0,241.82331276013804,1360.323515431435,0.3249450936445942,0.383057910120562,11,0,0.0,0
6,structured,1,3,0.725,10,10,2.0,2.0,0,0,0.0,244.0594443829138,1358.9037403134905,0.335687816659077,0.3215378900008111,1,0,0.0,0
6,structured,1,4,0.8,10,10,2.0,2.0,0,0,0.0,244.05944438291385,1358.901866209054,0.35291677838861596,0.2627616089970525,4,0,0.0,0
6,structured,1,5,0.875,10,8,2.0,1.7,2,1,2.5436270632821447,244.3669398234202,1359.6514417237242,0.3761234650110126,-0.14030477162238753,8,0,0.0,0
6,structured,1,6,0.95,10,10,2.0,2.0,0,0,0.0,248.04338830376318,1365.4810134985653,0.40468486051820984,0.15580802147610195,6,0,0.0,0
6,structured,1,7,1.025,3,10,0.95,2.0,7,1,0.7449610525031858,248.78834935626637,1365.4423465626542,0.44074828836826657,0.10256896491862996,3,0,0.0,0
6,structured,1,8,1.1,2,10,0.8,2.0,8,1,3.2278212419140573,254.81439851595027,1365.3831708684008,0.4844842034524964,0.044271683166560646,6,0,0.0,0
6,structured,1,9,1.175,2,9,0.8,1.85,7,1,8.381510508273323,256.42489881203653,1364.5606413542653,0.5327591601092342,-0.1823105575131514,4,0,0.0,0
6,structured,1,10,1.25,3,10,0.95,2.0,7,1,3.367522081184802,272.65547873533603,1508.2777427836684,0.5862876674672838,-0.05560630077395473,2,0,0.0,0
6,structured,1,11,1.325,10,10,2.0,2.0,0,0,0.0,282.89158361083025,1508.0559295610365,0.6456131842402889,-0.0943701128692413,12,2,0.16666666666666666,1
6,structured,1,12,1.4,4,9,1.1,1.85,5,1,15.83975857945478,285.127715233606,1506.3063515589843,0.711030634390593,-0.29283072876889604,19,0,0.0,0
6,structured,1,13,1.475,4,10,1.1,2.0,6,1,14.18392606536247,281.04704911209274,1563.2906919592278,0.7824430359159814,-0.14812939280451987,10,0,0.0,0
6,structured,1,14,1.55,4,10,1.1,2.0,6,1,17.63490693224412,284.4980299789744,1563.0350444672874,0.8603268676822367,-0.16064723198304076,7,0,0.0,0
6,structured,1,15,1.625,4,10,1.1,2.0,6,1,9.897585941136242,291.6626388396868,1685.2945232372545,0.9451168783566622,-0.16778434884915572,1,0,0.0,0
6,structured,1,16,1.7,5,0,1.25,0.5,5,1,83.50238069724122,306.61170713164813,1708.9972276836152,1.036664793841373,2.353609656884717,4,0,0.0,1
6,structured,1,17,1.775,7,0,1.55,0.5,7,1,90.559985403636,313.6693118380429,1810.7105748311033,1.1348649182298403,2.5301179352590024,0,0,0.0,1
6,structured,1,18,1.85,6,0,1.4,0.5,6,1,101.21623975051733,324.25246526347536,1932.2136798954912,1.2396507801298822,2.7078812495044016,0,0,0.0,1
6,structured,1,19,1.925,6,0,1.4,0.5,6,1,123.83443009827869,346.87065561123666,2079.248603833058,1.3509295227054856,2.8867682676588355,0,0,0.0,1
6,structured,1,20,2.0,6,0,1.4,0.5,6,1,117.4641656478696,350.59527391077785,2380.760676794507,1.4694050525028937,3.0679059850653907,0,0,0.0,1
6,structured,2,0,0.5,10,10,2.0,2.0,0,0,0.0,184.04304291277606,1094.7955822439335,0.3299122431831366,0.6148784865060248,2,0,0.0,0
6,structured,2,1,0.575,10,10,2.0,2.0,0,0,0.0,194.9478130110616,1136.5354062533709,0.31941554976812747,0.5535878233900746,0,0,0.0,0
6,structured,2,2,0.65,10,10,2.0,2.0,0,0,0.0,194.94781301106167,1136.5573715655473,0.3158807022328402,0.493144857618524,12,0,0.0,0
6,structured,2,3,0.725,10,10,2.0,2.0,0,0,0.0,202.8839947665374,1136.5330565649008,0.3201309581476005,0.4335980167828245,4,0,0.0,0
6,structured,2,4,0.8,10,10,2.0,2.0,0,0,0.0,202.8839947665374,1136.548058800377,0.3326909290874287,0.3743977807119885,7,0,0.0,0
6,structured,2,5,0.875,10,8,2.0,1.7,2,1,6.2678658213598055,201.21567883242147,1136.063100778178,0.3552205149914787,-0.057876297381903474,6,0,0.0,0
6,structured,2,6,0.95,10,10,2.0,2.0,0,0,0.0,217.55684750277763,1237.6542134710526,0.3862436838155123,0.23734045069583098,13,12,0.9230769230769231,1
6,structured,2,7,1.025,10,10,2.0,2.0,0,0,0.0,217.55684750277763,1237.611209105141,0.4244230054914649,0.16922842647734,0,0,0.0,0
6,structured,2,8,1.1,10,10,2.0,2.0,0,0,0.0,223.1093264344069,1237.56164930902,0.46834199294967244,0.10403560090279826,12,12,1.0,1
6,structured,2,9,1.175,2,9,0.8,1.85,7,1,5.479378010180369,223.036225512958,1236.7975368349942,0.5166192906007558,-0.1343927311890768,18,0,0.0,0
6,structured,2,10,1.25,10,10,2.0,2.0,0,0,0.0,233.13110826290824,1360.0898847524622,0.5673200181811787,0.02171091461384067,4,4,1.0,1
6,structured,2,11,1.325,10,10,2.0,2.0,0,0,0.0,241.82331276013804,1360.1039206719047,0.6252264649810229,0.009538898090528214,14,9,0.6428571428571429,1
6,structured,2,12,1.4,4,9,1.1,1.85,5,1,10.928336120005554,244.05944438291382,1358.6804311221917,0.6923471737426684,-0.1756751813750801,2,0,0.0,0
6,structured,2,13,1.475,4,10,1.1,2.0,6,1,12.49377384753069,248.0433883037632,1365.2865830236956,0.768509966788197,0.0037995319050161402,4,0,0.0,0
6,structured,2,14,1.55,5,10,1.25,2.0,5,1,16.036962817803612,251.5865772740362,1365.3015711366138,0.8529842372291753,0.005257766482523074,0,0,0.0,0
6,structured,2,15,1.625,4,10,1.1,2.0,6,1,11.931672481382122,269.28795665415123,1508.4298789741779,0.9436977013333944,-0.0030471201975807993,0,0,0.0,0
6,structured,2,16,1.7,5,10,1.25,2.0,5,1,25.535299438061145,282.89158361083025,1508.3720179947798,1.0405710522161535,-0.008034637383843801,2,0,0.0,0
6,structured,2,17,1.775,5,0,1.25,0.5,5,1,91.9274891235948,266.86312304673027,1564.0411042385151,1.143383055361098,2.5408152335573675,0,0,0.0,1
6,structured,2,18,1.85,6,0,1.4,0.5,6,1,106.82941897541508,281.7650528985506,1686.594729686162,1.2519824101623171,2.7172058403002515,0,0,0.0,1
6,structured,2,19,1.925,6,0,1.4,0.5,6,1,124.53618686372721,299.4718207868627,1835.4707180768537,1.3676190775497374,2.896606869266024,0,0,0.0,1
6,structured,2,20,2.0,6,0,1.4,0.5,6,1,117.4641656478696,301.50720856064567,2125.3551427083034,1.4892907181572834,3.077337416449808,0,0,0.0,1
6,structured,3,0,0.5,10,10,2.0,2.0,0,0,0.0,164.5821784207996,952.9742096553389,0.35880172889583506,0.7490185096010393,2,0,0.0,0
6,structured,3,1,0.575,10,10,2.0,2.0,0,0,0.0,167.70231487269842,953.4750229233919,0.3407989506893081,0.693691129525675,0,0,0.0,0
6,structured,3,2,0.65,10,10,2.0,2.0,0,0,0.0,167.70231487269842,953.50995844469,0.32704742851741464,0.628086889607791,16,0,0.0,0
6,structured,3,3,0.725,10,10,2.0,2.0,0,0,0.0,180.42193700025445,952.221579536939,0.3219646182412674,0.5591654402630548,7,0,0.0,0
6,structured,3,4,0.8,10,10,2.0,2.0,0,0,0.0,180.42193700025445,952.2338265477104,0.3273001665795192,0.479535075723592,6,0,0.0,0
6,structured,3,5,0.875,10,8,2.0,1.7,2,1,13.027117568062437,180.72943244076083,953.1780564555766,0.34481115192829825,0.022681111833939727,1,0,0.0,0
6,structured,3,6,0.95,10,10,2.0,2.0,0,0,0.0,167.693924465748,971.1704246146692,0.3730243553026726,0.3253569955780927,18,17,0.9444444444444444,1
6,structured,3,7,1.025,10,10,2.0,2.0,0,0,0.0,167.693924465748,971.1770581624614,0.40775406610224707,0.2716258920485217,0,0,0.0,0
6,structured,3,8,1.1,10,10,2.0,2.0,0,0,0.0,174.93563392313547,984.1946689508069,0.4495338286980939,0.22607776454401435,5,5,1.0,1
6,structured,3,9,1.175,10,10,2.0,2.0,0,0,0.0,174.93563392313547,984.19836201629,0.4986766862369771,0.1861993842037334,2,2,1.0,1
6,structured,3,10,1.25,10,10,2.0,2.0,0,0,0.0,184.04304291277606,1094.5405518381338,0.5547354699621957,0.14814473903974834,0,0,0.0,0
6,structured,3,11,1.325,10,10,2.0,2.0,0,0,0.0,194.94781301106164,1136.2574712296926,0.6174173458018609,0.11417273066281652,4,3,0.75,1
6,structured,3,12,1.4,4,10,1.1,2.0,6,1,7.9361817554757295,202.8839947665374,1136.2134447450849,0.6864669048491836,0.08337053185628585,1,0,0.0,0
6,structured,3,13,1.475,5,10,1.25,2.0,5,1,17.086058563455424,217.55684750277766,1237.345304527288,0.7618016964865143,0.060442043835202464,13,0,0.0,0
6,structured,3,14,1.55,5,10,1.25,2.0,5,1,22.63853749508462,223.1093264344069,1237.3640057711568,0.8463436657618646,0.05150378849782933,12,0,0.0,0
6,structured,3,15,1.625,4,10,1.1,2.0,6,1,22.690081951502464,233.13110826290824,1360.0281501791928,0.9371761953303777,0.04295861689599301,4,0,0.0,0
6,structured,3,16,1.7,5,10,1.25,2.0,5,1,31.38228644873226,241.82331276013807,1360.070279090847,1.0342043862787258,0.038703061416136775,9,0,0.0,0
6,structured,3,17,1.775,5,0,1.25,0.5,5,1,93.81615261204985,235.54961445623255,1365.2658347004135,1.1374885660238703,2.524858887271635,0,0,0.0,1
6,structured,3,18,1.85,6,10,1.4,2.0,4,1,30.89864219088298,257.3562841727691,1508.4554892087908,1.2492001438395335,0.049506171786492636,0,0,0.0,0
6,structured,3,19,1.925,6,0,1.4,0.5,6,1,120.3901662305542,265.69330229163575,1635.8816669326538,1.3672017024548437,2.8851766060722523,0,0,0.0,1
6,structured,3,20,2.0,6,0,1.4,0.5,6,1,113.73992688979195,278.3221053105916,1972.072712277931,1.4910362477941193,3.0667492334751483,0,0,0.0,1
6,structured,4,0,0.5,10,10,2.0,2.0,0,0,0.0,128.42533002955668,793.3517468005433,0.37622775891768007,0.8040765703213182,2,0,0.0,0
6,structured,4,1,0.575,10,10,2.0,2.0,0,0,0.0,129.6938535895208,794.3623333825955,0.34937452641721756,0.7270997945015615,0,0,0.0,0
6,structured,4,2,0.65,10,10,2.0,2.0,0,0,0.0,129.6938535895208,794.3898279792492,0.33093008305158134,0.648420182641234,23,0,0.0,0
6,structured,4,3,0.725,10,10,2.0,2.0,0,0,0.0,139.35366614956226,793.1200686803772,0.32389300393659193,0.5748528727307446,6,0,0.0,0
6,structured,4,4,0.8,10,10,2.0,2.0,0,0,0.0,139.35366614956223,793.1578027564639,0.328846206778094,0.5140285987333608,0,0,0.0,0
6,structured,4,5,0.875,10,8,2.0,1.7,2,1,9.967308000547831,139.66116159006864,794.2125791340184,0.3439828108127687,0.0703862672066512,1,0,0.0,0
6,structured,4,6,0.95,10,10,2.0,2.0,0,0,0.0,136.37949418317672,795.0268009589618,0.3687515324665662,0.40423728383506186,0,0,0.0,0
6,structured,4,7,1.025,10,10,2.0,2.0,0,0,0.0,136.37949418317672,795.0787434543172,0.4031965491378331,0.3607371925119553,0,0,0.0,0
6,structured,4,8,1.1,3,10,0.95,2.0,7,1,1.9029867941243026,141.7334618441827,795.3833886705177,0.44654385114197026,0.3218586303694032,1,0,0.0,0
6,structured,4,9,1.175,3,9,0.95,1.85,6,1,8.923641877904828,145.30313606108155,794.84954524709,0.49806413212264083,0.08726983249476294,12,0,0.0,0
6,structured,4,10,1.25,3,10,0.95,2.0,7,1,7.881073550916966,164.5821784207996,952.6394690640112,0.556893293969871,0.25040583356995233,1,0,0.0,0
6,structured,4,11,1.325,5,10,1.25,2.0,5,1,3.99915772341771,167.7023148726984,953.0987633624363,0.622330896216837,0.21749568612483927,12,0,0.0,0
6,structured,4,12,1.4,4,9,1.1,1.85,5,1,23.720832130371804,180.42193700025445,951.7804268726827,0.693854901993767,-0.0070407522729099,7,0,0.0,0
6,structured,4,13,1.475,5,10,1.25,2.0,5,1,22.93304557412651,167.69392446574804,970.7269932328552,0.7710627527541285,0.15990842193346033,25,0,0.0,0
6,structured,4,14,1.55,5,0,1.25,0.5,5,1,68.12468436556557,174.93563392313547,983.737382573512,0.854206273097564,2.024095824249006,7,0,0.0,1
6,structured,4,15,1.625,4,10,1.1,2.0,6,1,29.995930132575836,184.04304291277606,1094.0914137767054,0.9440879819044944,0.12036598682252886,0,0,0.0,0
6,structured,4,16,1.7,5,0,1.25,0.5,5,1,81.13637405899215,194.94781301106167,1135.832953593871,1.0426012981281332,2.360121820399268,3,0,0.0,1
6,structured,4,17,1.775,5,0,1.25,0.5,5,1,86.65934998725274,200.47078893932226,1237.005712362453,1.1483248112092999,2.534704608548169,0,0,0.0,1
6,structured,4,18,1.85,6,0,1.4,0.5,6,1,93.05991314243744,210.4410263114058,1359.6586645886107,1.2616844215675234,2.7129976955092703,0,0,0.0,1
6,structured,4,19,1.925,6,0,1.4,0.5,6,1,109.07652881291773,226.45764198188613,1507.6491549324273,1.3808849114356627,2.892108842142923,0,0,0.0,1
6,structured,4,20,2.0,6,0,1.4,0.5,6,1,102.9815174196716,231.40684744922828,1818.016847540487,1.505781679918345,3.0719753433389085,0,0,0.0,1
6,structured,5,0,0.5,10,10,2.0,2.0,0,0,0.0,80.12622074726534,455.8737413916052,0.3832316811603992,0.8237999592634968,2,0,0.0,0
6,structured,5,1,0.575,10,10,2.0,2.0,0,0,0.0,83.28391889047518,548.8892901822159,0.3593068042944148,0.7601016668933462,0,0,0.0,0
6,structured,5,2,0.65,10,10,2.0,2.0,0,0,0.0,83.28391889047518,548.9418843543891,0.3439821077694864,0.7037552360542716,29,0,0.0,0
6,structured,5,3,0.725,10,10,2.0,2.0,0,0,0.0,89.07255581446785,549.335720911188,0.3365048969387674,0.6484217541821545,0,0,0.0,0
6,structured,5,4,0.8,2,10,0.8,2.0,8,1,1.4701673314486357,90.54272314591645,549.3963573567739,0.33826192693058854,0.5941524692238284,0,0,0.0,0
6,structured,5,5,0.875,2,8,0.8,1.7,6,1,9.618798229625895,92.90271712010104,549.0013922153963,0.3508809996780838,0.1451638357563153,0,0,0.0,0
6,structured,5,6,0.95,3,10,0.95,2.0,7,1,4.67749830749824,101.82133218092537,660.273983408637,0.37524656884805213,0.5037140832311102,1,0,0.0,0
6,structured,5,7,1.025,3,10,0.95,2.0,7,1,9.667115684142772,106.8109495575699,660.3718561703729,0.4101264808381144,0.46470434711343706,12,0,0.0,0
6,structured,5,8,1.1,3,10,0.95,2.0,7,1,13.216624211760717,113.81143895206952,660.9938718013071,0.4546973814153867,0.4275372123324779,13,0,0.0,0
6,structured,5,9,1.175,3,9,0.95,1.85,6,1,20.237279295541242,117.38111316896837,660.4205000437387,0.5080894485173474,0.18814233345074438,18,0,0.0,0
6,structured,5,10,1.25,3,10,0.95,2.0,7,1,21.774053057436078,128.42533002955668,792.9810652640672,0.5693031927877371,0.36192374793036325,6,0,0.0,0
6,structured,5,11,1.325,3,10,0.95,2.0,7,1,21.334266836586607,129.6938535895208,793.9605223833083,0.6374407606820731,0.3325198491468869,7,0,0.0,0
6,structured,5,12,1.4,4,9,1.1,1.85,5,1,32.70238917744166,139.35366614956223,792.6626309542847,0.7118702459946458,0.10306574369607224,9,0,0.0,0
6,structured,5,13,1.475,4,10,1.1,2.0,6,1,36.40624895278151,136.37949418317672,794.4523269774697,0.792114067244462,0.28059826904912044,3,0,0.0,0
6,structured,5,14,1.55,4,10,1.1,2.0,6,1,39.85722981966322,139.8304750500584,794.6989373094734,0.8781145117059318,0.2599102347616147,0,0,0.0,0
6,structured,5,15,1.625,4,10,1.1,2.0,6,1,40.55864613186125,156.70110486988264,951.8391175473827,0.9708474770604235,0.244857653259827,0,0,0.0,0
6,structured,5,16,1.7,5,10,1.25,2.0,5,1,47.560698411259295,163.70315714928068,952.2459772939976,1.068838459209232,0.23340950286572015,0,0,0.0,0
6,structured,5,17,1.775,5,0,1.25,0.5,5,1,75.90094051713237,144.76087889162153,969.7818770049099,1.1731527620469517,2.56143796997737,0,0,0.0,1
6,structured,5,18,1.85,5,0,1.25,0.5,5,1,80.84264250191481,154.04711278020025,1093.0147290894433,1.2861760559908257,2.73512867934624,0,0,0.0,1
6,structured,5,19,1.925,6,0,1.4,0.5,6,1,89.88980680781424,163.09427708609968,1241.9683541988852,1.4063831411711376,2.911673984709095,0,0,0.0,1
6,structured,5,20,2.0,5,0,1.25,0.5,5,1,89.13064029848206,169.2568610457474,1498.96444283908,1.532120478280137,3.0889850564711914,0,0,0.0,1
6,structured,6,0,0.5,1,10,0.65,2.0,9,1,6.867493930264757,28.18440326732169,169.7786480655478,0.40925841751409,0.8907030757270973,2,0,0.0,0
6,structured,6,1,0.575,1,10,0.65,2.0,9,1,9.703662779447583,34.63477684160214,208.34627090287475,0.38566749558679847,0.8359955434025613,0,0,0.0,0
6,structured,6,2,0.65,1,10,0.65,2.0,9,1,12.964432624975828,37.895546687130384,208.4132128071151,0.3679453656104476,0.7823170120020699,29,0,0.0,0
6,structured,6,3,0.725,2,10,0.8,2.0,8,1,12.496308194468753,40.65251049389748,254.9005568042544,0.3576885958605207,0.7297143412844941,0,0,0.0,0
6,structured,6,4,0.8,2,10,0.8,2.0,8,1,19.5765232022559,47.732725501684634,254.99393753828477,0.3588853041793298,0.6858019698546208,0,0,0.0,0
6,structured,6,5,0.875,2,10,0.8,2.0,8,1,23.60483311055644,51.76103540998517,255.10466723822668,0.37145409258962586,0.6458818366629043,1,0,0.0,0
6,structured,6,6,0.95,2,10,0.8,2.0,8,1,26.987642726219335,57.968563983129584,310.65160637136955,0.39513269208363194,0.6072130244010463,13,0,0.0,0
6,structured,6,7,1.025,2,10,0.8,2.0,8,1,30.29712168759488,61.27804294450513,310.797728258586,0.42986578825894806,0.5705874847686142,30,0,0.0,0
6,structured,6,8,1.1,3,10,0.95,2.0,7,1,34.53774968116652,68.85993837448918,376.81971906095157,0.47514101852321095,0.5368358719845849,13,0,0.0,0
6,structured,6,9,1.175,3,10,0.95,2.0,7,1,38.88228158496278,73.20447027828544,377.0174703062901,0.5295131503347471,0.5047075042041045,2,0,0.0,0
6,structured,6,10,1.25,3,10,0.95,2.0,7,1,41.70409265324773,80.12622074726534,455.4896957189101,0.592158119569773,0.47523783725030394,8,0,0.0,0
6,structured,6,11,1.325,3,10,0.95,2.0,7,1,41.26430643239826,83.28391889047516,548.4613867132365,0.6625874403032764,0.45030577496058466,2,0,0.0,0
6,structured,6,12,1.4,4,10,1.1,2.0,6,1,47.05294335639093,89.07255581446783,548.7984089079807,0.7395855343125457,0.42736508626955105,0,0,0.0,0
6,structured,6,13,1.475,4,10,1.1,2.0,6,1,52.01755109857881,97.14383387342713,659.5188078137188,0.8231843409202303,0.4075499646596985,0,0,0.0,0
6,structured,6,14,1.55,4,10,1.1,2.0,6,1,55.4685319654605,100.59481474030882,660.032195661134,0.9135870386835403,0.3922124981934083,0,0,0.0,0
6,structured,6,15,1.625,4,10,1.1,2.0,6,1,58.10347831646,106.6512769721206,791.7544654354421,1.0096905791978101,0.3807285968031453,0,0,0.0,0
6,structured,6,16,1.7,4,10,1.1,2.0,6,1,59.811788097273606,108.3595867529342,792.5759122029311,1.1112652060848476,0.37340648594605064,0,0,0.0,0
6,structured,6,17,1.775,5,9,1.25,1.85,4,1,51.42544657473462,99.97324523039521,792.6868276776249,1.2179680230489878,0.18664135147839822,0,0,0.0,0
6,structured,6,18,1.85,5,10,1.25,2.0,5,1,63.228666865282634,116.14245873802139,949.5037582385387,1.3287540871259955,0.36746549002582185,0,0,0.0,0
6,structured,6,19,1.925,6,0,1.4,0.5,6,1,71.9189411328151,89.93628473253207,1032.6897270051372,1.445854478920715,2.944799402132004,0,0,0.0,1
6,structured,6,20,2.0,5,0,1.25,0.5,5,1,75.0475877133415,96.36449705039843,1245.1063045000715,1.5702669057452041,3.118087445698558,0,0,0.0,1
6,structured,7,0,0.5,0,0,0.5,0.5,0,0,0.0,0.0,7.446487419818112,0.4447001592565877,0.18541505117759627,2,2,1.0,1
6,structured,7,1,0.575,1,0,0.65,0.5,1,1,1.429709824048821,1.429709824048821,12.463097448864247,0.41987583753814806,0.2795122142754227,0,0,0.0,1
6,structured,7,2,0.65,1,0,0.65,0.5,1,1,2.9322834916964453,2.9322834916964453,18.94136629515041,0.40097312848852396,0.38368902823170803,29,0,0.0,1
6,structured,7,3,0.725,1,0,0.65,0.5,1,1,4.431820948969644,4.431820948969644,27.67962136266725,0.39327952202703126,0.5051806108051888,0,0,0.0,1
6,structured,7,4,0.8,1,0,0.65,0.5,1,1,5.8736333198421065,5.8736333198421065,38.49259870594286,0.3946953902204526,0.633926585299017,1,0,0.0,1
6,structured,7,5,0.875,2,0,0.8,0.5,2,1,7.442918870566899,7.442918870566899,51.67369443116928,0.4065352741069896,0.7686742045254213,43,0,0.0,1
6,structured,7,6,0.95,2,0,0.8,0.5,2,1,10.398660019931405,10.398660019931405,67.58722874652528,0.42952509989854626,0.9085243807188998,8,0,0.0,1
6,structured,7,7,1.025,2,0,0.8,0.5,2,1,13.181969722919256,13.181969722919256,86.7073995283539,0.46377952748710705,1.0529905958591543,7,0,0.0,1
6,structured,7,8,1.1,2,0,0.8,0.5,2,1,15.733007438348125,15.733007438348125,109.63474822365438,0.5091090541084016,1.201780267246427,10,0,0.0,1
6,structured,7,9,1.175,2,0,0.8,0.5,2,1,18.017343599716973,18.017343599716973,136.9317142062922,0.5639930194703049,1.3536720937984326,0,0,0.0,1
6,structured,7,10,1.25,3,0,0.95,0.5,3,1,21.316909337056927,21.316909337056927,169.34725562208928,0.6273766676330541,1.508129448591494,0,0,0.0,1
6,structured,7,11,1.325,3,0,0.95,0.5,3,1,24.931114062154563,24.931114062154563,207.8549929741519,0.6985530536053164,1.6650261164375486,0,0,0.0,1
6,structured,7,12,1.4,3,0,0.95,0.5,3,1,28.156202299428728,28.156202299428728,254.26787450838344,0.7787945519858547,1.8263356730521334,0,0,0.0,1
6,structured,7,13,1.475,3,0,0.95,0.5,3,1,30.980921256910243,30.980921256910243,309.6883334377749,0.8661128850447962,1.9900698620133976,0,0,0.0,1
6,structured,7,14,1.55,4,0,1.1,0.5,4,1,34.32218869332265,34.32218869332265,375.5387746941548,0.9594894637235328,2.1551493078519295,0,0,0.0,1
6,structured,7,15,1.625,4,0,1.1,0.5,4,1,38.42212809401761,38.42212809401761,453.7784428942218,1.0585929802628806,2.3213885359382767,0,0,0.0,1
6,structured,7,16,1.7,4,0,1.1,0.5,4,1,42.01961245807691,42.01961245807691,546.4649362847515,1.1625476896093387,2.488164523922471,0,0,0.0,1
6,structured,7,17,1.775,4,0,1.1,0.5,4,1,45.12628277484831,45.12628277484831,656.7765500338021,1.2721399267699665,2.6561226036831043,0,0,0.0,1
6,structured,7,18,1.85,5,0,1.25,0.5,5,1,48.54779865566059,48.54779865566059,787.8541923769033,1.3867856000885115,2.8248298447622116,0,0,0.0,1
6,structured,7,19,1.925,5,0,1.25,0.5,5,1,52.913791872738756,52.913791872738756,942.4485035215013,1.5046143715493656,2.9930004597083624,0,0,0.0,1
6,structured,7,20,2.0,5,0,1.25,0.5,5,1,56.69760713183363,56.69760713183363,1127.9798740732947,1.6284744461791723,3.163438942934656,0,0,0.0,1
6,unconstrained,0,0,0.5,10,10,2.0,2.0,0,0,0.0,34.51946799463525,95.66073721669096,0.5761083722369063,0.1129519276873634,4,2,0.5,1
6,unconstrained,0,1,0.575,10,10,2.0,2.0,0,0,0.0,24.684016353329298,87.67997808688227,0.5588242763632082,-0.04718373369641937,11,5,0.45454545454545453,1
6,unconstrained,0,2,0.65,10,10,2.0,2.0,0,0,0.0,24.684016353329298,87.65114841018806,0.4768219217531884,-0.10325022150963514,6,3,0.5,1
6,unconstrained,0,3,0.725,10,10,2.0,2.0,0,0,0.0,22.784405674733875,85.97111293018799,0.42756626076903675,-0.08605490064301846,3,1,0.3333333333333333,1
6,unconstrained,0,4,0.8,10,10,2.0,2.0,0,0,0.0,22.784405674733875,85.96571994633808,0.4278075020642182,-0.07602878516511269,2,1,0.5,1
6,unconstrained,0,5,0.875,10,10,2.0,2.0,0,0,0.0,22.784405674733875,85.95597375802777,0.3500444388420084,-0.07158814172391159,6,2,0.3333333333333333,1
6,unconstrained,0,6,0.95,10,10,2.0,2.0,0,0,0.0,60.454890946564774,120.48809731090512,0.337413217902082,-0.06560763006027692,5,2,0.4,1
6,unconstrained,0,7,1.025,10,10,2.0,2.0,0,0,0.0,60.454890946564774,120.46164491642907,0.34763327484732526,-0.0716295009000098,6,1,0.16666666666666666,1
6,unconstrained,0,8,1.1,10,10,2.0,2.0,0,0,0.0,64.77846439328363,128.77452607546547,0.2891736510341255,-0.09054079565522852,4,1,0.25,1
6,unconstrained,0,9,1.175,3,10,0.95,2.0,7,1,1.482198859120274,66.2606632524039,128.67022744554458,0.3162116186004881,-0.12282873546246942,6,0,0.0,0
6,unconstrained,0,10,1.25,3,6,0.95,1.4,3,1,11.211659991285387,35.895676344614685,103.90730265917585,0.3292474565166127,0.41865615192803407,2,0,0.0,0
6,unconstrained,0,11,1.325,10,5,2.0,1.25,5,1,0.15767706942165205,24.84169342275095,96.16534822011283,0.31514697434469763,0.1457716246498877,7,0,0.0,0
6,unconstrained,0,12,1.4,5,5,1.25,1.25,0,0,0.0,24.684016353329298,94.48771291043329,0.3564411775546221,0.10564911010134415,5,1,0.2,1
6,unconstrained,0,13,1.475,4,7,1.1,1.55,3,1,19.692105969151044,84.47057036243467,150.2360532549215,0.3606488892035908,0.5035501726219151,1,0,0.0,0
6,unconstrained,0,14,1.55,4,6,1.1,1.4,2,1,3.92589622583381,64.38078717239858,133.82064184339248,0.39561071707845996,0.20628904023179118,2,0,0.0,0
6,unconstrained,0,15,1.625,4,8,1.1,1.7,4,1,14.303264908926053,99.23925399623499,173.3804742429876,0.4254037357699444,0.6486251997714421,6,0,0.0,0
6,unconstrained,0,16,1.7,5,7,1.25,1.55,2,1,20.29533359634945,92.65353559572219,161.54524672942063,0.4314523868565046,0.32426201736418125,6,0,0.0,0
6,unconstrained,0,17,1.775,5,9,1.25,1.85,4,1,21.73645614554266,108.33229542103226,187.49177092428778,0.4262035708890784,0.7952070428608686,10,0,0.0,0
6,unconstrained,0,18,1.85,5,8,1.25,1.7,3,1,19.580584995511572,90.70697978201747,172.19862841477573,0.4111567839455964,0.45739218474166154,4,0,0.0,0
6,unconstrained,0,19,1.925,6,7,1.4,1.55,1,1,10.218447763168342,81.34484254967424,159.47647817347217,0.38983976985396485,0.17250001756744737,3,0,0.0,0
6,unconstrained,0,20,2.0,6,9,1.4,1.85,3,1,19.422144414878858,93.19964632854897,177.16358726170438,0.36611593944081566,0.6042678117545681,1,0,0.0,0
6,unconstrained,1,0,0.5,10,10,2.0,2.0,0,0,0.0,33.00355880538507,85.8443857438736,0.562381147807638,0.14983104310905393,2,0,0.0,0
6,unconstrained,1,1,0.575,10,10,2.0,2.0,0,0,0.0,21.624206785814692,77.67903090998624,0.5677647571993201,-0.009932014142824519,0,0,0.0,0
6,unconstrained,1,2,0.65,10,10,2.0,2.0,0,0,0.0,21.624206785814692,77.6608864089493,0.4844302056142946,-0.047576715507541056,11,0,0.0,0
6,unconstrained,1,3,0.725,10,10,2.0,2.0,0,0,0.0,19.72459610721927,75.96881737701784,0.42669832879647385,-0.06361744954430781,1,0,0.0,0
6,unconstrained,1,4,0.8,10,10,2.0,2.0,0,0,0.0,19.72459610721927,75.96613485478446,0.4471498637086253,-0.05434481121412449,4,0,0.0,0
6,unconstrained,1,5,0.875,10,10,2.0,2.0,0,0,0.0,19.72459610721927,75.957057013356,0.3651743980677257,-0.053530666169739005,8,1,0.125,1
6,unconstrained,1,6,0.95,10,10,2.0,2.0,0,0,0.0,59.16241594961798,113.8793690376773,0.3454480687261965,-0.053242277680007,6,0,0.0,0
6,unconstrained,1,7,1.025,3,10,0.95,2.0,7,1,0.7449610525031858,59.907377002121166,113.85521535593165,0.3792305671607965,-0.05997548479800052,3,0,0.0,0
6,unconstrained,1,8,1.1,2,10,0.8,2.0,8,1,3.2278212419140573,42.39266210488722,97.24617082837813,0.31078345199853985,-0.07892853143857415,6,0,0.0,0
6,unconstrained,1,9,1.175,2,7,0.8,1.55,5,1,17.677198812276174,39.30140559809087,92.01300677503002,0.3336616882871458,0.6667869393511654,4,0,0.0,0
6,unconstrained,1,10,1.25,3,6,0.95,1.4,3,1,12.895261208820557,34.51946799463525,95.62483550900174,0.36761420284369134,0.4545551729899242,2,0,0.0,0
6,unconstrained,1,11,1.325,10,5,2.0,1.25,5,1,3.0598095675146055,24.684016353329298,87.69730024413315,0.3349454937566518,0.17024238662429259,12,0,0.0,0
6,unconstrained,1,12,1.4,4,5,1.1,1.25,1,1,1.1601988889192398,22.784405674733875,86.0196649344536,0.3762746148158266,0.12822632029104053,19,0,0.0,0
6,unconstrained,1,13,1.475,4,7,1.1,1.55,3,1,21.29005008359161,60.454890946564774,120.56132709623591,0.3969516492894673,0.5377360458262226,10,0,0.0,0
6,unconstrained,1,14,1.55,4,6,1.1,1.4,2,1,5.6160484436656475,64.77846439328363,128.93056958556082,0.40900773818284286,0.23034741594776698,7,0,0.0,0
6,unconstrained,1,15,1.625,4,8,1.1,1.7,4,1,11.401132410833156,72.35820199937274,141.18316076637103,0.445162927158111,0.6832461783823534,1,0,0.0,0
6,unconstrained,1,16,1.7,5,7,1.25,1.55,2,1,16.57109483827179,84.93598908730894,147.84841484214155,0.4544711087857873,0.35000930467496927,4,0,0.0,0
6,unconstrained,1,17,1.775,7,9,1.55,1.85,2,1,16.669510246395873,71.12639478650595,144.70303161036162,0.4470286542042561,0.8303636884919539,0,0,0.0,0
6,unconstrained,1,18,1.85,6,8,1.4,1.7,2,1,20.129335059606262,86.5958392754896,158.8791472393192,0.4299682477235225,0.4850837207737331,0,0,0.0,0
6,unconstrained,1,19,1.925,6,8,1.4,1.7,2,1,19.320617373560026,73.77750191367011,142.97161151768978,0.4073397164485639,0.41756446843042383,0,0,0.0,0
6,unconstrained,1,20,2.0,6,9,1.4,1.85,3,1,22.32427691297181,63.49348047532885,137.49446585379383,0.38247040249448633,0.6326691179809498,0,0,0.0,0
6,unconstrained,2,0,0.5,10,10,2.0,2.0,0,0,0.0,29.943749237870463,74.454734654481,0.5438923444177791,0.2042556859711293,2,0,0.0,0
6,unconstrained,2,1,0.575,10,10,2.0,2.0,0,0,0.0,16.874245000468306,66.15704692936782,0.5622618948254648,0.08992175865082341,0,0,0.0,0
6,unconstrained,2,2,0.65,10,10,2.0,2.0,0,0,0.0,16.874245000468306,66.14033544320057,0.45722067720290394,0.038879893470166405,12,0,0.0,0
6,unconstrained,2,3,0.725,10,10,2.0,2.0,0,0,0.0,18.698873079950545,64.45029481693547,0.4289942897063247,0.01056057018057377,4,0,0.0,0
6,unconstrained,2,4,0.8,10,10,2.0,2.0,0,0,0.0,18.698873079950545,64.42875940516427,0.4546286881997857,-0.0209607786384578,7,0,0.0,0
6,unconstrained,2,5,0.875,10,10,2.0,2.0,0,0,0.0,18.698873079950545,64.41429503238282,0.35365130095164865,-0.03280031548831519,6,0,0.0,0
6,unconstrained,2,6,0.95,10,10,2.0,2.0,0,0,0.0,38.04886903184098,80.61556438110506,0.3628098318195701,-0.03883162620121228,13,12,0.9230769230769231,1
6,unconstrained,2,7,1.025,10,10,2.0,2.0,0,0,0.0,38.04886903184098,80.5971083073535,0.39662471686368844,-0.044219335097227974,0,0,0.0,0
6,unconstrained,2,8,1.1,10,10,2.0,2.0,0,0,0.0,44.47394054330738,88.73329819651536,0.3259782102644314,-0.06287343856995578,12,12,1.0,1
6,unconstrained,2,9,1.175,2,7,0.8,1.55,5,1,19.367351030107955,36.24159603057626,82.20391084449096,0.3635794645167575,0.7245797039517168,18,0,0.0,0
6,unconstrained,2,10,1.25,10,6,2.0,1.4,4,1,16.129313804916762,33.00355880538507,85.79585613653762,0.39395022259561047,0.4892098860056211,4,0,0.0,0
6,unconstrained,2,11,1.325,10,5,2.0,1.25,5,1,4.749961785346386,21.624206785814692,77.68274538643954,0.3683270616594582,0.19412860613465277,14,0,0.0,0
6,unconstrained,2,12,1.4,4,5,1.1,1.25,1,1,2.8503511067510203,19.72459610721927,76.00511007675999,0.4099316068469032,0.1503050340134564,2,0,0.0,0
6,unconstrained,2,13,1.475,4,7,1.1,1.55,3,1,14.688475406310602,59.16241594961798,113.9391617903085,0.42356160435438045,0.571569381099096,4,0,0.0,0
6,unconstrained,2,14,1.55,5,6,1.25,1.4,1,1,1.1159718311321853,39.164840862973165,97.38298194616237,0.44545978027531125,0.2538404866063191,0,0,0.0,0
6,unconstrained,2,15,1.625,4,8,1.1,1.7,4,1,13.435218951079037,68.36489424903715,125.56866625854758,0.47612745994477507,0.7205182700090202,0,0,0.0,0
6,unconstrained,2,16,1.7,5,7,1.25,1.55,2,1,14.561804876915517,60.95706958853958,113.76644789262463,0.48132316292274724,0.375110351707693,2,0,0.0,0
6,unconstrained,2,17,1.775,5,9,1.25,1.85,4,1,18.037013966354664,66.46650421588333,129.28030107577433,0.47140793166603995,0.871852677076836,0,0,0.0,0
6,unconstrained,2,18,1.85,6,8,1.4,1.7,2,1,25.04075751905549,54.45688454011008,114.22387645795533,0.4520994966198316,0.5120290527766613,0,0,0.0,0
6,unconstrained,2,19,1.925,6,7,1.4,1.55,1,1,11.753076541302448,41.16920356235704,101.13057639060196,0.4276089845265243,0.21280976369899385,0,0,0.0,0
6,unconstrained,2,20,2.0,6,9,1.4,1.85,3,1,24.01442913080359,57.46608618474744,121.88614619643431,0.40095736047243774,0.6617512498916569,0,0,0.0,0
6,unconstrained,3,0,0.5,10,10,2.0,2.0,0,0,0.0,28.91802621060171,61.41746359047525,0.5266034433460071,0.320504927447393,2,0,0.0,0
6,unconstrained,3,1,0.575,10,10,2.0,2.0,0,0,0.0,11.966606145700325,53.108863846347646,0.5522995171230812,0.2248155407403447,0,0,0.0,0
6,unconstrained,3,2,0.65,10,10,2.0,2.0,0,0,0.0,11.966606145700325,53.08432016084532,0.42576762247697575,0.13908831395916077,16,0,0.0,0
6,unconstrained,3,3,0.725,10,10,2.0,2.0,0,0,0.0,20.550485971885166,51.400237704278936,0.43555676000779214,0.10280976233462513,7,0,0.0,0
6,unconstrained,3,4,0.8,10,10,2.0,2.0,0,0,0.0,20.550485971885223,51.3891592121779,0.4659812304164588,0.06905303254978779,6,0,0.0,0
6,unconstrained,3,5,0.875,10,10,2.0,2.0,0,0,0.0,20.550485971885195,51.363617494978854,0.35579757097622905,0.029011401262001968,1,1,1.0,1
6,unconstrained,3,6,0.95,10,10,2.0,2.0,0,0,0.0,38.44654625272594,70.37458355775212,0.3878955984709702,-0.01133007049628032,18,17,0.9444444444444444,1
6,unconstrained,3,7,1.025,10,7,2.0,1.55,3,1,17.94676065011828,29.913366795818575,62.586984491784364,0.41743783536669976,0.6719489157043801,0,0,0.0,0
6,unconstrained,3,8,1.1,10,10,2.0,2.0,0,0,0.0,20.458261127437424,53.56504102529465,0.35499741725645123,-0.045836885751871254,5,5,1.0,1
6,unconstrained,3,9,1.175,10,7,2.0,1.55,3,1,20.51342355191281,32.48002969761316,70.83610405274587,0.3978568526042952,0.778843725310252,2,0,0.0,0
6,unconstrained,3,10,1.25,10,6,2.0,1.4,4,1,17.977143092170138,29.943749237870463,74.38669754959597,0.4052577430815896,0.522063210973982,0,0,0.0,0
6,unconstrained,3,11,1.325,10,5,2.0,1.25,5,1,4.907638854767981,16.874245000468306,66.12168364703206,0.4101454081396243,0.2174575592725203,4,0,0.0,0
6,unconstrained,3,12,1.4,4,5,1.1,1.25,1,1,6.7322669342502195,18.698873079950545,64.44404356898093,0.44667541802342675,0.17190672390697692,1,0,0.0,0
6,unconstrained,3,13,1.475,5,7,1.25,1.55,2,1,17.590607904403555,38.04886903184098,80.6594864433905,0.44642149954708865,0.6042953843644248,13,0,0.0,0
6,unconstrained,3,14,1.55,5,6,1.25,1.4,1,1,6.027394290581412,44.47394054330738,88.84314810690978,0.48696923191770236,0.2767941380531207,12,0,0.0,0
6,unconstrained,3,15,1.625,4,8,1.1,1.7,4,1,20.036793628360044,46.395264711624066,89.56903077570547,0.5118072838031617,0.7564508180512237,4,0,0.0,0
6,unconstrained,3,16,1.7,5,7,1.25,1.55,2,1,14.561804876915517,54.92967529795811,96.04870402567036,0.5122266265736374,0.39959673343904445,9,0,0.0,0
6,unconstrained,3,17,1.775,5,7,1.25,1.55,2,1,3.057655937790571,29.416127021054592,82.52178093527954,0.4980005698143555,0.33724199095923746,0,0,0.0,0
6,unconstrained,3,18,1.85,6,8,1.4,1.7,2,1,26.73090973688727,48.42949024952867,96.51231926702644,0.4751341268601188,0.5382673436654017,0,0,0.0,0
6,unconstrained,3,19,1.925,6,7,1.4,1.55,1,1,11.753076541302448,33.45165705394385,83.23342654830589,0.44792458538710417,0.23237106292056176,0,0,0.0,0
6,unconstrained,3,20,2.0,6,9,1.4,1.85,3,1,28.171263923642925,57.70154719486072,110.46915822294545,0.41923100771476524,0.6900113724848689,0,0,0.0,0
6,unconstrained,4,0,0.5,10,10,2.0,2.0,0,0,0.0,15.26803401805688,32.068695878336,0.5240029630089045,0.456184582332156,2,0,0.0,0
6,unconstrained,4,1,0.575,10,10,2.0,2.0,0,0,0.0,11.966606145700325,38.523550139271634,0.5041534593006837,0.36118497165428876,0,0,0.0,0
6,unconstrained,4,2,0.65,10,10,2.0,2.0,0,0,0.0,11.966606145700325,38.505492959039316,0.40938561990108785,0.26938618297597183,23,0,0.0,0
6,unconstrained,4,3,0.725,10,10,2.0,2.0,0,0,0.0,17.49067640437059,36.900145794430784,0.4439005888080208,0.21335521585991146,6,0,0.0,0
6,unconstrained,4,4,0.8,10,10,2.0,2.0,0,0,0.0,17.49067640437059,36.89555085716984,0.45090074571956834,0.16873946446709343,0,0,0.0,0
6,unconstrained,4,5,0.875,10,10,2.0,2.0,0,0,0.0,17.49067640437059,36.87787480731393,0.3766799105515078,0.12021549595315328,1,1,1.0,1
6,unconstrained,4,6,0.95,10,10,2.0,2.0,0,0,0.0,12.740714619024203,33.54163937290525,0.41825769702771426,0.069902524849001,0,0,0.0,0
6,unconstrained,4,7,1.025,10,7,2.0,1.55,3,1,13.196798864771893,25.163405010472218,49.67267263030661,0.3940229045540212,0.7571375123492061,0,0,0.0,0
6,unconstrained,4,8,1.1,3,6,0.95,1.4,3,1,12.58584831750727,27.85388233556415,52.31235503744844,0.39479190062494224,0.6648209416306932,1,0,0.0,0
6,unconstrained,4,9,1.175,3,7,0.95,1.55,4,1,19.90948239973946,31.876088545439785,57.92180106043921,0.4331202869468872,0.8303142771713787,12,0,0.0,0
6,unconstrained,4,10,1.25,3,6,0.95,1.4,3,1,16.951420064901384,28.91802621060171,61.3040272667925,0.4134885874806457,0.5515274608162888,1,0,0.0,0
6,unconstrained,4,11,1.325,5,5,1.25,1.25,0,0,0.0,11.966606145700325,53.01411502591071,0.453686543104928,0.24025458693273727,12,0,0.0,0
6,unconstrained,4,12,1.4,4,5,1.1,1.25,1,1,8.58387982618487,20.550485971885195,51.336479716231196,0.48205549581054674,0.19305169520693433,7,0,0.0,0
6,unconstrained,4,13,1.475,5,7,1.25,1.55,2,1,21.38225818698288,38.446546252725966,70.38757557777075,0.48506098030623,0.63512080157096,25,0,0.0,0
6,unconstrained,4,14,1.55,5,6,1.25,1.4,1,1,7.717546508413193,20.458261127437424,53.64580422666654,0.5297113036041913,0.2992328568348248,7,0,0.0,0
6,unconstrained,4,15,1.625,4,8,1.1,1.7,4,1,25.88378063903116,40.367870421042625,69.933618375426,0.5459922546212261,0.7910366985879493,0,0,0.0,0
6,unconstrained,4,16,1.7,5,6,1.25,1.4,1,1,9.294183017520936,26.35847108326402,57.945825668682744,0.5406644797648201,0.201826144530318,3,0,0.0,0
6,unconstrained,4,17,1.775,5,7,1.25,1.55,2,1,7.214490730629905,21.6985805126414,62.70697438521978,0.5225986307472127,0.3593334190763815,0,0,0.0,0
6,unconstrained,4,18,1.85,6,8,1.4,1.7,2,1,26.73090973688727,44.50811646680262,82.99209490437744,0.4971337979478296,0.5638347519545799,0,0,0.0,0
6,unconstrained,4,19,1.925,6,7,1.4,1.55,1,1,11.753076541302448,29.530283271217797,69.5276154470705,0.4676791663140936,0.2515571062097619,0,0,0.0,0
6,unconstrained,4,20,2.0,6,7,1.4,1.55,1,1,9.588409414348291,27.36561614426364,67.43119055726919,0.4370878446155397,0.20986604811932885,0,0,0.0,0
6,unconstrained,5,0,0.5,10,10,2.0,2.0,0,0,0.0,5.44080598509143,14.64311765077835,0.5413492110646623,0.5976714076322565,2,0,0.0,0
6,unconstrained,5,1,0.575,10,10,2.0,2.0,0,0,0.0,8.906796578185705,22.481467412830327,0.421760665874661,0.500770864626831,0,0,0.0,0
6,unconstrained,5,2,0.65,10,10,2.0,2.0,0,0,0.0,8.906796578185705,22.47162267976445,0.43632680089842907,0.4043646397101539,29,0,0.0,0
6,unconstrained,5,3,0.725,10,10,2.0,2.0,0,0,0.0,8.58387982618487,20.87743803461086,0.46730248851882944,0.3241027609765609,0,0,0.0,0
6,unconstrained,5,4,0.8,2,3,0.8,0.95,1,1,4.410306441854345,18.37173932093947,29.881809116818886,0.3805582589841777,0.18641658261890548,0,0,0.0,0
6,unconstrained,5,5,0.875,2,4,0.8,1.1,2,1,5.255846342647374,18.371145006622328,34.20773349589183,0.4113423245935881,0.3595675788287376,0,0,0.0,0
6,unconstrained,5,6,0.95,3,5,0.95,1.25,2,1,13.413159175385886,23.538628009870706,36.315735428645326,0.44791332064991163,0.5560759551662917,1,0,0.0,0
6,unconstrained,5,7,1.025,3,5,0.95,1.25,2,1,13.924619227709798,24.05008806219459,36.94139380677245,0.39651847085387953,0.49762394026586376,12,0,0.0,0
6,unconstrained,5,8,1.1,3,4,0.95,1.1,1,1,2.5901288776568947,12.715597712141715,29.00957149880307,0.4397680163016189,0.20202684262678705,13,0,0.0,0
6,unconstrained,5,9,1.175,3,4,0.95,1.1,1,1,1.2151863630380433,11.340655197522835,27.58594293212596,0.46651140627958443,0.16000278057925188,18,0,0.0,0
6,unconstrained,5,10,1.25,3,5,0.95,1.25,2,1,9.82722803296545,15.26803401805688,31.895146720676507,0.45404450269548047,0.3153725093013273,6,0,0.0,0
6,unconstrained,5,11,1.325,3,5,0.95,1.25,2,1,3.059809567514634,11.966606145700325,38.36004429144708,0.4982342709790988,0.2614354587410226,7,0,0.0,0
6,unconstrained,5,12,1.4,4,5,1.1,1.25,1,1,8.583879826184898,17.49067640437059,36.760109596696765,0.5106582972957892,0.21375879940651998,9,0,0.0,0
6,unconstrained,5,13,1.475,4,5,1.1,1.25,1,1,4.156834792839334,12.740714619024203,33.458143990007926,0.5358172290345543,0.17265008576065677,3,0,0.0,0
6,unconstrained,5,14,1.55,4,6,1.1,1.4,2,1,9.772883236504981,17.064288065743085,41.509286122277274,0.5713279445147645,0.3211791765433616,0,0,0.0,0
6,unconstrained,5,15,1.625,4,6,1.1,1.4,2,1,12.924985769614636,20.21639059885274,39.68834263792499,0.5779638597548554,0.26715357428344344,0,0,0.0,0
6,unconstrained,5,16,1.7,5,6,1.25,1.4,1,1,9.29418301752088,14.484089782011495,36.2133505852978,0.5673294337611215,0.22090253171462138,0,0,0.0,0
6,unconstrained,5,17,1.775,5,7,1.25,1.55,2,1,15.642803265613054,17.77720672991535,47.08350066343996,0.5455842909704195,0.3809472797604685,0,0,0.0,0
6,unconstrained,5,18,1.85,5,7,1.25,1.55,2,1,16.9574843775693,19.09188784187154,45.15473940349506,0.5175846612354138,0.3217484941814912,0,0,0.0,0
6,unconstrained,5,19,1.925,6,7,1.4,1.55,1,1,12.641132592134966,33.050619857072945,63.99176583277347,0.48647968830386223,0.2703820215903141,0,0,0.0,0
6,unconstrained,5,20,2.0,5,7,1.25,1.55,2,1,10.900887889645503,31.310375154583483,61.895340942972155,0.45454607207162406,0.22755001955385712,0,0,0.0,0
6,unconstrained,6,0,0.5,1,2,0.65,0.8,1,1,2.982836656680192,7.4148335663478235,12.372337775432086,0.4826269434186739,0.2006461497156029,2,0,0.0,1
6,unconstrained,6,1,0.575,1,1,0.65,0.65,0,0,0.0,4.431996909667646,5.840170729965848,0.4675049915527818,0.004450539252156105,0,0,0.0,1
6,unconstrained,6,2,0.65,1,3,0.65,0.95,2,1,8.043776487292575,9.516973279988619,14.171686738459059,0.4900307445832043,0.31354499030513283,29,0,0.0,0
6,unconstrained,6,3,0.725,2,4,0.8,1.1,2,1,10.89097125597334,10.89097125597334,17.46104262698394,0.43979353122462433,0.5104181728474546,0,0,0.0,0
6,unconstrained,6,4,0.8,2,3,0.8,0.95,1,1,5.883503234550375,5.883503234550375,11.67723654285615,0.43771243296715495,0.20870081703295984,0,0,0.0,0
6,unconstrained,6,5,0.875,2,4,0.8,1.1,2,1,9.469222706935568,13.961432879085137,21.834166913556828,0.46979956504906967,0.3858470631324411,1,0,0.0,0
6,unconstrained,6,6,0.95,2,3,0.8,0.95,1,1,2.2353663627850437,2.2353663627850437,8.786792444720064,0.4439652645990559,0.12621390735200055,13,0,0.0,0
6,unconstrained,6,7,1.025,2,4,0.8,1.1,2,1,8.623088491825385,13.11529866397494,20.203668031476823,0.45589628318276726,0.27226799310329985,30,0,0.0,0
6,unconstrained,6,8,1.1,3,4,0.95,1.1,1,1,7.501551337106179,10.125468834484792,17.923380805660955,0.48895916539025336,0.22219465446873254,13,0,0.0,0
6,unconstrained,6,9,1.175,3,4,0.95,1.1,1,1,6.126608822487327,8.75052631986594,16.49975223898386,0.48303774839832775,0.1787196676756957,2,0,0.0,0
6,unconstrained,6,10,1.25,3,4,0.95,1.1,1,1,4.776062408525405,5.440805985091444,14.397560032358754,0.515779471952194,0.14277988378414008,8,0,0.0,0
6,unconstrained,6,11,1.325,3,5,0.95,1.25,2,1,8.906796578185691,8.906796578185691,22.237167290198784,0.5480268806288576,0.2812573702488246,2,0,0.0,0
6,unconstrained,6,12,1.4,4,5,1.1,1.25,1,1,8.58387982618487,8.58387982618487,20.652043157582256,0.5519584329200045,0.23237365265155052,0,0,0.0,0
6,unconstrained,6,13,1.475,4,5,1.1,1.25,1,1,7.291404829238104,7.291404829238104,19.589532837522967,0.5967223079807381,0.19117924012933996,0,0,0.0,0
6,unconstrained,6,14,1.55,4,5,1.1,1.25,1,1,5.189906764490587,5.189906764490587,18.04473401252517,0.6180115572945611,0.15756973777568106,0,0,0.0,0
6,unconstrained,6,15,1.625,4,4,1.1,1.1,0,0,0.0,0.0,12.27047152148802,0.6145334153302284,0.07668024722794087,0,0,0.0,0
6,unconstrained,6,16,1.7,4,5,1.1,1.25,1,1,0.8880560508324891,2.1344034643022667,18.672214242973553,0.595986626733385,0.11463918623535019,0,0,0.0,0
6,unconstrained,6,17,1.775,5,7,1.25,1.55,2,1,20.40948726493798,20.40948726493798,39.629982515817716,0.5691635063393795,0.402103912450269,0,0,0.0,0
6,unconstrained,6,18,1.85,5,6,1.25,1.4,1,1,5.196045451851603,5.196045451851603,24.84955724790109,0.5375743563850198,0.1703804475442423,0,0,0.0,0
6,unconstrained,6,19,1.925,6,6,1.4,1.4,0,0,0.0,0.0,24.663239941062216,0.5041705366555055,0.1486640745092851,0,0,0.0,0
6,unconstrained,6,20,2.0,5,6,1.25,1.4,1,1,0.4244224244647512,0.4244224244647512,24.095448929313704,0.4710434247926262,0.13501145199821085,0,0,0.0,0
6,unconstrained,7,0,0.5,0,1,0.5,0.65,1,1,0.011456373923373064,0.011456373923373064,2.1358284678137522,0.5330512912980339,0.05680504112732443,2,0,0.0,1
6,unconstrained,7,1,0.575,1,2,0.65,0.8,1,1,5.542421472145598,5.542421472145598,7.129511642127042,0.5481836951822782,0.1876793905987575,0,0,0.0,1
6,unconstrained,7,2,0.65,1,2,0.65,0.8,1,1,4.431996909667632,4.431996909667632,5.661409760729022,0.5315606639628935,0.1355474893233346,29,0,0.0,1
6,unconstrained,7,3,0.725,1,2,0.65,0.8,1,1,3.052791619054844,3.052791619054844,4.308377066932138,0.4967251728252333,0.09445839036069259,0,0,0.0,1
6,unconstrained,7,4,0.8,1,2,0.65,0.8,1,1,1.4731967926960507,1.4731967926960507,3.325330208581967,0.5228645846618383,0.06712539542110374,1,0,0.0,1
6,unconstrained,7,5,0.875,2,2,0.8,0.8,0,0,0.0,0.0,2.563290514215666,0.5213592194183538,0.04801988015500136,43,43,1.0,1
6,unconstrained,7,6,0.95,2,2,0.8,0.8,0,0,0.0,0.0,2.0776327524727876,0.5065490601345773,0.036399959888719025,8,8,1.0,1
6,unconstrained,7,7,1.025,2,3,0.8,0.95,1,1,4.492210172149562,4.492210172149562,6.595429665694567,0.5374923870351463,0.11296027166326006,7,0,0.0,0
6,unconstrained,7,8,1.1,2,3,0.8,0.95,1,1,2.6239174973786135,2.6239174973786135,5.602522525238577,0.5421649814371066,0.0889252156351601,10,0,0.0,0
6,unconstrained,7,9,1.175,2,3,0.8,0.95,1,1,0.664743576566039,0.664743576566039,4.9067016922965365,0.5460843074424161,0.07273416446398429,0,0,0.0,0
6,unconstrained,7,10,1.25,3,3,0.95,0.95,0,0,0.0,0.0,4.591741548704221,0.5829451644048859,0.06402143546831596,0,0,0.0,0
6,unconstrained,7,11,1.325,3,3,0.95,0.95,0,0,0.0,0.0,4.71125417139676,0.593476813776691,0.06218596686394395,0,0,0.0,0
6,unconstrained,7,12,1.4,3,3,0.95,0.95,0,0,0.0,0.0,5.273050306488912,0.6153420171787557,0.06627994380966307,0,0,0.0,0
6,unconstrained,7,13,1.475,3,4,0.95,1.1,1,1,1.2463474134697634,1.2463474134697634,8.03508970297699,0.6560267394941712,0.09713706561270907,0,0,0.0,0
6,unconstrained,7,14,1.55,4,4,1.1,1.1,0,0,0.0,0.0,7.948518068703265,0.6642760057404232,0.09088147143170922,0,0,0.0,0
6,unconstrained,7,15,1.625,4,4,1.1,1.1,0,0,0.0,0.0,8.358338878573335,0.6518448916440094,0.09093415534259996,0,0,0.0,0
6,unconstrained,7,16,1.7,4,4,1.1,1.1,0,0,0.0,0.0,9.301027562026121,0.6272985535880597,0.09678737450052388,0,0,0.0,0
6,unconstrained,7,17,1.775,4,4,1.1,1.1,0,0,0.0,0.0,10.759064713787765,0.5957141435372938,0.10757854675251544,0,0,0.0,0
6,unconstrained,7,18,1.85,5,5,1.25,1.25,0,0,0.0,0.0,12.125517943044443,0.5605413431417594,0.11639616926048024,0,0,0.0,0
6,unconstrained,7,19,1.925,5,5,1.25,1.25,0,0,0.0,0.0,12.995872308552592,0.5242144215792858,0.11919748569616573,0,0,0.0,0
6,unconstrained,7,20,2.0,5,5,1.25,1.25,0,0,0.0,0.0,14.461166706475822,0.48837791416315013,0.12733119577131102,0,0,0.0,0
7,structured,0,0,0.5,10,10,2.0,2.0,0,0,0.0,241.47322831232086,1141.0016735831323,0.32429203216006747,0.39347205177478917,4,2,0.5,1
7,structured,0,1,0.575,10,10,2.0,2.0,0,0,0.0,259.2873910427212,1169.8132899899335,0.3352124810201789,0.32217968250082585,4,2,0.5,1
7,structured,0,2,0.65,10,10,2.0,2.0,0,0,0.0,259.2873910427212,1169.805330372968,0.35219022943149625,0.2521331868052037,8,3,0.375,1
7,structured,0,3,0.725,10,10,2.0,2.0,0,0,0.0,263.49933404011927,1169.4310764432405,0.3728292113873787,0.18599408603901746,9,4,0.4444444444444444,1
7,structured,0,4,0.8,10,9,2.0,1.85,1,1,4.378060211113734,263.665451253835,1169.6202193034678,0.39427483188283413,-0.035556917332444093,3,0,0.0,0
7,structured,0,5,0.875,10,8,2.0,1.7,2,1,2.5436270632821447,261.8310181060034,1168.912389138726,0.41759669959248147,-0.2475707302927186,3,0,0.0,0
7,structured,0,6,0.95,10,10,2.0,2.0,0,0,0.0,278.9942930363443,1244.5429769268726,0.4441833402797106,0.03557251000395378,7,1,0.14285714285714285,1
7,structured,0,7,1.025,10,10,2.0,2.0,0,0,0.0,278.9942930363443,1244.4882104187795,0.4754538793247883,-0.009060009721201912,4,2,0.5,1
7,structured,0,8,1.1,10,9,2.0,1.85,1,1,3.0874553168914645,282.08174835323575,1243.7892955584032,0.5132207628806454,-0.22778811343478306,4,0,0.0,0
7,structured,0,9,1.175,3,9,0.95,1.85,6,1,4.158322039104576,283.1526150754488,1243.458023143998,0.5549705737629416,-0.27376645838430147,2,0,0.0,0
7,structured,0,10,1.25,3,10,0.95,2.0,7,1,3.7180074038955127,292.9165580309267,1331.0320013971368,0.6007759274785357,-0.14661550728920153,4,0,0.0,0
7,structured,0,11,1.325,10,10,2.0,2.0,0,0,0.0,305.88465603166765,1360.4739508315186,0.6512862362160287,-0.1881859078619923,5,2,0.4,1
7,structured,0,12,1.4,5,10,1.25,2.0,5,1,5.953876606571839,311.8385326382395,1360.102800704943,0.711046075357162,-0.2515346694656757,2,0,0.0,0
7,structured,0,13,1.475,4,10,1.1,2.0,6,1,15.551429785321204,328.49369052338363,1433.4526086854646,0.7767695673801785,-0.32936278561508436,2,0,0.0,0
7,structured,0,14,1.55,4,10,1.1,2.0,6,1,19.002410652202855,331.9446713902653,1432.7615509323703,0.8440825291511969,-0.39684138358696386,2,0,0.0,0
7,structured,0,15,1.625,4,10,1.1,2.0,6,1,14.809008400585412,338.6979481140705,1518.3019834428962,0.9140248347744018,-0.4591075154867499,8,0,0.0,0
7,structured,0,16,1.7,5,10,1.25,2.0,5,1,29.2347416172492,353.1236813307343,1517.219042259488,0.9876785345795627,-0.5123604457606472,5,0,0.0,0
7,structured,0,17,1.775,5,0,1.25,0.5,5,1,92.39911006086874,322.983804605437,1496.8773553092503,1.064795714910198,2.3015979849045722,8,0,0.0,1
7,structured,0,18,1.85,5,10,1.25,2.0,5,1,16.53382671887732,363.0409567801238,1615.846919098776,1.1451305991895564,-0.608970603736356,5,0,0.0,0
7,structured,0,19,1.925,6,0,1.4,0.5,6,1,120.93229760018573,353.49101799083047,1680.5682791224601,1.2286836256831033,2.614817128852793,6,0,0.0,1
7,structured,0,20,2.0,6,0,1.4,0.5,6,1,116.10593352804108,357.5791618403619,1887.475103964895,1.3153265970964778,2.7721754338350753,5,0,0.0,1
7,structured,1,0,0.5,10,10,2.0,2.0,0,0,0.0,233.13110826290824,1069.9134403057,0.3269523764331678,0.5113661830988021,2,0,0.0,0
7,structured,1,1,0.575,10,10,2.0,2.0,0,0,0.0,241.82331276013804,1068.7568971923367,0.3244973953194588,0.45531451213345364,0,0,0.0,0
7,structured,1,2,0.65,10,10,2.0,2.0,0,0,0.0,241.82331276013804,1068.772940067799,0.3270628358815667,0.40199123105462164,12,0,0.0,0
7,structured,1,3,0.725,10,10,2.0,2.0,0,0,0.0,244.0594443829138,1067.5411103038393,0.3348920999326066,0.3510646204719199,2,0,0.0,0
7,structured,1,4,0.8,10,10,2.0,2.0,0,0,0.0,244.05944438291385,1067.5601690526248,0.3468609187040861,0.30892041264414905,3,0,0.0,0
7,structured,1,5,0.875,10,8,2.0,1.7,2,1,2.5436270632821447,244.3669398234202,1068.2099422878225,0.3664233847847855,-0.1004106250447121,8,0,0.0,0
7,structured,1,6,0.95,10,10,2.0,2.0,0,0,0.0,224.17720988237144,1051.6759949382615,0.3999856508654269,0.18230777742067567,4,0,0.0,0
7,structured,1,7,1.025,3,10,0.95,2.0,7,1,0.7449610525031858,224.92217093487463,1051.603511783974,0.4404377515994866,0.10405291045755716,0,0,0.0,0
7,structured,1,8,1.1,2,9,0.8,1.85,7,1,6.407484662196794,230.58469454456826,1050.9499263691982,0.4865777004520308,-0.152878901011618,7,0,0.0,0
7,structured,1,9,1.175,2,9,0.8,1.85,7,1,8.381510508273323,232.55872039064477,1050.5567873197087,0.5374025341362639,-0.22815222581768402,4,0,0.0,0
7,structured,1,10,1.25,3,10,0.95,2.0,7,1,3.367522081184802,241.47322831232083,1140.8569242275375,0.5921363959800169,-0.12865162159311117,2,0,0.0,0
7,structured,1,11,1.325,10,10,2.0,2.0,0,0,0.0,259.2873910427212,1169.6704168859444,0.6476249408971404,-0.19067832184854766,7,0,0.0,0
7,structured,1,12,1.4,4,10,1.1,2.0,6,1,4.211942997398069,263.4993340401193,1169.3107122816773,0.707701943701357,-0.2502992028005393,21,0,0.0,0
7,structured,1,13,1.475,4,10,1.1,2.0,6,1,14.18392606536247,278.9942930363443,1244.5012165970377,0.77194226229835,-0.30766817046371575,8,0,0.0,0
7,structured,1,14,1.55,4,10,1.1,2.0,6,1,17.63490693224412,282.445273903226,1243.8780749988045,0.84016339931715,-0.36363590354367303,12,0,0.0,0
7,structured,1,15,1.625,4,10,1.1,2.0,6,1,9.897585941136242,289.1985506270312,1331.4155840922392,0.9121035835869084,-0.4178844939752109,3,0,0.0,0
7,structured,1,16,1.7,5,0,1.25,0.5,5,1,83.50238069724122,305.88465603166765,1361.0760511995422,0.9875454461139878,2.166054281134641,5,0,0.0,1
7,structured,1,17,1.775,7,0,1.55,0.5,7,1,90.559985403636,312.94226073806243,1434.9820863353118,1.0663728264419718,2.3222202684414937,0,0,0.0,1
7,structured,1,18,1.85,6,0,1.4,0.5,6,1,101.21623975051733,323.8889397134851,1521.4009255103952,1.1484764560960934,2.4790442760430436,0,0,0.0,1
7,structured,1,19,1.925,6,0,1.4,0.5,6,1,123.83443009827869,346.5071300612464,1623.093137045618,1.2336815665375775,2.636202257774606,0,0,0.0,1
7,structured,1,20,2.0,6,0,1.4,0.5,6,1,117.4641656478696,350.59527391077785,1833.6050565891046,1.3218929441512026,2.7936330986787725,0,0,0.0,1
7,structured,2,0,0.5,10,10,2.0,2.0,0,0,0.0,184.04304291277606,871.2420569749021,0.3459519149231943,0.6631110622302576,2,0,0.0,0
7,structured,2,1,0.575,10,10,2.0,2.0,0,0,0.0,194.58428746107137,901.8499660603314,0.33036187084367685,0.5608142852311295,0,0,0.0,0
7,structured,2,2,0.65,10,10,2.0,2.0,0,0,0.0,194.58428746107143,901.8469489201153,0.32778964694448964,0.46651918938344084,14,0,0.0,0
7,structured,2,3,0.725,10,10,2.0,2.0,0,0,0.0,202.52046921654716,901.5089507076652,0.3375342719758435,0.3747844394026433,3,0,0.0,0
7,structured,2,4,0.8,10,9,2.0,1.85,1,1,8.102298969191395,202.68658643026282,901.7164232180562,0.3591667456352174,0.09874187693611611,8,0,0.0,0
7,structured,2,5,0.875,10,8,2.0,1.7,2,1,6.2678658213598055,200.85215328243123,901.059706688616,0.38746801772414047,-0.15881841996170543,4,0,0.0,0
7,structured,2,6,0.95,10,10,2.0,2.0,0,0,0.0,217.1933219527874,979.522034558073,0.42059353403923855,0.12064503159769763,11,9,0.8181818181818182,1
7,structured,2,7,1.025,10,10,2.0,2.0,0,0,0.0,217.1933219527874,979.4422143104322,0.4591114601632684,0.046107622144406446,0,0,0.0,0
7,structured,2,8,1.1,10,9,2.0,1.85,1,1,5.18895338163901,222.38227533442642,978.7296146706503,0.5028410377711763,-0.20386848732840274,9,0,0.0,0
7,structured,2,9,1.175,2,9,0.8,1.85,7,1,5.479378010180369,222.67269996296776,978.3884079381793,0.5458026734428305,-0.25657741639801157,19,0,0.0,0
7,structured,2,10,1.25,10,10,2.0,2.0,0,0,0.0,233.13110826290824,1069.7130121056537,0.5942987371419893,-0.13439076308129105,5,5,1.0,1
7,structured,2,11,1.325,10,10,2.0,2.0,0,0,0.0,241.82331276013804,1068.5401557540542,0.6482140110663459,-0.18605634462980808,17,6,0.35294117647058826,1
7,structured,2,12,1.4,4,9,1.1,1.85,5,1,10.928336120005554,244.05944438291382,1067.293463999637,0.7072040553351472,-0.40275076598815596,3,0,0.0,0
7,structured,2,13,1.475,4,10,1.1,2.0,6,1,12.49377384753069,224.17720988237147,1051.4453753841071,0.7709507888028787,-0.28558720502447776,5,0,0.0,0
7,structured,2,14,1.55,5,10,1.25,2.0,5,1,16.036962817803612,227.72039885264445,1050.8782268660132,0.8392047008559814,-0.33323660801320143,0,0,0.0,0
7,structured,2,15,1.625,4,10,1.1,2.0,6,1,11.931672481382122,238.10570623113603,1141.1964757794515,0.9116966917849387,-0.3787600011174188,0,0,0.0,0
7,structured,2,16,1.7,5,0,1.25,0.5,5,1,86.40451319533418,259.28739104272125,1170.2797558804482,0.9885153104056307,2.187378459475216,0,0,0.0,1
7,structured,2,17,1.775,5,0,1.25,0.5,5,1,91.9274891235948,264.8103669709818,1245.94470214903,1.0690773654477,2.3438614867884633,0,0,0.0,1
7,structured,2,18,1.85,6,0,1.4,0.5,6,1,106.82941897541508,279.300964685895,1334.2906954598172,1.1528187757113184,2.500729346689166,0,0,0.0,1
7,structured,2,19,1.925,6,0,1.4,0.5,6,1,124.53618686372721,297.00773257420707,1438.2427336551966,1.2396099344774767,2.6579283898418584,0,0,0.0,1
7,structured,2,20,2.0,6,0,1.4,0.5,6,1,117.4641656478696,301.50720856064567,1652.7586761670132,1.3293581850370007,2.8154016800251123,0,0,0.0,1
7,structured,3,0,0.5,10,10,2.0,2.0,0,0,0.0,132.849176695266,693.6484294855152,0.3471662989958203,0.6410105895106004,2,0,0.0,0
7,structured,3,1,0.575,10,10,2.0,2.0,0,0,0.0,143.23706068677865,700.7112040053973,0.336717822894266,0.5302237445516265,0,0,0.0,0
7,structured,3,2,0.65,10,10,2.0,2.0,0,0,0.0,143.23706068677865,700.7064744237368,0.3362552080250047,0.43736686488388576,17,0,0.0,0
7,structured,3,3,0.725,10,10,2.0,2.0,0,0,0.0,148.68893527472085,691.23663616626,0.34829971032642704,0.340604730739254,7,0,0.0,0
7,structured,3,4,0.8,10,10,2.0,2.0,0,0,0.0,148.68893527472088,691.2054620873822,0.3705113311969511,0.24839735617956538,4,0,0.0,0
7,structured,3,5,0.875,10,8,2.0,1.7,2,1,13.027117568062437,156.26417825484108,699.8603928114965,0.398463245862557,-0.1864582750262087,2,0,0.0,0
7,structured,3,6,0.95,10,10,2.0,2.0,0,0,0.0,167.693924465748,779.3575996501459,0.4278937809406065,0.09906726492179224,19,15,0.7894736842105263,1
7,structured,3,7,1.025,10,10,2.0,2.0,0,0,0.0,167.693924465748,779.2970144174205,0.46068610773858737,0.0404375558887507,0,0,0.0,0
7,structured,3,8,1.1,10,9,2.0,1.85,1,1,5.18895338163901,172.88287784738705,778.6256106113217,0.49928290355650107,-0.1924759346031658,11,0,0.0,0
7,structured,3,9,1.175,10,9,2.0,1.85,1,1,4.777621244731847,172.47154571047986,778.2851969305702,0.5437286820391787,-0.24670073019664696,2,0,0.0,0
7,structured,3,10,1.25,10,10,2.0,2.0,0,0,0.0,184.04304291277606,870.959588226531,0.5936391657301917,-0.12687872492358832,1,1,1.0,1
7,structured,3,11,1.325,10,10,2.0,2.0,0,0,0.0,194.5842874610714,901.567289367952,0.6486146054579242,-0.1795618187004931,5,5,1.0,1
7,structured,3,12,1.4,4,10,1.1,2.0,6,1,7.9361817554757295,202.52046921654716,901.2412263404519,0.7085502870950843,-0.23109459489536377,1,0,0.0,0
7,structured,3,13,1.475,5,10,1.25,2.0,5,1,17.086058563455424,217.19332195278741,979.3741671124925,0.7731203850700388,-0.2812222473246402,9,0,0.0,0
7,structured,3,14,1.55,5,10,1.25,2.0,5,1,22.63853749508462,222.74580088441667,978.8084009453202,0.8421010987535719,-0.3292711479932655,9,0,0.0,0
7,structured,3,15,1.625,4,10,1.1,2.0,6,1,22.690081951502464,233.13110826290824,1070.0667168996788,0.9152174303763045,-0.37504879907976574,5,0,0.0,0
7,structured,3,16,1.7,5,10,1.25,2.0,5,1,31.38228644873226,241.82331276013807,1069.1360570006027,0.9922812564001753,-0.4179524627584883,6,0,0.0,0
7,structured,3,17,1.775,5,0,1.25,0.5,5,1,93.81615261204985,211.6834360348408,1052.7994005631747,1.0731791660758536,2.3583111504857692,0,0,0.0,1
7,structured,3,18,1.85,6,0,1.4,0.5,6,1,104.37355056007385,226.17403374975393,1143.8504443781696,1.1577705926339876,2.517468761991184,0,0,0.0,1
7,structured,3,19,1.925,6,0,1.4,0.5,6,1,120.3901662305542,242.19064942023425,1251.270256011049,1.2459421097187735,2.6770371649963174,0,0,0.0,1
7,structured,3,20,2.0,6,0,1.4,0.5,6,1,113.73992688979195,246.58910358505798,1493.2633567640216,1.337592424684025,2.8369166020638916,0,0,0.0,1
7,structured,4,0,0.5,10,10,2.0,2.0,0,0,0.0,128.42533002955668,593.9223263293519,0.34721809187567404,0.6496795352429163,2,0,0.0,0
7,structured,4,1,0.575,10,10,2.0,2.0,0,0,0.0,129.6938535895208,592.7592387452015,0.33513009008480665,0.5320437646919609,0,0,0.0,0
7,structured,4,2,0.65,10,10,2.0,2.0,0,0,0.0,129.6938535895208,592.7396497852031,0.33999438197815385,0.41838961903776983,24,0,0.0,0
7,structured,4,3,0.725,10,10,2.0,2.0,0,0,0.0,139.35366614956226,591.5308658710433,0.352181480688952,0.3253783470312529,4,0,0.0,0
7,structured,4,4,0.8,10,10,2.0,2.0,0,0,0.0,139.35366614956223,591.5066295343988,0.37112860066566333,0.24248263721294594,2,0,0.0,0
7,structured,4,5,0.875,10,8,2.0,1.7,2,1,9.967308000547831,139.66116159006864,591.9266868024182,0.39466638706118207,-0.17971011428062234,4,0,0.0,0
7,structured,4,6,0.95,10,10,2.0,2.0,0,0,0.0,112.87684131177524,578.6715539026848,0.4220043733872391,0.11220745812055083,2,1,0.5,1
7,structured,4,7,1.025,10,10,2.0,2.0,0,0,0.0,112.87684131177524,578.6133659687724,0.4558839164472675,0.05316863367103114,0,0,0.0,0
7,structured,4,8,1.1,3,9,0.95,1.85,6,1,4.990442111015739,117.86728342279098,577.956749455154,0.49592272237881446,-0.18074239575517664,0,0,0.0,0
7,structured,4,9,1.175,3,9,0.95,1.85,6,1,8.923641877904828,121.80048318968007,577.6207637200165,0.5415760502129869,-0.23546592243627917,10,0,0.0,0
7,structured,4,10,1.25,3,10,0.95,2.0,7,1,7.881073550916966,132.849176695266,693.3786975344768,0.5925853705934306,-0.11629580320023272,0,0,0.0,0
7,structured,4,11,1.325,5,10,1.25,2.0,5,1,3.99915772341771,143.23706068677865,700.4483670170546,0.6486967323796812,-0.1704022811901058,9,0,0.0,0
7,structured,4,12,1.4,4,9,1.1,1.85,5,1,23.720832130371804,148.68893527472085,690.9976936303111,0.7095186153120437,-0.38793872622272074,5,0,0.0,0
7,structured,4,13,1.475,5,10,1.25,2.0,5,1,22.93304557412651,167.69392446574804,779.2375054656356,0.7748906939435258,-0.2724408507870869,21,0,0.0,0
7,structured,4,14,1.55,5,10,1.25,2.0,5,1,28.485524505755762,173.24640339737726,778.6779233995682,0.8446104727579689,-0.32060042840579395,11,0,0.0,0
7,structured,4,15,1.625,4,10,1.1,2.0,6,1,29.995930132575836,184.04304291277606,871.2947512076594,0.9184309351657052,-0.3668075724098463,1,0,0.0,0
7,structured,4,16,1.7,5,0,1.25,0.5,5,1,81.13637405899215,194.58428746107143,902.144203435698,0.9961457935925738,2.2118325743623233,5,0,0.0,1
7,structured,4,17,1.775,5,0,1.25,0.5,5,1,86.65934998725274,200.10726338933202,980.7102727511549,1.0775850878331308,2.370249727730675,0,0,0.0,1
7,structured,4,18,1.85,6,0,1.4,0.5,6,1,93.05991314243744,210.4410263114058,1072.6992559596702,1.1626097504827841,2.529143576265392,0,0,0.0,1
7,structured,4,19,1.925,6,0,1.4,0.5,6,1,109.07652881291773,226.45764198188613,1181.1796755027055,1.251109133920586,2.6884364937145175,0,0,0.0,1
7,structured,4,20,2.0,6,0,1.4,0.5,6,1,102.9815174196716,231.40684744922828,1403.0578648344172,1.3429951694337237,2.8480649898650556,0,0,0.0,1
7,structured,5,0,0.5,10,10,2.0,2.0,0,0,0.0,80.12622074726534,351.4800788793028,0.3459121630518264,0.6598871260844605,2,0,0.0,0
7,structured,5,1,0.575,10,10,2.0,2.0,0,0,0.0,83.28391889047518,420.1943400784561,0.33067462387057517,0.54704656133582,0,0,0.0,0
7,structured,5,2,0.65,10,10,2.0,2.0,0,0,0.0,83.28391889047518,420.1831453001861,0.33173770798052393,0.44334728490082753,28,0,0.0,0
7,structured,5,3,0.725,10,10,2.0,2.0,0,0,0.0,89.07255581446785,419.85426534668915,0.34345655477138454,0.34911625397647617,2,0,0.0,0
7,structured,5,4,0.8,2,9,0.8,1.85,7,1,7.424921469156942,90.70884035963209,420.0519595213896,0.3610373916850122,0.08742939318585041,1,0,0.0,0
7,structured,5,5,0.875,2,8,0.8,1.7,6,1,9.618798229625895,92.90271712010104,419.4040670215142,0.38678048904478374,-0.16188117007190694,1,0,0.0,0
7,structured,5,6,0.95,3,10,0.95,2.0,7,1,4.67749830749824,101.82133218092537,500.2636694209051,0.41641663043167215,0.1255913242745969,1,0,0.0,0
7,structured,5,7,1.025,3,10,0.95,2.0,7,1,9.667115684142772,106.8109495575699,500.2081856305169,0.4513208856500998,0.06629025631486579,9,0,0.0,0
7,structured,5,8,1.1,3,9,0.95,1.85,6,1,16.304079528652153,113.44791340207928,499.5689766236028,0.49254796251391497,-0.16797029565862914,9,0,0.0,0
7,structured,5,9,1.175,3,9,0.95,1.85,6,1,20.237279295541242,117.38111316896837,499.23678721557934,0.539506166856114,-0.22354121740894706,15,0,0.0,0
7,structured,5,10,1.25,3,10,0.95,2.0,7,1,21.774053057436078,128.42533002955668,593.6476318744035,0.5917110930277806,-0.10517065130845415,5,0,0.0,0
7,structured,5,11,1.325,3,10,0.95,2.0,7,1,21.334266836586607,129.6938535895208,592.4952382741927,0.6488035824757444,-0.1588837366550765,11,0,0.0,0
7,structured,5,12,1.4,4,9,1.1,1.85,5,1,32.70238917744166,139.35366614956223,591.3044317274284,0.710636163798322,-0.3764088229759983,10,0,0.0,0
7,structured,5,13,1.475,4,10,1.1,2.0,6,1,36.40624895278151,112.87684131177524,578.5346180681654,0.7768762018108007,-0.26268855292779647,6,0,0.0,0
7,structured,5,14,1.55,4,10,1.1,2.0,6,1,39.85722981966322,116.32782217865693,577.9770401486738,0.8472503471239532,-0.31196244361501035,0,0,0.0,0
7,structured,5,15,1.625,4,10,1.1,2.0,6,1,40.55864613186125,124.96810314434906,693.6875014343368,0.9217259631967946,-0.3582102136133358,0,0,0.0,0
7,structured,5,16,1.7,5,0,1.25,0.5,5,1,70.37796458887175,139.23790296336094,700.9982921016464,1.0000459084924467,2.22432809728833,0,0,0.0,1
7,structured,5,17,1.775,5,0,1.25,0.5,5,1,75.90094051713237,144.76087889162153,780.5373228428845,1.0820383081382947,2.3827151572096232,0,0,0.0,1
7,structured,5,18,1.85,5,0,1.25,0.5,5,1,80.84264250191481,154.04711278020025,873.8794177243158,1.1675674176232131,2.541578585046718,0,0,0.0,1
7,structured,5,19,1.925,6,0,1.4,0.5,6,1,89.88980680781424,163.09427708609968,983.6896712517263,1.2565246356497355,2.7008332458031603,0,0,0.0,1
7,structured,5,20,2.0,5,0,1.25,0.5,5,1,89.13064029848206,169.2568610457474,1171.2926410335838,1.3488252345958034,2.8604218005696334,0,0,0.0,1
7,structured,6,0,0.5,1,10,0.65,2.0,9,1,6.867493930264757,28.18440326732169,133.45467405221925,0.348591776892095,0.7024167665080681,2,0,0.0,0
7,structured,6,1,0.575,1,10,0.65,2.0,9,1,9.703662779447583,34.63477684160214,164.2102087576416,0.3271534217684368,0.5985106099855686,0,0,0.0,0
7,structured,6,2,0.65,1,10,0.65,2.0,9,1,12.964432624975828,37.895546687130384,164.20375177377082,0.3209871674789581,0.4952419945206116,30,0,0.0,0
7,structured,6,3,0.725,2,10,0.8,2.0,8,1,12.496308194468753,40.65251049389748,200.36023968608652,0.3304247401048696,0.3925585012952362,1,0,0.0,0
7,structured,6,4,0.8,2,10,0.8,2.0,8,1,19.5765232022559,47.732725501684634,200.3356576425023,0.3497971136753488,0.3007135538513095,1,0,0.0,0
7,structured,6,5,0.875,2,10,0.8,2.0,8,1,23.60483311055644,51.76103540998517,200.30055170439795,0.3770210197241138,0.216979284707294,2,0,0.0,0
7,structured,6,6,0.95,2,10,0.8,2.0,8,1,26.987642726219335,57.968563983129584,242.84083383318443,0.4102905712516692,0.1421513479379779,8,0,0.0,0
7,structured,6,7,1.025,2,10,0.8,2.0,8,1,30.29712168759488,61.27804294450513,242.78396649978168,0.4471225713663615,0.07947383094075791,24,0,0.0,0
7,structured,6,8,1.1,3,10,0.95,2.0,7,1,34.53774968116652,68.85993837448918,292.73867808251987,0.4893360220128471,0.02104736219671144,16,0,0.0,0
7,structured,6,9,1.175,3,10,0.95,2.0,7,1,38.88228158496278,73.20447027828544,292.61976880444377,0.537434599116911,-0.03642449638286077,5,0,0.0,0
7,structured,6,10,1.25,3,10,0.95,2.0,7,1,41.70409265324773,80.12622074726534,351.1994857102889,0.5908198793620112,-0.09241916607888714,6,0,0.0,0
7,structured,6,11,1.325,3,10,0.95,2.0,7,1,41.26430643239826,83.28391889047516,419.92066768094895,0.6491703925613251,-0.14726518209782624,5,0,0.0,0
7,structured,6,12,1.4,4,10,1.1,2.0,6,1,47.05294335639093,89.07255581446783,419.6082472029636,0.7119649509699514,-0.19993849726764346,0,0,0.0,0
7,structured,6,13,1.475,4,10,1.1,2.0,6,1,52.01755109857881,97.14383387342713,500.10935060699273,0.7791004897967727,-0.2512587168219499,0,0,0.0,0
7,structured,6,14,1.55,4,10,1.1,2.0,6,1,55.4685319654605,100.59481474030882,499.5584536529247,0.8502991358327902,-0.30096756600502905,0,0,0.0,0
7,structured,6,15,1.625,4,10,1.1,2.0,6,1,58.10347831646,106.6512769721206,593.9284237369862,0.9253311691737963,-0.3487497970800886,0,0,0.0,0
7,structured,6,16,1.7,4,10,1.1,2.0,6,1,59.811788097273606,108.3595867529342,593.0108706608779,1.0040481837518973,-0.3938883721892208,0,0,0.0,0
7,structured,6,17,1.775,5,0,1.25,0.5,5,1,60.7375849206456,76.47059235899373,579.793759805308,1.0865750625980937,2.395143440061103,0,0,0.0,1
7,structured,6,18,1.85,5,0,1.25,0.5,5,1,66.39211341277084,84.4094570124878,696.2218044103439,1.172594283108126,2.5539877517120857,0,0,0.0,1
7,structured,6,19,1.925,6,0,1.4,0.5,6,1,71.9189411328151,89.93628473253207,807.3321678010357,1.2619822624383652,2.713146642007442,0,0,0.0,1
7,structured,6,20,2.0,5,0,1.25,0.5,5,1,75.0475877133415,96.36449705039843,963.8720668291731,1.3546332394225697,2.8725677554831375,0,0,0.0,1
7,structured,7,0,0.5,0,0,0.5,0.5,0,0,0.0,0.0,5.787437432025143,0.3589997444773193,0.14697960065320448,2,2,1.0,1
7,structured,7,1,0.575,1,0,0.65,0.5,1,1,1.429709824048821,1.429709824048821,9.726590033092762,0.33017740311407495,0.22448426420814815,0,0,0.0,1
7,structured,7,2,0.65,1,0,0.65,0.5,1,1,2.9322834916964453,2.9322834916964453,14.773618797591816,0.3165291868367369,0.3109942812371749,31,0,0.0,1
7,structured,7,3,0.725,1,0,0.65,0.5,1,1,4.431820948969644,4.431820948969644,21.053003931026623,0.31948961305393025,0.4054171572248553,0,0,0.0,1
7,structured,7,4,0.8,1,0,0.65,0.5,1,1,5.8736333198421065,5.8736333198421065,28.69718854969286,0.3382333349065588,0.5066897317432559,3,0,0.0,1
7,structured,7,5,0.875,2,0,0.8,0.5,2,1,7.442918870566899,7.442918870566899,39.00411587892319,0.36545308241949653,0.6276748177995772,32,0,0.0,1
7,structured,7,6,0.95,2,0,0.8,0.5,2,1,10.398660019931405,10.398660019931405,51.617135973087784,0.40072523895630774,0.7564957970429997,6,0,0.0,1
7,structured,7,7,1.025,2,0,0.8,0.5,2,1,13.181969722919256,13.181969722919256,66.96710411819765,0.440619833837853,0.8925462914345816,15,0,0.0,1
7,structured,7,8,1.1,2,0,0.8,0.5,2,1,15.733007438348125,15.733007438348125,85.2744729550997,0.48590441535909984,1.032899880542871,11,0,0.0,1
7,structured,7,9,1.175,2,0,0.8,0.5,2,1,18.017343599716973,18.017343599716973,107.08392062719065,0.5355402516665062,1.1773229249492676,0,0,0.0,1
7,structured,7,10,1.25,3,0,0.95,0.5,3,1,21.316909337056927,21.316909337056927,133.1488455879096,0.5901898120456712,1.3260749609987768,0,0,0.0,1
7,structured,7,11,1.325,3,0,0.95,0.5,3,1,24.931114062154563,24.931114062154563,163.9022341850894,0.6496597227780126,1.476943458223297,0,0,0.0,1
7,structured,7,12,1.4,3,0,0.95,0.5,3,1,28.156202299428728,28.156202299428728,200.07715490389126,0.7136634508272828,1.6293337422074519,0,0,0.0,1
7,structured,7,13,1.475,3,0,0.95,0.5,3,1,30.980921256910243,30.980921256910243,242.664682314728,0.7817173311036042,1.783241298023607,0,0,0.0,1
7,structured,7,14,1.55,4,0,1.1,0.5,4,1,34.32218869332265,34.32218869332265,292.7003347527486,0.8537200232150184,1.9382079480702714,0,0,0.0,1
7,structured,7,15,1.625,4,0,1.1,0.5,4,1,38.42212809401761,38.42212809401761,351.44778493523745,0.9294642472531294,2.0940144877127977,0,0,0.0,1
7,structured,7,16,1.7,4,0,1.1,0.5,4,1,42.01961245807691,42.01961245807691,420.4013071343608,1.008763903117212,2.2505064629859337,0,0,0.0,1
7,structured,7,17,1.775,4,0,1.1,0.5,4,1,45.12628277484831,45.12628277484831,501.32031224083335,1.091472052360643,2.407565072377171,0,0,0.0,1
7,structured,7,18,1.85,5,0,1.25,0.5,5,1,48.54779865566059,48.54779865566059,596.4068046815908,1.1775395719164266,2.565302179462398,0,0,0.0,1
7,structured,7,19,1.925,5,0,1.25,0.5,5,1,52.913791872738756,52.913791872738756,708.7058277402513,1.267217391267541,2.7243604016564325,0,0,0.0,1
7,structured,7,20,2.0,5,0,1.25,0.5,5,1,56.69760713183363,56.69760713183363,840.3963169443886,1.3600120129143782,2.8834935176207166,0,0,0.0,1
7,unconstrained,0,0,0.5,10,10,2.0,2.0,0,0,0.0,40.12666713998027,82.90171309680534,1.0712163366379814,-0.9089690948015381,4,2,0.5,1
7,unconstrained,0,1,0.575,10,10,2.0,2.0,0,0,0.0,30.29121549867432,72.37044286759851,0.9860035069707151,-0.8288347324275409,4,2,0.5,1
7,unconstrained,0,2,0.65,10,10,2.0,2.0,0,0,0.0,30.29121549867432,72.33346100403372,0.9059255823997981,-0.7523421781049151,8,3,0.375,1
7,unconstrained,0,3,0.725,10,10,2.0,2.0,0,0,0.0,28.391604820078896,69.17040076295291,0.8308190060256795,-0.6806056366592061,9,4,0.4444444444444444,1
7,unconstrained,0,4,0.8,10,10,2.0,2.0,0,0,0.0,28.391604820078896,69.12262157509872,0.7660940071237973,-0.6149920073477229,3,1,0.3333333333333333,1
7,unconstrained,0,5,0.875,10,4,2.0,1.1,6,1,8.41264542206926,47.89565905267233,96.4742034424047,0.7127688840947037,0.43776831532455107,3,0,0.0,0
7,unconstrained,0,6,0.95,10,4,2.0,1.1,6,1,19.947274921328244,59.43028855193131,94.49414150268979,0.6606993640521946,0.34971237982808745,7,0,0.0,0
7,unconstrained,0,7,1.025,10,7,2.0,1.55,3,1,13.19679886477195,43.48801436344627,92.10945727812714,0.6227571186593763,1.0832550647126367,4,0,0.0,0
7,unconstrained,0,8,1.1,10,7,2.0,1.55,3,1,16.01607383872158,46.3072893373959,93.91912741537561,0.5927501119891788,1.0053561797330057,4,0,0.0,0
7,unconstrained,0,9,1.175,3,7,0.95,1.55,4,1,15.144162560939208,45.43537805961353,95.43091117632304,0.5576755707379835,0.9208705102233514,2,0,0.0,0
7,unconstrained,0,10,1.25,3,6,0.95,1.4,3,1,11.211659991285387,41.502875489959706,95.06377148072937,0.5290465035297964,0.5429466382887957,4,0,0.0,0
7,unconstrained,0,11,1.325,10,5,2.0,1.25,5,1,0.15767706942165205,30.44889256809597,84.52919809940568,0.5006862912286495,0.20000139344138645,5,0,0.0,0
7,unconstrained,0,12,1.4,5,5,1.25,1.25,0,0,0.0,30.29121549867432,81.39812021617877,0.4797748109329067,0.135116845124295,2,0,0.0,0
7,unconstrained,0,13,1.475,4,5,1.1,1.25,1,1,5.7335287194338775,34.125133539512774,75.10673371868182,0.4766138009890959,0.07980815119351314,2,0,0.0,0
7,unconstrained,0,14,1.55,4,6,1.1,1.4,2,1,3.92589622583381,34.991220197832035,76.43187805333525,0.4611249812076248,0.2029113236789004,2,0,0.0,0
7,unconstrained,0,15,1.625,4,4,1.1,1.1,0,0,0.0,28.39160482007884,65.20225751617232,0.4350080709458479,-0.04972172382286377,8,8,1.0,1
7,unconstrained,0,16,1.7,5,5,1.25,1.25,0,0,0.0,31.065323971998225,61.157178919783576,0.40687389030380705,-0.026090794781072013,5,1,0.2,1
7,unconstrained,0,17,1.775,5,7,1.25,1.55,2,1,3.057655937790514,29.373018124442353,63.64488090339381,0.3737073167389587,0.2054837503812692,8,0,0.0,0
7,unconstrained,0,18,1.85,5,7,1.25,1.55,2,1,4.372337049746761,30.687699236398657,59.996694823502594,0.33896625019967397,0.1380580020529747,5,0,0.0,0
7,unconstrained,0,19,1.925,6,7,1.4,1.55,1,1,10.218447763168342,36.376132880398586,58.65429960923802,0.3029972591816419,0.08032904477691982,6,0,0.0,0
7,unconstrained,0,20,2.0,6,7,1.4,1.55,1,1,8.053780636214128,34.21146575344437,54.9122591417389,0.2684234299986433,0.03186519946640498,5,0,0.0,0
7,unconstrained,1,0,0.5,10,10,2.0,2.0,0,0,0.0,38.61075795073009,70.9787398966406,1.0328598277814085,-1.0374855757489616,2,0,0.0,0
7,unconstrained,1,1,0.575,10,10,2.0,2.0,0,0,0.0,27.231405931159713,60.70225915396122,0.945715863839337,-0.9560700972022849,0,0,0.0,0
7,unconstrained,1,2,0.65,10,10,2.0,2.0,0,0,0.0,27.231405931159713,60.65872313385461,0.8641775821389389,-0.8778825108433075,12,0,0.0,0
7,unconstrained,1,3,0.725,10,10,2.0,2.0,0,0,0.0,25.33179525256429,57.60360654683416,0.7888311929245624,-0.8039521686178239,2,0,0.0,0
7,unconstrained,1,4,0.8,10,10,2.0,2.0,0,0,0.0,25.33179525256429,57.54518578412035,0.723343278837607,-0.7355274133743808,3,0,0.0,0
7,unconstrained,1,5,0.875,10,4,2.0,1.1,6,1,6.255473976479493,44.83584948515772,83.69343526302532,0.6600216078956005,0.4325172155960426,8,0,0.0,0
7,unconstrained,1,6,0.95,10,4,2.0,1.1,6,1,16.099951257906696,54.680326766584926,81.7133733233104,0.6071113851367604,0.34479420300915864,4,0,0.0,0
7,unconstrained,1,7,1.025,3,7,0.95,1.55,4,1,12.251607699443355,39.48301363060307,78.6986021045766,0.5712182316066705,1.0216997120520517,0,0,0.0,0
7,unconstrained,1,8,1.1,2,7,0.8,1.55,5,1,17.64595096619513,44.877356897354844,80.8305660955848,0.5420085862058757,0.9616205336094223,7,0,0.0,0
7,unconstrained,1,9,1.175,2,7,0.8,1.55,5,1,17.677198812276174,44.90860474343589,82.62649444881743,0.5105227080410565,0.889953079676244,4,0,0.0,0
7,unconstrained,1,10,1.25,3,6,0.95,1.4,3,1,12.895261208820557,40.12666713998027,83.08097245189316,0.4863707125445544,0.5366986618327538,2,0,0.0,0
7,unconstrained,1,11,1.325,10,5,2.0,1.25,5,1,3.0598095675146055,30.29121549867432,72.58221297437808,0.4595188107998611,0.1954634485212572,7,0,0.0,0
7,unconstrained,1,12,1.4,4,5,1.1,1.25,1,1,1.1601988889192398,28.391604820078896,69.46109621938604,0.4344495109859743,0.13097310134022866,21,0,0.0,0
7,unconstrained,1,13,1.475,4,5,1.1,1.25,1,1,5.733528719433934,31.065323971998225,63.412424603786064,0.42126805143633694,0.07760315014429198,8,0,0.0,0
7,unconstrained,1,14,1.55,4,6,1.1,1.4,2,1,5.6160484436656475,31.931410630317487,64.65755947799028,0.4126024572438403,0.19949026055180186,12,0,0.0,0
7,unconstrained,1,15,1.625,4,4,1.1,1.1,0,0,0.0,25.33179525256429,53.5704333332223,0.40339863694548656,-0.05091495832261561,3,3,1.0,1
7,unconstrained,1,16,1.7,5,5,1.25,1.25,0,0,0.0,26.31536218665184,49.66694657185559,0.3836479050244612,-0.025598963709595246,5,5,1.0,1
7,unconstrained,1,17,1.775,7,7,1.55,1.55,0,0,0.0,26.157685117230244,52.090896953293,0.3575286309372748,0.20519440507604303,0,0,0.0,0
7,unconstrained,1,18,1.85,6,7,1.4,1.55,1,1,3.3864583357073457,29.54414345293759,48.51652011565034,0.3293155534976883,0.13870741441518586,0,0,0.0,0
7,unconstrained,1,19,1.925,6,7,1.4,1.55,1,1,11.753076541302448,39.79879638769984,50.8947030956013,0.29823312137652014,0.08094070374972162,0,0,0.0,0
7,unconstrained,1,20,2.0,6,7,1.4,1.55,1,1,9.588409414348291,37.63412926074568,47.15268036644443,0.2670532000185255,0.032443567493848136,0,0,0.0,0
7,unconstrained,2,0,0.5,10,10,2.0,2.0,0,0,0.0,35.550948383215484,59.304081260405894,1.0129793582386368,-1.1664358030448478,2,0,0.0,0
7,unconstrained,2,1,0.575,10,10,2.0,2.0,0,0,0.0,22.481444145813327,49.11075416342078,0.9244885519139244,-1.0838856681004776,0,0,0.0,0
7,unconstrained,2,2,0.65,10,10,2.0,2.0,0,0,0.0,22.481444145813327,49.061349276274484,0.8479037454694474,-1.0041911919635733,14,0,0.0,0
7,unconstrained,2,3,0.725,10,10,2.0,2.0,0,0,0.0,24.306072225295566,45.9986257507727,0.7693681921076443,-0.9282861823327866,3,0,0.0,0
7,unconstrained,2,4,0.8,10,10,2.0,2.0,0,0,0.0,24.306072225295566,45.93052233272442,0.6986769906070015,-0.8573200459396613,8,1,0.125,1
7,unconstrained,2,5,0.875,10,4,2.0,1.1,6,1,8.289560516725373,43.810126457889,71.44468383779622,0.6443605147301585,0.42723839619638593,4,0,0.0,0
7,unconstrained,2,6,0.95,10,5,2.0,1.25,5,1,24.762209474350016,48.902922942193754,64.02617594679225,0.5878530208131504,0.622405757144258,11,0,0.0,0
7,unconstrained,2,7,1.025,10,7,2.0,1.55,3,1,16.098931362864903,38.58037550867823,66.18043005556831,0.5501913613087217,0.98709842975198,0,0,0.0,0
7,unconstrained,2,8,1.1,10,6,2.0,1.4,4,1,21.42002080565743,56.970969188872914,82.26011395336332,0.5188775458208724,0.7188074497448311,9,0,0.0,0
7,unconstrained,2,9,1.175,2,7,0.8,1.55,5,1,19.367351030107955,41.84879517592128,70.59558283682082,0.4956116972779475,0.8774672609689511,19,0,0.0,0
7,unconstrained,2,10,1.25,10,6,2.0,1.4,4,1,16.129313804916762,38.61075795073009,71.17258920217074,0.48502354984251933,0.5304115033828909,5,0,0.0,0
7,unconstrained,2,11,1.325,10,5,2.0,1.25,5,1,4.749961785346386,27.231405931159713,60.933632542954,0.4618639184466759,0.1943286477955053,17,0,0.0,0
7,unconstrained,2,12,1.4,4,5,1.1,1.25,1,1,2.8503511067510203,25.33179525256429,57.92889743316459,0.42220076787115873,0.13157712289859713,3,0,0.0,0
7,unconstrained,2,13,1.475,4,5,1.1,1.25,1,1,2.0092899613562736,26.31536218665184,51.88022104919304,0.4019337584506064,0.07817443809540814,5,0,0.0,0
7,unconstrained,2,14,1.55,5,6,1.25,1.4,1,1,1.1159718311321853,27.27365694836243,53.13039246819716,0.39992311256547036,0.20015539199494148,0,0,0.0,0
7,unconstrained,2,15,1.625,4,4,1.1,1.1,0,0,0.0,24.306072225295566,41.896646335941284,0.3933114525774291,-0.0521095176350963,0,0,0.0,0
7,unconstrained,2,16,1.7,5,5,1.25,1.25,0,0,0.0,26.157685117230244,38.13473348051946,0.3758842333285866,-0.025107486089019915,0,0,0.0,0
7,unconstrained,2,17,1.775,5,7,1.25,1.55,2,1,1.3675037199587905,28.04571984639739,44.2792738817339,0.3554128703157678,0.20588580291275038,0,0,0.0,0
7,unconstrained,2,18,1.85,6,7,1.4,1.55,1,1,8.297880795156573,34.97609692159517,40.70490886965274,0.3304399167864787,0.13935647903132953,0,0,0.0,0
7,unconstrained,2,19,1.925,6,7,1.4,1.55,1,1,11.753076541302448,26.578717144345035,29.845562537287208,0.3014489129882632,0.08155226662798576,0,0,0.0,0
7,unconstrained,2,20,2.0,6,7,1.4,1.55,1,1,9.588409414348291,24.414050017390878,26.10352798256889,0.27099727311951327,0.03302153555331522,0,0,0.0,0
7,unconstrained,3,0,0.5,10,10,2.0,2.0,0,0,0.0,34.52522535594673,47.681630065799226,1.0133316571174087,-1.295777407603981,2,0,0.0,0
7,unconstrained,3,1,0.575,10,10,2.0,2.0,0,0,0.0,17.573805291045346,37.47930538840498,0.9291205699741552,-1.2122132641923455,0,0,0.0,0
7,unconstrained,3,2,0.65,10,10,2.0,2.0,0,0,0.0,17.573805291045346,37.42465882409368,0.8456376626627086,-1.1311812345091863,17,0,0.0,0
7,unconstrained,3,3,0.725,10,10,2.0,2.0,0,0,0.0,26.157685117230187,34.355087797790816,0.7760948140028865,-1.0535131569958813,7,0,0.0,0
7,unconstrained,3,4,0.8,10,4,2.0,1.1,6,1,19.887206062229268,52.09687411237897,61.53947995984558,0.7119811942148081,0.5147640888288998,4,0,0.0,0
7,unconstrained,3,5,0.875,10,4,2.0,1.1,6,1,14.891135194006353,42.622645919835435,59.23839587497409,0.6509235477157658,0.4219315629168645,2,0,0.0,0
7,unconstrained,3,6,0.95,10,5,2.0,1.25,5,1,26.650872962805067,41.401371605087604,53.41728818638944,0.604689454319293,0.6159084004467115,19,0,0.0,0
7,unconstrained,3,7,1.025,10,7,2.0,1.55,3,1,17.94676065011828,35.520565941163596,54.19427476071033,0.566416355734338,0.9732023480831014,0,0,0.0,0
7,unconstrained,3,8,1.1,10,4,2.0,1.1,6,1,9.390214825561202,24.14071346784374,42.67673476069757,0.5368580735532095,0.18914470730115607,11,0,0.0,0
7,unconstrained,3,9,1.175,10,4,2.0,1.1,6,1,3.67074040714607,18.421239049428607,40.00384014177439,0.5166452793793124,0.12852596493234225,2,0,0.0,0
7,unconstrained,3,10,1.25,10,6,2.0,1.4,4,1,17.977143092170138,35.550948383215484,59.5108015258736,0.5067213717618732,0.529549643925348,1,0,0.0,0
7,unconstrained,3,11,1.325,10,5,2.0,1.25,5,1,4.907638854767981,22.481444145813327,49.35946255006752,0.4834856422464818,0.1949688177340736,5,0,0.0,0
7,unconstrained,3,12,1.4,4,5,1.1,1.25,1,1,6.7322669342502195,24.306072225295566,46.35472744027811,0.4296841649674535,0.13218071127405207,1,0,0.0,0
7,unconstrained,3,13,1.475,5,5,1.25,1.25,0,0,0.0,26.157685117230244,40.30604628793503,0.41933207725131794,0.07874546471906418,9,0,0.0,0
7,unconstrained,3,14,1.55,5,6,1.25,1.4,1,1,6.027394290581412,29.12526984029705,41.56126855685363,0.42044110806909485,0.20082008133228646,9,0,0.0,0
7,unconstrained,3,15,1.625,4,4,1.1,1.1,0,0,0.0,26.157685117230244,30.180883363623707,0.4147514504735507,-0.053305505626339844,5,5,1.0,1
7,unconstrained,3,16,1.7,5,6,1.25,1.4,1,1,7.192684952773391,26.6782161264386,30.271077938257235,0.3975667794157673,0.08032840678388276,6,0,0.0,0
7,unconstrained,3,17,1.775,5,7,1.25,1.55,2,1,3.057655937790571,14.825640603042586,23.17808311437443,0.3712988119380938,0.20657688002180796,0,0,0.0,0
7,unconstrained,3,18,1.85,6,7,1.4,1.55,1,1,9.988033012988353,21.75601767824037,19.60370627673177,0.3397841918079628,0.14000497529812073,0,0,0.0,0
7,unconstrained,3,19,1.925,6,7,1.4,1.55,1,1,11.753076541302448,29.70816839121744,24.940835674580967,0.30752204097849833,0.08216331690881606,0,0,0.0,0
7,unconstrained,3,20,2.0,6,7,1.4,1.55,1,1,9.588409414348291,27.543501264263284,21.19880111986265,0.2768047767430122,0.03359916975865218,0,0,0.0,0
7,unconstrained,4,0,0.5,10,3,2.0,0.95,7,1,24.940856446609644,45.63621396483694,49.922684561201976,1.0322366329379546,0.5995212554947993,2,0,0.0,0
7,unconstrained,4,1,0.575,10,10,2.0,2.0,0,0,0.0,17.573805291045346,25.807684200397688,0.9529389721377425,-1.3410019751150517,0,0,0.0,0
7,unconstrained,4,2,0.65,10,4,2.0,1.1,6,1,25.155486951006992,37.138909828588965,47.17771165762542,0.8796924144287951,0.7038501311927927,24,0,0.0,0
7,unconstrained,4,3,0.725,10,4,2.0,1.1,6,1,25.281418400929113,33.68913335113268,39.22403840346246,0.809190193047235,0.6070000462730789,4,0,0.0,0
7,unconstrained,4,4,0.8,10,4,2.0,1.1,6,1,21.056694765402085,29.464409715605655,38.34760241858419,0.754367788757962,0.5128936785313805,2,0,0.0,0
7,unconstrained,4,5,0.875,10,4,2.0,1.1,6,1,11.071006520534667,19.478721470738236,34.20864417311242,0.7014579845359687,0.4224437145868336,4,0,0.0,0
7,unconstrained,4,6,0.95,10,5,2.0,1.25,5,1,19.494070338008015,32.2096680501497,43.04454029567654,0.6558327243383895,0.6153548301045282,2,0,0.0,0
7,unconstrained,4,7,1.025,10,5,2.0,1.25,5,1,15.015913013687367,27.731510725829082,42.25058292825926,0.6262612881732245,0.5223352594207178,0,0,0.0,0
7,unconstrained,4,8,1.1,3,4,0.95,1.1,1,1,2.03490093014085,14.750498642282537,32.36625169389828,0.596365416030751,0.1897617864889236,0,0,0.0,0
7,unconstrained,4,9,1.175,3,4,0.95,1.1,1,1,0.6599584155219702,13.375556127663685,29.693357074975097,0.5577644955823565,0.12910898381072,10,0,0.0,0
7,unconstrained,4,10,1.25,3,6,0.95,1.4,3,1,16.951420064901384,34.52522535594673,47.89969629891732,0.5026827313312453,0.530437001011185,0,0,0.0,0
7,unconstrained,4,11,1.325,5,5,1.25,1.25,0,0,0.0,17.573805291045346,37.74332611888758,0.4764389448652129,0.19560865078579548,9,0,0.0,0
7,unconstrained,4,12,1.4,4,5,1.1,1.25,1,1,8.58387982618487,26.157685117230216,34.73858147235504,0.4762603504685019,0.1327838670305761,5,0,0.0,0
7,unconstrained,4,13,1.475,5,5,1.25,1.25,0,0,0.0,23.09787554971564,28.689914625126676,0.47526488112060994,0.07931616545739617,21,6,0.2857142857142857,1
7,unconstrained,4,14,1.55,5,6,1.25,1.4,1,1,7.717546508413193,19.48553117366521,24.123569611334233,0.46482272582776396,0.2014842537106727,11,0,0.0,0
7,unconstrained,4,15,1.625,4,6,1.1,1.4,2,1,12.924985769614693,24.69297043486671,20.81626901028278,0.44954581833781276,0.13666278897799744,1,0,0.0,0
7,unconstrained,4,16,1.7,5,5,1.25,1.25,0,0,0.0,11.767984665252015,9.11784287463314,0.4250670602100136,-0.02412503178084524,5,5,1.0,1
7,unconstrained,4,17,1.775,5,7,1.25,1.55,2,1,7.214490730629905,17.955091849914993,18.221317868184315,0.3933692057791352,0.20726747987309802,0,0,0.0,0
7,unconstrained,4,18,1.85,6,7,1.4,1.55,1,1,9.988033012988353,20.72863413227344,14.646941030541598,0.35944768642527075,0.1406531985323065,0,0,0.0,0
7,unconstrained,4,19,1.925,6,6,1.4,1.4,0,0,0.0,10.740601119285088,1.3059808186363284,0.32360631900496795,-0.029682111893977847,0,0,0.0,0
7,unconstrained,4,20,2.0,6,6,1.4,1.4,0,0,0.0,10.740601119285088,-0.7481673098114356,0.2876878964397379,-0.04862066528384812,0,0,0.0,0
7,unconstrained,5,0,0.5,10,3,2.0,0.95,7,1,21.426105299210732,38.48942514260261,43.24137006091024,1.0800802758416286,0.5978991320649345,2,0,0.0,0
7,unconstrained,5,1,0.575,10,3,2.0,0.95,7,1,21.55199469486533,38.615314538257195,42.332235505462535,1.010808395100822,0.5031343457711288,0,0,0.0,0
7,unconstrained,5,2,0.65,10,3,2.0,0.95,7,1,10.051129696725269,23.507912575066825,35.458105283357895,0.9398694722275914,0.4128895169822293,28,0,0.0,0
7,unconstrained,5,3,0.725,10,4,2.0,1.1,6,1,12.2876425680237,20.695357518227297,32.54796834897155,0.8844621585493793,0.6078710937106759,2,0,0.0,0
7,unconstrained,5,4,0.8,2,3,0.8,0.95,1,1,4.410306441854345,18.37173932093947,32.160496975400434,0.8317076307938965,0.2524077571460559,1,0,0.0,0
7,unconstrained,5,5,0.875,2,4,0.8,1.1,2,1,5.255846342647374,11.983422877581972,27.50374130154384,0.7724359127190541,0.4231913674390806,1,0,0.0,0
7,unconstrained,5,6,0.95,3,3,0.95,0.95,0,0,0.0,8.40771495020357,19.938558292745256,0.7239920549153742,0.12628185972324335,1,1,1.0,1
7,unconstrained,5,7,1.025,3,3,0.95,0.95,0,0,0.0,8.40771495020357,17.19554932026969,0.6706636693323232,0.06951060949186694,9,7,0.7777777777777778,1
7,unconstrained,5,8,1.1,3,4,0.95,1.1,1,1,2.5901288776568947,12.715597712141715,22.01883816140071,0.6171298867442421,0.19037848512478606,9,0,0.0,0
7,unconstrained,5,9,1.175,3,4,0.95,1.1,1,1,1.2151863630380433,11.340655197522835,19.3459435424775,0.5936921282159984,0.12969166297613333,15,0,0.0,0
7,unconstrained,5,10,1.25,3,5,0.95,1.25,2,1,9.82722803296545,15.26803401805688,18.512765853672136,0.5917933873344425,0.26783641674162384,5,0,0.0,0
7,unconstrained,5,11,1.325,3,5,0.95,1.25,2,1,3.059809567514634,17.573805291045346,26.085218481042602,0.5755169574493051,0.19624800209085924,11,0,0.0,0
7,unconstrained,5,12,1.4,4,5,1.1,1.25,1,1,8.583879826184898,23.09787554971564,23.08047860288167,0.5648900566943846,0.13338679616644722,10,0,0.0,0
7,unconstrained,5,13,1.475,4,5,1.1,1.25,1,1,4.156834792839334,11.767984665252015,11.205213268718637,0.5463558682219731,0.07988647589999376,6,0,0.0,0
7,unconstrained,5,14,1.55,4,5,1.1,1.25,1,1,2.0553367280917882,9.66648660050447,8.29717038701915,0.518884430736622,0.03600237445272825,0,0,0.0,0
7,unconstrained,5,15,1.625,4,4,1.1,1.1,0,0,0.0,7.611149872412682,0.7968619059917899,0.48649745057666455,-0.055701983461982074,0,0,0.0,0
7,unconstrained,5,16,1.7,5,5,1.25,1.25,0,0,0.0,10.740601119285088,4.109033332178342,0.456292244196343,-0.023634277853636476,0,0,0.0,0
7,unconstrained,5,17,1.775,5,7,1.25,1.55,2,1,15.642803265613054,17.77720672991535,10.433786765734851,0.4208782746463728,0.2079575247471217,0,0,0.0,0
7,unconstrained,5,18,1.85,5,6,1.25,1.4,1,1,1.6757088659964836,5.124905156043496,-4.536173831954613,0.38216506207404427,-0.0015858245230884194,0,0,0.0,0
7,unconstrained,5,19,1.925,6,6,1.4,1.4,0,0,0.0,2.134403464302295,-6.4865915969845105,0.34222187749051514,-0.02917711812623125,0,0,0.0,0
7,unconstrained,5,20,2.0,5,6,1.25,1.4,1,1,0.4244224244647512,2.5588258887669895,-8.540729044279885,0.3033995912882582,-0.04813860620206789,0,0,0.0,0
7,unconstrained,6,0,0.5,1,2,0.65,0.8,1,1,2.982836656680192,7.4148335663478235,17.37809949418208,1.1523311295039325,0.31088029484714896,2,0,0.0,1
7,unconstrained,6,1,0.575,1,3,0.65,0.95,2,1,11.879953809874507,24.2158695979804,29.81824336182106,1.081439278763421,0.5039028088405346,0,0,0.0,0
7,unconstrained,6,2,0.65,1,3,0.65,0.95,2,1,8.043776487292575,18.14065608613113,26.42673436698925,1.0152208899105224,0.4136059453611658,30,0,0.0,0
7,unconstrained,6,3,0.725,2,4,0.8,1.1,2,1,10.89097125597334,17.06331984339188,25.929105592759413,0.9503064548768594,0.6087412842538544,1,0,0.0,0
7,unconstrained,6,4,0.8,2,3,0.8,0.95,1,1,5.883503234550375,13.456782878341556,20.40267225354185,0.8883672269057925,0.25303854571895856,1,0,0.0,0
7,unconstrained,6,5,0.875,2,4,0.8,1.1,2,1,9.469222706935568,13.961432879085137,20.88488274149873,0.8343279153881432,0.4239385465798544,2,0,0.0,0
7,unconstrained,6,6,0.95,2,3,0.8,0.95,1,1,2.2353663627850437,8.407714950203584,13.225553576389089,0.7923094553741608,0.1252702948830482,8,0,0.0,0
7,unconstrained,6,7,1.025,2,3,0.8,0.95,1,1,0.5552279475160589,6.727576534934599,10.45371598300288,0.7692255202229981,0.06805423977421654,24,0,0.0,0
7,unconstrained,6,8,1.1,3,4,0.95,1.1,1,1,7.501551337106179,10.125468834484792,11.634494163204891,0.7599420956616106,0.19099487368448864,16,0,0.0,0
7,unconstrained,6,9,1.175,3,4,0.95,1.1,1,1,6.126608822487327,8.75052631986594,8.961599544281711,0.747435789854072,0.13027406897244065,5,0,0.0,0
7,unconstrained,6,10,1.25,3,4,0.95,1.1,1,1,4.776062408525405,5.440805985091444,4.018352039805066,0.7184635377535414,0.07913864878956023,6,0,0.0,0
7,unconstrained,6,11,1.325,3,5,0.95,1.25,2,1,8.906796578185691,14.513995723530726,14.385144404904182,0.686042840998388,0.19688709003838323,5,0,0.0,0
7,unconstrained,6,12,1.4,4,4,1.1,1.1,0,0,0.0,7.611149872412682,5.553810808180174,0.6537732338886686,0.005753890062146105,0,0,0.0,0
7,unconstrained,6,13,1.475,4,5,1.1,1.25,1,1,7.291404829238104,10.740601119285117,6.1544420563419635,0.6153798532879452,0.08045652601922049,0,0,0.0,0
7,unconstrained,6,14,1.55,4,5,1.1,1.25,1,1,5.189906764490587,8.639103054537571,3.2463991746424767,0.5744534198997409,0.03654323842142304,0,0,0.0,0
7,unconstrained,6,15,1.625,4,4,1.1,1.1,0,0,0.0,3.449196290047013,-4.395497517444454,0.5310801654890087,-0.05690227831029038,0,0,0.0,0
7,unconstrained,6,16,1.7,4,5,1.1,1.25,1,1,0.8880560508324891,2.1344034643022667,-3.7305361537549686,0.4888344340665455,-0.023143541741864837,0,0,0.0,0
7,unconstrained,6,17,1.775,5,5,1.25,1.25,0,0,0.0,1.2463474134697776,-5.379896150958103,0.44846152644196813,-0.0399846478214263,0,0,0.0,0
7,unconstrained,6,18,1.85,5,5,1.25,1.25,0,0,0.0,0.0,-8.320053496308901,0.4058370572421213,-0.04919826689292872,0,0,0.0,0
7,unconstrained,6,19,1.925,6,6,1.4,1.4,0,0,0.0,0.0,-8.484258380470976,0.36332785828028646,-0.028672149879632514,0,0,0.0,0
7,unconstrained,6,20,2.0,5,5,1.25,1.25,0,0,0.0,0.0,-10.514202987338535,0.3216800775752488,-0.05360205683157648,0,0,0.0,0
7,unconstrained,7,0,0.5,0,2,0.5,0.8,2,1,6.3496754276486165,6.3496754276486165,10.940438512749932,1.2266201826186274,0.30912097245115344,2,0,0.0,1
7,unconstrained,7,1,0.575,1,2,0.65,0.8,1,1,5.542421472145598,5.542421472145598,8.720158004431731,1.1539613352854794,0.22514667878369643,0,0,0.0,1
7,unconstrained,7,2,0.65,1,2,0.65,0.8,1,1,4.431996909667632,4.431996909667632,6.3652122509633955,1.0890825538803495,0.15118316588885783,31,0,0.0,1
7,unconstrained,7,3,0.725,1,3,0.65,0.95,2,1,12.335915788105886,12.335915788105886,13.383218956014915,1.0477219458974292,0.33018897362462774,0,0,0.0,0
7,unconstrained,7,4,0.8,1,3,0.65,0.95,2,1,10.096879598838562,10.096879598838562,11.33940322010777,1.0079466348548825,0.25366893664845325,3,0,0.0,0
7,unconstrained,7,5,0.875,2,3,0.8,0.95,1,1,7.573279643791182,7.573279643791182,9.095163526537114,0.9780273631663656,0.1858358481777147,32,0,0.0,0
7,unconstrained,7,6,0.95,2,3,0.8,0.95,1,1,6.17234858741854,6.17234858741854,6.569760354478724,0.9720928849459449,0.1237472061656284,6,0,0.0,0
7,unconstrained,7,7,1.025,2,3,0.8,0.95,1,1,4.492210172149562,4.492210172149562,3.797922761092515,0.9529250189626589,0.06659586890150226,15,0,0.0,0
7,unconstrained,7,8,1.1,2,3,0.8,0.95,1,1,2.6239174973786135,2.6239174973786135,1.21321550314385,0.9182816486411686,0.01993863412147956,11,0,0.0,0
7,unconstrained,7,9,1.175,2,3,0.8,0.95,1,1,0.664743576566039,0.664743576566039,-1.0743945754036517,0.8798418433749288,-0.01665767954796138,0,0,0.0,0
7,unconstrained,7,10,1.25,3,4,0.95,1.1,1,1,7.611149872412682,7.611149872412682,5.1296770809069585,0.8309922546466865,0.07969025626987136,0,0,0.0,0
7,unconstrained,7,11,1.325,3,4,0.95,1.1,1,1,5.607199145345035,5.607199145345035,2.6430943537291114,0.7802430108175621,0.03823067108294609,0,0,0.0,0
7,unconstrained,7,12,1.4,3,4,0.95,1.1,1,1,3.4491962900469986,3.4491962900469986,0.46106838913844683,0.7338856452005589,0.006253390146843785,0,0,0.0,0
7,unconstrained,7,13,1.475,3,4,0.95,1.1,1,1,1.2463474134697634,1.2463474134697634,-1.7271081729995785,0.6812982742858273,-0.02217088435253789,0,0,0.0,0
7,unconstrained,7,14,1.55,4,4,1.1,1.1,0,0,0.0,0.0,-3.6042933631814975,0.6289893825410308,-0.0440995679460201,0,0,0.0,0
7,unconstrained,7,15,1.625,4,4,1.1,1.1,0,0,0.0,0.0,-4.956191303311428,0.5764631623227343,-0.05810411690026829,0,0,0.0,0
7,unconstrained,7,16,1.7,4,4,1.1,1.1,0,0,0.0,0.0,-5.775221369858642,0.523825173545871,-0.06518084573615912,0,0,0.0,0
7,unconstrained,7,17,1.775,4,5,1.1,1.25,1,1,1.5348239439958888,1.5348239439958888,-3.6108167712935,0.476073917863838,-0.03951601793020387,0,0,0.0,0
7,unconstrained,7,18,1.85,5,5,1.25,1.25,0,0,0.0,0.0,-4.673779389719229,0.4303334580743038,-0.04874944108180479,0,0,0.0,0
7,unconstrained,7,19,1.925,5,5,1.25,1.25,0,0,0.0,0.0,-5.149078558146627,0.3845214595281133,-0.05145858363319267,0,0,0.0,0
7,unconstrained,7,20,2.0,5,5,1.25,1.25,0,0,0.0,0.0,-5.671222362127693,0.34006015884618246,-0.0547242938451431,0,0,0.0,0
8,structured,0,0,0.5,10,10,2.0,2.0,0,0,0.0,272.65547873533603,1272.1218946921063,0.5489527084682022,0.12052092034280171,2,2,1.0,1
8,structured,0,1,0.575,10,10,2.0,2.0,0,0,0.0,261.34014711846964,1260.897083700293,0.506460887284982,0.12105310709184414,9,4,0.4444444444444444,1
8,structured,0,2,0.65,10,10,2.0,2.0,0,0,0.0,261.34014711846964,1260.9101078091137,0.4655189300015514,0.1226505109730387,5,1,0.2,1
8,structured,0,3,0.725,10,10,2.0,2.0,0,0,0.0,265.5520901158677,1260.6113246249497,0.4301393148734011,0.12443964561147203,12,9,0.75,1
8,structured,0,4,0.8,10,10,2.0,2.0,0,0,0.0,265.55209011586777,1260.632618249891,0.4052036045865886,0.12644864999042948,1,0,0.0,0
8,structured,0,5,0.875,10,8,2.0,1.7,2,1,2.5436270632821447,263.88377418175185,1260.2232508858801,0.39539346740088555,-0.199614686977167,6,0,0.0,0
8,structured,0,6,0.95,10,10,2.0,2.0,0,0,0.0,281.0470491120927,1346.3754589476168,0.4060558025984063,0.1412878511135553,10,5,0.5,1
8,structured,0,7,1.025,10,10,2.0,2.0,0,0,0.0,281.0470491120927,1346.3586194710408,0.4452922530771701,0.10407056587937191,2,0,0.0,0
8,structured,0,8,1.1,10,9,2.0,1.85,1,1,3.0874553168914645,284.1345044289842,1345.7348200052568,0.4975266802516029,-0.1429878541027712,4,0,0.0,0
8,structured,0,9,1.175,3,9,0.95,1.85,6,1,4.158322039104576,285.20537115119726,1345.334949499249,0.5532045760379649,-0.22151702252468164,7,0,0.0,0
8,structured,0,10,1.25,3,10,0.95,2.0,7,1,3.7180074038955127,295.3806462435823,1444.7984291457442,0.611565602661259,-0.13629389421327537,5,0,0.0,0
8,structured,0,11,1.325,10,10,2.0,2.0,0,0,0.0,305.88465603166765,1478.8847417338948,0.6720852383751338,-0.21437472798792745,1,0,0.0,0
8,structured,0,12,1.4,5,10,1.25,2.0,5,1,5.953876606571839,311.8385326382395,1478.5131078560225,0.7343127084527731,-0.27401562697488246,2,0,0.0,0
8,structured,0,13,1.475,4,10,1.1,2.0,6,1,15.551429785321204,328.49369052338363,1566.218143783779,0.8009821919045557,-0.31484210673865154,2,0,0.0,0
8,structured,0,14,1.55,4,10,1.1,2.0,6,1,19.002410652202855,331.9446713902653,1565.669791948043,0.8728762759746576,-0.35389080526662453,3,0,0.0,0
8,structured,0,15,1.625,4,10,1.1,2.0,6,1,14.809008400585412,338.6979481140705,1669.215642508858,0.9496918591383625,-0.39081012716619257,6,0,0.0,0
8,structured,0,16,1.7,5,10,1.25,2.0,5,1,29.2347416172492,353.1236813307343,1668.3272504091597,1.0311637283423079,-0.42499529005861825,3,0,0.0,0
8,structured,0,17,1.775,5,0,1.25,0.5,5,1,92.39911006086874,346.4864574768385,1691.5446917908528,1.1170944686366673,2.458779228296863,7,0,0.0,1
8,structured,0,18,1.85,5,0,1.25,0.5,5,1,99.2999859664638,355.3613592285101,1798.3376235031008,1.2073926120159295,2.6269429463138856,3,0,0.0,1
8,structured,0,19,1.925,6,0,1.4,0.5,6,1,120.93229760018573,376.99367086223197,1925.82823591723,1.3020622474266914,2.7959279322484356,4,0,0.0,1
8,structured,0,20,2.0,6,0,1.4,0.5,6,1,116.10593352804108,388.7614122633771,2191.4001051696846,1.4024903775057975,2.9684368222542172,6,0,0.0,1
8,structured,1,0,0.5,10,10,2.0,2.0,0,0,0.0,233.13110826290824,1156.2622609920404,0.3194763145000263,0.5341990611857235,0,0,0.0,0
8,structured,1,1,0.575,10,10,2.0,2.0,0,0,0.0,241.82331276013804,1155.2780620864407,0.30167845419788164,0.5324719948042922,0,0,0.0,0
8,structured,1,2,0.65,10,10,2.0,2.0,0,0,0.0,241.82331276013804,1155.345096795113,0.2989829249195063,0.5331071633113245,12,0,0.0,0
8,structured,1,3,0.725,10,10,2.0,2.0,0,0,0.0,244.0594443829138,1153.9785649208627,0.3046385421569483,0.439393932581546,1,0,0.0,0
8,structured,1,4,0.8,10,10,2.0,2.0,0,0,0.0,244.05944438291385,1153.9560816760302,0.3260110959846495,0.3438797593219295,1,0,0.0,0
8,structured,1,5,0.875,10,8,2.0,1.7,2,1,2.5436270632821447,244.3669398234202,1154.7154175943335,0.3600163903403216,-0.09027642125619051,7,0,0.0,0
8,structured,1,6,0.95,10,10,2.0,2.0,0,0,0.0,247.67986275377294,1162.08273624126,0.402957960918247,0.15516374478047612,6,0,0.0,0
8,structured,1,7,1.025,3,10,0.95,2.0,7,1,0.7449610525031858,248.42482380627612,1161.9846640977146,0.4514854435647753,0.06411732153323513,3,0,0.0,0
8,structured,1,8,1.1,2,9,0.8,1.85,7,1,6.407484662196794,254.08734741596976,1161.2743673429882,0.5033591210196802,-0.19348636495930432,6,0,0.0,0
8,structured,1,9,1.175,2,9,0.8,1.85,7,1,8.381510508273323,256.06137326204623,1160.8523886457288,0.5563016398234492,-0.27183383950534246,2,0,0.0,0
8,structured,1,10,1.25,3,10,0.95,2.0,7,1,3.367522081184802,272.65547873533603,1272.0834391042022,0.6114218912907208,-0.18137734171424155,2,0,0.0,0
8,structured,1,11,1.325,10,10,2.0,2.0,0,0,0.0,261.34014711846964,1260.848717426281,0.6648186597011202,-0.2280785973588158,10,3,0.3,1
8,structured,1,12,1.4,4,10,1.1,2.0,6,1,4.211942997398069,265.5520901158677,1260.5332976425705,0.7236177777780758,-0.26872224267837685,23,0,0.0,0
8,structured,1,13,1.475,4,10,1.1,2.0,6,1,14.18392606536247,281.04704911209274,1346.2004548185723,0.7883765854015826,-0.3078212211534269,12,0,0.0,0
8,structured,1,14,1.55,4,10,1.1,2.0,6,1,17.63490693224412,284.4980299789744,1345.6722524522118,0.8585849681175943,-0.3438170685015457,7,0,0.0,0
8,structured,1,15,1.625,4,10,1.1,2.0,6,1,9.897585941136242,291.6626388396868,1445.1568093281053,0.9340098671791547,-0.375509421346782,4,0,0.0,0
8,structured,1,16,1.7,5,0,1.25,0.5,5,1,83.50238069724122,305.88465603166765,1479.5620076120963,1.0146493850186147,2.2590466336390307,4,0,0.0,1
8,structured,1,17,1.775,7,0,1.55,0.5,7,1,90.559985403636,312.94226073806243,1567.690271751772,1.1003497490871919,2.427761006138958,0,0,0.0,1
8,structured,1,18,1.85,6,0,1.4,0.5,6,1,101.21623975051733,323.8889397134851,1671.9386461608296,1.1908995165783196,2.5970414397147037,0,0,0.0,1
8,structured,1,19,1.925,6,0,1.4,0.5,6,1,123.83443009827869,346.5071300612464,1796.2751448054275,1.2861024416336926,2.7667893589604953,0,0,0.0,1
8,structured,1,20,2.0,6,0,1.4,0.5,6,1,117.4641656478696,350.59527391077785,2044.9876632742664,1.385660248151742,2.936587476159607,0,0,0.0,1
8,structured,2,0,0.5,10,10,2.0,2.0,0,0,0.0,184.04304291277606,935.589046248927,0.33794977965389716,0.718652625781272,0,0,0.0,0
8,structured,2,1,0.575,10,10,2.0,2.0,0,0,0.0,194.58428746107137,972.3063658170014,0.3124897104177547,0.619080867363768,0,0,0.0,0
8,structured,2,2,0.65,10,10,2.0,2.0,0,0,0.0,194.58428746107143,972.3047475381935,0.3034398530192011,0.5196202809242388,13,0,0.0,0
8,structured,2,3,0.725,10,10,2.0,2.0,0,0,0.0,202.52046921654716,972.01426000928,0.3114645894013284,0.4220785339942076,1,0,0.0,0
8,structured,2,4,0.8,10,9,2.0,1.85,1,1,8.102298969191395,202.68658643026282,972.2154910729375,0.3341225787505264,0.14925466091321665,7,0,0.0,0
8,structured,2,5,0.875,10,8,2.0,1.7,2,1,6.2678658213598055,200.85215328243123,971.6045563406678,0.3681343102464796,-0.11634131841690831,7,0,0.0,0
8,structured,2,6,0.95,10,10,2.0,2.0,0,0,0.0,217.1933219527874,1055.9883201027067,0.4100086586225907,0.1390347658497424,10,7,0.7,1
8,structured,2,7,1.025,10,10,2.0,2.0,0,0,0.0,217.1933219527874,1055.8857175293215,0.45733235271919825,0.04701123835114185,0,0,0.0,0
8,structured,2,8,1.1,10,9,2.0,1.85,1,1,5.18895338163901,222.38227533442642,1055.1304575578135,0.508465355226547,-0.21846258970433002,9,0,0.0,0
8,structured,2,9,1.175,2,9,0.8,1.85,7,1,5.479378010180369,222.67269996296776,1054.6965753659576,0.5590127516190874,-0.29714147637805777,24,0,0.0,0
8,structured,2,10,1.25,10,10,2.0,2.0,0,0,0.0,233.13110826290824,1156.0502696697215,0.6038843316593037,-0.1714200432992868,4,4,1.0,1
8,structured,2,11,1.325,10,10,2.0,2.0,0,0,0.0,241.82331276013804,1155.0137875532753,0.6542043545854209,-0.21362559464308922,14,9,0.6428571428571429,1
8,structured,2,12,1.4,4,9,1.1,1.85,5,1,10.928336120005554,244.05944438291382,1153.6536726063568,0.7104656700919424,-0.41470311958671346,4,0,0.0,0
8,structured,2,13,1.475,4,10,1.1,2.0,6,1,12.49377384753069,247.67986275377297,1161.8891737292274,0.7730105690199945,-0.2819541789058907,4,0,0.0,0
8,structured,2,14,1.55,5,10,1.25,2.0,5,1,16.036962817803612,251.22305172404594,1161.4113782956977,0.8419630706813613,-0.31200107322851534,0,0,0.0,0
8,structured,2,15,1.625,4,10,1.1,2.0,6,1,11.931672481382122,269.28795665415123,1272.5500124456669,0.9169696949132031,-0.339510083694041,0,0,0.0,0
8,structured,2,16,1.7,5,0,1.25,0.5,5,1,86.40451319533418,261.34014711846964,1261.5645377344902,0.9977100672920354,2.231023854773918,3,0,0.0,1
8,structured,2,17,1.775,5,0,1.25,0.5,5,1,91.9274891235948,266.86312304673027,1347.6445535831501,1.083889899937514,2.4004511054794477,0,0,0.0,1
8,structured,2,18,1.85,6,0,1.4,0.5,6,1,106.82941897541508,281.7650528985506,1447.7920124772997,1.1745301587290247,2.56728104080232,0,0,0.0,1
8,structured,2,19,1.925,6,0,1.4,0.5,6,1,124.53618686372721,299.4718207868627,1566.5107132703351,1.2691871231021898,2.7344607802566108,0,0,0.0,1
8,structured,2,20,2.0,6,0,1.4,0.5,6,1,117.4641656478696,301.50720856064567,1793.0059791760464,1.3681101972730976,2.902781152009787,0,0,0.0,1
8,structured,3,0,0.5,10,10,2.0,2.0,0,0,0.0,164.5821784207996,827.186908472592,0.35032030821085686,0.7466838934025484,0,0,0.0,0
8,structured,3,1,0.575,10,10,2.0,2.0,0,0,0.0,167.70231487269842,826.406055938643,0.3210456310338202,0.624164446825731,0,0,0.0,0
8,structured,3,2,0.65,10,10,2.0,2.0,0,0,0.0,167.70231487269842,826.4032660113328,0.31311697584005155,0.5226319476163508,14,0,0.0,0
8,structured,3,3,0.725,10,10,2.0,2.0,0,0,0.0,180.42193700025445,825.124354180837,0.321487078637788,0.4226560089636977,7,0,0.0,0
8,structured,3,4,0.8,10,10,2.0,2.0,0,0,0.0,180.42193700025445,825.0971622882766,0.3439598369052396,0.3245702381713258,6,0,0.0,0
8,structured,3,5,0.875,10,8,2.0,1.7,2,1,13.027117568062437,180.72943244076083,825.6621072897556,0.37637354755432517,-0.12895980746721059,3,0,0.0,0
8,structured,3,6,0.95,10,10,2.0,2.0,0,0,0.0,167.693924465748,834.6324429852975,0.4158139608656995,0.13928795753919415,25,25,1.0,1
8,structured,3,7,1.025,10,10,2.0,2.0,0,0,0.0,167.693924465748,834.5332962892162,0.4600630697061739,0.04951652681778679,0,0,0.0,0
8,structured,3,8,1.1,10,10,2.0,2.0,0,0,0.0,174.93563392313547,850.2295758149731,0.5002122501417708,-0.018620742180661606,5,5,1.0,1
8,structured,3,9,1.175,10,10,2.0,2.0,0,0,0.0,174.93563392313547,850.105422639459,0.5409867634023237,-0.07244763091876322,4,4,1.0,1
8,structured,3,10,1.25,10,10,2.0,2.0,0,0,0.0,184.04304291277606,935.2732974855642,0.5872416482277764,-0.12345165547094947,0,0,0.0,0
8,structured,3,11,1.325,10,10,2.0,2.0,0,0,0.0,194.5842874610714,971.9841791129489,0.6387963891517157,-0.17149757062469917,4,4,1.0,1
8,structured,3,12,1.4,4,10,1.1,2.0,6,1,7.9361817554757295,202.52046921654716,971.7050528358609,0.6946552343308393,-0.21094770469821522,1,0,0.0,0
8,structured,3,13,1.475,5,10,1.25,2.0,5,1,17.086058563455424,217.19332195278741,1055.8163051465976,0.7564009199823508,-0.24779638443607066,10,0,0.0,0
8,structured,3,14,1.55,5,10,1.25,2.0,5,1,22.63853749508462,222.74580088441667,1055.375142727747,0.8246839734296166,-0.2764676895962197,8,0,0.0,0
8,structured,3,15,1.625,4,10,1.1,2.0,6,1,22.690081951502464,233.13110826290824,1156.4933649800278,0.8999172844041445,-0.3106228375015596,4,0,0.0,0
8,structured,3,16,1.7,5,10,1.25,2.0,5,1,31.38228644873226,241.82331276013807,1155.6889305524483,0.980553213485506,-0.3461555332922859,9,0,0.0,0
8,structured,3,17,1.775,5,0,1.25,0.5,5,1,93.81615261204985,235.1860889062423,1163.2282896408694,1.0658973127080762,2.3619431854250372,0,0,0.0,1
8,structured,3,18,1.85,6,10,1.4,2.0,4,1,30.89864219088298,257.3562841727691,1274.9732629085515,1.1556930509318786,-0.4085793685934087,0,0,0.0,0
8,structured,3,19,1.925,6,0,1.4,0.5,6,1,120.3901662305542,265.69330229163575,1379.4323318224663,1.2532830204847905,2.703730543880254,0,0,0.0,1
8,structured,3,20,2.0,6,0,1.4,0.5,6,1,113.73992688979195,278.3221053105916,1663.351650094551,1.355639842271644,2.87910471993362,0,0,0.0,1
8,structured,4,0,0.5,10,10,2.0,2.0,0,0,0.0,128.42533002955668,692.4791486293092,0.3844957282557638,0.8370589118911818,0,0,0.0,0
8,structured,4,1,0.575,10,10,2.0,2.0,0,0,0.0,129.6938535895208,691.9673534288296,0.34346906378961456,0.722124456491503,0,0,0.0,0
8,structured,4,2,0.65,10,10,2.0,2.0,0,0,0.0,129.6938535895208,691.962434244794,0.3216898228104414,0.6072710224858139,21,0,0.0,0
8,structured,4,3,0.725,10,10,2.0,2.0,0,0,0.0,139.35366614956226,690.806527375312,0.3212800922582188,0.49421781799699793,6,0,0.0,0
8,structured,4,4,0.8,10,10,2.0,2.0,0,0,0.0,139.35366614956223,690.7954666453951,0.33491747697521257,0.4026560381636187,3,0,0.0,0
8,structured,4,5,0.875,10,8,2.0,1.7,2,1,9.967308000547831,139.66116159006864,691.347471526177,0.3606837332093826,-0.06636064797986518,0,0,0.0,0
8,structured,4,6,0.95,10,10,2.0,2.0,0,0,0.0,136.37949418317672,687.0276219533389,0.3953542112444655,0.21704106575117482,0,0,0.0,0
8,structured,4,7,1.025,10,10,2.0,2.0,0,0,0.0,136.37949418317672,686.9996103013555,0.42608640080854426,0.16076883127262775,0,0,0.0,0
8,structured,4,8,1.1,3,9,0.95,1.85,6,1,4.990442111015739,141.36993629419246,686.4773743726922,0.4635729933480244,-0.08062759034898992,0,0,0.0,0
8,structured,4,9,1.175,3,9,0.95,1.85,6,1,8.923641877904828,145.30313606108155,686.2129542775274,0.5079505665376048,-0.13108204211677232,8,0,0.0,0
8,structured,4,10,1.25,3,10,0.95,2.0,7,1,7.881073550916966,164.5821784207996,826.8536485798498,0.5587613960447491,0.005332986046909627,0,0,0.0,0
8,structured,4,11,1.325,5,10,1.25,2.0,5,1,3.99915772341771,167.7023148726984,826.0803116717625,0.6154540327095303,-0.04437276673849655,8,0,0.0,0
8,structured,4,12,1.4,4,9,1.1,1.85,5,1,23.720832130371804,180.42193700025445,824.8146282681944,0.6781849208582098,-0.27700782338615704,7,0,0.0,0
8,structured,4,13,1.475,5,10,1.25,2.0,5,1,22.93304557412651,167.69392446574804,834.4600924550384,0.7464101899836082,-0.15867793829870858,34,0,0.0,0
8,structured,4,14,1.55,5,0,1.25,0.5,5,1,68.12468436556557,174.93563392313547,850.2628320879011,0.8181368107130211,1.8791998531045193,9,0,0.0,1
8,structured,4,15,1.625,4,10,1.1,2.0,6,1,29.995930132575836,184.04304291277606,935.5999551223017,0.8939311544213908,-0.2542425239341606,0,0,0.0,0
8,structured,4,16,1.7,5,0,1.25,0.5,5,1,81.13637405899215,194.58428746107143,972.5373445444493,0.9747086420624625,2.1963821215534765,4,0,0.0,1
8,structured,4,17,1.775,5,0,1.25,0.5,5,1,86.65934998725274,200.10726338933202,1057.012563029828,1.063643259659213,2.368322321180221,0,0,0.0,1
8,structured,4,18,1.85,6,0,1.4,0.5,6,1,93.05991314243744,210.4410263114058,1158.7409314676925,1.158460659017369,2.5427392350191056,0,0,0.0,1
8,structured,4,19,1.925,6,0,1.4,0.5,6,1,109.07652881291773,226.45764198188613,1280.3021005224466,1.258195914168727,2.717544060277537,0,0,0.0,1
8,structured,4,20,2.0,6,0,1.4,0.5,6,1,102.9815174196716,231.40684744922828,1540.6923696294916,1.3625727104661423,2.8926740615045787,0,0,0.0,1
8,structured,5,0,0.5,10,10,2.0,2.0,0,0,0.0,80.12622074726534,395.73574155897506,0.41877841920493897,0.9134720272292353,0,0,0.0,0
8,structured,5,1,0.575,10,10,2.0,2.0,0,0,0.0,83.28391889047518,478.8687185331413,0.37257173414743455,0.8049920992465033,0,0,0.0,0
8,structured,5,2,0.65,10,10,2.0,2.0,0,0,0.0,83.28391889047518,478.877870873249,0.341052979497068,0.6968554220066914,27,0,0.0,0
8,structured,5,3,0.725,10,10,2.0,2.0,0,0,0.0,89.07255581446785,478.82372619168274,0.32709470287004505,0.5891060385844916,3,0,0.0,0
8,structured,5,4,0.8,2,10,0.8,2.0,8,1,1.4701673314486357,90.54272314591645,478.80760055707606,0.3316008344853577,0.4819951598856863,0,0,0.0,0
8,structured,5,5,0.875,2,8,0.8,1.7,6,1,9.618798229625895,92.90271712010104,478.4122233807099,0.3493270454556816,0.002401650252984888,0,0,0.0,0
8,structured,5,6,0.95,3,10,0.95,2.0,7,1,4.67749830749824,101.82133218092537,577.1134971873236,0.3702284650024435,0.34720468588392167,0,0,0.0,0
8,structured,5,7,1.025,3,10,0.95,2.0,7,1,9.667115684142772,106.8109495575699,577.1550571496057,0.4006781350962828,0.308051465311086,8,0,0.0,0
8,structured,5,8,1.1,3,9,0.95,1.85,6,1,16.304079528652153,113.44791340207928,576.8932395585259,0.4407224108765893,0.0713428072544251,8,0,0.0,0
8,structured,5,9,1.175,3,9,0.95,1.85,6,1,20.237279295541242,117.38111316896837,576.7485554970392,0.489358953206855,0.025780281448468445,25,0,0.0,0
8,structured,5,10,1.25,3,10,0.95,2.0,7,1,21.774053057436078,128.42533002955668,692.0859696772904,0.5459890458151099,0.1599326785172323,7,0,0.0,0
8,structured,5,11,1.325,3,10,0.95,2.0,7,1,21.334266836586607,129.6938535895208,691.569401949501,0.6084458312424561,0.09760071911388513,9,0,0.0,0
8,structured,5,12,1.4,4,9,1.1,1.85,5,1,32.70238917744166,139.35366614956223,690.430143085022,0.675909218907971,-0.1503889891354211,9,0,0.0,0
8,structured,5,13,1.475,4,10,1.1,2.0,6,1,36.40624895278151,136.37949418317672,686.7480935694955,0.7477511023551693,-0.024158826444539705,4,0,0.0,0
8,structured,5,14,1.55,4,10,1.1,2.0,6,1,39.85722981966322,139.8304750500584,686.3375193006691,0.8234956484920172,-0.08311689649151499,0,0,0.0,0
8,structured,5,15,1.625,4,10,1.1,2.0,6,1,40.55864613186125,156.70110486988264,826.8386082852977,0.9050129302126505,-0.13408672866183124,0,0,0.0,0
8,structured,5,16,1.7,5,10,1.25,2.0,5,1,47.560698411259295,163.70315714928068,826.2326544637974,0.9918753169431225,-0.17359151782748206,0,0,0.0,0
8,structured,5,17,1.775,5,0,1.25,0.5,5,1,75.90094051713237,144.76087889162153,835.2598220942501,1.0830448685986158,2.423164257028759,0,0,0.0,1
8,structured,5,18,1.85,5,0,1.25,0.5,5,1,80.84264250191481,154.04711278020025,937.4896629521295,1.1783354224762073,2.5894167712578904,0,0,0.0,1
8,structured,5,19,1.925,6,0,1.4,0.5,6,1,89.88980680781424,163.09427708609968,1063.4941913818839,1.2809214835897182,2.7624864179501136,0,0,0.0,1
8,structured,5,20,2.0,5,0,1.25,0.5,5,1,89.13064029848206,169.2568610457474,1284.238748182708,1.3881711689125913,2.9366022352712378,0,0,0.0,1
8,structured,6,0,0.5,1,10,0.65,2.0,9,1,6.867493930264757,28.18440326732169,141.1573454608725,0.4588795836329554,0.9967344704919987,0,0,0.0,0
8,structured,6,1,0.575,1,10,0.65,2.0,9,1,9.703662779447583,34.63477684160214,175.1919907171753,0.40743600373527306,0.889728881221502,0,0,0.0,0
8,structured,6,2,0.65,1,10,0.65,2.0,9,1,12.964432624975828,37.895546687130384,175.21225848906852,0.3682480145486746,0.7834771623784275,30,0,0.0,0
8,structured,6,3,0.725,2,10,0.8,2.0,8,1,12.496308194468753,40.65251049389748,216.81242704541955,0.3444693921156501,0.6796425758834249,0,0,0.0,0
8,structured,6,4,0.8,2,10,0.8,2.0,8,1,19.5765232022559,47.732725501684634,216.84831814588975,0.33977231215400605,0.6023359431556443,0,0,0.0,0
8,structured,6,5,0.875,2,10,0.8,2.0,8,1,23.60483311055644,51.76103540998517,216.89202433013037,0.3476695659247495,0.5352642236320815,0,0,0.0,0
8,structured,6,6,0.95,2,10,0.8,2.0,8,1,26.987642726219335,57.968563983129584,266.3822596573498,0.36633597534916,0.46885967113877147,9,0,0.0,0
8,structured,6,7,1.025,2,10,0.8,2.0,8,1,30.29712168759488,61.27804294450513,266.39862867019184,0.3956451761018068,0.3985713865023941,32,0,0.0,0
8,structured,6,8,1.1,3,10,0.95,2.0,7,1,34.53774968116652,68.85993837448918,325.27819393544803,0.4365994637667671,0.34898732108165853,16,0,0.0,0
8,structured,6,9,1.175,3,10,0.95,2.0,7,1,38.88228158496278,73.20447027828544,325.31332702053874,0.4867222299909042,0.2999874545749374,1,0,0.0,0
8,structured,6,10,1.25,3,10,0.95,2.0,7,1,41.70409265324773,80.12622074726534,395.2874995976943,0.544777836095338,0.2508521406436814,8,0,0.0,0
8,structured,6,11,1.325,3,10,0.95,2.0,7,1,41.26430643239826,83.28391889047516,478.40391210004685,0.6096914658300708,0.20258551896342858,4,0,0.0,0
8,structured,6,12,1.4,4,10,1.1,2.0,6,1,47.05294335639093,89.07255581446783,478.35126916799044,0.6805883335239231,0.15536435722242015,0,0,0.0,0
8,structured,6,13,1.475,4,10,1.1,2.0,6,1,52.01755109857881,97.14383387342713,576.634799406126,0.7583562576904157,0.11067210663337157,0,0,0.0,0
8,structured,6,14,1.55,4,10,1.1,2.0,6,1,55.4685319654605,100.59481474030882,576.4555726981823,0.8420810001398507,0.0654631692087071,0,0,0.0,0
8,structured,6,15,1.625,4,10,1.1,2.0,6,1,58.10347831646,106.6512769721206,691.5981534466115,0.9303706954781347,0.02193863962242193,0,0,0.0,0
8,structured,6,16,1.7,4,10,1.1,2.0,6,1,59.811788097273606,108.3595867529342,691.2095496312148,1.0228392489878655,-0.019545472219428817,0,0,0.0,0
8,structured,6,17,1.775,5,9,1.25,1.85,4,1,51.42544657473462,99.97324523039521,686.8781907738621,1.1174034897167924,-0.21379129164926036,0,0,0.0,0
8,structured,6,18,1.85,5,10,1.25,2.0,5,1,63.228666865282634,116.14245873802139,827.894890593275,1.215864659369705,-0.09771491158365864,0,0,0.0,0
8,structured,6,19,1.925,6,0,1.4,0.5,6,1,71.9189411328151,89.93628473253207,901.8282768098247,1.318800928486961,2.8252811113500105,0,0,0.0,1
8,structured,6,20,2.0,5,0,1.25,0.5,5,1,75.0475877133415,96.36449705039843,1083.2076076006574,1.425245044104322,2.9921413677584416,0,0,0.0,1
8,structured,7,0,0.5,0,0,0.5,0.5,0,0,0.0,0.0,11.444049828265378,0.5071919314857063,0.2723767485121229,0,0,0.0,1
8,structured,7,1,0.575,1,0,0.65,0.5,1,1,1.429709824048821,1.429709824048821,14.788937445202137,0.4528735700447225,0.32401354411950933,0,0,0.0,1
8,structured,7,2,0.65,1,0,0.65,0.5,1,1,2.9322834916964453,2.9322834916964453,19.208738426498066,0.4099640888047243,0.3881770298524154,30,0,0.0,1
8,structured,7,3,0.725,1,0,0.65,0.5,1,1,4.431820948969644,4.431820948969644,26.74157967565553,0.3907539718806677,0.49164887504851773,0,0,0.0,1
8,structured,7,4,0.8,1,0,0.65,0.5,1,1,5.8736333198421065,5.8736333198421065,35.77722089832567,0.3785025398962549,0.6002461710777096,0,0,0.0,1
8,structured,7,5,0.875,2,0,0.8,0.5,2,1,7.442918870566899,7.442918870566899,46.38292294679428,0.3749354969500379,0.7121904324586597,41,0,0.0,1
8,structured,7,6,0.95,2,0,0.8,0.5,2,1,10.398660019931405,10.398660019931405,58.90916630756044,0.3844585025693804,0.8287900786568292,8,0,0.0,1
8,structured,7,7,1.025,2,0,0.8,0.5,2,1,13.181969722919256,13.181969722919256,73.60435692581484,0.40686544341211267,0.949412964581045,9,0,0.0,1
8,structured,7,8,1.1,2,0,0.8,0.5,2,1,15.733007438348125,15.733007438348125,90.78201079689657,0.44079171927101624,1.0736531893910914,12,0,0.0,1
8,structured,7,9,1.175,2,0,0.8,0.5,2,1,18.017343599716973,18.017343599716973,112.58332553441721,0.4872789117234575,1.2122393016953827,0,0,0.0,1
8,structured,7,10,1.25,3,0,0.95,0.5,3,1,21.316909337056927,21.316909337056927,140.64411536330022,0.545638522253475,1.3665888746711836,0,0,0.0,1
8,structured,7,11,1.325,3,0,0.95,0.5,3,1,24.931114062154563,24.931114062154563,174.6528445366519,0.6125377711631116,1.5263189511129296,0,0,0.0,1
8,structured,7,12,1.4,3,0,0.95,0.5,3,1,28.156202299428728,28.156202299428728,216.23940160799282,0.6879682394593009,1.6922543777230459,0,0,0.0,1
8,structured,7,13,1.475,3,0,0.95,0.5,3,1,30.980921256910243,30.980921256910243,265.69245331082175,0.7694392866214662,1.8592242985768754,0,0,0.0,1
8,structured,7,14,1.55,4,0,1.1,0.5,4,1,34.32218869332265,34.32218869332265,324.5253469597798,0.8563786115077531,2.0272038533061743,0,0,0.0,1
8,structured,7,15,1.625,4,0,1.1,0.5,4,1,38.42212809401761,38.42212809401761,394.4855351793781,0.9482876350706441,2.1960046673458393,0,0,0.0,1
8,structured,7,16,1.7,4,0,1.1,0.5,4,1,42.01961245807691,42.01961245807691,477.61569312068895,1.0447282500564832,2.365403274477436,0,0,0.0,1
8,structured,7,17,1.775,4,0,1.1,0.5,4,1,45.12628277484831,45.12628277484831,575.9969479830208,1.1449010125133654,2.534680803514515,0,0,0.0,1
8,structured,7,18,1.85,5,0,1.25,0.5,5,1,48.54779865566059,48.54779865566059,691.4114433534658,1.2473474035762369,2.7024920227978786,0,0,0.0,1
8,structured,7,19,1.925,5,0,1.25,0.5,5,1,52.913791872738756,52.913791872738756,829.3739185605638,1.354127801303222,2.8720025369355797,0,0,0.0,1
8,structured,7,20,2.0,5,0,1.25,0.5,5,1,56.69760713183363,56.69760713183363,993.8525547373573,1.465010114811361,3.0425339887084917,0,0,0.0,1
8,unconstrained,0,0,0.5,10,10,2.0,2.0,0,0,0.0,34.51946799463525,59.500798040846746,0.757394539884472,0.34119526292272573,2,2,1.0,1
8,unconstrained,0,1,0.575,10,10,2.0,2.0,0,0,0.0,24.684016353329298,50.77564603918137,0.7127567296726997,0.27446384400705237,9,4,0.4444444444444444,1
8,unconstrained,0,2,0.65,10,10,2.0,2.0,0,0,0.0,24.684016353329298,50.85158639703877,0.6850408918222548,0.34622958223373557,5,1,0.2,1
8,unconstrained,0,3,0.725,10,10,2.0,2.0,0,0,0.0,22.784405674733875,48.329467284092686,0.6518094483289479,0.4217871817083021,12,9,0.75,1
8,unconstrained,0,4,0.8,10,10,2.0,2.0,0,0,0.0,22.784405674733875,48.4743238410486,0.6153055794946449,0.4798731419539456,1,0,0.0,0
8,unconstrained,0,5,0.875,10,8,2.0,1.7,2,1,2.5436270632821447,27.227643416611443,55.79362572214575,0.5843840792848165,0.9107126497919793,6,0,0.0,0
8,unconstrained,0,6,0.95,10,10,2.0,2.0,0,0,0.0,21.62420678581475,39.929611517273884,0.5536485659787868,0.5355369656804054,10,5,0.5,1
8,unconstrained,0,7,1.025,10,7,2.0,1.55,3,1,13.19679886477195,37.88081521810125,64.8695641744996,0.52853145957417,0.8847565237431774,2,0,0.0,0
8,unconstrained,0,8,1.1,10,7,2.0,1.55,3,1,16.01607383872158,40.70009019205088,66.3172450043445,0.5043264034715741,0.8205960704176598,4,0,0.0,0
8,unconstrained,0,9,1.175,3,7,0.95,1.55,4,1,15.144162560939208,39.828178914268506,67.40471874865989,0.4752044847931197,0.7456876928508032,7,0,0.0,0
8,unconstrained,0,10,1.25,3,6,0.95,1.4,3,1,11.211659991285387,35.895676344614685,67.70361613573829,0.44883496963513225,0.436157841880795,5,0,0.0,0
8,unconstrained,0,11,1.325,10,5,2.0,1.25,5,1,0.15767706942165205,24.84169342275095,58.965832305195875,0.4337848516553013,0.14321889494636864,1,0,0.0,0
8,unconstrained,0,12,1.4,5,5,1.25,1.25,0,0,0.0,24.684016353329298,56.32939191128787,0.4259734707575935,0.08900474535128922,2,2,1.0,1
8,unconstrained,0,13,1.475,4,4,1.1,1.1,0,0,0.0,24.684016353329298,47.44103481405352,0.41970828777338126,-0.041685216161639005,2,0,0.0,0
8,unconstrained,0,14,1.55,4,6,1.1,1.4,2,1,3.92589622583381,25.55010301164856,48.877865473780105,0.4012584813147761,0.1559196665645488,3,0,0.0,0
8,unconstrained,0,15,1.625,4,4,1.1,1.1,0,0,0.0,22.78440567473382,43.41148769974569,0.37933672567409166,-0.05392239638045471,6,6,1.0,1
8,unconstrained,0,16,1.7,5,5,1.25,1.25,0,0,0.0,21.62420678581475,35.517666767474566,0.3550649620684189,-0.041919648586250524,3,1,0.3333333333333333,1
8,unconstrained,0,17,1.775,5,7,1.25,1.55,2,1,3.057655937790514,19.931900938258877,38.472535270249864,0.3296377008854291,0.16901751049211278,7,0,0.0,0
8,unconstrained,0,18,1.85,5,7,1.25,1.55,2,1,4.372337049746761,21.246582050215125,35.3548616186423,0.3037069422139978,0.110668978142209,3,0,0.0,0
8,unconstrained,0,19,1.925,6,7,1.4,1.55,1,1,10.218447763168342,26.935015694215053,35.03893639796911,0.2742582884361679,0.06004362609458802,4,0,0.0,0
8,unconstrained,0,20,2.0,6,7,1.4,1.55,1,1,8.053780636214128,24.77034856726084,31.753605029285836,0.24539298477384242,0.017863192899869595,6,0,0.0,0
8,unconstrained,1,0,0.5,10,10,2.0,2.0,0,0,0.0,33.00355880538507,51.22174353076741,0.7351162070754824,0.6832338025282634,0,0,0.0,0
8,unconstrained,1,1,0.575,10,10,2.0,2.0,0,0,0.0,21.624206785814692,42.50192905351611,0.6811698224151802,0.6097094637125104,0,0,0.0,0
8,unconstrained,1,2,0.65,10,10,2.0,2.0,0,0,0.0,21.624206785814692,42.51719367113151,0.6347821515681713,0.5326468859455653,12,0,0.0,0
8,unconstrained,1,3,0.725,10,10,2.0,2.0,0,0,0.0,19.72459610721927,39.891731846259916,0.5891984286138815,0.4578568637402758,1,0,0.0,0
8,unconstrained,1,4,0.8,10,10,2.0,2.0,0,0,0.0,19.72459610721927,40.04443559311909,0.5539975985066329,0.5135827295605564,1,0,0.0,0
8,unconstrained,1,5,0.875,10,8,2.0,1.7,2,1,2.5436270632821447,24.167833849096837,45.462296496166005,0.5193478420041872,0.6666964235514159,7,0,0.0,0
8,unconstrained,1,6,0.95,10,10,2.0,2.0,0,0,0.0,16.874245000468363,31.49629121005637,0.4875223823711711,0.5639539066304844,6,0,0.0,0
8,unconstrained,1,7,1.025,3,7,0.95,1.55,4,1,12.251607699443355,33.87581448525805,53.86835956514278,0.45328874494499766,0.7743314239535717,3,0,0.0,0
8,unconstrained,1,8,1.1,2,7,0.8,1.55,5,1,17.64595096619513,39.27015775200982,55.25249721833666,0.4260810624022037,0.7232770935018045,6,0,0.0,0
8,unconstrained,1,9,1.175,2,7,0.8,1.55,5,1,17.677198812276174,39.30140559809087,57.23189028943426,0.39986087638740164,0.6907901446214124,2,0,0.0,0
8,unconstrained,1,10,1.25,3,6,0.95,1.4,3,1,12.895261208820557,34.51946799463525,59.37871353024195,0.3742281662364941,0.4391763604223704,2,0,0.0,0
8,unconstrained,1,11,1.325,10,5,2.0,1.25,5,1,3.0598095675146055,24.684016353329298,50.65694303588117,0.3560751472912884,0.1458139393139568,10,0,0.0,0
8,unconstrained,1,12,1.4,4,5,1.1,1.25,1,1,1.1601988889192398,22.784405674733875,48.02052171545944,0.3436868932470837,0.09143114607755187,23,0,0.0,0
8,unconstrained,1,13,1.475,4,4,1.1,1.1,0,0,0.0,21.62420678581475,39.112729498596195,0.3378309348407919,-0.039802369349128064,12,7,0.5833333333333334,1
8,unconstrained,1,14,1.55,4,6,1.1,1.4,2,1,5.6160484436656475,22.49029344413401,40.56898040063248,0.3398342624562201,0.15859534632677263,7,0,0.0,0
8,unconstrained,1,15,1.625,4,4,1.1,1.1,0,0,0.0,19.72459610721927,35.08317170313603,0.33183608001997494,-0.05221223382381179,4,4,1.0,1
8,unconstrained,1,16,1.7,5,5,1.25,1.25,0,0,0.0,16.874245000468363,27.189350770864962,0.3204743388923607,-0.03999486628284643,4,4,1.0,1
8,unconstrained,1,17,1.775,7,7,1.55,1.55,0,0,0.0,16.71656793104671,30.183067959858477,0.3064034267798956,0.17177891101212062,0,0,0.0,0
8,unconstrained,1,18,1.85,6,7,1.4,1.55,1,1,3.3864583357073457,20.103026266754057,27.065394308250973,0.2872130431422983,0.11323989675171608,0,0,0.0,0
8,unconstrained,1,19,1.925,6,7,1.4,1.55,1,1,11.753076541302448,32.187646515287156,32.61593695121587,0.2635110322049589,0.06244871645500183,0,0,0.0,0
8,unconstrained,1,20,2.0,6,7,1.4,1.55,1,1,9.588409414348291,30.022979388333,29.33059375697127,0.23766653297968338,0.02012235970442866,0,0,0.0,0
8,unconstrained,2,0,0.5,10,10,2.0,2.0,0,0,0.0,29.943749237870463,42.837990136200915,0.765571299577127,1.0094412614597414,0,0,0.0,0
8,unconstrained,2,1,0.575,10,10,2.0,2.0,0,0,0.0,16.874245000468306,34.12815434671285,0.7067726351050017,0.9275346433286039,0,0,0.0,0
8,unconstrained,2,2,0.65,10,10,2.0,2.0,0,0,0.0,16.874245000468306,34.17458307403513,0.6448014325417941,0.8414003848572221,13,0,0.0,0
8,unconstrained,2,3,0.725,10,10,2.0,2.0,0,0,0.0,18.698873079950545,31.576020646536733,0.5862980663244198,0.7507885475675505,1,0,0.0,0
8,unconstrained,2,4,0.8,10,10,2.0,2.0,0,0,0.0,18.698873079950545,31.59972045138312,0.5306195238831208,0.6554990562124635,7,0,0.0,0
8,unconstrained,2,5,0.875,10,8,2.0,1.7,2,1,6.2678658213598055,23.142110821828112,36.10161534433638,0.4876249783376116,0.5522296032641838,7,0,0.0,0
8,unconstrained,2,6,0.95,10,10,2.0,2.0,0,0,0.0,16.71656793104671,22.90209481946482,0.4558003195928054,0.5920331133961498,10,7,0.7,1
8,unconstrained,2,7,1.025,10,7,2.0,1.55,3,1,16.098931362864903,32.97317636333321,43.058193182867285,0.4255045305773723,0.6684451916166327,0,0,0.0,0
8,unconstrained,2,8,1.1,10,6,2.0,1.4,4,1,21.42002080565743,51.36377004352789,59.516210553867836,0.3939596875671603,0.5852592334178759,9,0,0.0,0
8,unconstrained,2,9,1.175,2,7,0.8,1.55,5,1,19.367351030107955,36.24159603057626,48.329572789833946,0.3613837680871316,0.6818044030034836,24,0,0.0,0
8,unconstrained,2,10,1.25,10,6,2.0,1.4,4,1,16.129313804916762,33.00355880538507,50.92743038580517,0.3456749618923314,0.4429157862186388,4,0,0.0,0
8,unconstrained,2,11,1.325,10,5,2.0,1.25,5,1,4.749961785346386,21.624206785814692,42.18625338204498,0.322410987580412,0.14840241921538544,14,0,0.0,0
8,unconstrained,2,12,1.4,4,5,1.1,1.25,1,1,2.8503511067510203,19.72459610721927,39.54981298813692,0.31179278032603486,0.09385124619107055,4,0,0.0,0
8,unconstrained,2,13,1.475,4,4,1.1,1.1,0,0,0.0,16.874245000468363,30.62262265420827,0.3100119182634063,-0.03792295032235504,4,4,1.0,1
8,unconstrained,2,14,1.55,5,6,1.25,1.4,1,1,1.1159718311321853,17.832539762178897,32.09828121005313,0.3028802606000643,0.16126380739074841,0,0,0.0,0
8,unconstrained,2,15,1.625,4,4,1.1,1.1,0,0,0.0,18.698873079950545,26.593066003157276,0.3044530148336025,-0.05050509146628723,0,0,0.0,0
8,unconstrained,2,16,1.7,5,5,1.25,1.25,0,0,0.0,16.71656793104671,18.699245070886207,0.30307613316409565,-0.03807355539148105,3,3,1.0,1
8,unconstrained,2,17,1.775,5,7,1.25,1.55,2,1,1.3675037199587905,20.434569973984708,27.559424210737234,0.29202789180888394,0.17453262615081222,0,0,0.0,0
8,unconstrained,2,18,1.85,6,7,1.4,1.55,1,1,8.297880795156573,27.36494704918249,24.44175647191048,0.2796779115225569,0.11580422268434054,0,0,0.0,0
8,unconstrained,2,19,1.925,6,7,1.4,1.55,1,1,11.753076541302448,18.967567271932353,15.169381803973636,0.2604043302265524,0.06484782436957381,0,0,0.0,0
8,unconstrained,2,20,2.0,6,7,1.4,1.55,1,1,9.588409414348291,16.802900144978196,11.884044522509726,0.23882654186513208,0.022376434176605287,0,0,0.0,0
8,unconstrained,3,0,0.5,10,10,2.0,2.0,0,0,0.0,20.183839591573047,26.04922720419077,0.8487149349316538,1.3163895200896416,0,0,0.0,0
8,unconstrained,3,1,0.575,10,10,2.0,2.0,0,0,0.0,11.966606145700325,25.662629792974286,0.7715087146112555,1.2246629024841071,0,0,0.0,0
8,unconstrained,3,2,0.65,10,10,2.0,2.0,0,0,0.0,11.966606145700325,25.742712614038965,0.7044023814351581,1.1281648022769464,14,0,0.0,0
8,unconstrained,3,3,0.725,10,10,2.0,2.0,0,0,0.0,20.550485971885166,23.178177405359236,0.6394539499587909,1.0267520313537624,7,0,0.0,0
8,unconstrained,3,4,0.8,10,10,2.0,2.0,0,0,0.0,20.550485971885223,23.235765669411307,0.573831708889526,0.920340604222728,6,0,0.0,0
8,unconstrained,3,5,0.875,10,4,2.0,1.1,6,1,14.891135194006353,32.497177085350614,35.75054415169532,0.5149832929017037,0.3387949731571487,3,0,0.0,0
8,unconstrained,3,6,0.95,10,10,2.0,2.0,0,0,0.0,13.656758363532106,14.30872431083128,0.4673761247979767,0.6925160985032643,25,25,1.0,1
8,unconstrained,3,7,1.025,10,7,2.0,1.55,3,1,17.94676065011828,29.913366795818575,35.36437554403048,0.42810689024014953,0.723354865187652,0,0,0.0,0
8,unconstrained,3,8,1.1,10,4,2.0,1.1,6,1,9.390214825561202,14.015244633358918,21.500554103702996,0.4010112663849341,0.1385273390095061,5,0,0.0,0
8,unconstrained,3,9,1.175,10,4,2.0,1.1,6,1,3.67074040714607,8.295770214943786,19.151763030922382,0.37659004535507856,0.08612520423245362,4,0,0.0,0
8,unconstrained,3,10,1.25,10,6,2.0,1.4,4,1,17.977143092170138,29.943749237870463,42.31435753799923,0.3524548255774846,0.4466414999655979,0,0,0.0,0
8,unconstrained,3,11,1.325,10,5,2.0,1.25,5,1,4.907638854767981,16.874245000468306,33.553753806944144,0.3322879595730183,0.15098406421399035,4,0,0.0,0
8,unconstrained,3,12,1.4,4,5,1.1,1.25,1,1,6.7322669342502195,18.698873079950545,30.917322949779248,0.32450982232034276,0.09626578783013873,1,0,0.0,0
8,unconstrained,3,13,1.475,5,4,1.25,1.1,1,1,4.749961785346386,16.71656793104671,21.970707032964867,0.32474022489966764,-0.036047167344094966,10,0,0.0,0
8,unconstrained,3,14,1.55,5,6,1.25,1.4,1,1,6.027394290581412,19.684152654113518,23.46577686658071,0.32447799287149404,0.16392516671678203,8,0,0.0,0
8,unconstrained,3,15,1.625,4,4,1.1,1.1,0,0,0.0,20.550485971885223,17.941154005876342,0.31927274317047505,-0.0488007581134422,4,4,1.0,1
8,unconstrained,3,16,1.7,5,6,1.25,1.4,1,1,7.192684952773391,19.067066254025917,15.874968844958346,0.3104776574568612,0.05827067145420006,9,0,0.0,0
8,unconstrained,3,17,1.775,5,7,1.25,1.55,2,1,3.057655937790571,7.214490730629905,9.912242499469073,0.2959895317961585,0.17727902162172615,0,0,0.0,0
8,unconstrained,3,18,1.85,6,7,1.4,1.55,1,1,9.988033012988353,14.144867805827687,6.794557022300069,0.28013918262238924,0.11836191438451715,0,0,0.0,0
8,unconstrained,3,19,1.925,6,7,1.4,1.55,1,1,11.753076541302448,18.967567271932353,9.801615284971206,0.2626674196934173,0.06724133124199394,0,0,0.0,0
8,unconstrained,3,20,2.0,6,7,1.4,1.55,1,1,9.588409414348291,16.802900144978196,6.516272090726545,0.2412630895128048,0.02462543922177929,0,0,0.0,0
8,unconstrained,4,0,0.5,10,10,2.0,2.0,0,0,0.0,15.26803401805688,15.035993819782306,0.9670092801381871,1.6011308207418864,0,0,0.0,0
8,unconstrained,4,1,0.575,10,10,2.0,2.0,0,0,0.0,11.966606145700325,17.109469006859655,0.8783411754489426,1.4985298760406085,0,0,0.0,0
8,unconstrained,4,2,0.65,10,10,2.0,2.0,0,0,0.0,11.966606145700325,17.22335064174422,0.799158045337067,1.3908605617993335,21,0,0.0,0
8,unconstrained,4,3,0.725,10,10,2.0,2.0,0,0,0.0,5.440805985091458,2.7700081126928353,0.7299235246048041,1.2781036095443592,6,0,0.0,0
8,unconstrained,4,4,0.8,10,3,2.0,0.95,7,1,17.911924944814245,23.722999234977692,23.164151494535815,0.6602917310847041,0.18749777266388845,3,0,0.0,0
8,unconstrained,4,5,0.875,10,4,2.0,1.1,6,1,11.071006520534667,13.30637288331971,19.024971847595737,0.5964050965180051,0.3419253804137674,0,0,0.0,0
8,unconstrained,4,6,0.95,10,3,2.0,0.95,7,1,8.316277525407145,10.551643888192189,11.906857053213656,0.5353952405332029,0.07893080699470012,0,0,0.0,0
8,unconstrained,4,7,1.025,10,5,2.0,1.25,5,1,15.015913013687367,17.606041891344262,22.699721942895536,0.48538670209493223,0.43463418038377233,0,0,0.0,0
8,unconstrained,4,8,1.1,3,4,0.95,1.1,1,1,2.03490093014085,4.625029807797716,14.143077399818708,0.4482723575822892,0.14102756551347717,0,0,0.0,0
8,unconstrained,4,9,1.175,3,4,0.95,1.1,1,1,0.6599584155219702,3.250087293178865,11.794298915539088,0.42717460918927014,0.08846844949148691,8,0,0.0,0
8,unconstrained,4,10,1.25,3,5,0.95,1.25,2,1,4.915805573516167,20.183839591573047,25.229602648801404,0.40884464110351676,0.21606644131595276,0,0,0.0,0
8,unconstrained,4,11,1.325,5,5,1.25,1.25,0,0,0.0,11.966606145700325,24.759453847321822,0.3880651444329726,0.15355913726946335,8,0,0.0,0
8,unconstrained,4,12,1.4,4,5,1.1,1.25,1,1,8.58387982618487,20.550485971885195,22.123018221785372,0.3892076285980594,0.09867437170347193,7,0,0.0,0
8,unconstrained,4,13,1.475,5,4,1.25,1.1,1,1,1.6901522178317805,13.656758363532106,13.156986258828397,0.38815217973210325,-0.03417489634094206,34,0,0.0,0
8,unconstrained,4,14,1.55,5,6,1.25,1.4,1,1,7.717546508413193,11.874381301252527,11.465006294402542,0.3800992143973497,0.16657961824559253,9,0,0.0,0
8,unconstrained,4,15,1.625,4,4,1.1,1.1,0,0,0.0,5.440805985091458,-2.794418426858158,0.3668498906855993,-0.047099424764961206,0,0,0.0,0
8,unconstrained,4,16,1.7,5,5,1.25,1.25,0,0,0.0,4.156834792839334,-1.9728630814587405,0.3463705389271047,-0.03424208527572947,4,4,1.0,1
8,unconstrained,4,17,1.775,5,7,1.25,1.55,2,1,7.214490730629905,7.214490730629905,4.343837590879218,0.3190697121670356,0.18001765326137553,0,0,0.0,0
8,unconstrained,4,18,1.85,6,6,1.4,1.4,0,0,0.0,0.0,-7.693960023728891,0.2939758457482003,-0.010940747029150266,0,0,0.0,0
8,unconstrained,4,19,1.925,6,6,1.4,1.4,0,0,0.0,0.0,-10.910782448170721,0.27085719904787675,-0.03362177228295771,0,0,0.0,0
8,unconstrained,4,20,2.0,6,6,1.4,1.4,0,0,0.0,0.0,-12.55242447310286,0.2456651430309014,-0.04814200094316501,0,0,0.0,0
8,unconstrained,5,0,0.5,10,10,2.0,2.0,0,0,0.0,5.44080598509143,3.935159608156738,1.0980977373137666,1.8616735043154522,0,0,0.0,0
8,unconstrained,5,1,0.575,10,10,2.0,2.0,0,0,0.0,8.906796578185705,8.467518280864667,1.0076209561362552,1.747711046826596,0,0,0.0,0
8,unconstrained,5,2,0.65,10,3,2.0,0.95,7,1,10.051129696725269,15.934632931275644,20.665620355448056,0.9234156104080071,0.33130358324473796,27,0,0.0,0
8,unconstrained,5,3,0.725,10,4,2.0,1.1,6,1,12.2876425680237,14.523008930808743,19.438679186906995,0.850827109274607,0.5223901501834058,3,0,0.0,0
8,unconstrained,5,4,0.8,2,3,0.8,0.95,1,1,4.410306441854345,13.879529148789914,21.268743041043848,0.7756314701764382,0.19009031107521812,0,0,0.0,0
8,unconstrained,5,5,0.875,2,4,0.8,1.1,2,1,5.255846342647374,5.811074290163447,15.065320822340652,0.7100246296568822,0.34760236082919116,0,0,0.0,0
8,unconstrained,5,6,0.95,3,3,0.95,0.95,0,0,0.0,2.2353663627850437,7.810813434574783,0.6559917001071687,0.08120684497120667,0,0,0.0,0
8,unconstrained,5,7,1.025,3,3,0.95,0.95,0,0,0.0,2.2353663627850437,5.831761104250091,0.6046135666768724,0.03981167345426595,8,8,1.0,1
8,unconstrained,5,8,1.1,3,4,0.95,1.1,1,1,2.5901288776568947,2.5901288776568947,6.643220553722529,0.5584179507419721,0.1435217032924232,8,0,0.0,0
8,unconstrained,5,9,1.175,3,4,0.95,1.1,1,1,1.2151863630380433,1.2151863630380433,4.294433677108941,0.5323925456153346,0.0908060103524817,25,0,0.0,0
8,unconstrained,5,10,1.25,3,5,0.95,1.25,2,1,9.82722803296545,15.26803401805688,13.84746681955346,0.5191821447869452,0.21882500477445666,7,0,0.0,0
8,unconstrained,5,11,1.325,3,5,0.95,1.25,2,1,3.059809567514634,11.966606145700325,15.803348734806434,0.5046849560410777,0.15612752075656244,9,0,0.0,0
8,unconstrained,5,12,1.4,4,4,1.1,1.1,0,0,0.0,5.440805985091458,1.2450614506720115,0.48970557158105843,-0.014505444816126811,9,8,0.8888888888888888,1
8,unconstrained,5,13,1.475,4,5,1.1,1.25,1,1,4.156834792839334,4.156834792839334,0.9749885748337874,0.4637716087237821,0.054493429735052334,4,0,0.0,0
8,unconstrained,5,14,1.55,4,5,1.1,1.25,1,1,2.0553367280917882,2.0553367280917882,-1.5647452858696056,0.44454301238573457,0.01677699126931298,0,0,0.0,0
8,unconstrained,5,15,1.625,4,4,1.1,1.1,0,0,0.0,0.0,-6.7279457270410035,0.4229226422584835,-0.045400881012430894,0,0,0.0,0
8,unconstrained,5,16,1.7,5,5,1.25,1.25,0,0,0.0,0.0,-7.74190046685527,0.39293884286624425,-0.03233200997691288,0,0,0.0,0
8,unconstrained,5,17,1.775,5,5,1.25,1.25,0,0,0.0,0.0,-9.022941906319147,0.35866640833812247,-0.044622499932256865,0,0,0.0,0
8,unconstrained,5,18,1.85,5,6,1.25,1.4,1,1,1.6757088659964836,1.6757088659964836,-7.354643498466459,0.32216570190353533,-0.0088791491191893,0,0,0.0,0
8,unconstrained,5,19,1.925,6,6,1.4,1.4,0,0,0.0,0.8880560508325175,-8.190704971147625,0.287451616211398,-0.03166840637269264,0,0,0.0,0
8,unconstrained,5,20,2.0,5,5,1.25,1.25,0,0,0.0,0.0,-10.91356822345216,0.2589566473262672,-0.04164351626247775,0,0,0.0,0
8,unconstrained,6,0,0.5,1,2,0.65,0.8,1,1,2.982836656680192,7.4148335663478235,14.86448865433833,1.2421623829210393,0.25848239320907984,0,0,0.0,1
8,unconstrained,6,1,0.575,1,2,0.65,0.8,1,1,5.542421472145605,9.974418381813237,13.031778336449818,1.1564792410032452,0.18639762545753946,0,0,0.0,1
8,unconstrained,6,2,0.65,1,3,0.65,0.95,2,1,8.043776487292575,9.516973279988619,14.631748193231985,1.0703224391443786,0.3555234865180772,30,0,0.0,0
8,unconstrained,6,3,0.725,2,4,0.8,1.1,2,1,10.89097125597334,10.89097125597334,16.261123880035697,0.9971653455873498,0.5518508875456343,0,0,0.0,0
8,unconstrained,6,4,0.8,2,3,0.8,0.95,1,1,5.883503234550375,5.883503234550375,9.097221932565617,0.9306506507212252,0.1998778920657842,0,0,0.0,0
8,unconstrained,6,5,0.875,2,4,0.8,1.1,2,1,9.469222706935568,9.469222706935568,13.046944076612348,0.8622411634756908,0.37270004515760746,0,0,0.0,0
8,unconstrained,6,6,0.95,2,3,0.8,0.95,1,1,2.2353663627850437,2.2353663627850437,3.5917942757747596,0.8150501182759141,0.0834775806720014,9,0,0.0,0
8,unconstrained,6,7,1.025,2,3,0.8,0.95,1,1,0.5552279475160589,0.5552279475160589,1.6127491933748672,0.7657228294231384,0.04195212989194186,32,0,0.0,0
8,unconstrained,6,8,1.1,3,3,0.95,0.95,0,0,0.0,0.0,-0.9990248269195519,0.7251711629903798,0.00943423448140468,16,9,0.5625,1
8,unconstrained,6,9,1.175,3,3,0.95,0.95,0,0,0.0,0.0,-2.4938351465559094,0.69248709484576,-0.014305653258600337,1,0,0.0,0
8,unconstrained,6,10,1.25,3,4,0.95,1.1,1,1,4.776062408525405,5.440805985091444,2.303525837412465,0.6571456741436081,0.04898042373288192,8,0,0.0,0
8,unconstrained,6,11,1.325,3,5,0.95,1.25,2,1,8.906796578185691,8.906796578185691,6.685443237769562,0.6184613059329183,0.158689324545505,4,0,0.0,0
8,unconstrained,6,12,1.4,4,4,1.1,1.1,0,0,0.0,0.0,-2.830858580223719,0.5835589292238087,-0.012541884728541675,0,0,0.0,0
8,unconstrained,6,13,1.475,4,4,1.1,1.1,0,0,0.0,0.0,-4.955839658341091,0.5477080310063157,-0.03044061814847243,0,0,0.0,0
8,unconstrained,6,14,1.55,4,4,1.1,1.1,0,0,0.0,0.0,-5.915046180310128,0.5131268672802561,-0.04055939365565209,0,0,0.0,0
8,unconstrained,6,15,1.625,4,4,1.1,1.1,0,0,0.0,0.0,-6.569850973018816,0.47793393488023517,-0.04370531727363325,0,0,0.0,0
8,unconstrained,6,16,1.7,4,5,1.1,1.25,1,1,0.8880560508324891,0.8880560508324891,-5.2030287393438925,0.4403710443550479,-0.030425351576504056,0,0,0.0,0
8,unconstrained,6,17,1.775,5,5,1.25,1.25,0,0,0.0,0.0,-6.4840797155509335,0.3990988935928367,-0.04280873865025203,0,0,0.0,0
8,unconstrained,6,18,1.85,5,5,1.25,1.25,0,0,0.0,0.9065059288869861,-6.506045202309622,0.35676644278466857,-0.04796066069493854,0,0,0.0,0
8,unconstrained,6,19,1.925,6,6,1.4,1.4,0,0,0.0,0.0,-6.31982127719948,0.3150574703215573,-0.02971873385869994,0,0,0.0,0
8,unconstrained,6,20,2.0,5,5,1.25,1.25,0,0,0.0,0.0,-7.794225799228201,0.2771925194135021,-0.04006073316074765,0,0,0.0,0
8,unconstrained,7,0,0.5,0,2,0.5,0.8,2,1,6.3496754276486165,6.3496754276486165,9.755709508843683,1.408509066314889,0.27990335231660435,0,0,0.0,1
8,unconstrained,7,1,0.575,1,2,0.65,0.8,1,1,5.542421472145598,5.542421472145598,7.9230022427129825,1.3215220051948604,0.20654533726689284,0,0,0.0,1
8,unconstrained,7,2,0.65,1,2,0.65,0.8,1,1,4.431996909667632,4.431996909667632,5.9556358349477705,1.2403657647574442,0.14211377951479243,30,0,0.0,1
8,unconstrained,7,3,0.725,1,2,0.65,0.8,1,1,3.052791619054844,3.052791619054844,3.9631835854868243,1.170987157693554,0.08721048693689859,0,0,0.0,1
8,unconstrained,7,4,0.8,1,2,0.65,0.8,1,1,1.4731967926960507,1.4731967926960507,2.0577002036991487,1.1106574353959278,0.04206543591412526,0,0,0.0,1
8,unconstrained,7,5,0.875,2,2,0.8,0.8,0,0,0.0,0.0,0.4082978384344145,1.0491369813306712,0.007805010539553514,41,41,1.0,1
8,unconstrained,7,6,0.95,2,2,0.8,0.8,0,0,0.0,0.0,-0.750193175261586,0.9857776451658365,-0.013475854585291103,8,8,1.0,1
8,unconstrained,7,7,1.025,2,2,0.8,0.8,0,0,0.0,0.0,-1.57005969651847,0.9381894231209873,-0.026676648053900465,9,9,1.0,1
8,unconstrained,7,8,1.1,2,3,0.8,0.95,1,1,2.6239174973786135,2.6239174973786135,0.6940031618352549,0.8853031960240949,0.011454234903954585,12,0,0.0,0
8,unconstrained,7,9,1.175,2,3,0.8,0.95,1,1,0.664743576566039,0.664743576566039,-0.8007999098763037,0.8336884942274976,-0.012389395277526027,0,0,0.0,0
8,unconstrained,7,10,1.25,3,3,0.95,0.95,0,0,0.0,0.0,-1.9147785318621828,0.7788838662667907,-0.027957577242325726,0,0,0.0,0
8,unconstrained,7,11,1.325,3,3,0.95,0.95,0,0,0.0,0.0,-2.594262643788781,0.7283512857936316,-0.03596917527298871,0,0,0.0,0
8,unconstrained,7,12,1.4,3,3,0.95,0.95,0,0,0.0,0.0,-2.8151481645804353,0.6785630854825739,-0.037270176810894284,0,0,0.0,0
8,unconstrained,7,13,1.475,3,3,0.95,0.95,0,0,0.0,0.0,-2.5787778520943476,0.6268924218415968,-0.032760323308146155,0,0,0.0,0
8,unconstrained,7,14,1.55,4,3,1.1,0.95,1,1,0.9065059288870145,0.9065059288870145,-1.9060897414234006,0.5771589083510109,-0.023335223480644096,0,0,0.0,0
8,unconstrained,7,15,1.625,4,4,1.1,1.1,0,0,0.0,0.0,-3.6123184700594777,0.5322251891326906,-0.042012623605526045,0,0,0.0,0
8,unconstrained,7,16,1.7,4,4,1.1,1.1,0,0,0.0,0.0,-3.5133614760598135,0.4852547202534089,-0.03914439607926834,0,0,0.0,0
8,unconstrained,7,17,1.775,4,4,1.1,1.1,0,0,0.0,0.0,-2.899089583087232,0.438011111328968,-0.03108240046505184,0,0,0.0,0
8,unconstrained,7,18,1.85,5,4,1.25,1.1,1,1,0.775134821096799,0.775134821096799,-1.8047431251409733,0.3912143173716492,-0.01869249906663928,0,0,0.0,0
8,unconstrained,7,19,1.925,5,4,1.25,1.1,1,1,2.912816581644293,2.912816581644293,-0.2764685042122892,0.34517240479757705,-0.002775562965698697,0,0,0.0,0
8,unconstrained,7,20,2.0,5,4,1.25,1.1,1,1,4.838500048375593,4.838500048375593,1.6347287818289686,0.30218965147631527,0.015953119521756598,0,0,0.0,0
9,structured,0,0,0.5,10,10,2.0,2.0,0,0,0.0,261.03758605988827,1508.8021618305395,0.38789206767403317,0.2643478833498598,5,4,0.8,1
9,structured,0,1,0.575,10,10,2.0,2.0,0,0,0.0,271.27369093538243,1507.9917678339307,0.3982025496012396,0.2047509121879758,3,2,0.6666666666666666,1
9,structured,0,2,0.65,10,10,2.0,2.0,0,0,0.0,271.27369093538243,1507.981359777367,0.4100622829519113,0.1479038039719638,2,1,0.5,1
9,structured,0,3,0.725,10,10,2.0,2.0,0,0,0.0,273.50982255815825,1506.8052958091148,0.42422146580127645,0.09318629198943507,6,3,0.5,1
9,structured,0,4,0.8,10,10,2.0,2.0,0,0,0.0,273.50982255815825,1506.7803868936587,0.43923169648936805,0.043290587592022534,9,4,0.4444444444444444,1
9,structured,0,5,0.875,10,10,2.0,2.0,0,0,0.0,273.50982255815825,1506.7442016346467,0.4574175821817371,-0.0038974806486422597,3,1,0.3333333333333333,1
9,structured,0,6,0.95,10,10,2.0,2.0,0,0,0.0,281.0470491120927,1580.8939673819125,0.47988388847446567,-0.04906223950465016,3,1,0.3333333333333333,1
9,structured,0,7,1.025,10,10,2.0,2.0,0,0,0.0,281.0470491120927,1580.8224266962682,0.5071217428836637,-0.09200207166668517,2,1,0.5,1
9,structured,0,8,1.1,10,9,2.0,1.85,1,1,3.0874553168914645,284.1345044289842,1580.0877450078317,0.5346814752736156,-0.2830110766144972,5,0,0.0,0
9,structured,0,9,1.175,3,9,0.95,1.85,6,1,4.158322039104576,285.20537115119726,1579.8283734499212,0.5680085187091983,-0.2974742974871273,6,0,0.0,0
9,structured,0,10,1.25,3,10,0.95,2.0,7,1,3.7180074038955127,295.3806462435823,1713.8663662814406,0.6119603722751201,-0.14338298945762376,4,0,0.0,0
9,structured,0,11,1.325,10,10,2.0,2.0,0,0,0.0,305.88465603166765,1740.6021488650897,0.6674393729569649,-0.1496460255694464,8,4,0.5,1
9,structured,0,12,1.4,5,10,1.25,2.0,5,1,5.953876606571839,311.8385326382395,1740.4706842739452,0.7337899859661877,-0.15258667018785554,6,0,0.0,0
9,structured,0,13,1.475,4,10,1.1,2.0,6,1,15.551429785321204,328.49369052338363,1854.498550401897,0.8103041248601865,-0.15121066228897095,8,0,0.0,0
9,structured,0,14,1.55,4,10,1.1,2.0,6,1,19.002410652202855,331.9446713902653,1854.1111256234274,0.8959272831641383,-0.18630488974330972,1,0,0.0,0
9,structured,0,15,1.625,4,10,1.1,2.0,6,1,14.809008400585412,338.6979481140705,1990.9684278339082,0.9867729815017412,-0.22207079196613932,8,0,0.0,0
9,structured,0,16,1.7,5,10,1.25,2.0,5,1,29.2347416172492,353.1236813307343,1990.320967245135,1.0839110927656928,-0.2520303077541681,5,0,0.0,0
9,structured,0,17,1.775,5,0,1.25,0.5,5,1,92.39911006086874,346.4864574768385,2020.343030943189,1.186339215606628,2.630184130089111,4,0,0.0,1
9,structured,0,18,1.85,5,0,1.25,0.5,5,1,99.2999859664638,355.3613592285101,2161.488878449094,1.2933294844822298,2.8153966082786646,4,0,0.0,1
9,structured,0,19,1.925,6,0,1.4,0.5,6,1,120.93229760018573,376.99367086223197,2331.846373187442,1.4045638230027986,3.0009307405541277,5,0,0.0,1
9,structured,0,20,2.0,6,0,1.4,0.5,6,1,116.10593352804108,377.1435195879293,2664.43679544769,1.5198084718719838,3.1867233623039697,3,0,0.0,1
9,structured,1,0,0.5,10,10,2.0,2.0,0,0,0.0,233.13110826290824,1359.096103895416,0.36509909746306096,0.34331548574075477,1,0,0.0,0
9,structured,1,1,0.575,10,10,2.0,2.0,0,0,0.0,241.82331276013804,1358.2807456067578,0.37168421559655584,0.2859433591569436,0,0,0.0,0
9,structured,1,2,0.65,10,10,2.0,2.0,0,0,0.0,241.82331276013804,1358.2782087011647,0.38117640677867765,0.23036181404502165,5,0,0.0,0
9,structured,1,3,0.725,10,10,2.0,2.0,0,0,0.0,244.0594443829138,1357.0730591682993,0.39336315410661693,0.17768087614553107,5,0,0.0,0
9,structured,1,4,0.8,10,10,2.0,2.0,0,0,0.0,244.05944438291385,1357.0601857419254,0.4076701080004875,0.12919426446523063,2,0,0.0,0
9,structured,1,5,0.875,10,8,2.0,1.7,2,1,2.5436270632821447,244.3669398234202,1357.3906122988662,0.42359189548495574,-0.25042552958506975,3,0,0.0,0
9,structured,1,6,0.95,10,10,2.0,2.0,0,0,0.0,247.67986275377294,1382.2699543887761,0.44370579428103357,0.04841753654967207,8,0,0.0,0
9,structured,1,7,1.025,3,10,0.95,2.0,7,1,0.7449610525031858,248.42482380627612,1382.2355024549247,0.4680588502948551,0.015657277909791045,2,0,0.0,0
9,structured,1,8,1.1,2,9,0.8,1.85,7,1,6.407484662196794,254.08734741596976,1381.6532729015742,0.49509531763612985,-0.17445574479079862,8,0,0.0,0
9,structured,1,9,1.175,2,9,0.8,1.85,7,1,8.381510508273323,256.06137326204623,1381.4982114628158,0.531436860448852,-0.17917293688829183,8,0,0.0,0
9,structured,1,10,1.25,3,10,0.95,2.0,7,1,3.367522081184802,261.0375860598882,1508.7113159056453,0.5869208942994376,-0.04436057007007699,4,0,0.0,0
9,structured,1,11,1.325,10,10,2.0,2.0,0,0,0.0,271.27369093538243,1507.9063673165733,0.6511816379538097,-0.0851265813506607,10,7,0.7,1
9,structured,1,12,1.4,4,9,1.1,1.85,5,1,15.83975857945478,273.50982255815825,1506.7477877853044,0.7228570935155931,-0.28676871112616964,21,0,0.0,0
9,structured,1,13,1.475,4,10,1.1,2.0,6,1,14.18392606536247,281.04704911209274,1580.9491801136392,0.8012638614692806,-0.1603153662972523,6,0,0.0,0
9,structured,1,14,1.55,4,10,1.1,2.0,6,1,17.63490693224412,284.4980299789744,1580.550521051722,0.8856623015791628,-0.19589460966185723,8,0,0.0,0
9,structured,1,15,1.625,4,10,1.1,2.0,6,1,9.897585941136242,291.6626388396868,1714.2420840244554,0.9756647374419277,-0.2297459594593012,3,0,0.0,0
9,structured,1,16,1.7,5,0,1.25,0.5,5,1,83.50238069724122,305.88465603166765,1741.0899921358691,1.0724053515373395,2.42029335900449,6,0,0.0,1
9,structured,1,17,1.775,7,0,1.55,0.5,7,1,90.559985403636,312.94226073806243,1855.26342229117,1.1741009351872915,2.6049393750669214,0,0,0.0,1
9,structured,1,18,1.85,6,0,1.4,0.5,6,1,101.21623975051733,323.8889397134851,1992.6447090737704,1.2803928622937186,2.7900026477919067,0,0,0.0,1
9,structured,1,19,1.925,6,0,1.4,0.5,6,1,123.83443009827869,346.5071300612464,2158.584418167587,1.3909786537270663,2.9753884645495674,0,0,0.0,1
9,structured,1,20,2.0,6,0,1.4,0.5,6,1,117.4641656478696,350.59527391077785,2483.798700218656,1.5054514768380927,3.160757170395475,0,0,0.0,1
9,structured,2,0,0.5,10,10,2.0,2.0,0,0,0.0,184.04304291277606,1087.194112965598,0.3439056609327712,0.46129735560191265,1,0,0.0,0
9,structured,2,1,0.575,10,10,2.0,2.0,0,0,0.0,194.58428746107137,1130.6823123983652,0.3419011821494358,0.4120410288882814,0,0,0.0,0
9,structured,2,2,0.65,10,10,2.0,2.0,0,0,0.0,194.58428746107143,1130.6979474588477,0.34327584728550503,0.3650506271917824,10,0,0.0,0
9,structured,2,3,0.725,10,10,2.0,2.0,0,0,0.0,202.52046921654716,1130.4732791933925,0.348551230877029,0.3209237701666241,2,0,0.0,0
9,structured,2,4,0.8,10,10,2.0,2.0,0,0,0.0,202.52046921654716,1130.4886974692893,0.3583050430211908,0.2801346906383335,3,0,0.0,0
9,structured,2,5,0.875,10,8,2.0,1.7,2,1,6.2678658213598055,200.85215328243123,1130.1091615028115,0.37267678848815056,-0.1169535810084592,8,0,0.0,0
9,structured,2,6,0.95,10,10,2.0,2.0,0,0,0.0,217.1933219527874,1234.4047853851469,0.403016888979706,0.1753077855775777,18,16,0.8888888888888888,1
9,structured,2,7,1.025,10,10,2.0,2.0,0,0,0.0,217.1933219527874,1234.3330720844515,0.44228312930962455,0.09848629354685937,0,0,0.0,0
9,structured,2,8,1.1,10,9,2.0,1.85,1,1,5.18895338163901,222.38227533442642,1233.7319284097116,0.48273249060212614,-0.13846075714673894,7,0,0.0,0
9,structured,2,9,1.175,2,9,0.8,1.85,7,1,5.479378010180369,222.67269996296776,1233.4574478492111,0.5289667363982233,-0.18242879357224917,17,0,0.0,0
9,structured,2,10,1.25,10,10,2.0,2.0,0,0,0.0,233.13110826290824,1358.9731230203608,0.5833808058152012,-0.04827214992048695,6,6,1.0,1
9,structured,2,11,1.325,10,10,2.0,2.0,0,0,0.0,241.82331276013804,1358.156332657302,0.6458455204899052,-0.09031122897735216,12,5,0.4166666666666667,1
9,structured,2,12,1.4,4,9,1.1,1.85,5,1,10.928336120005554,244.05944438291382,1356.9585661834558,0.715546267275656,-0.2966158120122737,4,0,0.0,0
9,structured,2,13,1.475,4,10,1.1,2.0,6,1,12.49377384753069,247.67986275377297,1382.2127458463176,0.7924485187526961,-0.1673368480379055,5,0,0.0,0
9,structured,2,14,1.55,5,10,1.25,2.0,5,1,16.036962817803612,251.22305172404594,1381.8087862625498,0.8756401649389255,-0.20269810630490603,0,0,0.0,0
9,structured,2,15,1.625,4,10,1.1,2.0,6,1,11.931672481382122,257.6700639787034,1508.8333629562162,0.9651971612488118,-0.23451769872167993,0,0,0.0,0
9,structured,2,16,1.7,5,10,1.25,2.0,5,1,25.535299438061145,271.2736909353825,1508.1927960022392,1.0612169629987558,-0.26151071542395044,7,0,0.0,0
9,structured,2,17,1.775,5,0,1.25,0.5,5,1,91.9274891235948,266.86312304673027,1581.7565186433842,1.162301273855493,2.5806250064230696,0,0,0.0,1
9,structured,2,18,1.85,6,0,1.4,0.5,6,1,106.82941897541508,281.7650528985506,1715.969907546422,1.268039135646647,2.765638605830489,0,0,0.0,1
9,structured,2,19,1.925,6,0,1.4,0.5,6,1,124.53618686372721,299.4718207868627,1877.5026342183637,1.3779319711695492,2.9505919824335898,0,0,0.0,1
9,structured,2,20,2.0,6,0,1.4,0.5,6,1,117.4641656478696,301.50720856064567,2181.9383169369717,1.491420288742758,3.1349678776256287,0,0,0.0,1
9,structured,3,0,0.5,10,10,2.0,2.0,0,0,0.0,164.5821784207996,959.2991838346068,0.3437789503408587,0.6478608107880777,1,0,0.0,0
9,structured,3,1,0.575,10,10,2.0,2.0,0,0,0.0,167.70231487269842,958.3763461822687,0.33285015636680376,0.60964429976439,0,0,0.0,0
9,structured,3,2,0.65,10,10,2.0,2.0,0,0,0.0,167.70231487269842,958.3943514810555,0.32418193270035184,0.5360048660373493,12,0,0.0,0
9,structured,3,3,0.725,10,10,2.0,2.0,0,0,0.0,180.42193700025445,957.3201203556301,0.32643749177224385,0.4485420334770195,3,0,0.0,0
9,structured,3,4,0.8,10,10,2.0,2.0,0,0,0.0,180.42193700025445,957.3080424128455,0.34062090548194207,0.3618102034093442,8,0,0.0,0
9,structured,3,5,0.875,10,8,2.0,1.7,2,1,13.027117568062437,180.72943244076083,957.7701604256274,0.36442270165675195,-0.0878049715661271,2,0,0.0,0
9,structured,3,6,0.95,10,10,2.0,2.0,0,0,0.0,167.693924465748,964.9461202962411,0.3963211533771275,0.20028065243566634,17,16,0.9411764705882353,1
9,structured,3,7,1.025,10,10,2.0,2.0,0,0,0.0,167.693924465748,964.8804970405208,0.43516400567712754,0.12382592876410659,0,0,0.0,0
9,structured,3,8,1.1,10,10,2.0,2.0,0,0,0.0,174.93563392313547,976.3464236877072,0.4766147764194694,0.06370424341698096,7,7,1.0,1
9,structured,3,9,1.175,10,10,2.0,2.0,0,0,0.0,174.93563392313547,976.2518235679563,0.5242986382535348,0.010587423583597086,4,3,0.75,1
9,structured,3,10,1.25,10,10,2.0,2.0,0,0,0.0,184.04304291277606,1087.0181352464895,0.5791525041624521,-0.04109472671990588,1,1,1.0,1
9,structured,3,11,1.325,10,10,2.0,2.0,0,0,0.0,194.5842874610714,1130.49066755537,0.640707582233558,-0.09007186408115259,4,4,1.0,1
9,structured,3,12,1.4,4,10,1.1,2.0,6,1,7.9361817554757295,202.52046921654716,1130.2504685949475,0.7091869855614505,-0.1323563654462553,1,0,0.0,0
9,structured,3,13,1.475,5,10,1.25,2.0,5,1,17.086058563455424,217.19332195278741,1234.1838186840046,0.7843028144821492,-0.1724542446917693,22,0,0.0,0
9,structured,3,14,1.55,5,10,1.25,2.0,5,1,22.63853749508462,222.74580088441667,1233.7673192366506,0.8658603593403272,-0.2092365209978364,7,0,0.0,0
9,structured,3,15,1.625,4,10,1.1,2.0,6,1,22.690081951502464,233.13110826290824,1359.10567431669,0.9548901191780417,-0.23880401867358403,6,0,0.0,0
9,structured,3,16,1.7,5,10,1.25,2.0,5,1,31.38228644873226,241.82331276013807,1358.4594310931816,1.050077245677517,-0.26577270608775083,5,0,0.0,0
9,structured,3,17,1.775,5,0,1.25,0.5,5,1,93.81615261204985,235.1860889062423,1383.052571291651,1.1505834729191735,2.556318201303119,0,0,0.0,1
9,structured,3,18,1.85,6,0,1.4,0.5,6,1,104.37355056007385,245.73839149732135,1510.5930320477935,1.2556641483117397,2.7411296656736157,0,0,0.0,1
9,structured,3,19,1.925,6,0,1.4,0.5,6,1,120.3901662305542,261.75500716780164,1667.4220844033289,1.3646535198486582,2.925230007601556,0,0,0.0,1
9,structured,3,20,2.0,6,0,1.4,0.5,6,1,113.73992688979195,278.3221053105916,2025.2604130263746,1.477719643204601,3.109589691562684,0,0,0.0,1
9,structured,4,0,0.5,10,10,2.0,2.0,0,0,0.0,128.42533002955668,800.6706699758782,0.3686481808147193,0.780844508962953,1,0,0.0,0
9,structured,4,1,0.575,10,10,2.0,2.0,0,0,0.0,129.6938535895208,799.829374815453,0.34137269804170034,0.6963270699758612,0,0,0.0,0
9,structured,4,2,0.65,10,10,2.0,2.0,0,0,0.0,129.6938535895208,799.8486459976856,0.3242782566237722,0.612449950469616,15,0,0.0,0
9,structured,4,3,0.725,10,10,2.0,2.0,0,0,0.0,139.35366614956226,798.9057403198196,0.3191553910730058,0.5287437163255686,8,0,0.0,0
9,structured,4,4,0.8,10,10,2.0,2.0,0,0,0.0,139.35366614956223,798.9097865063303,0.3269828909253821,0.4461655545195363,2,0,0.0,0
9,structured,4,5,0.875,10,8,2.0,1.7,2,1,9.967308000547831,139.66116159006864,799.4305901079488,0.3470910494804268,-0.0059601577066134,1,0,0.0,0
9,structured,4,6,0.95,10,10,2.0,2.0,0,0,0.0,136.37949418317672,793.9201124118274,0.37804620645222947,0.2852158604925932,1,0,0.0,0
9,structured,4,7,1.025,10,10,2.0,2.0,0,0,0.0,136.37949418317672,793.8604633296529,0.418548805019692,0.20095482047782987,0,0,0.0,0
9,structured,4,8,1.1,3,9,0.95,1.85,6,1,4.990442111015739,141.36993629419246,793.3717854180052,0.4643891902912649,-0.04917969463059069,0,0,0.0,0
9,structured,4,9,1.175,3,6,0.95,1.4,3,1,12.939510907690789,141.36484093724746,789.987130686515,0.5168352711669859,-0.5045770941589103,16,0,0.0,0
9,structured,4,10,1.25,3,10,0.95,2.0,7,1,7.881073550916966,164.5821784207996,959.0255340702673,0.5757038438866285,0.013171659975854733,1,0,0.0,0
9,structured,4,11,1.325,5,10,1.25,2.0,5,1,3.99915772341771,167.7023148726984,958.060715571909,0.6401629966430488,-0.04629921518024238,7,0,0.0,0
9,structured,4,12,1.4,4,9,1.1,1.85,5,1,23.720832130371804,180.42193700025445,956.9868309387684,0.7095443676083952,-0.27345487470399554,12,0,0.0,0
9,structured,4,13,1.475,5,10,1.25,2.0,5,1,22.93304557412651,167.69392446574804,964.6904048024505,0.7833204902966164,-0.16238010484741894,21,0,0.0,0
9,structured,4,14,1.55,5,0,1.25,0.5,5,1,68.12468436556557,174.93563392313547,976.2278498834638,0.8613407028886032,1.9894454893745532,10,0,0.0,1
9,structured,4,15,1.625,4,10,1.1,2.0,6,1,29.995930132575836,184.04304291277606,1087.131380598376,0.9468843839224015,-0.25767766876675324,1,0,0.0,0
9,structured,4,16,1.7,5,0,1.25,0.5,5,1,81.13637405899215,194.58428746107143,1130.7929982834248,1.0388182313911476,2.342415843168517,4,0,0.0,1
9,structured,4,17,1.775,5,0,1.25,0.5,5,1,86.65934998725274,200.10726338933202,1235.0471779504442,1.136823299513063,2.5248726807814146,0,0,0.0,1
9,structured,4,18,1.85,6,0,1.4,0.5,6,1,93.05991314243744,210.4410263114058,1360.893820123355,1.2399799532656979,2.7086222295357336,0,0,0.0,1
9,structured,4,19,1.925,6,0,1.4,0.5,6,1,109.07652881291773,226.45764198188613,1512.7975795101404,1.3476776428668897,2.8928260579019414,0,0,0.0,1
9,structured,4,20,2.0,6,0,1.4,0.5,6,1,102.9815174196716,231.40684744922828,1830.6359678999079,1.4593452969932512,3.076880146002871,0,0,0.0,1
9,structured,5,0,0.5,10,10,2.0,2.0,0,0,0.0,80.12622074726534,459.4495648774565,0.385700963177568,0.8367604209532205,1,0,0.0,0
9,structured,5,1,0.575,10,10,2.0,2.0,0,0,0.0,83.28391889047518,553.8629336043426,0.3534192197097038,0.7505792515059051,0,0,0.0,0
9,structured,5,2,0.65,10,10,2.0,2.0,0,0,0.0,83.28391889047518,553.886841312683,0.33133980734721813,0.6648315039456842,23,0,0.0,0
9,structured,5,3,0.725,10,10,2.0,2.0,0,0,0.0,89.07255581446785,553.7107379581164,0.3219706483812524,0.5805935622588819,2,0,0.0,0
9,structured,5,4,0.8,2,9,0.8,1.85,7,1,7.424921469156942,90.70884035963209,553.9594818868405,0.32642973755666327,0.3072361067147631,0,0,0.0,0
9,structured,5,5,0.875,2,8,0.8,1.7,6,1,9.618798229625895,92.90271712010104,553.5949011265291,0.3445356828043462,0.04310594252345046,1,0,0.0,0
9,structured,5,6,0.95,3,10,0.95,2.0,7,1,4.67749830749824,101.82133218092537,665.5947510497045,0.3747499209918125,0.33300974768757474,0,0,0.0,0
9,structured,5,7,1.025,3,10,0.95,2.0,7,1,9.667115684142772,106.8109495575699,665.5515629822778,0.4149566600951544,0.2515777139882137,16,0,0.0,0
9,structured,5,8,1.1,3,9,0.95,1.85,6,1,16.304079528652153,113.44791340207928,665.1561869986733,0.4633293794806843,0.004890345487596259,8,0,0.0,0
9,structured,5,9,1.175,3,9,0.95,1.85,6,1,20.237279295541242,117.38111316896837,664.9253699339517,0.5193008247081767,-0.0503005311257253,16,0,0.0,0
9,structured,5,10,1.25,3,10,0.95,2.0,7,1,21.774053057436078,128.42533002955668,800.3153955844255,0.5816472051383368,0.07255171882025768,12,0,0.0,0
9,structured,5,11,1.325,3,10,0.95,2.0,7,1,21.334266836586607,129.6938535895208,799.4511301218032,0.6493022956629252,0.01341798416299167,10,0,0.0,0
9,structured,5,12,1.4,4,9,1.1,1.85,5,1,32.70238917744166,139.35366614956223,798.495449450512,0.7217274768106342,-0.21351407555110247,7,0,0.0,0
9,structured,5,13,1.475,4,10,1.1,2.0,6,1,36.40624895278151,136.37949418317672,793.5395020606302,0.7983762760563732,-0.10256087066688113,4,0,0.0,0
9,structured,5,14,1.55,4,8,1.1,1.7,4,1,31.99372487904742,138.64500185116802,792.0398514206112,0.8795448404920425,-0.4294153689201661,0,0,0.0,0
9,structured,5,15,1.625,4,10,1.1,2.0,6,1,40.55864613186125,156.70110486988264,958.9882407392162,0.9653776460683344,-0.20586884063105804,0,0,0.0,0
9,structured,5,16,1.7,5,10,1.25,2.0,5,1,47.560698411259295,163.70315714928068,958.2195204611119,1.0545859306326226,-0.2534064229010582,0,0,0.0,0
9,structured,5,17,1.775,5,0,1.25,0.5,5,1,75.90094051713237,144.76087889162153,965.507320129681,1.148007739939594,2.550463598024681,0,0,0.0,1
9,structured,5,18,1.85,5,0,1.25,0.5,5,1,80.84264250191481,154.04711278020025,1089.0434740254327,1.2486342227504463,2.7266481019580784,0,0,0.0,1
9,structured,5,19,1.925,6,0,1.4,0.5,6,1,89.88980680781424,163.09427708609968,1238.7016889786246,1.3541681287252518,2.905355413688376,0,0,0.0,1
9,structured,5,20,2.0,5,0,1.25,0.5,5,1,89.13064029848206,169.2568610457474,1497.6409591335594,1.4635323755554115,3.0845018585761155,0,0,0.0,1
9,structured,6,0,0.5,1,10,0.65,2.0,9,1,6.867493930264757,28.18440326732169,171.02658044002519,0.4001971134953697,0.8730605932619606,1,0,0.0,0
9,structured,6,1,0.575,1,10,0.65,2.0,9,1,9.703662779447583,34.63477684160214,210.36576239657668,0.366042724684651,0.7885993307402224,0,0,0.0,0
9,structured,6,2,0.65,1,10,0.65,2.0,9,1,12.964432624975828,37.895546687130384,210.3956172775588,0.3416497942502277,0.7042759574889118,25,0,0.0,0
9,structured,6,3,0.725,2,10,0.8,2.0,8,1,12.496308194468753,40.65251049389748,257.0340672746447,0.3295605747266827,0.6201114204293878,0,0,0.0,0
9,structured,6,4,0.8,2,10,0.8,2.0,8,1,19.5765232022559,47.732725501684634,257.05135683836414,0.3316457829504217,0.5364975949596642,1,0,0.0,0
9,structured,6,5,0.875,2,10,0.8,2.0,8,1,23.60483311055644,51.76103540998517,257.05814497851446,0.3481392228262492,0.454155218802113,0,0,0.0,0
9,structured,6,6,0.95,2,10,0.8,2.0,8,1,26.987642726219335,57.968563983129584,312.47842293020744,0.3775033431347865,0.3722591804505816,19,0,0.0,0
9,structured,6,7,1.025,2,10,0.8,2.0,8,1,30.29712168759488,61.27804294450513,312.4451627316237,0.41754899594009226,0.2908753109208231,21,0,0.0,0
9,structured,6,8,1.1,3,10,0.95,2.0,7,1,34.53774968116652,68.85993837448918,379.5583457794727,0.4680033291026242,0.22820833545846436,22,0,0.0,0
9,structured,6,9,1.175,3,10,0.95,2.0,7,1,38.88228158496278,73.20447027828544,379.51215762509196,0.5264455804306021,0.16945286772993884,1,0,0.0,0
9,structured,6,10,1.25,3,10,0.95,2.0,7,1,41.70409265324773,80.12622074726534,459.0565928727645,0.5913668436271442,0.11194565691286434,6,0,0.0,0
9,structured,6,11,1.325,3,10,0.95,2.0,7,1,41.26430643239826,83.28391889047516,553.4426474897563,0.6618663706720236,0.05554801674108767,4,0,0.0,0
9,structured,6,12,1.4,4,10,1.1,2.0,6,1,47.05294335639093,89.07255581446783,553.2472767058323,0.7372595978805419,0.0011689792014395461,0,0,0.0,0
9,structured,6,13,1.475,4,10,1.1,2.0,6,1,52.01755109857881,97.14383387342713,665.1390542240887,0.8170594033488291,-0.05156175663736562,0,0,0.0,0
9,structured,6,14,1.55,4,10,1.1,2.0,6,1,55.4685319654605,100.59481474030882,664.7606783843701,0.9015291927921596,-0.10117040208608885,0,0,0.0,0
9,structured,6,15,1.625,4,10,1.1,2.0,6,1,58.10347831646,106.6512769721206,800.1037424549428,0.9893850066461692,-0.1504059812791101,0,0,0.0,0
9,structured,6,16,1.7,4,10,1.1,2.0,6,1,59.811788097273606,108.3595867529342,799.4037158146865,1.0805401729242547,-0.19820966406178564,0,0,0.0,0
9,structured,6,17,1.775,5,9,1.25,1.85,4,1,51.42544657473462,99.97324523039521,794.0707885922368,1.174929819138706,-0.36538448010215996,0,0,0.0,0
9,structured,6,18,1.85,5,10,1.25,2.0,5,1,63.228666865282634,116.14245873802139,960.554410742506,1.2723920650386598,-0.285726055200747,0,0,0.0,0
9,structured,6,19,1.925,6,0,1.4,0.5,6,1,71.9189411328151,89.93628473253207,1035.3642722932232,1.3762743309585044,2.9470305124184666,0,0,0.0,1
9,structured,6,20,2.0,5,0,1.25,0.5,5,1,75.0475877133415,96.36449705039843,1256.2046779131574,1.487341811051328,3.126789729333085,0,0,0.0,1
9,structured,7,0,0.5,0,0,0.5,0.5,0,0,0.0,0.0,14.111705773089597,0.44495930944515394,0.32646680894936164,1,1,1.0,1
9,structured,7,1,0.575,1,0,0.65,0.5,1,1,1.429709824048821,1.429709824048821,17.80937277845409,0.38780802684894283,0.3789981022034503,0,0,0.0,1
9,structured,7,2,0.65,1,0,0.65,0.5,1,1,2.9322834916964453,2.9322834916964453,24.150735954574237,0.3569292425108684,0.46769823693378143,25,0,0.0,1
9,structured,7,3,0.725,1,0,0.65,0.5,1,1,4.431820948969644,4.431820948969644,32.56348671911256,0.34247733443901357,0.5728184664199896,1,0,0.0,1
9,structured,7,4,0.8,1,0,0.65,0.5,1,1,5.8736333198421065,5.8736333198421065,42.7639457518413,0.342252836331629,0.6847126100730003,0,0,0.0,1
9,structured,7,5,0.875,2,0,0.8,0.5,2,1,7.442918870566899,7.442918870566899,55.00278073488022,0.3569278667209987,0.8026464546379533,40,0,0.0,1
9,structured,7,6,0.95,2,0,0.8,0.5,2,1,10.398660019931405,10.398660019931405,69.52127263080263,0.38505480859549374,0.9254602285121409,12,0,0.0,1
9,structured,7,7,1.025,2,0,0.8,0.5,2,1,13.181969722919256,13.181969722919256,86.62753502640078,0.42449077117598477,1.0523906937464682,11,0,0.0,1
9,structured,7,8,1.1,2,0,0.8,0.5,2,1,15.733007438348125,15.733007438348125,109.6554544004122,0.47668625674747556,1.2019123397241405,10,0,0.0,1
9,structured,7,9,1.175,2,0,0.8,0.5,2,1,18.017343599716973,18.017343599716973,137.4943820529719,0.5370126805540859,1.3567152285356885,0,0,0.0,1
9,structured,7,10,1.25,3,0,0.95,0.5,3,1,21.316909337056927,21.316909337056927,170.60798255080022,0.6037779557248536,1.5139096653203215,0,0,0.0,1
9,structured,7,11,1.325,3,0,0.95,0.5,3,1,24.931114062154563,24.931114062154563,209.91462432180816,0.6760489058014875,1.673028356928186,0,0,0.0,1
9,structured,7,12,1.4,3,0,0.95,0.5,3,1,28.156202299428728,28.156202299428728,256.5281894497897,0.7531389875435262,1.8337662685723224,0,0,0.0,1
9,structured,7,13,1.475,3,0,0.95,0.5,3,1,30.980921256910243,30.980921256910243,311.95832245144675,0.8347555514177807,1.9963779429079214,0,0,0.0,1
9,structured,7,14,1.55,4,0,1.1,0.5,4,1,34.32218869332265,34.32218869332265,379.0962392937642,0.9217434836724595,2.1634896101703918,0,0,0.0,1
9,structured,7,15,1.625,4,0,1.1,0.5,4,1,38.42212809401761,38.42212809401761,458.72341970086245,1.0124925929314863,2.331168459182572,0,0,0.0,1
9,structured,7,16,1.7,4,0,1.1,0.5,4,1,42.01961245807691,42.01961245807691,553.242157964439,1.106825148844381,2.499472151406108,0,0,0.0,1
9,structured,7,17,1.775,4,0,1.1,0.5,4,1,45.12628277484831,45.12628277484831,665.4129636080208,1.2045323697064,2.6682747928950548,0,0,0.0,1
9,structured,7,18,1.85,5,0,1.25,0.5,5,1,48.54779865566059,48.54779865566059,801.279180169872,1.3072130236048598,2.840731886049703,0,0,0.0,1
9,structured,7,19,1.925,5,0,1.25,0.5,5,1,52.913791872738756,52.913791872738756,964.5030079160325,1.4139884178486304,3.014985036521648,0,0,0.0,1
9,structured,7,20,2.0,5,0,1.25,0.5,5,1,56.69760713183363,56.69760713183363,1159.7295078623572,1.524277622072391,3.1900392649550042,0,0,0.0,1
9,unconstrained,0,0,0.5,10,10,2.0,2.0,0,0,0.0,34.51946799463525,97.39011864982024,1.168059073563119,-0.509174039506723,5,4,0.8,1
9,unconstrained,0,1,0.575,10,10,2.0,2.0,0,0,0.0,24.684016353329298,88.98308995001855,1.0637235271613699,-0.4305027333525331,3,2,0.6666666666666666,1
9,unconstrained,0,2,0.65,10,10,2.0,2.0,0,0,0.0,24.684016353329298,88.9732675090898,0.9637020190595792,-0.35716924349758417,2,1,0.5,1
9,unconstrained,0,3,0.725,10,10,2.0,2.0,0,0,0.0,74.06545524342198,141.603349388286,0.8760986574453029,-0.2906903117540507,6,3,0.5,1
9,unconstrained,0,4,0.8,10,10,2.0,2.0,0,0,0.0,74.06545524342198,141.59884782170104,0.794966609083791,-0.2327985078902386,9,4,0.4444444444444444,1
9,unconstrained,0,5,0.875,10,8,2.0,1.7,2,1,2.5436270632821447,27.227643416611443,98.23191178820105,0.7176202530383675,1.2913621412897553,3,0,0.0,0
9,unconstrained,0,6,0.95,10,10,2.0,2.0,0,0,0.0,51.871011120379876,118.37343486858174,0.6469481400676312,-0.1503670177640517,3,1,0.3333333333333333,1
9,unconstrained,0,7,1.025,10,7,2.0,1.55,3,1,13.19679886477195,37.88081521810125,106.72114422210706,0.5892041037191653,1.0159768982170847,2,0,0.0,0
9,unconstrained,0,8,1.1,10,10,2.0,2.0,0,0,0.0,90.91966946736346,161.33037105166034,0.5469090926489534,-0.12405258549504442,5,1,0.2,1
9,unconstrained,0,9,1.175,3,7,0.95,1.55,4,1,15.144162560939208,39.828178914268506,112.525874392123,0.5308849057317381,0.9355806795836537,6,0,0.0,0
9,unconstrained,0,10,1.25,3,6,0.95,1.4,3,1,11.211659991285387,35.895676344614685,114.85368689837259,0.5239695090211679,0.6018831345929705,4,0,0.0,0
9,unconstrained,0,11,1.325,10,5,2.0,1.25,5,1,0.15767706942165205,24.84169342275095,106.22742688679989,0.5345005911839231,0.2754624751121879,8,0,0.0,0
9,unconstrained,0,12,1.4,5,7,1.25,1.55,2,1,12.052688187053036,63.92369930743291,148.4417332134749,0.5248326457001823,0.7429036129339233,6,0,0.0,0
9,unconstrained,0,13,1.475,4,7,1.1,1.55,3,1,19.692105969151044,110.6117754365145,192.57936480483153,0.5549329563406803,0.6696869159149275,8,0,0.0,0
9,unconstrained,0,14,1.55,4,8,1.1,1.7,4,1,24.588861758572136,96.94706375794487,186.06358125547695,0.5834416685548616,0.9009523867725511,1,0,0.0,0
9,unconstrained,0,15,1.625,4,8,1.1,1.7,4,1,14.303264908926053,109.96373802588107,208.8492635018206,0.5890519861094901,0.8379098160242857,8,0,0.0,0
9,unconstrained,0,16,1.7,5,9,1.25,1.85,4,1,32.251624838862256,103.37801962536821,196.80176267663865,0.5807984804118939,1.0712960377807135,5,0,0.0,0
9,unconstrained,0,17,1.775,5,9,1.25,1.85,4,1,21.73645614554266,108.33229542103226,217.02387961264236,0.5618656722115529,1.0122971354212336,4,0,0.0,0
9,unconstrained,0,18,1.85,5,8,1.25,1.7,3,1,19.580584995511572,90.70697978201747,200.34175661912138,0.5360490814262725,0.6184113559705833,4,0,0.0,0
9,unconstrained,0,19,1.925,6,8,1.4,1.7,2,1,21.329907334916356,107.9257466104059,216.06804965363744,0.5068641900311833,0.5461534477482464,5,0,0.0,0
9,unconstrained,0,20,2.0,6,9,1.4,1.85,3,1,19.422144414878858,93.19964632854897,207.87483222630397,0.47680347522653355,0.7837751672089506,3,0,0.0,0
9,unconstrained,1,0,0.5,10,10,2.0,2.0,0,0,0.0,33.00355880538507,80.99820939375684,1.1610929231611096,-0.4506112228508794,1,0,0.0,0
9,unconstrained,1,1,0.575,10,10,2.0,2.0,0,0,0.0,21.624206785814692,72.69162687346432,1.0569033714883043,-0.37287768601842464,0,0,0.0,0
9,unconstrained,1,2,0.65,10,10,2.0,2.0,0,0,0.0,21.624206785814692,72.68641151394883,0.9560965958548356,-0.30075654975910315,5,0,0.0,0
9,unconstrained,1,3,0.725,10,10,2.0,2.0,0,0,0.0,41.46589600136713,94.20724639556869,0.8594233235140225,-0.2358084064411594,5,0,0.0,0
9,unconstrained,1,4,0.8,10,10,2.0,2.0,0,0,0.0,41.46589600136713,94.20967541865963,0.7778748863847159,-0.17980968150688637,2,0,0.0,0
9,unconstrained,1,5,0.875,10,8,2.0,1.7,2,1,2.5436270632821447,24.167833849096837,81.49991150928861,0.6996133824082885,1.2568916310649236,3,0,0.0,0
9,unconstrained,1,6,0.95,10,10,2.0,2.0,0,0,0.0,59.16241594961798,112.73299965195798,0.6271958811914299,-0.10228959140415883,8,0,0.0,0
9,unconstrained,1,7,1.025,3,7,0.95,1.55,4,1,12.251607699443355,33.87581448525805,88.35368866861268,0.5672177192126874,0.9383443087845358,2,0,0.0,0
9,unconstrained,1,8,1.1,2,10,0.8,2.0,8,1,3.2278212419140573,33.808782278702324,87.92317140094349,0.5120904024457015,-0.08207980068648926,8,0,0.0,0
9,unconstrained,1,9,1.175,2,7,0.8,1.55,5,1,17.677198812276174,39.30140559809087,94.74091643536934,0.4954050294387395,0.896436933122406,8,0,0.0,0
9,unconstrained,1,10,1.25,3,6,0.95,1.4,3,1,12.895261208820557,34.51946799463525,97.5099154650564,0.48138802350369503,0.5834811017994084,4,0,0.0,0
9,unconstrained,1,11,1.325,10,5,2.0,1.25,5,1,3.0598095675146055,24.684016353329298,89.11456918791976,0.49643656573422246,0.2640444112774718,10,0,0.0,0
9,unconstrained,1,12,1.4,4,7,1.1,1.55,3,1,14.903039293804,74.06545524342198,141.75188141903516,0.4950201423682555,0.7252085390440683,21,0,0.0,0
9,unconstrained,1,13,1.475,4,7,1.1,1.55,3,1,21.29005008359161,51.871011120379876,118.534429691926,0.5220933836842475,0.6606906558791859,6,0,0.0,0
9,unconstrained,1,14,1.55,4,8,1.1,1.7,4,1,22.554775218326313,90.91966946736346,161.54068125296357,0.5625295259377706,0.8899083082080534,8,0,0.0,0
9,unconstrained,1,15,1.625,4,8,1.1,1.7,4,1,11.401132410833156,72.35820199937274,152.29496210456688,0.5783352223942151,0.8282017353949591,3,0,0.0,0
9,unconstrained,1,16,1.7,5,9,1.25,1.85,4,1,29.193968901071685,95.66047311695502,172.16864529360157,0.5735507868968948,1.059159263384383,6,0,0.0,0
9,unconstrained,1,17,1.775,7,9,1.55,1.85,2,1,16.669510246395873,71.12639478650595,159.75951774012236,0.5559944923482166,1.001754440399266,0,0,0.0,0
9,unconstrained,1,18,1.85,6,8,1.4,1.7,2,1,20.129335059606262,86.5958392754896,175.76376590310713,0.5312263384197913,0.6112880791114792,0,0,0.0,0
9,unconstrained,1,19,1.925,6,8,1.4,1.7,2,1,19.320617373560026,73.77750191367011,158.85879852177914,0.5029080248061111,0.5396106134851482,0,0,0.0,0
9,unconstrained,1,20,2.0,6,9,1.4,1.85,3,1,22.32427691297181,90.0743845360605,183.2968420824942,0.4736636020146347,0.7762125533304349,0,0,0.0,0
9,unconstrained,2,0,0.5,10,10,2.0,2.0,0,0,0.0,29.943749237870463,65.23278201347068,1.154761811238411,-0.39220999808040036,1,0,0.0,0
9,unconstrained,2,1,0.575,10,10,2.0,2.0,0,0,0.0,16.874245000468306,57.20786598063353,1.0512635785883802,-0.3154595367600814,0,0,0.0,0
9,unconstrained,2,2,0.65,10,10,2.0,2.0,0,0,0.0,16.874245000468306,57.20746643799731,0.9495445873261474,-0.24460648149247644,10,0,0.0,0
9,unconstrained,2,3,0.725,10,10,2.0,2.0,0,0,0.0,18.698873079950545,55.95574263378421,0.8509830692182685,-0.18126037762991176,2,0,0.0,0
9,unconstrained,2,4,0.8,10,10,2.0,2.0,0,0,0.0,18.698873079950545,55.96532758191063,0.7626052943140971,-0.12723107688476043,3,0,0.0,0
9,unconstrained,2,5,0.875,10,8,2.0,1.7,2,1,6.2678658213598055,23.142110821828112,65.57489946966444,0.6831634148198459,1.221197960437673,8,0,0.0,0
9,unconstrained,2,6,0.95,10,10,2.0,2.0,0,0,0.0,29.46498920565608,66.05486632715218,0.6115826103330224,-0.054754196148331435,18,16,0.8888888888888888,1
9,unconstrained,2,7,1.025,10,7,2.0,1.55,3,1,16.098931362864903,32.97317636333321,71.09938909999681,0.5474581069766752,0.8671351653189479,0,0,0.0,0
9,unconstrained,2,8,1.1,10,10,2.0,2.0,0,0,0.0,44.47394054330738,82.87345532389571,0.4950979813732225,-0.040727736882994414,7,7,1.0,1
9,unconstrained,2,9,1.175,2,7,0.8,1.55,5,1,19.367351030107955,36.24159603057626,77.9583104302148,0.4621084219585376,0.861178132069421,17,0,0.0,0
9,unconstrained,2,10,1.25,10,6,2.0,1.4,4,1,16.129313804916762,33.00355880538507,81.10712360785107,0.4510046585987074,0.5671759643961329,6,0,0.0,0
9,unconstrained,2,11,1.325,10,5,2.0,1.25,5,1,4.749961785346386,21.624206785814692,72.80861055977937,0.462111096780505,0.2524944680038459,12,0,0.0,0
9,unconstrained,2,12,1.4,4,7,1.1,1.55,3,1,12.000906795711046,41.46589600136713,94.33093908467737,0.47936418479939585,0.7127822012440901,4,0,0.0,0
9,unconstrained,2,13,1.475,4,7,1.1,1.55,3,1,14.688475406310602,59.16241594961798,112.84512683242275,0.49995518594465904,0.6516127278868411,5,0,0.0,0
9,unconstrained,2,14,1.55,5,6,1.25,1.4,1,1,1.1159718311321853,30.580961036788267,88.06522379356142,0.549073745270287,0.3215445483480308,0,0,0.0,0
9,unconstrained,2,15,1.625,4,8,1.1,1.7,4,1,13.435218951079037,68.36489424903715,128.3966504962185,0.5689350074513877,0.8183983809605495,0,0,0.0,0
9,unconstrained,2,16,1.7,5,7,1.25,1.55,2,1,14.561804876915517,60.95706958853958,116.23891932054215,0.5661012050826345,0.4542546889610417,7,0,0.0,0
9,unconstrained,2,17,1.775,5,9,1.25,1.85,4,1,18.037013966354664,66.46650421588333,135.80609596331703,0.5500102710857507,0.9910994116067311,0,0,0.0,0
9,unconstrained,2,18,1.85,6,8,1.4,1.7,2,1,25.04075751905549,54.45688454011008,119.17910316541378,0.5263543951182728,0.6041133978822395,0,0,0.0,0
9,unconstrained,2,19,1.925,6,8,1.4,1.7,2,1,19.320617373560026,67.7501076230887,134.96050045560605,0.4989280634984176,0.5330248256635541,0,0,0.0,0
9,unconstrained,2,20,2.0,6,9,1.4,1.85,3,1,24.01442913080359,57.46608618474744,130.83208793074823,0.4704400097009743,0.7685923896414613,0,0,0.0,0
9,unconstrained,3,0,0.5,10,10,2.0,2.0,0,0,0.0,28.91802621060171,49.927281563254525,1.1494687762724105,-0.3339793516617555,1,0,0.0,0
9,unconstrained,3,1,0.575,10,10,2.0,2.0,0,0,0.0,11.966606145700325,42.35080292610914,1.0471166631439024,-0.2582638811259135,0,0,0.0,0
9,unconstrained,3,2,0.65,10,10,2.0,2.0,0,0,0.0,11.966606145700325,42.35542984316686,0.9449257932231978,-0.18874277421480445,12,0,0.0,0
9,unconstrained,3,3,0.725,10,10,2.0,2.0,0,0,0.0,20.550485971885166,41.10989890194128,0.847430204734586,-0.12706145629550725,3,0,0.0,0
9,unconstrained,3,4,0.8,10,10,2.0,2.0,0,0,0.0,20.550485971885223,41.126867137020724,0.7520975449821449,-0.07507054688218084,8,0,0.0,0
9,unconstrained,3,5,0.875,10,8,2.0,1.7,2,1,13.027117568062437,24.993723713762762,50.27585922416873,0.6715022611913909,1.1841929891974923,2,0,0.0,0
9,unconstrained,3,6,0.95,10,10,2.0,2.0,0,0,0.0,38.44654625272594,61.501912025121186,0.5986893180372328,-0.0077738223824156405,17,16,0.9411764705882353,1
9,unconstrained,3,7,1.025,10,7,2.0,1.55,3,1,17.94676065011828,29.913366795818575,55.47960615201694,0.5340175136425129,0.8352389630646269,0,0,0.0,0
9,unconstrained,3,8,1.1,10,10,2.0,2.0,0,0,0.0,11.874381301252527,36.78605478812949,0.4808187494519313,-3.0973289002061977e-06,7,7,1.0,1
9,unconstrained,3,9,1.175,10,7,2.0,1.55,3,1,20.51342355191281,32.48002969761316,61.92142071076583,0.4459322849535357,0.8281004972832151,4,0,0.0,0
9,unconstrained,3,10,1.25,10,6,2.0,1.4,4,1,17.977143092170138,29.943749237870463,65.3301900575305,0.42918700693576184,0.5506005566043428,1,0,0.0,0
9,unconstrained,3,11,1.325,10,5,2.0,1.25,5,1,4.907638854767981,16.874245000468306,57.309551002378726,0.44589274790616606,0.2434431652429705,4,0,0.0,0
9,unconstrained,3,12,1.4,4,5,1.1,1.25,1,1,6.7322669342502195,18.698873079950545,56.05335867823385,0.4686641297438859,0.20168079711427112,1,0,0.0,0
9,unconstrained,3,13,1.475,5,7,1.25,1.55,2,1,17.590607904403555,29.46498920565608,66.1163109629087,0.4950698876555336,0.6424516355818684,22,0,0.0,0
9,unconstrained,3,14,1.55,5,6,1.25,1.4,1,1,6.027394290581412,44.47394054330738,82.94539858756161,0.5365808504402912,0.31507994388832516,7,0,0.0,0
9,unconstrained,3,15,1.625,4,8,1.1,1.7,4,1,20.036793628360044,46.395264711624066,85.67002564875236,0.5593435180398234,0.8084978651828605,6,0,0.0,0
9,unconstrained,3,16,1.7,5,7,1.25,1.55,2,1,14.561804876915517,54.92967529795811,92.9651896213735,0.5584954244205018,0.44743042494442076,5,0,0.0,0
9,unconstrained,3,17,1.775,5,7,1.25,1.55,2,1,3.057655937790571,29.416127021054592,79.84602810477412,0.5438611022596275,0.3873002736480573,0,0,0.0,0
9,unconstrained,3,18,1.85,6,8,1.4,1.7,2,1,26.73090973688727,48.42949024952867,95.9053805234351,0.5213791273792203,0.5968870942914966,0,0,0.0,0
9,unconstrained,3,19,1.925,6,7,1.4,1.55,1,1,11.753076541302448,33.45165705394385,83.17543132430689,0.49487138919771706,0.2859823457293764,0,0,0.0,0
9,unconstrained,3,20,2.0,6,9,1.4,1.85,3,1,28.171263923642925,56.455199781390945,111.40839068160699,0.46716171695273423,0.7609135528237903,0,0,0.0,0
9,unconstrained,4,0,0.5,10,10,2.0,2.0,0,0,0.0,15.26803401805688,21.047011863538813,1.1465214697781838,-0.2759236707886821,1,0,0.0,0
9,unconstrained,4,1,0.575,10,10,2.0,2.0,0,0,0.0,11.966606145700325,27.953879205786592,1.0435505323033514,-0.20130101207942586,0,0,0.0,0
9,unconstrained,4,2,0.65,10,10,2.0,2.0,0,0,0.0,11.966606145700325,27.96375148059616,0.9433327427904882,-0.13316725130676899,15,0,0.0,0
9,unconstrained,4,3,0.725,10,10,2.0,2.0,0,0,0.0,17.49067640437059,26.72463599590401,0.84477659479518,-0.07322612980006027,8,0,0.0,0
9,unconstrained,4,4,0.8,10,10,2.0,2.0,0,0,0.0,17.49067640437059,26.749208651168544,0.752091582176096,-0.02334668893760261,2,0,0.0,0
9,unconstrained,4,5,0.875,10,8,2.0,1.7,2,1,9.967308000547831,21.933914146248156,35.436213672047614,0.6623480552222237,1.1457781589252263,1,0,0.0,0
9,unconstrained,4,6,0.95,10,10,2.0,2.0,0,0,0.0,4.156834792839334,15.911303615056852,0.5935445078560194,0.038641221697536365,1,0,0.0,0
9,unconstrained,4,7,1.025,10,7,2.0,1.55,3,1,13.196798864771893,25.163405010472218,40.83852784728657,0.5255333670091786,0.8253295935712612,0,0,0.0,0
9,unconstrained,4,8,1.1,3,10,0.95,2.0,7,1,1.9029867941243026,18.967274859867388,32.82380857497341,0.47954863476386606,0.040097750192980675,0,0,0.0,0
9,unconstrained,4,9,1.175,3,7,0.95,1.55,4,1,19.90948239973946,31.876088545439785,46.50692555308444,0.4399649320306266,0.7987579915884471,16,0,0.0,0
9,unconstrained,4,10,1.25,3,6,0.95,1.4,3,1,16.951420064901384,28.91802621060171,50.012528128914084,0.4256294241430186,0.5337459681962446,1,0,0.0,0
9,unconstrained,4,11,1.325,5,5,1.25,1.25,0,0,0.0,11.966606145700325,42.43634975186285,0.44641022191950586,0.2367487230051788,7,0,0.0,0
9,unconstrained,4,12,1.4,4,5,1.1,1.25,1,1,8.58387982618487,20.550485971885195,41.180157427718,0.4681223565475919,0.19550170337835304,12,0,0.0,0
9,unconstrained,4,13,1.475,5,7,1.25,1.55,2,1,21.38225818698288,38.446546252725966,61.51084198859837,0.49550139923362924,0.6332060339874022,21,0,0.0,0
9,unconstrained,4,14,1.55,5,6,1.25,1.4,1,1,7.717546508413193,11.874381301252527,36.786060371550946,0.5295870226146047,0.3085731406901373,10,0,0.0,0
9,unconstrained,4,15,1.625,4,8,1.1,1.7,4,1,25.88378063903116,40.367870421042625,62.965761777525614,0.5495686114966432,0.798498348212882,1,0,0.0,0
9,unconstrained,4,16,1.7,5,6,1.25,1.4,1,1,9.294183017520936,26.35847108326402,50.86315316807236,0.5507468684144393,0.22029666224545252,4,0,0.0,0
9,unconstrained,4,17,1.775,5,7,1.25,1.55,2,1,7.214490730629905,21.6985805126414,57.19688088698979,0.5375446343407132,0.38097088154742886,0,0,0.0,0
9,unconstrained,4,18,1.85,6,8,1.4,1.7,2,1,26.73090973688727,43.26176905333284,77.10625927069282,0.5161812048800298,0.5896079633460864,0,0,0.0,0
9,unconstrained,4,19,1.925,6,7,1.4,1.55,1,1,11.753076541302448,28.28393585774802,64.43143320999229,0.49064620257891667,0.28051518545568843,0,0,0.0,0
9,unconstrained,4,20,2.0,6,7,1.4,1.55,1,1,9.588409414348291,26.119268730793863,62.85759170947324,0.46373450241284947,0.24179758039571286,0,0,0.0,0
9,unconstrained,5,0,0.5,10,10,2.0,2.0,0,0,0.0,5.44080598509143,6.060103824169715,1.1458170684412836,-0.21805810080514298,1,0,0.0,0
9,unconstrained,5,1,0.575,10,10,2.0,2.0,0,0,0.0,8.906796578185705,14.017122327209435,1.043010956660477,-0.14457560896227206,0,0,0.0,0
9,unconstrained,5,2,0.65,10,10,2.0,2.0,0,0,0.0,8.906796578185705,14.032458053166081,0.9431431474878066,-0.07789945538829568,23,0,0.0,0
9,unconstrained,5,3,0.725,10,10,2.0,2.0,0,0,0.0,0.0,4.451233939608073,0.8472942029180183,-0.01976592945026434,2,0,0.0,0
9,unconstrained,5,4,0.8,2,10,0.8,2.0,8,1,1.4701673314486357,1.4701673314486357,4.483627916360035,0.7537595640677852,0.027929167167865754,0,0,0.0,0
9,unconstrained,5,5,0.875,2,4,0.8,1.1,2,1,5.255846342647374,5.811074290163447,12.869446226698557,0.6678493016030709,0.32356695240475686,1,0,0.0,0
9,unconstrained,5,6,0.95,3,3,0.95,0.95,0,0,0.0,2.2353663627850437,6.05124846265096,0.5915190842178817,0.08159166420887942,0,0,0.0,0
9,unconstrained,5,7,1.025,3,3,0.95,0.95,0,0,0.0,2.2353663627850437,4.744799930238855,0.5321093066592812,0.05182160494798449,16,16,1.0,1
9,unconstrained,5,8,1.1,3,4,0.95,1.1,1,1,2.5901288776568947,2.5901288776568947,8.139662585582897,0.48347305369018007,0.16712553997427948,8,0,0.0,0
9,unconstrained,5,9,1.175,3,4,0.95,1.1,1,1,1.2151863630380433,1.2151863630380433,6.569667518051318,0.4472832926312567,0.1253613660540842,16,0,0.0,0
9,unconstrained,5,10,1.25,3,5,0.95,1.25,2,1,9.82722803296545,15.26803401805688,21.119407623081315,0.43671983026383177,0.2760067402397137,12,0,0.0,0
9,unconstrained,5,11,1.325,3,5,0.95,1.25,2,1,3.059809567514634,11.966606145700325,28.02240944189873,0.46003657808848547,0.23000937363619967,10,0,0.0,0
9,unconstrained,5,12,1.4,4,5,1.1,1.25,1,1,8.583879826184898,17.49067640437059,26.7662123493823,0.4789188367542729,0.18928432043860344,7,0,0.0,0
9,unconstrained,5,13,1.475,4,5,1.1,1.25,1,1,4.156834792839334,4.156834792839334,15.865870685429485,0.49834128771855274,0.15512530296917904,4,0,0.0,0
9,unconstrained,5,14,1.55,4,6,1.1,1.4,2,1,9.772883236504981,17.064288065743085,32.75005722518256,0.5281006952923412,0.3020237897838327,0,0,0.0,0
9,unconstrained,5,15,1.625,4,6,1.1,1.4,2,1,12.924985769614636,20.21639059885274,31.401129884629086,0.5407764748562802,0.25492566881132017,0,0,0.0,0
9,unconstrained,5,16,1.7,5,6,1.25,1.4,1,1,9.29418301752088,14.484089782011495,28.783477691010688,0.5429014609467039,0.21466616381365178,0,0,0.0,0
9,unconstrained,5,17,1.775,5,7,1.25,1.55,2,1,15.642803265613054,16.53085931644557,39.022354513397886,0.5311701011620857,0.3746011729279295,0,0,0.0,0
9,unconstrained,5,18,1.85,5,6,1.25,1.4,1,1,1.6757088659964836,1.6757088659964836,21.598827494575488,0.5109082315455804,0.15739698164724736,0,0,0.0,0
9,unconstrained,5,19,1.925,6,7,1.4,1.55,1,1,12.641132592134966,33.050619857072945,58.08866677271487,0.4862915948027668,0.2750179709539893,0,0,0.0,0
9,unconstrained,5,20,2.0,5,7,1.25,1.55,2,1,10.900887889645503,31.310375154583483,56.514825272195765,0.4602144878583645,0.23665272528518067,0,0,0.0,0
9,unconstrained,6,0,0.5,1,4,0.65,1.1,3,1,14.137764327337479,15.61096112003353,16.119785595841414,1.1511107414706707,0.813772557453035,1,0,0.0,0
9,unconstrained,6,1,0.575,1,1,0.65,0.65,0,0,0.0,0.0,-3.671604660231594,1.0441534791294813,-0.03316047073323247,0,0,0.0,1
9,unconstrained,6,2,0.65,1,2,0.65,0.8,1,1,1.3203155025772872,4.373107121632131,3.0713127065674115,0.9465617619156557,0.05891820409914583,25,0,0.0,1
9,unconstrained,6,3,0.725,2,4,0.8,1.1,2,1,10.89097125597334,10.89097125597334,10.528198083526917,0.8523696045830558,0.4281246110975574,0,0,0.0,0
9,unconstrained,6,4,0.8,2,3,0.8,0.95,1,1,5.883503234550375,5.883503234550375,5.061103043710631,0.7618310702955031,0.14843705439777022,1,0,0.0,0
9,unconstrained,6,5,0.875,2,4,0.8,1.1,2,1,9.469222706935568,9.469222706935568,9.585745269849653,0.6780170226162445,0.307564226340435,0,0,0.0,0
9,unconstrained,6,6,0.95,2,3,0.8,0.95,1,1,2.2353663627850437,2.2353663627850437,1.8114096398494581,0.6010045757170064,0.07019435624724046,19,0,0.0,0
9,unconstrained,6,7,1.025,2,3,0.8,0.95,1,1,0.5552279475160589,0.5552279475160589,0.5049574834749677,0.5461578559523369,0.041207772724741076,21,0,0.0,0
9,unconstrained,6,8,1.1,3,3,0.95,0.95,0,0,0.0,0.0,-0.8678392953033409,0.5025811604982844,0.01973706010966758,22,10,0.45454545454545453,1
9,unconstrained,6,9,1.175,3,4,0.95,1.1,1,1,6.126608822487327,6.126608822487327,5.152889719022255,0.46852752394516256,0.11789686773051011,1,0,0.0,0
9,unconstrained,6,10,1.25,3,4,0.95,1.1,1,1,4.776062408525405,5.440805985091444,6.118926533213269,0.47206652831173523,0.09040597377143555,6,0,0.0,0
9,unconstrained,6,11,1.325,3,5,0.95,1.25,2,1,8.906796578185691,8.906796578185691,14.067715767371624,0.48532961102716576,0.2232242970916447,4,0,0.0,0
9,unconstrained,6,12,1.4,4,4,1.1,1.1,0,0,0.0,0.0,4.462758286841705,0.4979410295147096,0.05634095533089045,0,0,0.0,0
9,unconstrained,6,13,1.475,4,5,1.1,1.25,1,1,7.291404829238104,7.291404829238104,12.344229111326683,0.5051299453905996,0.1493214052259204,0,0,0.0,0
9,unconstrained,6,14,1.55,4,5,1.1,1.25,1,1,5.189906764490587,5.189906764490587,11.184743320386502,0.5296890017240319,0.12287609228795837,0,0,0.0,0
9,unconstrained,6,15,1.625,4,4,1.1,1.1,0,0,0.0,0.0,6.465546747318086,0.5363208759323802,0.05608690964274654,0,0,0.0,0
9,unconstrained,6,16,1.7,4,5,1.1,1.25,1,1,0.8880560508324891,0.8880560508324891,11.178423058141448,0.5349092316412237,0.0925616500339368,0,0,0.0,0
9,unconstrained,6,17,1.775,5,7,1.25,1.55,2,1,20.40948726493798,20.40948726493798,33.2490598168431,0.5247270598008947,0.3681906308845737,0,0,0.0,0
9,unconstrained,6,18,1.85,5,6,1.25,1.4,1,1,5.196045451851603,5.196045451851603,19.279964962744828,0.5056016198736213,0.15243472977959627,0,0,0.0,0
9,unconstrained,6,19,1.925,6,6,1.4,1.4,0,0,0.0,0.0,19.936513409079794,0.48187235300214043,0.13599223450029285,0,0,0.0,0
9,unconstrained,6,20,2.0,5,6,1.25,1.4,1,1,0.4244224244647512,0.4244224244647512,19.840733200553927,0.4565818138689585,0.12705545891718018,0,0,0.0,0
9,unconstrained,7,0,0.5,0,1,0.5,0.65,1,1,0.011456373923373064,0.011456373923373064,-0.9091298375451373,1.1584872731978475,-0.025194121226536303,1,0,0.0,1
9,unconstrained,7,1,0.575,1,1,0.65,0.65,0,0,0.0,0.0,-1.7267657641616267,1.0530929545681167,-0.04404216712727749,0,0,0.0,1
9,unconstrained,7,2,0.65,1,1,0.65,0.65,0,0,0.0,0.0,-2.364431371961075,0.9537108509376079,-0.05597749906477123,25,25,1.0,1
9,unconstrained,7,3,0.725,1,2,0.65,0.8,1,1,3.052791619054844,3.052791619054844,0.7044494546274507,0.863031820749593,0.016067775321860545,1,0,0.0,1
9,unconstrained,7,4,0.8,1,2,0.65,0.8,1,1,1.4731967926960507,1.4731967926960507,-0.35459227676960126,0.7755733990704732,-0.007431074520119374,0,0,0.0,1
9,unconstrained,7,5,0.875,2,2,0.8,0.8,0,0,0.0,0.0,-1.223086438909334,0.6952394524067785,-0.02375182238775153,40,40,1.0,1
9,unconstrained,7,6,0.95,2,2,0.8,0.8,0,0,0.0,0.0,-1.8151895131522124,0.621465758887711,-0.03292395143328708,12,12,1.0,1
9,unconstrained,7,7,1.025,2,2,0.8,0.8,0,0,0.0,0.0,-2.0686680949559673,0.5728954061001882,-0.03529950946988958,11,11,1.0,1
9,unconstrained,7,8,1.1,2,2,0.8,0.8,0,0,0.0,0.0,-1.8151751082484324,0.528961878517866,-0.029298387105324508,10,10,1.0,1
9,unconstrained,7,9,1.175,2,3,0.8,0.95,1,1,0.664743576566039,0.664743576566039,0.26776889200357346,0.5176829600636192,0.004108716420799574,0,0,0.0,0
9,unconstrained,7,10,1.25,3,3,0.95,0.95,0,0,0.0,0.0,0.20278242700011617,0.5168589144684256,0.0029155552449298128,0,0,0.0,0
9,unconstrained,7,11,1.325,3,3,0.95,0.95,0,0,0.0,0.0,0.5722687282815286,0.5155757315254935,0.0077632308756880875,0,0,0.0,0
9,unconstrained,7,12,1.4,3,3,0.95,0.95,0,0,0.0,0.0,1.4003681165474973,0.5202058927745159,0.018034841421799896,0,0,0.0,0
9,unconstrained,7,13,1.475,3,3,0.95,0.95,0,0,0.0,0.0,2.685730586016007,0.514012947674682,0.033015161364391865,0,0,0.0,0
9,unconstrained,7,14,1.55,4,4,1.1,1.1,0,0,0.0,0.0,3.880359346779443,0.5334775126430417,0.04539934646592414,0,0,0.0,0
9,unconstrained,7,15,1.625,4,4,1.1,1.1,0,0,0.0,0.0,4.661045787753025,0.5357195935090515,0.05172561532991171,0,0,0.0,0
9,unconstrained,7,16,1.7,4,4,1.1,1.1,0,0,0.0,0.0,5.974600102309324,0.529409546078849,0.06323811113601696,0,0,0.0,0
9,unconstrained,7,17,1.775,4,4,1.1,1.1,0,0,0.0,0.0,7.8035196698424585,0.5180524619925505,0.07916051216622577,0,0,0.0,0
9,unconstrained,7,18,1.85,5,4,1.25,1.1,1,1,0.775134821096799,0.775134821096799,10.112438271343393,0.5001350829889433,0.098727985646474,0,0,0.0,0
9,unconstrained,7,19,1.925,5,5,1.25,1.25,0,0,0.0,0.0,10.110015680134623,0.4773310300936931,0.09392862937464663,0,0,0.0,0
9,unconstrained,7,20,2.0,5,5,1.25,1.25,0,0,0.0,0.0,11.996738758477775,0.4528053631956379,0.10674606274379261,0,0,0.0,0
