gate,cell_id,N,noise,seed,method,family,v_policy,v_behaviour_expected,v_optimal_same_start,nv,selected_unseen_rate,mean_behavior_prob,mean_logged_count,support_mask,target_q95,qdt_mode,qdt_denoise,cql_updates,cql_alpha,iql_updates,iql_expectile,iql_awr_beta,iql_weight_clip,iql_final_q_loss,iql_final_v_loss,iql_final_pi_loss,iql_mean_adv_weight,bandit_updates,w_clip
gate2E_family,N100_noise0p05,100,0.05,0,Behaviour cloning,BC,448.85541736519184,425.0469525373324,482.26747238006357,0.4160826377197598,0.16625,0.7600977609586881,9.50125,none,,,,,,,,,,,,,,,
gate2E_family,N100_noise0p05,100,0.05,0,Behaviour cloning support top3,BC,444.578664717201,425.0469525373324,482.26747238006357,0.3413410474695247,0.0,0.8669231273220245,11.2925,top3,,,,,,,,,,,,,,,
gate2E_family,N100_noise0p05,100,0.05,0,Estimate-then-optimise structured,EtO,179.10206029014728,425.0469525373324,482.26747238006357,-4.298193950756775,0.89125,0.10266064257028112,0.49875,none,,,,,,,,,,,,,,,
gate2E_family,N100_noise0p05,100,0.05,0,Estimate-then-optimise structured support top3,EtO,479.33501654727377,425.0469525373324,482.26747238006357,0.9487516743844767,0.0,0.8015810855810855,8.16375,top3,,,,,,,,,,,,,,,
gate2E_family,N100_noise0p05,100,0.05,0,Estimate-then-optimise structured learned-transition,EtO,162.33486507963156,425.0469525373324,482.26747238006357,-4.591221613850362,0.93125,0.11038961038961038,0.2175,none,,,,,,,,,,,,,,,
gate2E_family,N100_noise0p05,100,0.05,0,Estimate-then-optimise structured learned-transition support top3,EtO,457.45009881749434,425.0469525373324,482.26747238006357,0.5662854229430453,0.0,0.8615019539284244,13.9775,top3,,,,,,,,,,,,,,,
gate2E_family,N100_noise0p05,100,0.05,0,Estimate-then-optimise structured empirical-transition,EtO,235.79188857069337,425.0469525373324,482.26747238006357,-3.307468448151131,0.80875,0.18341811617984902,1.15375,none,,,,,,,,,,,,,,,
gate2E_family,N100_noise0p05,100,0.05,0,Estimate-then-optimise structured empirical-transition support top3,EtO,466.57845892533516,425.0469525373324,482.26747238006357,0.7258149087451637,0.0,0.8400649350649352,9.35,top3,,,,,,,,,,,,,,,
gate2E_family,N100_noise0p05,100,0.05,0,Estimate-then-optimise unconstrained,EtO,456.1743527349869,425.0469525373324,482.26747238006357,0.5439901679189071,0.88,0.09988125082464705,0.60625,none,,,,,,,,,,,,,,,
gate2E_family,N100_noise0p05,100,0.05,0,Estimate-then-optimise unconstrained support top3,EtO,479.4680927410172,425.0469525373324,482.26747238006357,0.9510773469597902,0.0,0.7997953712953714,8.6025,top3,,,,,,,,,,,,,,,
gate2E_family,N100_noise0p05,100,0.05,0,Estimate-then-optimise unconstrained learned-transition,EtO,418.1385313945647,425.0469525373324,482.26747238006357,-0.12073328172752121,0.8675,0.14756944444444445,0.9675,none,,,,,,,,,,,,,,,
gate2E_family,N100_noise0p05,100,0.05,0,Estimate-then-optimise unconstrained learned-transition support top3,EtO,472.4104913066294,425.0469525373324,482.26747238006357,0.8277369534473688,0.0,0.8247636634199134,9.8225,top3,,,,,,,,,,,,,,,
gate2E_family,N100_noise0p05,100,0.05,0,Estimate-then-optimise unconstrained empirical-transition,EtO,430.44018101063585,425.0469525373324,482.26747238006357,0.09425339874797668,0.5675,0.33962591310358564,3.83625,none,,,,,,,,,,,,,,,
gate2E_family,N100_noise0p05,100,0.05,0,Estimate-then-optimise unconstrained empirical-transition support top3,EtO,480.53520287318594,425.0469525373324,482.26747238006357,0.9697264283575417,0.0,0.8079203712953713,8.3775,top3,,,,,,,,,,,,,,,
gate2E_family,N100_noise0p05,100,0.05,1,Behaviour cloning,BC,442.9303592939899,421.1367484506907,477.84490227066374,0.38431176780125315,0.1875,0.7146702834202835,10.18125,none,,,,,,,,,,,,,,,
gate2E_family,N100_noise0p05,100,0.05,1,Behaviour cloning support top3,BC,440.94977436467843,421.1367484506907,477.84490227066374,0.3493858392372748,0.0,0.8689910263347764,13.9975,top3,,,,,,,,,,,,,,,
gate2E_family,N100_noise0p05,100,0.05,1,Estimate-then-optimise structured,EtO,175.52844515408455,421.1367484506907,477.84490227066374,-4.331093268814914,0.86,0.15320644718792867,0.6975,none,,,,,,,,,,,,,,,
gate2E_family,N100_noise0p05,100,0.05,1,Estimate-then-optimise structured support top3,EtO,472.9308705037586,421.1367484506907,477.84490227066374,0.9133452345758724,0.0,0.7546381899350649,6.73125,top3,,,,,,,,,,,,,,,
gate2E_family,N100_noise0p05,100,0.05,1,Estimate-then-optimise structured learned-transition,EtO,161.6722337556076,421.1367484506907,477.84490227066374,-4.575435756889296,0.92625,0.13414634146341464,0.24375,none,,,,,,,,,,,,,,,
gate2E_family,N100_noise0p05,100,0.05,1,Estimate-then-optimise structured learned-transition support top3,EtO,449.5634211878025,421.1367484506907,477.84490227066374,0.50128016558881,0.0,0.8250052083333332,12.50625,top3,,,,,,,,,,,,,,,
gate2E_family,N100_noise0p05,100,0.05,1,Estimate-then-optimise structured empirical-transition,EtO,238.22001018793213,421.1367484506907,477.84490227066374,-3.2255809075261026,0.775,0.1904761904761905,0.96375,none,,,,,,,,,,,,,,,
gate2E_family,N100_noise0p05,100,0.05,1,Estimate-then-optimise structured empirical-transition support top3,EtO,460.8490893705776,421.1367484506907,477.84490227066374,0.7002933131266903,0.0,0.811634852994228,9.26875,top3,,,,,,,,,,,,,,,
gate2E_family,N100_noise0p05,100,0.05,1,Estimate-then-optimise unconstrained,EtO,434.5609046556822,421.1367484506907,477.84490227066374,0.23672356267509823,0.96625,0.02417695473251029,0.14875,none,,,,,,,,,,,,,,,
gate2E_family,N100_noise0p05,100,0.05,1,Estimate-then-optimise unconstrained support top3,EtO,476.2457134972159,421.1367484506907,477.84490227066374,0.971799667848037,0.0,0.7374330131673882,6.54125,top3,,,,,,,,,,,,,,,
gate2E_family,N100_noise0p05,100,0.05,1,Estimate-then-optimise unconstrained learned-transition,EtO,367.8173634643167,421.1367484506907,477.84490227066374,-0.9402419474921162,0.9725,0.02626262626262626,0.075,none,,,,,,,,,,,,,,,
gate2E_family,N100_noise0p05,100,0.05,1,Estimate-then-optimise unconstrained learned-transition support top3,EtO,477.41953464260155,421.1367484506907,477.84490227066374,0.992499004121831,0.0,0.7530580131673882,6.76125,top3,,,,,,,,,,,,,,,
gate2E_family,N100_noise0p05,100,0.05,1,Estimate-then-optimise unconstrained empirical-transition,EtO,446.61445631749734,421.1367484506907,477.84490227066374,0.4492776814369368,0.87625,0.07050123644664257,0.4875,none,,,,,,,,,,,,,,,
gate2E_family,N100_noise0p05,100,0.05,1,Estimate-then-optimise unconstrained empirical-transition support top3,EtO,476.5713067391173,421.1367484506907,477.84490227066374,0.9775412273940423,0.0,0.7446893262987012,6.39125,top3,,,,,,,,,,,,,,,
gate2E_family,N100_noise0p05,100,0.05,2,Behaviour cloning,BC,454.04380585443937,428.2572553930546,483.61336583743207,0.4658302444731088,0.1875,0.7094816046852841,7.5775,none,,,,,,,,,,,,,,,
gate2E_family,N100_noise0p05,100,0.05,2,Behaviour cloning support top3,BC,451.7940443686964,428.2572553930546,483.61336583743207,0.4251886338598856,0.0,0.8529982794450507,11.705,top3,,,,,,,,,,,,,,,
gate2E_family,N100_noise0p05,100,0.05,2,Estimate-then-optimise structured,EtO,167.4350886362671,428.2572553930546,483.61336583743207,-4.711714111829894,0.93875,0.06587009803921569,0.20875,none,,,,,,,,,,,,,,,
gate2E_family,N100_noise0p05,100,0.05,2,Estimate-then-optimise structured support top3,EtO,477.4453478049873,428.2572553930546,483.61336583743207,0.8885756607006833,0.0,0.7810040078385667,6.8625,top3,,,,,,,,,,,,,,,
gate2E_family,N100_noise0p05,100,0.05,2,Estimate-then-optimise structured learned-transition,EtO,161.6791190535104,428.2572553930546,483.61336583743207,-4.815694856440563,0.94375,0.075043630017452,0.1225,none,,,,,,,,,,,,,,,
gate2E_family,N100_noise0p05,100,0.05,2,Estimate-then-optimise structured learned-transition support top3,EtO,454.60266575048183,428.2572553930546,483.61336583743207,0.4759259663646245,0.0,0.8364042270158799,15.30625,top3,,,,,,,,,,,,,,,
gate2E_family,N100_noise0p05,100,0.05,2,Estimate-then-optimise structured empirical-transition,EtO,246.62463441141483,428.2572553930546,483.61336583743207,-3.2811666051599957,0.77625,0.21561200237670824,1.14875,none,,,,,,,,,,,,,,,
gate2E_family,N100_noise0p05,100,0.05,2,Estimate-then-optimise structured empirical-transition support top3,EtO,464.0680912294345,428.2572553930546,483.61336583743207,0.646917486595506,0.0,0.822611428195987,10.1825,top3,,,,,,,,,,,,,,,
gate2E_family,N100_noise0p05,100,0.05,2,Estimate-then-optimise unconstrained,EtO,450.11313110479006,428.2572553930546,483.61336583743207,0.3948231827757573,0.94125,0.0327562165930746,0.20875,none,,,,,,,,,,,,,,,
gate2E_family,N100_noise0p05,100,0.05,2,Estimate-then-optimise unconstrained support top3,EtO,480.5046542619955,428.2572553930546,483.61336583743207,0.9438415822484446,0.0,0.7628265374331551,6.33875,top3,,,,,,,,,,,,,,,
gate2E_family,N100_noise0p05,100,0.05,2,Estimate-then-optimise unconstrained learned-transition,EtO,413.14389746462183,428.2572553930546,483.61336583743207,-0.2730205899061292,0.86625,0.12088815789473684,0.64,none,,,,,,,,,,,,,,,
gate2E_family,N100_noise0p05,100,0.05,2,Estimate-then-optimise unconstrained learned-transition support top3,EtO,479.0178919706842,428.2572553930546,483.61336583743207,0.9169834399516663,0.0,0.7640116807212395,6.74125,top3,,,,,,,,,,,,,,,
gate2E_family,N100_noise0p05,100,0.05,2,Estimate-then-optimise unconstrained empirical-transition,EtO,428.17842536259656,428.2572553930546,483.61336583743207,-0.0014240529153011878,0.6625,0.23453780826392293,1.8,none,,,,,,,,,,,,,,,
gate2E_family,N100_noise0p05,100,0.05,2,Estimate-then-optimise unconstrained empirical-transition support top3,EtO,482.59998661765303,428.2572553930546,483.61336583743207,0.9816934533217015,0.0,0.7766980652109328,7.06125,top3,,,,,,,,,,,,,,,
gate2E_family,N100_noise0p05,100,0.05,3,Behaviour cloning,BC,446.7178541879652,427.8075954406258,483.28279877863395,0.34087768245066136,0.13125,0.8244837447320891,10.27125,none,,,,,,,,,,,,,,,
gate2E_family,N100_noise0p05,100,0.05,3,Behaviour cloning support top3,BC,441.853934187917,427.8075954406258,483.28279877863395,0.25320031116799036,0.0,0.8995380713036962,15.155,top3,,,,,,,,,,,,,,,
gate2E_family,N100_noise0p05,100,0.05,3,Estimate-then-optimise structured,EtO,175.7190236030157,427.8075954406258,483.28279877863395,-4.544166702763479,0.91875,0.1466275659824047,0.48125,none,,,,,,,,,,,,,,,
gate2E_family,N100_noise0p05,100,0.05,3,Estimate-then-optimise structured support top3,EtO,465.7653350544294,427.8075954406258,483.28279877863395,0.6842289406769477,0.0,0.7861189461580086,7.03625,top3,,,,,,,,,,,,,,,
gate2E_family,N100_noise0p05,100,0.05,3,Estimate-then-optimise structured learned-transition,EtO,156.83078603729936,427.8075954406258,483.28279877863395,-4.884647429812484,0.86375,0.23152649489547886,0.78625,none,,,,,,,,,,,,,,,
gate2E_family,N100_noise0p05,100,0.05,3,Estimate-then-optimise structured learned-transition support top3,EtO,460.37899344266293,427.8075954406258,483.28279877863395,0.587134359897357,0.0,0.7718365688131315,13.0975,top3,,,,,,,,,,,,,,,
gate2E_family,N100_noise0p05,100,0.05,3,Estimate-then-optimise structured empirical-transition,EtO,255.0236200904796,427.8075954406258,483.28279877863395,-3.1146163502525708,0.735,0.2811316287878788,1.5025,none,,,,,,,,,,,,,,,
gate2E_family,N100_noise0p05,100,0.05,3,Estimate-then-optimise structured empirical-transition support top3,EtO,463.5384458084179,427.8075954406258,483.28279877863395,0.6440868751771042,0.0,0.7784961783008657,8.11125,top3,,,,,,,,,,,,,,,
gate2E_family,N100_noise0p05,100,0.05,3,Estimate-then-optimise unconstrained,EtO,449.9732605577109,427.8075954406258,483.28279877863395,0.3995598714984531,0.93375,0.04061477644492912,0.27375,none,,,,,,,,,,,,,,,
gate2E_family,N100_noise0p05,100,0.05,3,Estimate-then-optimise unconstrained support top3,EtO,475.482614601531,427.8075954406258,483.28279877863395,0.8593933197580774,0.0,0.7900848327020202,6.54375,top3,,,,,,,,,,,,,,,
gate2E_family,N100_noise0p05,100,0.05,3,Estimate-then-optimise unconstrained learned-transition,EtO,429.9899004150424,427.8075954406258,483.28279877863395,0.039338386217711414,0.88375,0.12599681020733652,0.59,none,,,,,,,,,,,,,,,
gate2E_family,N100_noise0p05,100,0.05,3,Estimate-then-optimise unconstrained learned-transition support top3,EtO,475.482614601531,427.8075954406258,483.28279877863395,0.8593933197580774,0.0,0.7900848327020202,6.54375,top3,,,,,,,,,,,,,,,
gate2E_family,N100_noise0p05,100,0.05,3,Estimate-then-optimise unconstrained empirical-transition,EtO,414.66129470919446,427.8075954406258,483.28279877863395,-0.23697616124688087,0.82,0.15377619810439194,0.86625,none,,,,,,,,,,,,,,,
gate2E_family,N100_noise0p05,100,0.05,3,Estimate-then-optimise unconstrained empirical-transition support top3,EtO,475.482614601531,427.8075954406258,483.28279877863395,0.8593933197580774,0.0,0.7900848327020202,6.54375,top3,,,,,,,,,,,,,,,
gate2E_family,N100_noise0p05,100,0.05,4,Behaviour cloning,BC,443.6724172075849,415.8730447844656,474.31553538531443,0.47567056327191365,0.09875,0.7942015730748125,10.27375,none,,,,,,,,,,,,,,,
gate2E_family,N100_noise0p05,100,0.05,4,Behaviour cloning support top3,BC,438.1305978326061,415.8730447844656,474.31553538531443,0.38084538867714207,0.0,0.8452882988721805,11.4025,top3,,,,,,,,,,,,,,,
gate2E_family,N100_noise0p05,100,0.05,4,Estimate-then-optimise structured,EtO,175.9703828482278,415.8730447844656,474.31553538531443,-4.104935629364731,0.91875,0.05673076923076923,0.31625,none,,,,,,,,,,,,,,,
gate2E_family,N100_noise0p05,100,0.05,4,Estimate-then-optimise structured support top3,EtO,472.2605880131762,415.8730447844656,474.31553538531443,0.9648381280296016,0.0,0.7521934523809525,6.27125,top3,,,,,,,,,,,,,,,
gate2E_family,N100_noise0p05,100,0.05,4,Estimate-then-optimise structured learned-transition,EtO,158.38472277569423,415.8730447844656,474.31553538531443,-4.405841013302599,0.92625,0.11838006230529595,0.24375,none,,,,,,,,,,,,,,,
gate2E_family,N100_noise0p05,100,0.05,4,Estimate-then-optimise structured learned-transition support top3,EtO,447.82632609239477,415.8730447844656,474.31553538531443,0.5467474260493796,0.0,0.8109409461152882,11.5425,top3,,,,,,,,,,,,,,,
gate2E_family,N100_noise0p05,100,0.05,4,Estimate-then-optimise structured empirical-transition,EtO,232.1225688839231,415.8730447844656,474.31553538531443,-3.1441246601812978,0.76875,0.17800224466891135,1.02125,none,,,,,,,,,,,,,,,
gate2E_family,N100_noise0p05,100,0.05,4,Estimate-then-optimise structured empirical-transition support top3,EtO,461.11655311079545,415.8730447844656,474.31553538531443,0.7741543500487421,0.0,0.7480178571428573,7.06125,top3,,,,,,,,,,,,,,,
gate2E_family,N100_noise0p05,100,0.05,4,Estimate-then-optimise unconstrained,EtO,443.69794395032164,415.8730447844656,474.31553538531443,0.47610734723636,0.9325,0.04195402298850575,0.235,none,,,,,,,,,,,,,,,
gate2E_family,N100_noise0p05,100,0.05,4,Estimate-then-optimise unconstrained support top3,EtO,470.86610058935617,415.8730447844656,474.31553538531443,0.940977279364816,0.0,0.751782738095238,6.24875,top3,,,,,,,,,,,,,,,
gate2E_family,N100_noise0p05,100,0.05,4,Estimate-then-optimise unconstrained learned-transition,EtO,416.22749115788304,415.8730447844656,474.31553538531443,0.006064874542021715,0.865,0.1072415699281371,0.48,none,,,,,,,,,,,,,,,
gate2E_family,N100_noise0p05,100,0.05,4,Estimate-then-optimise unconstrained learned-transition support top3,EtO,470.86610058935617,415.8730447844656,474.31553538531443,0.940977279364816,0.0,0.751782738095238,6.24875,top3,,,,,,,,,,,,,,,
gate2E_family,N100_noise0p05,100,0.05,4,Estimate-then-optimise unconstrained empirical-transition,EtO,416.1312585480529,415.8730447844656,474.31553538531443,0.00441825392676832,0.7775,0.13232323232323231,0.88,none,,,,,,,,,,,,,,,
gate2E_family,N100_noise0p05,100,0.05,4,Estimate-then-optimise unconstrained empirical-transition support top3,EtO,473.5777071672662,415.8730447844656,474.31553538531443,0.987375140750119,0.0,0.7646160714285715,6.77125,top3,,,,,,,,,,,,,,,
gate2E_family,N100_noise0p05,100,0.05,5,Behaviour cloning,BC,431.3038978171735,413.08161086848617,472.4205638661845,0.30708811039173767,0.25625,0.6962585825836478,9.71875,none,,,,,,,,,,,,,,,
gate2E_family,N100_noise0p05,100,0.05,5,Behaviour cloning support top3,BC,425.8639605262628,413.08161086848617,472.4205638661845,0.21541245694497596,0.0,0.8927610052236412,13.73875,top3,,,,,,,,,,,,,,,
gate2E_family,N100_noise0p05,100,0.05,5,Estimate-then-optimise structured,EtO,162.65138003615434,413.08161086848617,472.4205638661845,-4.220334505093906,0.895,0.12076655052264806,0.40625,none,,,,,,,,,,,,,,,
gate2E_family,N100_noise0p05,100,0.05,5,Estimate-then-optimise structured support top3,EtO,463.8564554207038,413.08161086848617,472.4205638661845,0.8556747631557824,0.0,0.7570898240497425,7.195,top3,,,,,,,,,,,,,,,
gate2E_family,N100_noise0p05,100,0.05,5,Estimate-then-optimise structured learned-transition,EtO,155.0975105212555,413.08161086848617,472.4205638661845,-4.347634855593717,0.94125,0.10515873015873016,0.1625,none,,,,,,,,,,,,,,,
gate2E_family,N100_noise0p05,100,0.05,5,Estimate-then-optimise structured learned-transition support top3,EtO,441.1865346017073,413.08161086848617,472.4205638661845,0.47363363041325107,0.0,0.8243175878318542,12.01625,top3,,,,,,,,,,,,,,,
gate2E_family,N100_noise0p05,100,0.05,5,Estimate-then-optimise structured empirical-transition,EtO,253.27675374078353,413.08161086848617,472.4205638661845,-2.693085217292276,0.71,0.26651834013384645,1.74625,none,,,,,,,,,,,,,,,
gate2E_family,N100_noise0p05,100,0.05,5,Estimate-then-optimise structured empirical-transition support top3,EtO,445.46794743809886,413.08161086848617,472.4205638661845,0.5457854399768209,0.0,0.8049971347342272,9.77125,top3,,,,,,,,,,,,,,,
gate2E_family,N100_noise0p05,100,0.05,5,Estimate-then-optimise unconstrained,EtO,440.3940835365319,413.08161086848617,472.4205638661845,0.46027897844953813,0.94625,0.03160947553129265,0.18,none,,,,,,,,,,,,,,,
gate2E_family,N100_noise0p05,100,0.05,5,Estimate-then-optimise unconstrained support top3,EtO,467.4593266034662,413.08161086848617,472.4205638661845,0.9163915604828625,0.0,0.7925266554852152,7.845,top3,,,,,,,,,,,,,,,
gate2E_family,N100_noise0p05,100,0.05,5,Estimate-then-optimise unconstrained learned-transition,EtO,416.0390408837004,413.08161086848617,472.4205638661845,0.049839605618403074,0.9,0.10436507936507936,0.34375,none,,,,,,,,,,,,,,,
gate2E_family,N100_noise0p05,100,0.05,5,Estimate-then-optimise unconstrained learned-transition support top3,EtO,465.487249092259,413.08161086848617,472.4205638661845,0.8831574467754013,0.0,0.7775266554852152,7.225,top3,,,,,,,,,,,,,,,
gate2E_family,N100_noise0p05,100,0.05,5,Estimate-then-optimise unconstrained empirical-transition,EtO,411.2264355047646,413.08161086848617,472.4205638661845,-0.03126403938730651,0.7475,0.21102270745127888,1.7225,none,,,,,,,,,,,,,,,
gate2E_family,N100_noise0p05,100,0.05,5,Estimate-then-optimise unconstrained empirical-transition support top3,EtO,467.4593266034662,413.08161086848617,472.4205638661845,0.9163915604828625,0.0,0.7925266554852152,7.845,top3,,,,,,,,,,,,,,,
gate2E_family,N100_noise0p05,100,0.05,6,Behaviour cloning,BC,432.9249551273848,413.54102946207837,472.2493846542733,0.33017320280646295,0.1825,0.7761683942991994,11.52,none,,,,,,,,,,,,,,,
gate2E_family,N100_noise0p05,100,0.05,6,Behaviour cloning support top3,BC,427.59093233558286,413.54102946207837,472.2493846542733,0.23931692222527778,0.0,0.8912150645042093,13.27,top3,,,,,,,,,,,,,,,
gate2E_family,N100_noise0p05,100,0.05,6,Estimate-then-optimise structured,EtO,168.09793934885553,413.54102946207837,472.2493846542733,-4.180718218211191,0.91125,0.054494828957836125,0.21625,none,,,,,,,,,,,,,,,
gate2E_family,N100_noise0p05,100,0.05,6,Estimate-then-optimise structured support top3,EtO,465.26945679207995,413.54102946207837,472.2493846542733,0.8811084412202832,0.0,0.7096539345157765,5.88375,top3,,,,,,,,,,,,,,,
gate2E_family,N100_noise0p05,100,0.05,6,Estimate-then-optimise structured learned-transition,EtO,157.7761930458191,413.54102946207837,472.2493846542733,-4.356532142298246,0.9425,0.04878917378917379,0.14625,none,,,,,,,,,,,,,,,
gate2E_family,N100_noise0p05,100,0.05,6,Estimate-then-optimise structured learned-transition support top3,EtO,442.5624198624347,413.54102946207837,472.2493846542733,0.4943315190035272,0.0,0.7059393957650536,8.9625,top3,,,,,,,,,,,,,,,
gate2E_family,N100_noise0p05,100,0.05,6,Estimate-then-optimise structured empirical-transition,EtO,241.04891702482485,413.54102946207837,472.2493846542733,-2.9381186352872954,0.74125,0.2054296398046398,1.19625,none,,,,,,,,,,,,,,,
gate2E_family,N100_noise0p05,100,0.05,6,Estimate-then-optimise structured empirical-transition support top3,EtO,456.7151268604136,413.54102946207837,472.2493846542733,0.7353995399291152,0.0,0.781502459674828,9.46375,top3,,,,,,,,,,,,,,,
gate2E_family,N100_noise0p05,100,0.05,6,Estimate-then-optimise unconstrained,EtO,444.4621853135447,413.54102946207837,472.2493846542733,0.5266908900826639,0.8725,0.09911561344267567,0.4725,none,,,,,,,,,,,,,,,
gate2E_family,N100_noise0p05,100,0.05,6,Estimate-then-optimise unconstrained support top3,EtO,471.6565594743866,413.54102946207837,472.2493846542733,0.989902200837582,0.0,0.7228068649187072,5.99875,top3,,,,,,,,,,,,,,,
gate2E_family,N100_noise0p05,100,0.05,6,Estimate-then-optimise unconstrained learned-transition,EtO,417.9497586573536,413.54102946207837,472.2493846542733,0.07509543029850273,0.585,0.3882386938303713,3.32,none,,,,,,,,,,,,,,,
gate2E_family,N100_noise0p05,100,0.05,6,Estimate-then-optimise unconstrained learned-transition support top3,EtO,471.13856992188727,413.54102946207837,472.2493846542733,0.9810791031574719,0.0,0.7215217458710881,6.115,top3,,,,,,,,,,,,,,,
gate2E_family,N100_noise0p05,100,0.05,6,Estimate-then-optimise unconstrained empirical-transition,EtO,402.62896550898455,413.54102946207837,472.2493846542733,-0.18586901161462865,0.7625,0.12833173537871526,0.78,none,,,,,,,,,,,,,,,
gate2E_family,N100_noise0p05,100,0.05,6,Estimate-then-optimise unconstrained empirical-transition support top3,EtO,468.53234974007086,413.54102946207837,472.2493846542733,0.9366864409327448,0.0,0.7354167550285973,6.52375,top3,,,,,,,,,,,,,,,
gate2E_family,N100_noise0p05,100,0.05,7,Behaviour cloning,BC,441.3501542847803,422.9552853756405,480.1843549282328,0.3214252660920036,0.19625,0.7801727269427554,11.02875,none,,,,,,,,,,,,,,,
gate2E_family,N100_noise0p05,100,0.05,7,Behaviour cloning support top3,BC,431.74605983269413,422.9552853756405,480.1843549282328,0.15360680377609623,0.0,0.9074709901703903,13.6575,top3,,,,,,,,,,,,,,,
gate2E_family,N100_noise0p05,100,0.05,7,Estimate-then-optimise structured,EtO,175.0749749191987,422.9552853756405,480.1843549282328,-4.331370619762485,0.94,0.04185022026431718,0.14,none,,,,,,,,,,,,,,,
gate2E_family,N100_noise0p05,100,0.05,7,Estimate-then-optimise structured support top3,EtO,470.92719173487524,422.9552853756405,480.1843549282328,0.8382436886406057,0.0,0.8050829036159918,7.62625,top3,,,,,,,,,,,,,,,
gate2E_family,N100_noise0p05,100,0.05,7,Estimate-then-optimise structured learned-transition,EtO,161.20555589090142,422.9552853756405,480.1843549282328,-4.573719816363551,0.9475,0.06489675516224189,0.12875,none,,,,,,,,,,,,,,,
gate2E_family,N100_noise0p05,100,0.05,7,Estimate-then-optimise structured learned-transition support top3,EtO,452.5323740315695,422.9552853756405,480.1843549282328,0.5168193173007689,0.0,0.8428539650010722,12.9675,top3,,,,,,,,,,,,,,,
gate2E_family,N100_noise0p05,100,0.05,7,Estimate-then-optimise structured empirical-transition,EtO,235.0686675144803,422.9552853756405,480.1843549282328,-3.2830625996548237,0.8225,0.1599457030050763,0.92125,none,,,,,,,,,,,,,,,
gate2E_family,N100_noise0p05,100,0.05,7,Estimate-then-optimise structured empirical-transition support top3,EtO,459.0173000850753,422.9552853756405,480.1843549282328,0.6301345625809027,0.0,0.8611922786159919,11.4075,top3,,,,,,,,,,,,,,,
gate2E_family,N100_noise0p05,100,0.05,7,Estimate-then-optimise unconstrained,EtO,449.146028378848,422.9552853756405,480.1843549282328,0.4576475418517635,0.92625,0.03874458874458874,0.3075,none,,,,,,,,,,,,,,,
gate2E_family,N100_noise0p05,100,0.05,7,Estimate-then-optimise unconstrained support top3,EtO,472.0213224271878,422.9552853756405,480.1843549282328,0.8573621314331635,0.0,0.8246106813937695,8.21,top3,,,,,,,,,,,,,,,
gate2E_family,N100_noise0p05,100,0.05,7,Estimate-then-optimise unconstrained learned-transition,EtO,430.81003694197346,422.9552853756405,480.1843549282328,0.13725107935075886,0.87375,0.08496932515337421,0.62625,none,,,,,,,,,,,,,,,
gate2E_family,N100_noise0p05,100,0.05,7,Estimate-then-optimise unconstrained learned-transition support top3,EtO,472.0213224271878,422.9552853756405,480.1843549282328,0.8573621314331635,0.0,0.8246106813937695,8.21,top3,,,,,,,,,,,,,,,
gate2E_family,N100_noise0p05,100,0.05,7,Estimate-then-optimise unconstrained empirical-transition,EtO,411.328604237535,422.9552853756405,480.1843549282328,-0.2031604083204756,0.76375,0.21236428455679793,0.8225,none,,,,,,,,,,,,,,,
gate2E_family,N100_noise0p05,100,0.05,7,Estimate-then-optimise unconstrained empirical-transition support top3,EtO,472.0213224271878,422.9552853756405,480.1843549282328,0.8573621314331635,0.0,0.8246106813937695,8.21,top3,,,,,,,,,,,,,,,
gate2E_family,N100_noise0p05,100,0.05,8,Behaviour cloning,BC,442.2914553970526,414.15142866616,472.41867197590335,0.482947624299004,0.1225,0.7965408198939378,10.2775,none,,,,,,,,,,,,,,,
gate2E_family,N100_noise0p05,100,0.05,8,Behaviour cloning support top3,BC,441.3229302486193,414.15142866616,472.41867197590335,0.4663255036456432,0.0,0.8771922754790321,14.20375,top3,,,,,,,,,,,,,,,
gate2E_family,N100_noise0p05,100,0.05,8,Estimate-then-optimise structured,EtO,177.19666566160967,414.15142866616,472.41867197590335,-4.06668909570546,0.9275,0.05202312138728324,0.32875,none,,,,,,,,,,,,,,,
gate2E_family,N100_noise0p05,100,0.05,8,Estimate-then-optimise structured support top3,EtO,466.0065514891379,414.15142866616,472.41867197590335,0.8899532546498005,0.0,0.7955750739607437,7.13875,top3,,,,,,,,,,,,,,,
gate2E_family,N100_noise0p05,100,0.05,8,Estimate-then-optimise structured learned-transition,EtO,157.09446167371848,414.15142866616,472.41867197590335,-4.411689182306944,0.93,0.11764705882352941,0.35125,none,,,,,,,,,,,,,,,
gate2E_family,N100_noise0p05,100,0.05,8,Estimate-then-optimise structured learned-transition support top3,EtO,444.94475544945163,414.15142866616,472.41867197590335,0.5284843598932102,0.0,0.8784027475845412,16.58625,top3,,,,,,,,,,,,,,,
gate2E_family,N100_noise0p05,100,0.05,8,Estimate-then-optimise structured empirical-transition,EtO,262.72426793815333,414.15142866616,472.41867197590335,-2.5988385948350703,0.775,0.23089301337332832,1.32125,none,,,,,,,,,,,,,,,
gate2E_family,N100_noise0p05,100,0.05,8,Estimate-then-optimise structured empirical-transition support top3,EtO,451.0803086099475,414.15142866616,472.41867197590335,0.6337845733918964,0.0,0.8410023507591441,9.6375,top3,,,,,,,,,,,,,,,
gate2E_family,N100_noise0p05,100,0.05,8,Estimate-then-optimise unconstrained,EtO,439.57254795711384,414.15142866616,472.41867197590335,0.43628491493612465,0.925,0.04343344588590724,0.38625,none,,,,,,,,,,,,,,,
gate2E_family,N100_noise0p05,100,0.05,8,Estimate-then-optimise unconstrained support top3,EtO,469.7223113264219,414.15142866616,472.41867197590335,0.9537242454538678,0.0,0.796017782294077,6.97625,top3,,,,,,,,,,,,,,,
gate2E_family,N100_noise0p05,100,0.05,8,Estimate-then-optimise unconstrained learned-transition,EtO,404.68848295519723,414.15142866616,472.41867197590335,-0.1624059278153693,0.85875,0.14459161147902871,0.98125,none,,,,,,,,,,,,,,,
gate2E_family,N100_noise0p05,100,0.05,8,Estimate-then-optimise unconstrained learned-transition support top3,EtO,469.7223113264219,414.15142866616,472.41867197590335,0.9537242454538678,0.0,0.796017782294077,6.97625,top3,,,,,,,,,,,,,,,
gate2E_family,N100_noise0p05,100,0.05,8,Estimate-then-optimise unconstrained empirical-transition,EtO,417.30069896569034,414.15142866616,472.41867197590335,0.05404872653386288,0.74875,0.17430068882899075,1.31125,none,,,,,,,,,,,,,,,
gate2E_family,N100_noise0p05,100,0.05,8,Estimate-then-optimise unconstrained empirical-transition support top3,EtO,468.0301960442167,414.15142866616,472.41867197590335,0.9246836527282081,0.0,0.8052625739607437,7.2475,top3,,,,,,,,,,,,,,,
gate2E_family,N100_noise0p05,100,0.05,9,Behaviour cloning,BC,447.823277374186,420.68245839622364,477.90153050673655,0.47433168656671965,0.245,0.7435637090182544,8.88875,none,,,,,,,,,,,,,,,
gate2E_family,N100_noise0p05,100,0.05,9,Behaviour cloning support top3,BC,445.17050966908783,420.68245839622364,477.90153050673655,0.427970087064117,0.0,0.8922557852686529,14.05375,top3,,,,,,,,,,,,,,,
gate2E_family,N100_noise0p05,100,0.05,9,Estimate-then-optimise structured,EtO,164.88521349924815,420.68245839622364,477.90153050673655,-4.470489217352716,0.8825,0.1723618090452261,0.58125,none,,,,,,,,,,,,,,,
gate2E_family,N100_noise0p05,100,0.05,9,Estimate-then-optimise structured support top3,EtO,472.0545942840218,420.68245839622364,477.90153050673655,0.8978149066901682,0.0,0.7769478264790766,7.6925,top3,,,,,,,,,,,,,,,
gate2E_family,N100_noise0p05,100,0.05,9,Estimate-then-optimise structured learned-transition,EtO,157.16436119298427,420.68245839622364,477.90153050673655,-4.605424161620107,0.91625,0.11102941176470588,0.2375,none,,,,,,,,,,,,,,,
gate2E_family,N100_noise0p05,100,0.05,9,Estimate-then-optimise structured learned-transition support top3,EtO,448.4142757955935,420.68245839622364,477.90153050673655,0.4846603829193283,0.0,0.8517831200662083,14.6475,top3,,,,,,,,,,,,,,,
gate2E_family,N100_noise0p05,100,0.05,9,Estimate-then-optimise structured empirical-transition,EtO,237.62103199206453,420.68245839622364,477.90153050673655,-3.1993078470513168,0.78125,0.20195035460992908,1.065,none,,,,,,,,,,,,,,,
gate2E_family,N100_noise0p05,100,0.05,9,Estimate-then-optimise structured empirical-transition support top3,EtO,460.1416872012662,420.68245839622364,477.90153050673655,0.6896167195586645,0.0,0.7850187139249638,9.565,top3,,,,,,,,,,,,,,,
gate2E_family,N100_noise0p05,100,0.05,9,Estimate-then-optimise unconstrained,EtO,445.0565228978162,420.68245839622364,477.90153050673655,0.4259779755693432,0.9275,0.03345609614266331,0.26375,none,,,,,,,,,,,,,,,
gate2E_family,N100_noise0p05,100,0.05,9,Estimate-then-optimise unconstrained support top3,EtO,477.14829140582856,420.68245839622364,477.90153050673655,0.9868358735448701,0.0,0.7851669823232322,7.41625,top3,,,,,,,,,,,,,,,
gate2E_family,N100_noise0p05,100,0.05,9,Estimate-then-optimise unconstrained learned-transition,EtO,409.5485443716828,420.68245839622364,477.90153050673655,-0.19458396674166267,0.89125,0.10486322188449847,0.48,none,,,,,,,,,,,,,,,
gate2E_family,N100_noise0p05,100,0.05,9,Estimate-then-optimise unconstrained learned-transition support top3,EtO,477.14829140582856,420.68245839622364,477.90153050673655,0.9868358735448701,0.0,0.7851669823232322,7.41625,top3,,,,,,,,,,,,,,,
gate2E_family,N100_noise0p05,100,0.05,9,Estimate-then-optimise unconstrained empirical-transition,EtO,410.57124034921156,420.68245839622364,477.90153050673655,-0.17671062591653475,0.76625,0.1825648414985591,1.07125,none,,,,,,,,,,,,,,,
gate2E_family,N100_noise0p05,100,0.05,9,Estimate-then-optimise unconstrained empirical-transition support top3,EtO,477.14829140582856,420.68245839622364,477.90153050673655,0.9868358735448701,0.0,0.7851669823232322,7.41625,top3,,,,,,,,,,,,,,,
gate2E_family,N100_noise0p2,100,0.2,0,Behaviour cloning,BC,448.85541736519184,425.0469525373324,482.26747238006357,0.4160826377197598,0.16625,0.7600977609586881,9.50125,none,,,,,,,,,,,,,,,
gate2E_family,N100_noise0p2,100,0.2,0,Behaviour cloning support top3,BC,444.578664717201,425.0469525373324,482.26747238006357,0.3413410474695247,0.0,0.8669231273220245,11.2925,top3,,,,,,,,,,,,,,,
gate2E_family,N100_noise0p2,100,0.2,0,Estimate-then-optimise structured,EtO,179.3215043358007,425.0469525373324,482.26747238006357,-4.294358892175404,0.935,0.0437375745526839,0.2175,none,,,,,,,,,,,,,,,
gate2E_family,N100_noise0p2,100,0.2,0,Estimate-then-optimise structured support top3,EtO,479.33501654727377,425.0469525373324,482.26747238006357,0.9487516743844767,0.0,0.8015810855810855,8.16375,top3,,,,,,,,,,,,,,,
gate2E_family,N100_noise0p2,100,0.2,0,Estimate-then-optimise structured learned-transition,EtO,162.33083912564155,425.0469525373324,482.26747238006357,-4.591291972421048,0.93375,0.10714285714285714,0.215,none,,,,,,,,,,,,,,,
gate2E_family,N100_noise0p2,100,0.2,0,Estimate-then-optimise structured learned-transition support top3,EtO,457.45009881749434,425.0469525373324,482.26747238006357,0.5662854229430453,0.0,0.8615019539284244,13.9775,top3,,,,,,,,,,,,,,,
gate2E_family,N100_noise0p2,100,0.2,0,Estimate-then-optimise structured empirical-transition,EtO,235.79188857069337,425.0469525373324,482.26747238006357,-3.307468448151131,0.80875,0.18341811617984902,1.15375,none,,,,,,,,,,,,,,,
gate2E_family,N100_noise0p2,100,0.2,0,Estimate-then-optimise structured empirical-transition support top3,EtO,466.57845892533516,425.0469525373324,482.26747238006357,0.7258149087451637,0.0,0.8400649350649352,9.35,top3,,,,,,,,,,,,,,,
gate2E_family,N100_noise0p2,100,0.2,0,Estimate-then-optimise unconstrained,EtO,455.3308907660024,425.0469525373324,482.26747238006357,0.5292496173034515,0.90375,0.07982583454281568,0.41625,none,,,,,,,,,,,,,,,
gate2E_family,N100_noise0p2,100,0.2,0,Estimate-then-optimise unconstrained support top3,EtO,475.7679155775654,425.0469525373324,482.26747238006357,0.8864121329138221,0.0,0.7944541396103897,8.42125,top3,,,,,,,,,,,,,,,
gate2E_family,N100_noise0p2,100,0.2,0,Estimate-then-optimise unconstrained learned-transition,EtO,417.066909852409,425.0469525373324,482.26747238006357,-0.1394612056453922,0.86625,0.15104166666666666,0.97625,none,,,,,,,,,,,,,,,
gate2E_family,N100_noise0p2,100,0.2,0,Estimate-then-optimise unconstrained learned-transition support top3,EtO,467.3237014012619,425.0469525373324,482.26747238006357,0.7388389511337169,0.0,0.7773678300865801,6.8825,top3,,,,,,,,,,,,,,,
gate2E_family,N100_noise0p2,100,0.2,0,Estimate-then-optimise unconstrained empirical-transition,EtO,429.1807006118942,425.0469525373324,482.26747238006357,0.07224240684850997,0.6275,0.2746732744026384,2.81625,none,,,,,,,,,,,,,,,
gate2E_family,N100_noise0p2,100,0.2,0,Estimate-then-optimise unconstrained empirical-transition support top3,EtO,480.53520287318594,425.0469525373324,482.26747238006357,0.9697264283575417,0.0,0.8079203712953713,8.3775,top3,,,,,,,,,,,,,,,
gate2E_family,N100_noise0p2,100,0.2,1,Behaviour cloning,BC,442.9303592939899,421.1367484506907,477.84490227066374,0.38431176780125315,0.1875,0.7146702834202835,10.18125,none,,,,,,,,,,,,,,,
gate2E_family,N100_noise0p2,100,0.2,1,Behaviour cloning support top3,BC,440.94977436467843,421.1367484506907,477.84490227066374,0.3493858392372748,0.0,0.8689910263347764,13.9975,top3,,,,,,,,,,,,,,,
gate2E_family,N100_noise0p2,100,0.2,1,Estimate-then-optimise structured,EtO,175.62575779745077,421.1367484506907,477.84490227066374,-4.329377243220515,0.855,0.1630250677506775,0.725,none,,,,,,,,,,,,,,,
gate2E_family,N100_noise0p2,100,0.2,1,Estimate-then-optimise structured support top3,EtO,472.9308705037586,421.1367484506907,477.84490227066374,0.9133452345758724,0.0,0.7546381899350649,6.73125,top3,,,,,,,,,,,,,,,
gate2E_family,N100_noise0p2,100,0.2,1,Estimate-then-optimise structured learned-transition,EtO,161.23330645367295,421.1367484506907,477.84490227066374,-4.583175866068799,0.9125,0.14365671641791045,0.32625,none,,,,,,,,,,,,,,,
gate2E_family,N100_noise0p2,100,0.2,1,Estimate-then-optimise structured learned-transition support top3,EtO,449.5634211878025,421.1367484506907,477.84490227066374,0.50128016558881,0.0,0.8250052083333332,12.50625,top3,,,,,,,,,,,,,,,
gate2E_family,N100_noise0p2,100,0.2,1,Estimate-then-optimise structured empirical-transition,EtO,238.22001018793213,421.1367484506907,477.84490227066374,-3.2255809075261026,0.775,0.1904761904761905,0.96375,none,,,,,,,,,,,,,,,
gate2E_family,N100_noise0p2,100,0.2,1,Estimate-then-optimise structured empirical-transition support top3,EtO,460.8490893705776,421.1367484506907,477.84490227066374,0.7002933131266903,0.0,0.811634852994228,9.26875,top3,,,,,,,,,,,,,,,
gate2E_family,N100_noise0p2,100,0.2,1,Estimate-then-optimise unconstrained,EtO,444.96692003461243,421.1367484506907,477.84490227066374,0.4202247821287488,0.945,0.03060921248142645,0.25625,none,,,,,,,,,,,,,,,
gate2E_family,N100_noise0p2,100,0.2,1,Estimate-then-optimise unconstrained support top3,EtO,476.2457134972159,421.1367484506907,477.84490227066374,0.971799667848037,0.0,0.7374330131673882,6.54125,top3,,,,,,,,,,,,,,,
gate2E_family,N100_noise0p2,100,0.2,1,Estimate-then-optimise unconstrained learned-transition,EtO,389.92299502967614,421.1367484506907,477.84490227066374,-0.5504279599739111,0.9725,0.0231729055258467,0.075,none,,,,,,,,,,,,,,,
gate2E_family,N100_noise0p2,100,0.2,1,Estimate-then-optimise unconstrained learned-transition support top3,EtO,473.566274861613,421.1367484506907,477.84490227066374,0.9245500493168275,0.0,0.7380580131673882,6.3575,top3,,,,,,,,,,,,,,,
gate2E_family,N100_noise0p2,100,0.2,1,Estimate-then-optimise unconstrained empirical-transition,EtO,437.8146611413011,421.1367484506907,477.84490227066374,0.2941007874027512,0.8625,0.09606481481481481,0.515,none,,,,,,,,,,,,,,,
gate2E_family,N100_noise0p2,100,0.2,1,Estimate-then-optimise unconstrained empirical-transition support top3,EtO,476.5713067391173,421.1367484506907,477.84490227066374,0.9775412273940423,0.0,0.7446893262987012,6.39125,top3,,,,,,,,,,,,,,,
gate2E_family,N100_noise0p2,100,0.2,2,Behaviour cloning,BC,454.04380585443937,428.2572553930546,483.61336583743207,0.4658302444731088,0.1875,0.7094816046852841,7.5775,none,,,,,,,,,,,,,,,
gate2E_family,N100_noise0p2,100,0.2,2,Behaviour cloning support top3,BC,451.7940443686964,428.2572553930546,483.61336583743207,0.4251886338598856,0.0,0.8529982794450507,11.705,top3,,,,,,,,,,,,,,,
gate2E_family,N100_noise0p2,100,0.2,2,Estimate-then-optimise structured,EtO,167.4350886362671,428.2572553930546,483.61336583743207,-4.711714111829894,0.93875,0.06587009803921569,0.20875,none,,,,,,,,,,,,,,,
gate2E_family,N100_noise0p2,100,0.2,2,Estimate-then-optimise structured support top3,EtO,477.4453478049873,428.2572553930546,483.61336583743207,0.8885756607006833,0.0,0.7810040078385667,6.8625,top3,,,,,,,,,,,,,,,
gate2E_family,N100_noise0p2,100,0.2,2,Estimate-then-optimise structured learned-transition,EtO,162.06921346149795,428.2572553930546,483.61336583743207,-4.8086478582888486,0.94375,0.07543859649122807,0.1225,none,,,,,,,,,,,,,,,
gate2E_family,N100_noise0p2,100,0.2,2,Estimate-then-optimise structured learned-transition support top3,EtO,454.60266575048183,428.2572553930546,483.61336583743207,0.4759259663646245,0.0,0.8364042270158799,15.30625,top3,,,,,,,,,,,,,,,
gate2E_family,N100_noise0p2,100,0.2,2,Estimate-then-optimise structured empirical-transition,EtO,246.62463441141483,428.2572553930546,483.61336583743207,-3.2811666051599957,0.77625,0.21561200237670824,1.14875,none,,,,,,,,,,,,,,,
gate2E_family,N100_noise0p2,100,0.2,2,Estimate-then-optimise structured empirical-transition support top3,EtO,464.0680912294345,428.2572553930546,483.61336583743207,0.646917486595506,0.0,0.822611428195987,10.1825,top3,,,,,,,,,,,,,,,
gate2E_family,N100_noise0p2,100,0.2,2,Estimate-then-optimise unconstrained,EtO,452.0296257716465,428.2572553930546,483.61336583743207,0.42944437728295054,0.92875,0.0408223201174743,0.28375,none,,,,,,,,,,,,,,,
gate2E_family,N100_noise0p2,100,0.2,2,Estimate-then-optimise unconstrained support top3,EtO,473.7312524012016,428.2572553930546,483.61336583743207,0.8214810730576858,0.0,0.7939137500571324,8.09875,top3,,,,,,,,,,,,,,,
gate2E_family,N100_noise0p2,100,0.2,2,Estimate-then-optimise unconstrained learned-transition,EtO,419.0244440722339,428.2572553930546,483.61336583743207,-0.16678937964938756,0.8825,0.10660535117056856,0.5425,none,,,,,,,,,,,,,,,
gate2E_family,N100_noise0p2,100,0.2,2,Estimate-then-optimise unconstrained learned-transition support top3,EtO,475.3519236482105,428.2572553930546,483.61336583743207,0.8507582609597768,0.0,0.7355738622701538,5.93875,top3,,,,,,,,,,,,,,,
gate2E_family,N100_noise0p2,100,0.2,2,Estimate-then-optimise unconstrained empirical-transition,EtO,428.5557006871562,428.2572553930546,483.61336583743207,0.005391370378189654,0.835,0.10838641188959659,0.77125,none,,,,,,,,,,,,,,,
gate2E_family,N100_noise0p2,100,0.2,2,Estimate-then-optimise unconstrained empirical-transition support top3,EtO,482.59998661765303,428.2572553930546,483.61336583743207,0.9816934533217015,0.0,0.7766980652109328,7.06125,top3,,,,,,,,,,,,,,,
gate2E_family,N100_noise0p2,100,0.2,3,Behaviour cloning,BC,446.7178541879652,427.8075954406258,483.28279877863395,0.34087768245066136,0.13125,0.8244837447320891,10.27125,none,,,,,,,,,,,,,,,
gate2E_family,N100_noise0p2,100,0.2,3,Behaviour cloning support top3,BC,441.853934187917,427.8075954406258,483.28279877863395,0.25320031116799036,0.0,0.8995380713036962,15.155,top3,,,,,,,,,,,,,,,
gate2E_family,N100_noise0p2,100,0.2,3,Estimate-then-optimise structured,EtO,173.8333133701653,427.8075954406258,483.28279877863395,-4.578158650866145,0.91875,0.13900472616068946,0.48125,none,,,,,,,,,,,,,,,
gate2E_family,N100_noise0p2,100,0.2,3,Estimate-then-optimise structured support top3,EtO,468.15059054068587,427.8075954406258,483.28279877863395,0.7272257273984531,0.0,0.7882449833152958,6.84125,top3,,,,,,,,,,,,,,,
gate2E_family,N100_noise0p2,100,0.2,3,Estimate-then-optimise structured learned-transition,EtO,155.3495371265376,427.8075954406258,483.28279877863395,-4.911348529071851,0.86375,0.23128342245989306,0.805,none,,,,,,,,,,,,,,,
gate2E_family,N100_noise0p2,100,0.2,3,Estimate-then-optimise structured learned-transition support top3,EtO,450.3901301474573,427.8075954406258,483.28279877863395,0.40707439266580114,0.0,0.8525699647574647,16.3925,top3,,,,,,,,,,,,,,,
gate2E_family,N100_noise0p2,100,0.2,3,Estimate-then-optimise structured empirical-transition,EtO,255.0236200904796,427.8075954406258,483.28279877863395,-3.1146163502525708,0.735,0.2811316287878788,1.5025,none,,,,,,,,,,,,,,,
gate2E_family,N100_noise0p2,100,0.2,3,Estimate-then-optimise structured empirical-transition support top3,EtO,463.5384458084179,427.8075954406258,483.28279877863395,0.6440868751771042,0.0,0.7784961783008657,8.11125,top3,,,,,,,,,,,,,,,
gate2E_family,N100_noise0p2,100,0.2,3,Estimate-then-optimise unconstrained,EtO,448.6300230406305,427.8075954406258,483.28279877863395,0.3753465755345588,0.93375,0.035707406999779874,0.27375,none,,,,,,,,,,,,,,,
gate2E_family,N100_noise0p2,100,0.2,3,Estimate-then-optimise unconstrained support top3,EtO,475.482614601531,427.8075954406258,483.28279877863395,0.8593933197580774,0.0,0.7900848327020202,6.54375,top3,,,,,,,,,,,,,,,
gate2E_family,N100_noise0p2,100,0.2,3,Estimate-then-optimise unconstrained learned-transition,EtO,426.502256298681,427.8075954406258,483.28279877863395,-0.02353013713156501,0.86625,0.15171288743882544,0.695,none,,,,,,,,,,,,,,,
gate2E_family,N100_noise0p2,100,0.2,3,Estimate-then-optimise unconstrained learned-transition support top3,EtO,475.482614601531,427.8075954406258,483.28279877863395,0.8593933197580774,0.0,0.7900848327020202,6.54375,top3,,,,,,,,,,,,,,,
gate2E_family,N100_noise0p2,100,0.2,3,Estimate-then-optimise unconstrained empirical-transition,EtO,414.66129470919446,427.8075954406258,483.28279877863395,-0.23697616124688087,0.82,0.15377619810439194,0.86625,none,,,,,,,,,,,,,,,
gate2E_family,N100_noise0p2,100,0.2,3,Estimate-then-optimise unconstrained empirical-transition support top3,EtO,475.482614601531,427.8075954406258,483.28279877863395,0.8593933197580774,0.0,0.7900848327020202,6.54375,top3,,,,,,,,,,,,,,,
gate2E_family,N100_noise0p2,100,0.2,4,Behaviour cloning,BC,443.6724172075849,415.8730447844656,474.31553538531443,0.47567056327191365,0.09875,0.7942015730748125,10.27375,none,,,,,,,,,,,,,,,
gate2E_family,N100_noise0p2,100,0.2,4,Behaviour cloning support top3,BC,438.1305978326061,415.8730447844656,474.31553538531443,0.38084538867714207,0.0,0.8452882988721805,11.4025,top3,,,,,,,,,,,,,,,
gate2E_family,N100_noise0p2,100,0.2,4,Estimate-then-optimise structured,EtO,175.9703828482278,415.8730447844656,474.31553538531443,-4.104935629364731,0.91875,0.05673076923076923,0.31625,none,,,,,,,,,,,,,,,
gate2E_family,N100_noise0p2,100,0.2,4,Estimate-then-optimise structured support top3,EtO,472.2605880131762,415.8730447844656,474.31553538531443,0.9648381280296016,0.0,0.7521934523809525,6.27125,top3,,,,,,,,,,,,,,,
gate2E_family,N100_noise0p2,100,0.2,4,Estimate-then-optimise structured learned-transition,EtO,158.38472277569423,415.8730447844656,474.31553538531443,-4.405841013302599,0.92625,0.11838006230529595,0.24375,none,,,,,,,,,,,,,,,
gate2E_family,N100_noise0p2,100,0.2,4,Estimate-then-optimise structured learned-transition support top3,EtO,447.82632609239477,415.8730447844656,474.31553538531443,0.5467474260493796,0.0,0.8109409461152882,11.5425,top3,,,,,,,,,,,,,,,
gate2E_family,N100_noise0p2,100,0.2,4,Estimate-then-optimise structured empirical-transition,EtO,231.3743067984669,415.8730447844656,474.31553538531443,-3.156928051648076,0.77375,0.1742117117117117,0.99375,none,,,,,,,,,,,,,,,
gate2E_family,N100_noise0p2,100,0.2,4,Estimate-then-optimise structured empirical-transition support top3,EtO,461.11655311079545,415.8730447844656,474.31553538531443,0.7741543500487421,0.0,0.7480178571428573,7.06125,top3,,,,,,,,,,,,,,,
gate2E_family,N100_noise0p2,100,0.2,4,Estimate-then-optimise unconstrained,EtO,439.0312521124966,415.8730447844656,474.31553538531443,0.3962563383240657,0.9425,0.0337203302373581,0.2125,none,,,,,,,,,,,,,,,
gate2E_family,N100_noise0p2,100,0.2,4,Estimate-then-optimise unconstrained support top3,EtO,470.86610058935617,415.8730447844656,474.31553538531443,0.940977279364816,0.0,0.751782738095238,6.24875,top3,,,,,,,,,,,,,,,
gate2E_family,N100_noise0p2,100,0.2,4,Estimate-then-optimise unconstrained learned-transition,EtO,414.56636294969206,415.8730447844656,474.31553538531443,-0.022358421438571675,0.865,0.10618500273672689,0.48,none,,,,,,,,,,,,,,,
gate2E_family,N100_noise0p2,100,0.2,4,Estimate-then-optimise unconstrained learned-transition support top3,EtO,470.86610058935617,415.8730447844656,474.31553538531443,0.940977279364816,0.0,0.751782738095238,6.24875,top3,,,,,,,,,,,,,,,
gate2E_family,N100_noise0p2,100,0.2,4,Estimate-then-optimise unconstrained empirical-transition,EtO,417.6199244886869,415.8730447844656,474.31553538531443,0.029890575953583666,0.7375,0.1683010752688172,1.24,none,,,,,,,,,,,,,,,
gate2E_family,N100_noise0p2,100,0.2,4,Estimate-then-optimise unconstrained empirical-transition support top3,EtO,473.5777071672662,415.8730447844656,474.31553538531443,0.987375140750119,0.0,0.7646160714285715,6.77125,top3,,,,,,,,,,,,,,,
gate2E_family,N100_noise0p2,100,0.2,5,Behaviour cloning,BC,431.3038978171735,413.08161086848617,472.4205638661845,0.30708811039173767,0.25625,0.6962585825836478,9.71875,none,,,,,,,,,,,,,,,
gate2E_family,N100_noise0p2,100,0.2,5,Behaviour cloning support top3,BC,425.8639605262628,413.08161086848617,472.4205638661845,0.21541245694497596,0.0,0.8927610052236412,13.73875,top3,,,,,,,,,,,,,,,
gate2E_family,N100_noise0p2,100,0.2,5,Estimate-then-optimise structured,EtO,161.30200778728965,413.08161086848617,472.4205638661845,-4.243074580216516,0.91875,0.08346456692913386,0.30125,none,,,,,,,,,,,,,,,
gate2E_family,N100_noise0p2,100,0.2,5,Estimate-then-optimise structured support top3,EtO,462.53615393875,413.08161086848617,472.4205638661845,0.8334245983777647,0.0,0.7762895971027766,7.61375,top3,,,,,,,,,,,,,,,
gate2E_family,N100_noise0p2,100,0.2,5,Estimate-then-optimise structured learned-transition,EtO,150.0296996489699,413.08161086848617,472.4205638661845,-4.433039309435061,0.93125,0.12861736334405144,0.205,none,,,,,,,,,,,,,,,
gate2E_family,N100_noise0p2,100,0.2,5,Estimate-then-optimise structured learned-transition support top3,EtO,441.6353250962095,413.08161086848617,472.4205638661845,0.48119679881832217,0.0,0.8204983889148292,11.37125,top3,,,,,,,,,,,,,,,
gate2E_family,N100_noise0p2,100,0.2,5,Estimate-then-optimise structured empirical-transition,EtO,253.27675374078353,413.08161086848617,472.4205638661845,-2.693085217292276,0.71,0.26651834013384645,1.74625,none,,,,,,,,,,,,,,,
gate2E_family,N100_noise0p2,100,0.2,5,Estimate-then-optimise structured empirical-transition support top3,EtO,445.46794743809886,413.08161086848617,472.4205638661845,0.5457854399768209,0.0,0.8049971347342272,9.77125,top3,,,,,,,,,,,,,,,
gate2E_family,N100_noise0p2,100,0.2,5,Estimate-then-optimise unconstrained,EtO,439.94633769750516,413.08161086848617,472.4205638661845,0.4527334149300043,0.94625,0.02964278730200117,0.1875,none,,,,,,,,,,,,,,,
gate2E_family,N100_noise0p2,100,0.2,5,Estimate-then-optimise unconstrained support top3,EtO,467.4593266034662,413.08161086848617,472.4205638661845,0.9163915604828625,0.0,0.7925266554852152,7.845,top3,,,,,,,,,,,,,,,
gate2E_family,N100_noise0p2,100,0.2,5,Estimate-then-optimise unconstrained learned-transition,EtO,406.6512608394614,413.08161086848617,472.4205638661845,-0.1083664221253485,0.87375,0.13020408163265307,0.47875,none,,,,,,,,,,,,,,,
gate2E_family,N100_noise0p2,100,0.2,5,Estimate-then-optimise unconstrained learned-transition support top3,EtO,467.4593266034662,413.08161086848617,472.4205638661845,0.9163915604828625,0.0,0.7925266554852152,7.845,top3,,,,,,,,,,,,,,,
gate2E_family,N100_noise0p2,100,0.2,5,Estimate-then-optimise unconstrained empirical-transition,EtO,412.5315071231203,413.08161086848617,472.4205638661845,-0.009270533394601401,0.77,0.18578885952303673,1.4525,none,,,,,,,,,,,,,,,
gate2E_family,N100_noise0p2,100,0.2,5,Estimate-then-optimise unconstrained empirical-transition support top3,EtO,467.4593266034662,413.08161086848617,472.4205638661845,0.9163915604828625,0.0,0.7925266554852152,7.845,top3,,,,,,,,,,,,,,,
gate2E_family,N100_noise0p2,100,0.2,6,Behaviour cloning,BC,432.9249551273848,413.54102946207837,472.2493846542733,0.33017320280646295,0.1825,0.7761683942991994,11.52,none,,,,,,,,,,,,,,,
gate2E_family,N100_noise0p2,100,0.2,6,Behaviour cloning support top3,BC,427.59093233558286,413.54102946207837,472.2493846542733,0.23931692222527778,0.0,0.8912150645042093,13.27,top3,,,,,,,,,,,,,,,
gate2E_family,N100_noise0p2,100,0.2,6,Estimate-then-optimise structured,EtO,167.18349560604958,413.54102946207837,472.2493846542733,-4.196294259130959,0.91625,0.05210819411296739,0.21125,none,,,,,,,,,,,,,,,
gate2E_family,N100_noise0p2,100,0.2,6,Estimate-then-optimise structured support top3,EtO,465.26945679207995,413.54102946207837,472.2493846542733,0.8811084412202832,0.0,0.7096539345157765,5.88375,top3,,,,,,,,,,,,,,,
gate2E_family,N100_noise0p2,100,0.2,6,Estimate-then-optimise structured learned-transition,EtO,157.58929369344418,413.54102946207837,472.2493846542733,-4.359715664503272,0.9425,0.04878917378917379,0.14625,none,,,,,,,,,,,,,,,
gate2E_family,N100_noise0p2,100,0.2,6,Estimate-then-optimise structured learned-transition support top3,EtO,442.5624198624347,413.54102946207837,472.2493846542733,0.4943315190035272,0.0,0.7059393957650536,8.9625,top3,,,,,,,,,,,,,,,
gate2E_family,N100_noise0p2,100,0.2,6,Estimate-then-optimise structured empirical-transition,EtO,241.04891702482485,413.54102946207837,472.2493846542733,-2.9381186352872954,0.74125,0.2054296398046398,1.19625,none,,,,,,,,,,,,,,,
gate2E_family,N100_noise0p2,100,0.2,6,Estimate-then-optimise structured empirical-transition support top3,EtO,456.7151268604136,413.54102946207837,472.2493846542733,0.7353995399291152,0.0,0.781502459674828,9.46375,top3,,,,,,,,,,,,,,,
gate2E_family,N100_noise0p2,100,0.2,6,Estimate-then-optimise unconstrained,EtO,428.6535612678279,413.54102946207837,472.2493846542733,0.25741705343771415,0.94625,0.028486842105263158,0.15125,none,,,,,,,,,,,,,,,
gate2E_family,N100_noise0p2,100,0.2,6,Estimate-then-optimise unconstrained support top3,EtO,471.6565594743866,413.54102946207837,472.2493846542733,0.989902200837582,0.0,0.7228068649187072,5.99875,top3,,,,,,,,,,,,,,,
gate2E_family,N100_noise0p2,100,0.2,6,Estimate-then-optimise unconstrained learned-transition,EtO,391.96274978046574,413.54102946207837,472.2493846542733,-0.36755040421369856,0.9475,0.0311284046692607,0.135,none,,,,,,,,,,,,,,,
gate2E_family,N100_noise0p2,100,0.2,6,Estimate-then-optimise unconstrained learned-transition support top3,EtO,471.6565594743866,413.54102946207837,472.2493846542733,0.989902200837582,0.0,0.7228068649187072,5.99875,top3,,,,,,,,,,,,,,,
gate2E_family,N100_noise0p2,100,0.2,6,Estimate-then-optimise unconstrained empirical-transition,EtO,414.96125696338896,413.54102946207837,472.2493846542733,0.024191233030820908,0.725,0.14578085642317382,1.08,none,,,,,,,,,,,,,,,
gate2E_family,N100_noise0p2,100,0.2,6,Estimate-then-optimise unconstrained empirical-transition support top3,EtO,471.6565594743866,413.54102946207837,472.2493846542733,0.989902200837582,0.0,0.7228068649187072,5.99875,top3,,,,,,,,,,,,,,,
gate2E_family,N100_noise0p2,100,0.2,7,Behaviour cloning,BC,441.3501542847803,422.9552853756405,480.1843549282328,0.3214252660920036,0.19625,0.7801727269427554,11.02875,none,,,,,,,,,,,,,,,
gate2E_family,N100_noise0p2,100,0.2,7,Behaviour cloning support top3,BC,431.74605983269413,422.9552853756405,480.1843549282328,0.15360680377609623,0.0,0.9074709901703903,13.6575,top3,,,,,,,,,,,,,,,
gate2E_family,N100_noise0p2,100,0.2,7,Estimate-then-optimise structured,EtO,173.3129293831646,422.9552853756405,480.1843549282328,-4.362159964230418,0.94,0.04241071428571429,0.14,none,,,,,,,,,,,,,,,
gate2E_family,N100_noise0p2,100,0.2,7,Estimate-then-optimise structured support top3,EtO,470.92719173487524,422.9552853756405,480.1843549282328,0.8382436886406057,0.0,0.8050829036159918,7.62625,top3,,,,,,,,,,,,,,,
gate2E_family,N100_noise0p2,100,0.2,7,Estimate-then-optimise structured learned-transition,EtO,160.85077639016993,422.9552853756405,480.1843549282328,-4.579919104653665,0.94375,0.06804733727810651,0.1325,none,,,,,,,,,,,,,,,
gate2E_family,N100_noise0p2,100,0.2,7,Estimate-then-optimise structured learned-transition support top3,EtO,452.5323740315695,422.9552853756405,480.1843549282328,0.5168193173007689,0.0,0.8428539650010722,12.9675,top3,,,,,,,,,,,,,,,
gate2E_family,N100_noise0p2,100,0.2,7,Estimate-then-optimise structured empirical-transition,EtO,235.0686675144803,422.9552853756405,480.1843549282328,-3.2830625996548237,0.8225,0.1599457030050763,0.92125,none,,,,,,,,,,,,,,,
gate2E_family,N100_noise0p2,100,0.2,7,Estimate-then-optimise structured empirical-transition support top3,EtO,459.0173000850753,422.9552853756405,480.1843549282328,0.6301345625809027,0.0,0.8611922786159919,11.4075,top3,,,,,,,,,,,,,,,
gate2E_family,N100_noise0p2,100,0.2,7,Estimate-then-optimise unconstrained,EtO,452.25991350168096,422.9552853756405,480.1843549282328,0.5120584408437765,0.92375,0.05185185185185185,0.275,none,,,,,,,,,,,,,,,
gate2E_family,N100_noise0p2,100,0.2,7,Estimate-then-optimise unconstrained support top3,EtO,472.0213224271878,422.9552853756405,480.1843549282328,0.8573621314331635,0.0,0.8246106813937695,8.21,top3,,,,,,,,,,,,,,,
gate2E_family,N100_noise0p2,100,0.2,7,Estimate-then-optimise unconstrained learned-transition,EtO,429.77627818607937,422.9552853756405,480.1843549282328,0.11918755387365676,0.8825,0.0785276073619632,0.57375,none,,,,,,,,,,,,,,,
gate2E_family,N100_noise0p2,100,0.2,7,Estimate-then-optimise unconstrained learned-transition support top3,EtO,467.81077599981177,422.9552853756405,480.1843549282328,0.7837885706485239,0.0,0.8623166950492319,9.32375,top3,,,,,,,,,,,,,,,
gate2E_family,N100_noise0p2,100,0.2,7,Estimate-then-optimise unconstrained empirical-transition,EtO,421.0280744443363,422.9552853756405,480.1843549282328,-0.03367538466675842,0.73125,0.23698549667801005,1.635,none,,,,,,,,,,,,,,,
gate2E_family,N100_noise0p2,100,0.2,7,Estimate-then-optimise unconstrained empirical-transition support top3,EtO,472.0213224271878,422.9552853756405,480.1843549282328,0.8573621314331635,0.0,0.8246106813937695,8.21,top3,,,,,,,,,,,,,,,
gate2E_family,N100_noise0p2,100,0.2,8,Behaviour cloning,BC,442.2914553970526,414.15142866616,472.41867197590335,0.482947624299004,0.1225,0.7965408198939378,10.2775,none,,,,,,,,,,,,,,,
gate2E_family,N100_noise0p2,100,0.2,8,Behaviour cloning support top3,BC,441.3229302486193,414.15142866616,472.41867197590335,0.4663255036456432,0.0,0.8771922754790321,14.20375,top3,,,,,,,,,,,,,,,
gate2E_family,N100_noise0p2,100,0.2,8,Estimate-then-optimise structured,EtO,177.19500448947252,414.15142866616,472.41867197590335,-4.066717605242599,0.92625,0.052601156069364156,0.3325,none,,,,,,,,,,,,,,,
gate2E_family,N100_noise0p2,100,0.2,8,Estimate-then-optimise structured support top3,EtO,466.0065514891379,414.15142866616,472.41867197590335,0.8899532546498005,0.0,0.7955750739607437,7.13875,top3,,,,,,,,,,,,,,,
gate2E_family,N100_noise0p2,100,0.2,8,Estimate-then-optimise structured learned-transition,EtO,157.09446167371848,414.15142866616,472.41867197590335,-4.411689182306944,0.93,0.11764705882352941,0.35125,none,,,,,,,,,,,,,,,
gate2E_family,N100_noise0p2,100,0.2,8,Estimate-then-optimise structured learned-transition support top3,EtO,444.94475544945163,414.15142866616,472.41867197590335,0.5284843598932102,0.0,0.8784027475845412,16.58625,top3,,,,,,,,,,,,,,,
gate2E_family,N100_noise0p2,100,0.2,8,Estimate-then-optimise structured empirical-transition,EtO,262.72426793815333,414.15142866616,472.41867197590335,-2.5988385948350703,0.775,0.23089301337332832,1.32125,none,,,,,,,,,,,,,,,
gate2E_family,N100_noise0p2,100,0.2,8,Estimate-then-optimise structured empirical-transition support top3,EtO,451.0803086099475,414.15142866616,472.41867197590335,0.6337845733918964,0.0,0.8410023507591441,9.6375,top3,,,,,,,,,,,,,,,
gate2E_family,N100_noise0p2,100,0.2,8,Estimate-then-optimise unconstrained,EtO,439.57254795711384,414.15142866616,472.41867197590335,0.43628491493612465,0.925,0.04343344588590724,0.38625,none,,,,,,,,,,,,,,,
gate2E_family,N100_noise0p2,100,0.2,8,Estimate-then-optimise unconstrained support top3,EtO,469.7223113264219,414.15142866616,472.41867197590335,0.9537242454538678,0.0,0.796017782294077,6.97625,top3,,,,,,,,,,,,,,,
gate2E_family,N100_noise0p2,100,0.2,8,Estimate-then-optimise unconstrained learned-transition,EtO,416.6945886179063,414.15142866616,472.41867197590335,0.0436464779743757,0.885,0.11368653421633555,0.77125,none,,,,,,,,,,,,,,,
gate2E_family,N100_noise0p2,100,0.2,8,Estimate-then-optimise unconstrained learned-transition support top3,EtO,469.7223113264219,414.15142866616,472.41867197590335,0.9537242454538678,0.0,0.796017782294077,6.97625,top3,,,,,,,,,,,,,,,
gate2E_family,N100_noise0p2,100,0.2,8,Estimate-then-optimise unconstrained empirical-transition,EtO,417.1155285080677,414.15142866616,472.41867197590335,0.05087077530252896,0.7525,0.17052710392333037,1.28125,none,,,,,,,,,,,,,,,
gate2E_family,N100_noise0p2,100,0.2,8,Estimate-then-optimise unconstrained empirical-transition support top3,EtO,468.0301960442167,414.15142866616,472.41867197590335,0.9246836527282081,0.0,0.8052625739607437,7.2475,top3,,,,,,,,,,,,,,,
gate2E_family,N100_noise0p2,100,0.2,9,Behaviour cloning,BC,447.823277374186,420.68245839622364,477.90153050673655,0.47433168656671965,0.245,0.7435637090182544,8.88875,none,,,,,,,,,,,,,,,
gate2E_family,N100_noise0p2,100,0.2,9,Behaviour cloning support top3,BC,445.17050966908783,420.68245839622364,477.90153050673655,0.427970087064117,0.0,0.8922557852686529,14.05375,top3,,,,,,,,,,,,,,,
gate2E_family,N100_noise0p2,100,0.2,9,Estimate-then-optimise structured,EtO,165.46867681930524,420.68245839622364,477.90153050673655,-4.460292209632454,0.91125,0.11094890510948906,0.38,none,,,,,,,,,,,,,,,
gate2E_family,N100_noise0p2,100,0.2,9,Estimate-then-optimise structured support top3,EtO,472.0545942840218,420.68245839622364,477.90153050673655,0.8978149066901682,0.0,0.7769478264790766,7.6925,top3,,,,,,,,,,,,,,,
gate2E_family,N100_noise0p2,100,0.2,9,Estimate-then-optimise structured learned-transition,EtO,157.16436119298427,420.68245839622364,477.90153050673655,-4.605424161620107,0.91625,0.11102941176470588,0.2375,none,,,,,,,,,,,,,,,
gate2E_family,N100_noise0p2,100,0.2,9,Estimate-then-optimise structured learned-transition support top3,EtO,448.4142757955935,420.68245839622364,477.90153050673655,0.4846603829193283,0.0,0.8517831200662083,14.6475,top3,,,,,,,,,,,,,,,
gate2E_family,N100_noise0p2,100,0.2,9,Estimate-then-optimise structured empirical-transition,EtO,237.62103199206453,420.68245839622364,477.90153050673655,-3.1993078470513168,0.78125,0.20195035460992908,1.065,none,,,,,,,,,,,,,,,
gate2E_family,N100_noise0p2,100,0.2,9,Estimate-then-optimise structured empirical-transition support top3,EtO,460.1416872012662,420.68245839622364,477.90153050673655,0.6896167195586645,0.0,0.7850187139249638,9.565,top3,,,,,,,,,,,,,,,
gate2E_family,N100_noise0p2,100,0.2,9,Estimate-then-optimise unconstrained,EtO,438.02787131662177,420.68245839622364,477.90153050673655,0.30314040896883476,0.9425,0.029910714285714284,0.17375,none,,,,,,,,,,,,,,,
gate2E_family,N100_noise0p2,100,0.2,9,Estimate-then-optimise unconstrained support top3,EtO,477.14829140582856,420.68245839622364,477.90153050673655,0.9868358735448701,0.0,0.7851669823232322,7.41625,top3,,,,,,,,,,,,,,,
gate2E_family,N100_noise0p2,100,0.2,9,Estimate-then-optimise unconstrained learned-transition,EtO,381.96332183192646,420.68245839622364,477.90153050673655,-0.6766823567064324,0.95875,0.035940803382663845,0.1125,none,,,,,,,,,,,,,,,
gate2E_family,N100_noise0p2,100,0.2,9,Estimate-then-optimise unconstrained learned-transition support top3,EtO,477.14829140582856,420.68245839622364,477.90153050673655,0.9868358735448701,0.0,0.7851669823232322,7.41625,top3,,,,,,,,,,,,,,,
gate2E_family,N100_noise0p2,100,0.2,9,Estimate-then-optimise unconstrained empirical-transition,EtO,422.2869242716171,420.68245839622364,477.90153050673655,0.02804075313026086,0.74375,0.17185138539042819,1.1725,none,,,,,,,,,,,,,,,
gate2E_family,N100_noise0p2,100,0.2,9,Estimate-then-optimise unconstrained empirical-transition support top3,EtO,477.14829140582856,420.68245839622364,477.90153050673655,0.9868358735448701,0.0,0.7851669823232322,7.41625,top3,,,,,,,,,,,,,,,
gate2E_family,N100_noise0p5,100,0.5,0,Behaviour cloning,BC,448.85541736519184,425.0469525373324,482.26747238006357,0.4160826377197598,0.16625,0.7600977609586881,9.50125,none,,,,,,,,,,,,,,,
gate2E_family,N100_noise0p5,100,0.5,0,Behaviour cloning support top3,BC,444.578664717201,425.0469525373324,482.26747238006357,0.3413410474695247,0.0,0.8669231273220245,11.2925,top3,,,,,,,,,,,,,,,
gate2E_family,N100_noise0p5,100,0.5,0,Estimate-then-optimise structured,EtO,179.3215043358007,425.0469525373324,482.26747238006357,-4.294358892175404,0.935,0.0437375745526839,0.2175,none,,,,,,,,,,,,,,,
gate2E_family,N100_noise0p5,100,0.5,0,Estimate-then-optimise structured support top3,EtO,479.33501654727377,425.0469525373324,482.26747238006357,0.9487516743844767,0.0,0.8015810855810855,8.16375,top3,,,,,,,,,,,,,,,
gate2E_family,N100_noise0p5,100,0.5,0,Estimate-then-optimise structured learned-transition,EtO,162.33083912564155,425.0469525373324,482.26747238006357,-4.591291972421048,0.93375,0.10714285714285714,0.215,none,,,,,,,,,,,,,,,
gate2E_family,N100_noise0p5,100,0.5,0,Estimate-then-optimise structured learned-transition support top3,EtO,457.45009881749434,425.0469525373324,482.26747238006357,0.5662854229430453,0.0,0.8615019539284244,13.9775,top3,,,,,,,,,,,,,,,
gate2E_family,N100_noise0p5,100,0.5,0,Estimate-then-optimise structured empirical-transition,EtO,235.79188857069337,425.0469525373324,482.26747238006357,-3.307468448151131,0.80875,0.18341811617984902,1.15375,none,,,,,,,,,,,,,,,
gate2E_family,N100_noise0p5,100,0.5,0,Estimate-then-optimise structured empirical-transition support top3,EtO,466.57845892533516,425.0469525373324,482.26747238006357,0.7258149087451637,0.0,0.8400649350649352,9.35,top3,,,,,,,,,,,,,,,
gate2E_family,N100_noise0p5,100,0.5,0,Estimate-then-optimise unconstrained,EtO,453.29264319336215,425.0469525373324,482.26747238006357,0.4936286970768906,0.90875,0.0780559646539028,0.40625,none,,,,,,,,,,,,,,,
gate2E_family,N100_noise0p5,100,0.5,0,Estimate-then-optimise unconstrained support top3,EtO,466.85875839916366,425.0469525373324,482.26747238006357,0.7307134918862974,0.0,0.7679327651515152,6.9125,top3,,,,,,,,,,,,,,,
gate2E_family,N100_noise0p5,100,0.5,0,Estimate-then-optimise unconstrained learned-transition,EtO,428.83904942314075,425.0469525373324,482.26747238006357,0.06627162591725504,0.87875,0.0988056460369164,0.6725,none,,,,,,,,,,,,,,,
gate2E_family,N100_noise0p5,100,0.5,0,Estimate-then-optimise unconstrained learned-transition support top3,EtO,466.85875839916366,425.0469525373324,482.26747238006357,0.7307134918862974,0.0,0.7679327651515152,6.9125,top3,,,,,,,,,,,,,,,
gate2E_family,N100_noise0p5,100,0.5,0,Estimate-then-optimise unconstrained empirical-transition,EtO,427.97211263066856,425.0469525373324,482.26747238006357,0.05112082346290933,0.84625,0.08052287581699345,0.73375,none,,,,,,,,,,,,,,,
gate2E_family,N100_noise0p5,100,0.5,0,Estimate-then-optimise unconstrained empirical-transition support top3,EtO,480.53520287318594,425.0469525373324,482.26747238006357,0.9697264283575417,0.0,0.8079203712953713,8.3775,top3,,,,,,,,,,,,,,,
gate2E_family,N100_noise0p5,100,0.5,1,Behaviour cloning,BC,442.9303592939899,421.1367484506907,477.84490227066374,0.38431176780125315,0.1875,0.7146702834202835,10.18125,none,,,,,,,,,,,,,,,
gate2E_family,N100_noise0p5,100,0.5,1,Behaviour cloning support top3,BC,440.94977436467843,421.1367484506907,477.84490227066374,0.3493858392372748,0.0,0.8689910263347764,13.9975,top3,,,,,,,,,,,,,,,
gate2E_family,N100_noise0p5,100,0.5,1,Estimate-then-optimise structured,EtO,172.6703950008366,421.1367484506907,477.84490227066374,-4.3814925493543795,0.93375,0.061718749999999996,0.28875,none,,,,,,,,,,,,,,,
gate2E_family,N100_noise0p5,100,0.5,1,Estimate-then-optimise structured support top3,EtO,472.9308705037586,421.1367484506907,477.84490227066374,0.9133452345758724,0.0,0.7546381899350649,6.73125,top3,,,,,,,,,,,,,,,
gate2E_family,N100_noise0p5,100,0.5,1,Estimate-then-optimise structured learned-transition,EtO,161.6722337556076,421.1367484506907,477.84490227066374,-4.575435756889296,0.92625,0.13414634146341464,0.24375,none,,,,,,,,,,,,,,,
gate2E_family,N100_noise0p5,100,0.5,1,Estimate-then-optimise structured learned-transition support top3,EtO,449.5634211878025,421.1367484506907,477.84490227066374,0.50128016558881,0.0,0.8250052083333332,12.50625,top3,,,,,,,,,,,,,,,
gate2E_family,N100_noise0p5,100,0.5,1,Estimate-then-optimise structured empirical-transition,EtO,238.22001018793213,421.1367484506907,477.84490227066374,-3.2255809075261026,0.775,0.1904761904761905,0.96375,none,,,,,,,,,,,,,,,
gate2E_family,N100_noise0p5,100,0.5,1,Estimate-then-optimise structured empirical-transition support top3,EtO,460.8490893705776,421.1367484506907,477.84490227066374,0.7002933131266903,0.0,0.811634852994228,9.26875,top3,,,,,,,,,,,,,,,
gate2E_family,N100_noise0p5,100,0.5,1,Estimate-then-optimise unconstrained,EtO,403.89677337670224,421.1367484506907,477.84490227066374,-0.3040122788817783,0.9625,0.038461538461538464,0.1475,none,,,,,,,,,,,,,,,
gate2E_family,N100_noise0p5,100,0.5,1,Estimate-then-optimise unconstrained support top3,EtO,477.41953464260155,421.1367484506907,477.84490227066374,0.992499004121831,0.0,0.7530580131673882,6.76125,top3,,,,,,,,,,,,,,,
gate2E_family,N100_noise0p5,100,0.5,1,Estimate-then-optimise unconstrained learned-transition,EtO,342.95039302869105,421.1367484506907,477.84490227066374,-1.3787497944336493,0.96125,0.042826552462526764,0.15375,none,,,,,,,,,,,,,,,
gate2E_family,N100_noise0p5,100,0.5,1,Estimate-then-optimise unconstrained learned-transition support top3,EtO,477.41953464260155,421.1367484506907,477.84490227066374,0.992499004121831,0.0,0.7530580131673882,6.76125,top3,,,,,,,,,,,,,,,
gate2E_family,N100_noise0p5,100,0.5,1,Estimate-then-optimise unconstrained empirical-transition,EtO,447.5661240997599,421.1367484506907,477.84490227066374,0.466059532337669,0.77625,0.1633667817580204,1.12875,none,,,,,,,,,,,,,,,
gate2E_family,N100_noise0p5,100,0.5,1,Estimate-then-optimise unconstrained empirical-transition support top3,EtO,477.41953464260155,421.1367484506907,477.84490227066374,0.992499004121831,0.0,0.7530580131673882,6.76125,top3,,,,,,,,,,,,,,,
gate2E_family,N100_noise0p5,100,0.5,2,Behaviour cloning,BC,454.04380585443937,428.2572553930546,483.61336583743207,0.4658302444731088,0.1875,0.7094816046852841,7.5775,none,,,,,,,,,,,,,,,
gate2E_family,N100_noise0p5,100,0.5,2,Behaviour cloning support top3,BC,451.7940443686964,428.2572553930546,483.61336583743207,0.4251886338598856,0.0,0.8529982794450507,11.705,top3,,,,,,,,,,,,,,,
gate2E_family,N100_noise0p5,100,0.5,2,Estimate-then-optimise structured,EtO,167.16823034641982,428.2572553930546,483.61336583743207,-4.716534867618281,0.91375,0.1073293172690763,0.25875,none,,,,,,,,,,,,,,,
gate2E_family,N100_noise0p5,100,0.5,2,Estimate-then-optimise structured support top3,EtO,477.4453478049873,428.2572553930546,483.61336583743207,0.8885756607006833,0.0,0.7810040078385667,6.8625,top3,,,,,,,,,,,,,,,
gate2E_family,N100_noise0p5,100,0.5,2,Estimate-then-optimise structured learned-transition,EtO,161.6791190535104,428.2572553930546,483.61336583743207,-4.815694856440563,0.94375,0.075043630017452,0.1225,none,,,,,,,,,,,,,,,
gate2E_family,N100_noise0p5,100,0.5,2,Estimate-then-optimise structured learned-transition support top3,EtO,454.60266575048183,428.2572553930546,483.61336583743207,0.4759259663646245,0.0,0.8364042270158799,15.30625,top3,,,,,,,,,,,,,,,
gate2E_family,N100_noise0p5,100,0.5,2,Estimate-then-optimise structured empirical-transition,EtO,246.62463441141483,428.2572553930546,483.61336583743207,-3.2811666051599957,0.77625,0.21561200237670824,1.14875,none,,,,,,,,,,,,,,,
gate2E_family,N100_noise0p5,100,0.5,2,Estimate-then-optimise structured empirical-transition support top3,EtO,464.0680912294345,428.2572553930546,483.61336583743207,0.646917486595506,0.0,0.822611428195987,10.1825,top3,,,,,,,,,,,,,,,
gate2E_family,N100_noise0p5,100,0.5,2,Estimate-then-optimise unconstrained,EtO,454.3957855882929,428.2572553930546,483.61336583743207,0.472188706637953,0.91375,0.06469191186172318,0.4025,none,,,,,,,,,,,,,,,
gate2E_family,N100_noise0p5,100,0.5,2,Estimate-then-optimise unconstrained support top3,EtO,473.4566663365973,428.2572553930546,483.61336583743207,0.8165207161539948,0.0,0.8000811023127199,7.89625,top3,,,,,,,,,,,,,,,
gate2E_family,N100_noise0p5,100,0.5,2,Estimate-then-optimise unconstrained learned-transition,EtO,417.063226138043,428.2572553930546,483.61336583743207,-0.20221849340841122,0.89125,0.10178875638841567,0.50875,none,,,,,,,,,,,,,,,
gate2E_family,N100_noise0p5,100,0.5,2,Estimate-then-optimise unconstrained learned-transition support top3,EtO,475.3519236482105,428.2572553930546,483.61336583743207,0.8507582609597768,0.0,0.7355738622701538,5.93875,top3,,,,,,,,,,,,,,,
gate2E_family,N100_noise0p5,100,0.5,2,Estimate-then-optimise unconstrained empirical-transition,EtO,424.26504266905044,428.2572553930546,483.61336583743207,-0.07211873616040254,0.7575,0.17829087048832273,1.475,none,,,,,,,,,,,,,,,
gate2E_family,N100_noise0p5,100,0.5,2,Estimate-then-optimise unconstrained empirical-transition support top3,EtO,482.59998661765303,428.2572553930546,483.61336583743207,0.9816934533217015,0.0,0.7766980652109328,7.06125,top3,,,,,,,,,,,,,,,
gate2E_family,N100_noise0p5,100,0.5,3,Behaviour cloning,BC,446.7178541879652,427.8075954406258,483.28279877863395,0.34087768245066136,0.13125,0.8244837447320891,10.27125,none,,,,,,,,,,,,,,,
gate2E_family,N100_noise0p5,100,0.5,3,Behaviour cloning support top3,BC,441.853934187917,427.8075954406258,483.28279877863395,0.25320031116799036,0.0,0.8995380713036962,15.155,top3,,,,,,,,,,,,,,,
gate2E_family,N100_noise0p5,100,0.5,3,Estimate-then-optimise structured,EtO,169.53179516978435,427.8075954406258,483.28279877863395,-4.655698126912262,0.92125,0.10429056924384028,0.44375,none,,,,,,,,,,,,,,,
gate2E_family,N100_noise0p5,100,0.5,3,Estimate-then-optimise structured support top3,EtO,471.04651709765244,427.8075954406258,483.28279877863395,0.7794279075206567,0.0,0.7851393961940838,6.45875,top3,,,,,,,,,,,,,,,
gate2E_family,N100_noise0p5,100,0.5,3,Estimate-then-optimise structured learned-transition,EtO,157.14872062664747,427.8075954406258,483.28279877863395,-4.878916318068539,0.9525,0.0782312925170068,0.1425,none,,,,,,,,,,,,,,,
gate2E_family,N100_noise0p5,100,0.5,3,Estimate-then-optimise structured learned-transition support top3,EtO,448.7130011901052,427.8075954406258,483.28279877863395,0.3768423456170794,0.0,0.8787088536463536,16.4325,top3,,,,,,,,,,,,,,,
gate2E_family,N100_noise0p5,100,0.5,3,Estimate-then-optimise structured empirical-transition,EtO,251.59508223483306,427.8075954406258,483.28279877863395,-3.1764194199007627,0.73875,0.27592329545454547,1.4875,none,,,,,,,,,,,,,,,
gate2E_family,N100_noise0p5,100,0.5,3,Estimate-then-optimise structured empirical-transition support top3,EtO,461.8214154835204,427.8075954406258,483.28279877863395,0.6131355632110044,0.0,0.7860358608405484,8.47125,top3,,,,,,,,,,,,,,,
gate2E_family,N100_noise0p5,100,0.5,3,Estimate-then-optimise unconstrained,EtO,449.80666082532974,427.8075954406258,483.28279877863395,0.3965567327561567,0.9225,0.04495239929561963,0.3075,none,,,,,,,,,,,,,,,
gate2E_family,N100_noise0p5,100,0.5,3,Estimate-then-optimise unconstrained support top3,EtO,475.482614601531,427.8075954406258,483.28279877863395,0.8593933197580774,0.0,0.7900848327020202,6.54375,top3,,,,,,,,,,,,,,,
gate2E_family,N100_noise0p5,100,0.5,3,Estimate-then-optimise unconstrained learned-transition,EtO,417.6503833822309,427.8075954406258,483.28279877863395,-0.18309463412882657,0.86625,0.16439946914399467,0.705,none,,,,,,,,,,,,,,,
gate2E_family,N100_noise0p5,100,0.5,3,Estimate-then-optimise unconstrained learned-transition support top3,EtO,475.482614601531,427.8075954406258,483.28279877863395,0.8593933197580774,0.0,0.7900848327020202,6.54375,top3,,,,,,,,,,,,,,,
gate2E_family,N100_noise0p5,100,0.5,3,Estimate-then-optimise unconstrained empirical-transition,EtO,416.53698078997826,427.8075954406258,483.28279877863395,-0.2031649092293747,0.7575,0.19254126181285772,1.35875,none,,,,,,,,,,,,,,,
gate2E_family,N100_noise0p5,100,0.5,3,Estimate-then-optimise unconstrained empirical-transition support top3,EtO,475.482614601531,427.8075954406258,483.28279877863395,0.8593933197580774,0.0,0.7900848327020202,6.54375,top3,,,,,,,,,,,,,,,
gate2E_family,N100_noise0p5,100,0.5,4,Behaviour cloning,BC,443.6724172075849,415.8730447844656,474.31553538531443,0.47567056327191365,0.09875,0.7942015730748125,10.27375,none,,,,,,,,,,,,,,,
gate2E_family,N100_noise0p5,100,0.5,4,Behaviour cloning support top3,BC,438.1305978326061,415.8730447844656,474.31553538531443,0.38084538867714207,0.0,0.8452882988721805,11.4025,top3,,,,,,,,,,,,,,,
gate2E_family,N100_noise0p5,100,0.5,4,Estimate-then-optimise structured,EtO,175.9703828482278,415.8730447844656,474.31553538531443,-4.104935629364731,0.91875,0.05673076923076923,0.31625,none,,,,,,,,,,,,,,,
gate2E_family,N100_noise0p5,100,0.5,4,Estimate-then-optimise structured support top3,EtO,472.2605880131762,415.8730447844656,474.31553538531443,0.9648381280296016,0.0,0.7521934523809525,6.27125,top3,,,,,,,,,,,,,,,
gate2E_family,N100_noise0p5,100,0.5,4,Estimate-then-optimise structured learned-transition,EtO,158.38472277569423,415.8730447844656,474.31553538531443,-4.405841013302599,0.92625,0.11838006230529595,0.24375,none,,,,,,,,,,,,,,,
gate2E_family,N100_noise0p5,100,0.5,4,Estimate-then-optimise structured learned-transition support top3,EtO,447.82632609239477,415.8730447844656,474.31553538531443,0.5467474260493796,0.0,0.8109409461152882,11.5425,top3,,,,,,,,,,,,,,,
gate2E_family,N100_noise0p5,100,0.5,4,Estimate-then-optimise structured empirical-transition,EtO,231.3743067984669,415.8730447844656,474.31553538531443,-3.156928051648076,0.77375,0.1742117117117117,0.99375,none,,,,,,,,,,,,,,,
gate2E_family,N100_noise0p5,100,0.5,4,Estimate-then-optimise structured empirical-transition support top3,EtO,461.11655311079545,415.8730447844656,474.31553538531443,0.7741543500487421,0.0,0.7480178571428573,7.06125,top3,,,,,,,,,,,,,,,
gate2E_family,N100_noise0p5,100,0.5,4,Estimate-then-optimise unconstrained,EtO,442.3547064332413,415.8730447844656,474.31553538531443,0.4531234274329688,0.9325,0.03749369641956631,0.2425,none,,,,,,,,,,,,,,,
gate2E_family,N100_noise0p5,100,0.5,4,Estimate-then-optimise unconstrained support top3,EtO,470.86610058935617,415.8730447844656,474.31553538531443,0.940977279364816,0.0,0.751782738095238,6.24875,top3,,,,,,,,,,,,,,,
gate2E_family,N100_noise0p5,100,0.5,4,Estimate-then-optimise unconstrained learned-transition,EtO,421.8991743727302,415.8730447844656,474.31553538531443,0.10311212828730959,0.87625,0.09586056644880174,0.435,none,,,,,,,,,,,,,,,
gate2E_family,N100_noise0p5,100,0.5,4,Estimate-then-optimise unconstrained learned-transition support top3,EtO,470.86610058935617,415.8730447844656,474.31553538531443,0.940977279364816,0.0,0.751782738095238,6.24875,top3,,,,,,,,,,,,,,,
gate2E_family,N100_noise0p5,100,0.5,4,Estimate-then-optimise unconstrained empirical-transition,EtO,427.8161764664674,415.8730447844656,474.31553538531443,0.20435699367385202,0.585,0.25965926193486244,2.8575,none,,,,,,,,,,,,,,,
gate2E_family,N100_noise0p5,100,0.5,4,Estimate-then-optimise unconstrained empirical-transition support top3,EtO,473.5777071672662,415.8730447844656,474.31553538531443,0.987375140750119,0.0,0.7646160714285715,6.77125,top3,,,,,,,,,,,,,,,
gate2E_family,N100_noise0p5,100,0.5,5,Behaviour cloning,BC,431.3038978171735,413.08161086848617,472.4205638661845,0.30708811039173767,0.25625,0.6962585825836478,9.71875,none,,,,,,,,,,,,,,,
gate2E_family,N100_noise0p5,100,0.5,5,Behaviour cloning support top3,BC,425.8639605262628,413.08161086848617,472.4205638661845,0.21541245694497596,0.0,0.8927610052236412,13.73875,top3,,,,,,,,,,,,,,,
gate2E_family,N100_noise0p5,100,0.5,5,Estimate-then-optimise structured,EtO,161.95254920726376,413.08161086848617,472.4205638661845,-4.23211143733802,0.90625,0.10885416666666665,0.33875,none,,,,,,,,,,,,,,,
gate2E_family,N100_noise0p5,100,0.5,5,Estimate-then-optimise structured support top3,EtO,462.53615393875,413.08161086848617,472.4205638661845,0.8334245983777647,0.0,0.7762895971027766,7.61375,top3,,,,,,,,,,,,,,,
gate2E_family,N100_noise0p5,100,0.5,5,Estimate-then-optimise structured learned-transition,EtO,158.7242443747622,413.08161086848617,472.4205638661845,-4.286515916510862,0.955,0.04956268221574344,0.15875,none,,,,,,,,,,,,,,,
gate2E_family,N100_noise0p5,100,0.5,5,Estimate-then-optimise structured learned-transition support top3,EtO,441.1865346017073,413.08161086848617,472.4205638661845,0.47363363041325107,0.0,0.8243175878318542,12.01625,top3,,,,,,,,,,,,,,,
gate2E_family,N100_noise0p5,100,0.5,5,Estimate-then-optimise structured empirical-transition,EtO,253.27675374078353,413.08161086848617,472.4205638661845,-2.693085217292276,0.71,0.26651834013384645,1.74625,none,,,,,,,,,,,,,,,
gate2E_family,N100_noise0p5,100,0.5,5,Estimate-then-optimise structured empirical-transition support top3,EtO,445.46794743809886,413.08161086848617,472.4205638661845,0.5457854399768209,0.0,0.8049971347342272,9.77125,top3,,,,,,,,,,,,,,,
gate2E_family,N100_noise0p5,100,0.5,5,Estimate-then-optimise unconstrained,EtO,432.01485152495843,413.08161086848617,472.4205638661845,0.3190693414696186,0.945,0.038525963149078725,0.16375,none,,,,,,,,,,,,,,,
gate2E_family,N100_noise0p5,100,0.5,5,Estimate-then-optimise unconstrained support top3,EtO,467.4593266034662,413.08161086848617,472.4205638661845,0.9163915604828625,0.0,0.7925266554852152,7.845,top3,,,,,,,,,,,,,,,
gate2E_family,N100_noise0p5,100,0.5,5,Estimate-then-optimise unconstrained learned-transition,EtO,392.5674299071255,413.08161086848617,472.4205638661845,-0.34571187938143094,0.92375,0.07864583333333333,0.27125,none,,,,,,,,,,,,,,,
gate2E_family,N100_noise0p5,100,0.5,5,Estimate-then-optimise unconstrained learned-transition support top3,EtO,461.94425844370676,413.08161086848617,472.4205638661845,0.8234497763571238,0.0,0.8057491829577428,8.355,top3,,,,,,,,,,,,,,,
gate2E_family,N100_noise0p5,100,0.5,5,Estimate-then-optimise unconstrained empirical-transition,EtO,413.8276443788017,413.08161086848617,472.4205638661845,0.012572407712426152,0.71375,0.2358009388065965,1.89875,none,,,,,,,,,,,,,,,
gate2E_family,N100_noise0p5,100,0.5,5,Estimate-then-optimise unconstrained empirical-transition support top3,EtO,467.4593266034662,413.08161086848617,472.4205638661845,0.9163915604828625,0.0,0.7925266554852152,7.845,top3,,,,,,,,,,,,,,,
gate2E_family,N100_noise0p5,100,0.5,6,Behaviour cloning,BC,432.9249551273848,413.54102946207837,472.2493846542733,0.33017320280646295,0.1825,0.7761683942991994,11.52,none,,,,,,,,,,,,,,,
gate2E_family,N100_noise0p5,100,0.5,6,Behaviour cloning support top3,BC,427.59093233558286,413.54102946207837,472.2493846542733,0.23931692222527778,0.0,0.8912150645042093,13.27,top3,,,,,,,,,,,,,,,
gate2E_family,N100_noise0p5,100,0.5,6,Estimate-then-optimise structured,EtO,166.3830699691629,413.54102946207837,472.2493846542733,-4.209928189672299,0.91625,0.05364455364455365,0.21125,none,,,,,,,,,,,,,,,
gate2E_family,N100_noise0p5,100,0.5,6,Estimate-then-optimise structured support top3,EtO,464.4544733589877,413.54102946207837,472.2493846542733,0.8672265426315008,0.0,0.7266109102885419,5.89625,top3,,,,,,,,,,,,,,,
gate2E_family,N100_noise0p5,100,0.5,6,Estimate-then-optimise structured learned-transition,EtO,157.1031413946876,413.54102946207837,472.2493846542733,-4.367996467076688,0.945,0.04863112391930836,0.14375,none,,,,,,,,,,,,,,,
gate2E_family,N100_noise0p5,100,0.5,6,Estimate-then-optimise structured learned-transition support top3,EtO,442.5624198624347,413.54102946207837,472.2493846542733,0.4943315190035272,0.0,0.7059393957650536,8.9625,top3,,,,,,,,,,,,,,,
gate2E_family,N100_noise0p5,100,0.5,6,Estimate-then-optimise structured empirical-transition,EtO,241.04891702482485,413.54102946207837,472.2493846542733,-2.9381186352872954,0.74125,0.2054296398046398,1.19625,none,,,,,,,,,,,,,,,
gate2E_family,N100_noise0p5,100,0.5,6,Estimate-then-optimise structured empirical-transition support top3,EtO,456.7151268604136,413.54102946207837,472.2493846542733,0.7353995399291152,0.0,0.781502459674828,9.46375,top3,,,,,,,,,,,,,,,
gate2E_family,N100_noise0p5,100,0.5,6,Estimate-then-optimise unconstrained,EtO,380.49055557008086,413.54102946207837,472.2493846542733,-0.5629603109097402,0.9325,0.059322033898305086,0.17375,none,,,,,,,,,,,,,,,
gate2E_family,N100_noise0p5,100,0.5,6,Estimate-then-optimise unconstrained support top3,EtO,471.6565594743866,413.54102946207837,472.2493846542733,0.989902200837582,0.0,0.7228068649187072,5.99875,top3,,,,,,,,,,,,,,,
gate2E_family,N100_noise0p5,100,0.5,6,Estimate-then-optimise unconstrained learned-transition,EtO,351.5278713047752,413.54102946207837,472.2493846542733,-1.0562918677297166,0.94125,0.04639175257731959,0.1475,none,,,,,,,,,,,,,,,
gate2E_family,N100_noise0p5,100,0.5,6,Estimate-then-optimise unconstrained learned-transition support top3,EtO,471.6565594743866,413.54102946207837,472.2493846542733,0.989902200837582,0.0,0.7228068649187072,5.99875,top3,,,,,,,,,,,,,,,
gate2E_family,N100_noise0p5,100,0.5,6,Estimate-then-optimise unconstrained empirical-transition,EtO,414.2029338008487,413.54102946207837,472.2493846542733,0.011274448698204024,0.725,0.14578085642317382,1.08,none,,,,,,,,,,,,,,,
gate2E_family,N100_noise0p5,100,0.5,6,Estimate-then-optimise unconstrained empirical-transition support top3,EtO,471.6565594743866,413.54102946207837,472.2493846542733,0.989902200837582,0.0,0.7228068649187072,5.99875,top3,,,,,,,,,,,,,,,
gate2E_family,N100_noise0p5,100,0.5,7,Behaviour cloning,BC,441.3501542847803,422.9552853756405,480.1843549282328,0.3214252660920036,0.19625,0.7801727269427554,11.02875,none,,,,,,,,,,,,,,,
gate2E_family,N100_noise0p5,100,0.5,7,Behaviour cloning support top3,BC,431.74605983269413,422.9552853756405,480.1843549282328,0.15360680377609623,0.0,0.9074709901703903,13.6575,top3,,,,,,,,,,,,,,,
gate2E_family,N100_noise0p5,100,0.5,7,Estimate-then-optimise structured,EtO,171.2710656565736,422.9552853756405,480.1843549282328,-4.3978387502486775,0.8775,0.13938053097345132,0.6725,none,,,,,,,,,,,,,,,
gate2E_family,N100_noise0p5,100,0.5,7,Estimate-then-optimise structured support top3,EtO,470.92719173487524,422.9552853756405,480.1843549282328,0.8382436886406057,0.0,0.8050829036159918,7.62625,top3,,,,,,,,,,,,,,,
gate2E_family,N100_noise0p5,100,0.5,7,Estimate-then-optimise structured learned-transition,EtO,164.16149286057447,422.9552853756405,480.1843549282328,-4.522068846099975,0.9475,0.06111111111111111,0.12875,none,,,,,,,,,,,,,,,
gate2E_family,N100_noise0p5,100,0.5,7,Estimate-then-optimise structured learned-transition support top3,EtO,452.5323740315695,422.9552853756405,480.1843549282328,0.5168193173007689,0.0,0.8428539650010722,12.9675,top3,,,,,,,,,,,,,,,
gate2E_family,N100_noise0p5,100,0.5,7,Estimate-then-optimise structured empirical-transition,EtO,235.0686675144803,422.9552853756405,480.1843549282328,-3.2830625996548237,0.8225,0.1599457030050763,0.92125,none,,,,,,,,,,,,,,,
gate2E_family,N100_noise0p5,100,0.5,7,Estimate-then-optimise structured empirical-transition support top3,EtO,459.0173000850753,422.9552853756405,480.1843549282328,0.6301345625809027,0.0,0.8611922786159919,11.4075,top3,,,,,,,,,,,,,,,
gate2E_family,N100_noise0p5,100,0.5,7,Estimate-then-optimise unconstrained,EtO,451.5395589345624,422.9552853756405,480.1843549282328,0.49947122646566144,0.9075,0.07690868263473054,0.39125,none,,,,,,,,,,,,,,,
gate2E_family,N100_noise0p5,100,0.5,7,Estimate-then-optimise unconstrained support top3,EtO,464.38497871660513,422.9552853756405,480.1843549282328,0.723927431720546,0.0,0.8283323200492319,7.3025,top3,,,,,,,,,,,,,,,
gate2E_family,N100_noise0p5,100,0.5,7,Estimate-then-optimise unconstrained learned-transition,EtO,438.73752246375074,422.9552853756405,480.1843549282328,0.2757730854527817,0.875,0.08772467320261437,0.705,none,,,,,,,,,,,,,,,
gate2E_family,N100_noise0p5,100,0.5,7,Estimate-then-optimise unconstrained learned-transition support top3,EtO,456.84276412305303,422.9552853756405,480.1843549282328,0.5921375100510878,0.0,0.8244411287242168,7.8025,top3,,,,,,,,,,,,,,,
gate2E_family,N100_noise0p5,100,0.5,7,Estimate-then-optimise unconstrained empirical-transition,EtO,414.3333081421599,422.9552853756405,480.1843549282328,-0.15065730232704902,0.71,0.271592934694539,1.135,none,,,,,,,,,,,,,,,
gate2E_family,N100_noise0p5,100,0.5,7,Estimate-then-optimise unconstrained empirical-transition support top3,EtO,472.0213224271878,422.9552853756405,480.1843549282328,0.8573621314331635,0.0,0.8246106813937695,8.21,top3,,,,,,,,,,,,,,,
gate2E_family,N100_noise0p5,100,0.5,8,Behaviour cloning,BC,442.2914553970526,414.15142866616,472.41867197590335,0.482947624299004,0.1225,0.7965408198939378,10.2775,none,,,,,,,,,,,,,,,
gate2E_family,N100_noise0p5,100,0.5,8,Behaviour cloning support top3,BC,441.3229302486193,414.15142866616,472.41867197590335,0.4663255036456432,0.0,0.8771922754790321,14.20375,top3,,,,,,,,,,,,,,,
gate2E_family,N100_noise0p5,100,0.5,8,Estimate-then-optimise structured,EtO,175.89346342683714,414.15142866616,472.41867197590335,-4.0890550454354795,0.85875,0.1561023622047244,0.64875,none,,,,,,,,,,,,,,,
gate2E_family,N100_noise0p5,100,0.5,8,Estimate-then-optimise structured support top3,EtO,466.0065514891379,414.15142866616,472.41867197590335,0.8899532546498005,0.0,0.7955750739607437,7.13875,top3,,,,,,,,,,,,,,,
gate2E_family,N100_noise0p5,100,0.5,8,Estimate-then-optimise structured learned-transition,EtO,157.09446167371848,414.15142866616,472.41867197590335,-4.411689182306944,0.93,0.11764705882352941,0.35125,none,,,,,,,,,,,,,,,
gate2E_family,N100_noise0p5,100,0.5,8,Estimate-then-optimise structured learned-transition support top3,EtO,444.94475544945163,414.15142866616,472.41867197590335,0.5284843598932102,0.0,0.8784027475845412,16.58625,top3,,,,,,,,,,,,,,,
gate2E_family,N100_noise0p5,100,0.5,8,Estimate-then-optimise structured empirical-transition,EtO,259.8913131969964,414.15142866616,472.41867197590335,-2.6474586183720894,0.78875,0.21697287839020124,1.445,none,,,,,,,,,,,,,,,
gate2E_family,N100_noise0p5,100,0.5,8,Estimate-then-optimise structured empirical-transition support top3,EtO,451.0803086099475,414.15142866616,472.41867197590335,0.6337845733918964,0.0,0.8410023507591441,9.6375,top3,,,,,,,,,,,,,,,
gate2E_family,N100_noise0p5,100,0.5,8,Estimate-then-optimise unconstrained,EtO,441.68650075296785,414.15142866616,472.41867197590335,0.472565210274904,0.9175,0.05079584775086505,0.47625,none,,,,,,,,,,,,,,,
gate2E_family,N100_noise0p5,100,0.5,8,Estimate-then-optimise unconstrained support top3,EtO,469.7223113264219,414.15142866616,472.41867197590335,0.9537242454538678,0.0,0.796017782294077,6.97625,top3,,,,,,,,,,,,,,,
gate2E_family,N100_noise0p5,100,0.5,8,Estimate-then-optimise unconstrained learned-transition,EtO,421.44453902309453,414.15142866616,472.41867197590335,0.12516655916198144,0.88625,0.11503477795612628,0.79875,none,,,,,,,,,,,,,,,
gate2E_family,N100_noise0p5,100,0.5,8,Estimate-then-optimise unconstrained learned-transition support top3,EtO,466.27731879493246,414.15142866616,472.41867197590335,0.8946002448009421,0.0,0.8001754766218082,6.6725,top3,,,,,,,,,,,,,,,
gate2E_family,N100_noise0p5,100,0.5,8,Estimate-then-optimise unconstrained empirical-transition,EtO,414.40720626202494,414.15142866616,472.41867197590335,0.004389732229226625,0.76875,0.16960175374497627,1.15125,none,,,,,,,,,,,,,,,
gate2E_family,N100_noise0p5,100,0.5,8,Estimate-then-optimise unconstrained empirical-transition support top3,EtO,468.0301960442167,414.15142866616,472.41867197590335,0.9246836527282081,0.0,0.8052625739607437,7.2475,top3,,,,,,,,,,,,,,,
gate2E_family,N100_noise0p5,100,0.5,9,Behaviour cloning,BC,447.823277374186,420.68245839622364,477.90153050673655,0.47433168656671965,0.245,0.7435637090182544,8.88875,none,,,,,,,,,,,,,,,
gate2E_family,N100_noise0p5,100,0.5,9,Behaviour cloning support top3,BC,445.17050966908783,420.68245839622364,477.90153050673655,0.427970087064117,0.0,0.8922557852686529,14.05375,top3,,,,,,,,,,,,,,,
gate2E_family,N100_noise0p5,100,0.5,9,Estimate-then-optimise structured,EtO,165.47139803180553,420.68245839622364,477.90153050673655,-4.460244651844467,0.925,0.08438287153652393,0.26125,none,,,,,,,,,,,,,,,
gate2E_family,N100_noise0p5,100,0.5,9,Estimate-then-optimise structured support top3,EtO,471.4102675127356,420.68245839622364,477.90153050673655,0.8865542072848761,0.0,0.7777108134920635,7.8075,top3,,,,,,,,,,,,,,,
gate2E_family,N100_noise0p5,100,0.5,9,Estimate-then-optimise structured learned-transition,EtO,156.2867785871026,420.68245839622364,477.90153050673655,-4.620761400996983,0.9425,0.08180428134556575,0.16125,none,,,,,,,,,,,,,,,
gate2E_family,N100_noise0p5,100,0.5,9,Estimate-then-optimise structured learned-transition support top3,EtO,448.0402837168419,420.68245839622364,477.90153050673655,0.478124239200862,0.0,0.8575630172523554,15.00375,top3,,,,,,,,,,,,,,,
gate2E_family,N100_noise0p5,100,0.5,9,Estimate-then-optimise structured empirical-transition,EtO,245.2261286340439,420.68245839622364,477.90153050673655,-3.0663959286739813,0.75875,0.22663230240549828,1.155,none,,,,,,,,,,,,,,,
gate2E_family,N100_noise0p5,100,0.5,9,Estimate-then-optimise structured empirical-transition support top3,EtO,464.70149610532303,420.68245839622364,477.90153050673655,0.7693070874005267,0.0,0.7762524801587302,9.1975,top3,,,,,,,,,,,,,,,
gate2E_family,N100_noise0p5,100,0.5,9,Estimate-then-optimise unconstrained,EtO,432.04303594572434,420.68245839622364,477.90153050673655,0.19854529495967507,0.93125,0.03581534481364702,0.205,none,,,,,,,,,,,,,,,
gate2E_family,N100_noise0p5,100,0.5,9,Estimate-then-optimise unconstrained support top3,EtO,477.14829140582856,420.68245839622364,477.90153050673655,0.9868358735448701,0.0,0.7851669823232322,7.41625,top3,,,,,,,,,,,,,,,
gate2E_family,N100_noise0p5,100,0.5,9,Estimate-then-optimise unconstrained learned-transition,EtO,386.0705191618825,420.68245839622364,477.90153050673655,-0.6049021411513219,0.9525,0.0495016611295681,0.15,none,,,,,,,,,,,,,,,
gate2E_family,N100_noise0p5,100,0.5,9,Estimate-then-optimise unconstrained learned-transition support top3,EtO,471.4939358061001,420.68245839622364,477.90153050673655,0.8880164521322402,0.0,0.7888518881037263,8.17375,top3,,,,,,,,,,,,,,,
gate2E_family,N100_noise0p5,100,0.5,9,Estimate-then-optimise unconstrained empirical-transition,EtO,413.1649056690119,420.68245839622364,477.90153050673655,-0.1313819404951613,0.74875,0.19005763688760807,1.14375,none,,,,,,,,,,,,,,,
gate2E_family,N100_noise0p5,100,0.5,9,Estimate-then-optimise unconstrained empirical-transition support top3,EtO,477.14829140582856,420.68245839622364,477.90153050673655,0.9868358735448701,0.0,0.7851669823232322,7.41625,top3,,,,,,,,,,,,,,,
gate2E_family,N400_noise0p05,400,0.05,0,Behaviour cloning,BC,443.94358298679435,421.48917105942843,479.2131268458336,0.3889964161578523,0.06125,0.7597317446435388,37.631875,none,,,,,,,,,,,,,,,
gate2E_family,N400_noise0p05,400,0.05,0,Behaviour cloning support top3,BC,440.03075330688625,421.48917105942843,479.2131268458336,0.3212112197588621,0.0,0.8335514963531386,49.6815625,top3,,,,,,,,,,,,,,,
gate2E_family,N400_noise0p05,400,0.05,0,Estimate-then-optimise structured,EtO,189.97594591896413,421.48917105942843,479.2131268458336,-4.010695767232728,0.8896875,0.11983464954912988,2.408125,none,,,,,,,,,,,,,,,
gate2E_family,N400_noise0p05,400,0.05,0,Estimate-then-optimise structured support top3,EtO,475.78579130702724,421.48917105942843,479.2131268458336,0.9406254215929267,0.0,0.7368270672058469,24.514375,top3,,,,,,,,,,,,,,,
gate2E_family,N400_noise0p05,400,0.05,0,Estimate-then-optimise structured learned-transition,EtO,183.1073869856143,421.48917105942843,479.2131268458336,-4.129685514899458,0.899375,0.09111758521798567,1.29625,none,,,,,,,,,,,,,,,
gate2E_family,N400_noise0p05,400,0.05,0,Estimate-then-optimise structured learned-transition support top3,EtO,448.36657548439274,421.48917105942843,479.2131268458336,0.46561958650959845,0.0,0.7478588164987553,38.76875,top3,,,,,,,,,,,,,,,
gate2E_family,N400_noise0p05,400,0.05,0,Estimate-then-optimise structured empirical-transition,EtO,243.83033455547047,421.48917105942843,479.2131268458336,-3.0777314909141973,0.8371875,0.11805181029860867,3.2859375,none,,,,,,,,,,,,,,,
gate2E_family,N400_noise0p05,400,0.05,0,Estimate-then-optimise structured empirical-transition support top3,EtO,471.4955801971175,421.48917105942843,479.2131268458336,0.8663025334356295,0.0,0.7538324101170563,26.9946875,top3,,,,,,,,,,,,,,,
gate2E_family,N400_noise0p05,400,0.05,0,Estimate-then-optimise unconstrained,EtO,464.9351731651988,421.48917105942843,479.2131268458336,0.7526511569396387,0.5878125,0.3667430407543758,9.915625,none,,,,,,,,,,,,,,,
gate2E_family,N400_noise0p05,400,0.05,0,Estimate-then-optimise unconstrained support top3,EtO,477.12883761415395,421.48917105942843,479.2131268458336,0.9638921275701878,0.0,0.7613896015382181,27.540625,top3,,,,,,,,,,,,,,,
gate2E_family,N400_noise0p05,400,0.05,0,Estimate-then-optimise unconstrained learned-transition,EtO,466.4788281926044,421.48917105942843,479.2131268458336,0.7793931742940544,0.43625,0.46515658231352647,18.7175,none,,,,,,,,,,,,,,,
gate2E_family,N400_noise0p05,400,0.05,0,Estimate-then-optimise unconstrained learned-transition support top3,EtO,469.57855746725437,421.48917105942843,479.2131268458336,0.833092357456758,0.0,0.7492218241472153,31.30125,top3,,,,,,,,,,,,,,,
gate2E_family,N400_noise0p05,400,0.05,0,Estimate-then-optimise unconstrained empirical-transition,EtO,412.3719372974685,421.48917105942843,479.2131268458336,-0.1579454082408396,0.58375,0.2582218258196244,4.6825,none,,,,,,,,,,,,,,,
gate2E_family,N400_noise0p05,400,0.05,0,Estimate-then-optimise unconstrained empirical-transition support top3,EtO,477.12883761415395,421.48917105942843,479.2131268458336,0.9638921275701878,0.0,0.7613896015382181,27.540625,top3,,,,,,,,,,,,,,,
gate2E_family,N400_noise0p05,400,0.05,1,Behaviour cloning,BC,447.3834012671611,422.7909092428097,479.07216495487467,0.4369570599164785,0.060625,0.815958887983985,41.3615625,none,,,,,,,,,,,,,,,
gate2E_family,N400_noise0p05,400,0.05,1,Behaviour cloning support top3,BC,440.2454052044166,422.7909092428097,479.07216495487467,0.3101298245885659,0.0,0.872554773686461,53.495625,top3,,,,,,,,,,,,,,,
gate2E_family,N400_noise0p05,400,0.05,1,Estimate-then-optimise structured,EtO,254.94579698127424,422.7909092428097,479.07216495487467,-2.982255995143949,0.890625,0.08476898555933497,2.03875,none,,,,,,,,,,,,,,,
gate2E_family,N400_noise0p05,400,0.05,1,Estimate-then-optimise structured support top3,EtO,457.717085849808,422.7909092428097,479.07216495487467,0.6205649850046112,0.0,0.6567132319651091,31.9403125,top3,,,,,,,,,,,,,,,
gate2E_family,N400_noise0p05,400,0.05,1,Estimate-then-optimise structured learned-transition,EtO,236.47144471262362,422.7909092428097,479.07216495487467,-3.3105065296232334,0.8896875,0.095587696181168,1.4375,none,,,,,,,,,,,,,,,
gate2E_family,N400_noise0p05,400,0.05,1,Estimate-then-optimise structured learned-transition support top3,EtO,447.18610745801357,422.7909092428097,479.07216495487467,0.4334515622751875,0.0,0.7413762242654507,47.2640625,top3,,,,,,,,,,,,,,,
gate2E_family,N400_noise0p05,400,0.05,1,Estimate-then-optimise structured empirical-transition,EtO,256.0944621811216,422.7909092428097,479.07216495487467,-2.961846621093662,0.890625,0.07757314095342265,2.03875,none,,,,,,,,,,,,,,,
gate2E_family,N400_noise0p05,400,0.05,1,Estimate-then-optimise structured empirical-transition support top3,EtO,468.02428227750204,422.7909092428097,479.07216495487467,0.8037022710741634,0.0,0.6693085118338342,29.3071875,top3,,,,,,,,,,,,,,,
gate2E_family,N400_noise0p05,400,0.05,1,Estimate-then-optimise unconstrained,EtO,450.65683064751397,422.7909092428097,479.07216495487467,0.49511904189320866,0.9071875,0.07599704728390569,1.5209375,none,,,,,,,,,,,,,,,
gate2E_family,N400_noise0p05,400,0.05,1,Estimate-then-optimise unconstrained support top3,EtO,475.7126908484295,422.7909092428097,479.07216495487467,0.940309183511607,0.0,0.7134466096869755,27.9471875,top3,,,,,,,,,,,,,,,
gate2E_family,N400_noise0p05,400,0.05,1,Estimate-then-optimise unconstrained learned-transition,EtO,445.03172095064923,422.7909092428097,479.07216495487467,0.3951726276617492,0.6928125,0.24902217679034286,6.4821875,none,,,,,,,,,,,,,,,
gate2E_family,N400_noise0p05,400,0.05,1,Estimate-then-optimise unconstrained learned-transition support top3,EtO,475.41318025350716,422.7909092428097,479.07216495487467,0.9349875077399326,0.0,0.7164459115537647,27.6446875,top3,,,,,,,,,,,,,,,
gate2E_family,N400_noise0p05,400,0.05,1,Estimate-then-optimise unconstrained empirical-transition,EtO,412.4934748209975,422.7909092428097,479.07216495487467,-0.18296383567726107,0.6765625,0.16843399360313846,4.288125,none,,,,,,,,,,,,,,,
gate2E_family,N400_noise0p05,400,0.05,1,Estimate-then-optimise unconstrained empirical-transition support top3,EtO,478.78931509075875,422.7909092428097,479.07216495487467,0.9949743505091113,0.0,0.7572742029223375,25.2321875,top3,,,,,,,,,,,,,,,
gate2E_family,N400_noise0p05,400,0.05,2,Behaviour cloning,BC,432.8805463964332,417.1824539201058,474.5590275047475,0.27359759385369437,0.0,0.865826996269132,56.9390625,none,,,,,,,,,,,,,,,
gate2E_family,N400_noise0p05,400,0.05,2,Behaviour cloning support top3,BC,432.8805463964332,417.1824539201058,474.5590275047475,0.27359759385369437,0.0,0.865826996269132,56.9390625,top3,,,,,,,,,,,,,,,
gate2E_family,N400_noise0p05,400,0.05,2,Estimate-then-optimise structured,EtO,170.36224311006538,417.1824539201058,474.5590275047475,-4.301759331200425,0.848125,0.1849336295335942,3.358125,none,,,,,,,,,,,,,,,
gate2E_family,N400_noise0p05,400,0.05,2,Estimate-then-optimise structured support top3,EtO,471.2035447512602,417.1824539201058,474.5590275047475,0.9415182444009608,0.0,0.7182395165709682,22.371875,top3,,,,,,,,,,,,,,,
gate2E_family,N400_noise0p05,400,0.05,2,Estimate-then-optimise structured learned-transition,EtO,154.17828364074387,417.1824539201058,474.5590275047475,-4.583824962837473,0.9121875,0.1218799565907004,1.1178125,none,,,,,,,,,,,,,,,
gate2E_family,N400_noise0p05,400,0.05,2,Estimate-then-optimise structured learned-transition support top3,EtO,445.5035401104167,417.1824539201058,474.5590275047475,0.49360016503132104,0.0,0.7924925544934512,46.4659375,top3,,,,,,,,,,,,,,,
gate2E_family,N400_noise0p05,400,0.05,2,Estimate-then-optimise structured empirical-transition,EtO,235.26110913169603,417.1824539201058,474.5590275047475,-3.170655433441664,0.7796875,0.17431322525780965,3.98875,none,,,,,,,,,,,,,,,
gate2E_family,N400_noise0p05,400,0.05,2,Estimate-then-optimise structured empirical-transition support top3,EtO,464.30982965708796,417.1824539201058,474.5590275047475,0.8213696425677985,0.0,0.68787281281366,25.1171875,top3,,,,,,,,,,,,,,,
gate2E_family,N400_noise0p05,400,0.05,2,Estimate-then-optimise unconstrained,EtO,459.1946353611615,417.1824539201058,474.5590275047475,0.732218374439517,0.5990625,0.3504346358896425,11.3090625,none,,,,,,,,,,,,,,,
gate2E_family,N400_noise0p05,400,0.05,2,Estimate-then-optimise unconstrained support top3,EtO,472.25307147481186,417.1824539201058,474.5590275047475,0.9598101474893073,0.0,0.7358350237467758,26.52625,top3,,,,,,,,,,,,,,,
gate2E_family,N400_noise0p05,400,0.05,2,Estimate-then-optimise unconstrained learned-transition,EtO,462.07146056709985,417.1824539201058,474.5590275047475,0.7823577436316226,0.424375,0.4580775830775831,15.0871875,none,,,,,,,,,,,,,,,
gate2E_family,N400_noise0p05,400,0.05,2,Estimate-then-optimise unconstrained learned-transition support top3,EtO,464.45572811516524,417.1824539201058,474.5590275047475,0.8239124653430564,0.0,0.6830441969327977,26.993125,top3,,,,,,,,,,,,,,,
gate2E_family,N400_noise0p05,400,0.05,2,Estimate-then-optimise unconstrained empirical-transition,EtO,408.67680491043035,417.1824539201058,474.5590275047475,-0.14824254008699095,0.6534375,0.26305814163691416,4.7903125,none,,,,,,,,,,,,,,,
gate2E_family,N400_noise0p05,400,0.05,2,Estimate-then-optimise unconstrained empirical-transition support top3,EtO,473.4268926201974,417.1824539201058,474.5590275047475,0.9802683427430536,0.0,0.7575397513108783,26.30625,top3,,,,,,,,,,,,,,,
gate2E_family,N400_noise0p05,400,0.05,3,Behaviour cloning,BC,434.5878796136414,423.10474053664757,479.3865548020198,0.20402929839557274,0.0,0.8780521561259111,50.8625,none,,,,,,,,,,,,,,,
gate2E_family,N400_noise0p05,400,0.05,3,Behaviour cloning support top3,BC,434.5878796136414,423.10474053664757,479.3865548020198,0.20402929839557274,0.0,0.8780521561259111,50.8625,top3,,,,,,,,,,,,,,,
gate2E_family,N400_noise0p05,400,0.05,3,Estimate-then-optimise structured,EtO,190.38696244930833,423.10474053664757,479.3865548020198,-4.134866317387362,0.8584375,0.1492325561832288,3.1596875,none,,,,,,,,,,,,,,,
gate2E_family,N400_noise0p05,400,0.05,3,Estimate-then-optimise structured support top3,EtO,477.0261240746458,423.10474053664757,479.3865548020198,0.9580605074981334,0.0,0.7400602729600326,24.8846875,top3,,,,,,,,,,,,,,,
gate2E_family,N400_noise0p05,400,0.05,3,Estimate-then-optimise structured learned-transition,EtO,184.50025592299357,423.10474053664757,479.3865548020198,-4.239459721191983,0.900625,0.09876832594613023,1.01125,none,,,,,,,,,,,,,,,
gate2E_family,N400_noise0p05,400,0.05,3,Estimate-then-optimise structured learned-transition support top3,EtO,450.99617070599254,423.10474053664757,479.3865548020198,0.4955673610277584,0.0,0.7882048940217876,47.1975,top3,,,,,,,,,,,,,,,
gate2E_family,N400_noise0p05,400,0.05,3,Estimate-then-optimise structured empirical-transition,EtO,243.9960416862189,423.10474053664757,479.3865548020198,-3.1823547479461136,0.8328125,0.10910825771650343,3.2575,none,,,,,,,,,,,,,,,
gate2E_family,N400_noise0p05,400,0.05,3,Estimate-then-optimise structured empirical-transition support top3,EtO,468.8376500537036,423.10474053664757,479.3865548020198,0.8125699235888619,0.0,0.73889109978325,28.316875,top3,,,,,,,,,,,,,,,
gate2E_family,N400_noise0p05,400,0.05,3,Estimate-then-optimise unconstrained,EtO,465.18361370967085,423.10474053664757,479.3865548020198,0.7476459975973551,0.5653125,0.3711855527828192,12.5696875,none,,,,,,,,,,,,,,,
gate2E_family,N400_noise0p05,400,0.05,3,Estimate-then-optimise unconstrained support top3,EtO,478.1101838807309,423.10474053664757,479.3865548020198,0.9773217878998937,0.0,0.7741818144012818,28.6175,top3,,,,,,,,,,,,,,,
gate2E_family,N400_noise0p05,400,0.05,3,Estimate-then-optimise unconstrained learned-transition,EtO,465.7701889633656,423.10474053664757,479.3865548020198,0.7580681074982377,0.4946875,0.42542970360463583,17.825625,none,,,,,,,,,,,,,,,
gate2E_family,N400_noise0p05,400,0.05,3,Estimate-then-optimise unconstrained learned-transition support top3,EtO,471.0134261107722,423.10474053664757,479.3865548020198,0.8512285220272428,0.0,0.7045033630638419,28.60125,top3,,,,,,,,,,,,,,,
gate2E_family,N400_noise0p05,400,0.05,3,Estimate-then-optimise unconstrained empirical-transition,EtO,412.6745849276153,423.10474053664757,479.3865548020198,-0.1853201739349313,0.66,0.2617160688635254,4.3190625,none,,,,,,,,,,,,,,,
gate2E_family,N400_noise0p05,400,0.05,3,Estimate-then-optimise unconstrained empirical-transition support top3,EtO,478.1101838807309,423.10474053664757,479.3865548020198,0.9773217878998937,0.0,0.7741818144012818,28.6175,top3,,,,,,,,,,,,,,,
gate2E_family,N400_noise0p05,400,0.05,4,Behaviour cloning,BC,444.9957918116728,427.25459431293825,483.248496641775,0.3168415981180486,0.0259375,0.8606825156432268,43.735625,none,,,,,,,,,,,,,,,
gate2E_family,N400_noise0p05,400,0.05,4,Behaviour cloning support top3,BC,446.4763118228693,427.25459431293825,483.248496641775,0.3432823345129123,0.0,0.8770662986163209,45.9403125,top3,,,,,,,,,,,,,,,
gate2E_family,N400_noise0p05,400,0.05,4,Estimate-then-optimise structured,EtO,181.25084312806845,427.25459431293825,483.248496641775,-4.393402512654998,0.8565625,0.17145137257182078,3.2859375,none,,,,,,,,,,,,,,,
gate2E_family,N400_noise0p05,400,0.05,4,Estimate-then-optimise structured support top3,EtO,471.33011621878984,427.25459431293825,483.248496641775,0.7871486014139222,0.0,0.7166589274891778,30.2875,top3,,,,,,,,,,,,,,,
gate2E_family,N400_noise0p05,400,0.05,4,Estimate-then-optimise structured learned-transition,EtO,165.15811218112628,427.25459431293825,483.248496641775,-4.68080400241783,0.87375,0.17159965119397172,2.6390625,none,,,,,,,,,,,,,,,
gate2E_family,N400_noise0p05,400,0.05,4,Estimate-then-optimise structured learned-transition support top3,EtO,454.3460653399011,427.25459431293825,483.248496641775,0.483828951014382,0.0,0.7809360843546144,42.9578125,top3,,,,,,,,,,,,,,,
gate2E_family,N400_noise0p05,400,0.05,4,Estimate-then-optimise structured empirical-transition,EtO,239.7477250309038,427.25459431293825,483.248496641775,-3.348701581483969,0.8934375,0.08042617331833017,1.854375,none,,,,,,,,,,,,,,,
gate2E_family,N400_noise0p05,400,0.05,4,Estimate-then-optimise structured empirical-transition support top3,EtO,478.66388406459214,427.25459431293825,483.248496641775,0.9181230029252351,0.0,0.7615932741214141,26.3453125,top3,,,,,,,,,,,,,,,
gate2E_family,N400_noise0p05,400,0.05,4,Estimate-then-optimise unconstrained,EtO,466.94288475307434,427.25459431293825,483.248496641775,0.7087966508756206,0.596875,0.35157929766734275,9.859375,none,,,,,,,,,,,,,,,
gate2E_family,N400_noise0p05,400,0.05,4,Estimate-then-optimise unconstrained support top3,EtO,482.79158532281843,427.25459431293825,483.248496641775,0.991839980784457,0.0,0.7632197634681226,27.671875,top3,,,,,,,,,,,,,,,
gate2E_family,N400_noise0p05,400,0.05,4,Estimate-then-optimise unconstrained learned-transition,EtO,468.281795264973,427.25459431293825,483.248496641775,0.7327083708346197,0.4734375,0.4757886545677925,18.62625,none,,,,,,,,,,,,,,,
gate2E_family,N400_noise0p05,400,0.05,4,Estimate-then-optimise unconstrained learned-transition support top3,EtO,476.6745426574341,427.25459431293825,483.248496641775,0.882595180708537,0.0,0.7116679669194339,27.7215625,top3,,,,,,,,,,,,,,,
gate2E_family,N400_noise0p05,400,0.05,4,Estimate-then-optimise unconstrained empirical-transition,EtO,414.36758978042906,427.25459431293825,483.248496641775,-0.23015014129266034,0.786875,0.13680631738225837,3.57875,none,,,,,,,,,,,,,,,
gate2E_family,N400_noise0p05,400,0.05,4,Estimate-then-optimise unconstrained empirical-transition support top3,EtO,482.79158532281843,427.25459431293825,483.248496641775,0.991839980784457,0.0,0.7632197634681226,27.671875,top3,,,,,,,,,,,,,,,
gate2E_family,N400_noise0p05,400,0.05,5,Behaviour cloning,BC,439.6069509714236,420.5620190232593,478.5366511066638,0.3285045762906357,0.0634375,0.7941630738928009,37.256875,none,,,,,,,,,,,,,,,
gate2E_family,N400_noise0p05,400,0.05,5,Behaviour cloning support top3,BC,432.17615990537183,420.5620190232593,478.5366511066638,0.20033142884639568,0.0,0.8558146296129542,43.5771875,top3,,,,,,,,,,,,,,,
gate2E_family,N400_noise0p05,400,0.05,5,Estimate-then-optimise structured,EtO,174.4486223109705,420.5620190232593,478.5366511066638,-4.245191178759375,0.875625,0.1620155950609294,2.4965625,none,,,,,,,,,,,,,,,
gate2E_family,N400_noise0p05,400,0.05,5,Estimate-then-optimise structured support top3,EtO,470.59999201363155,420.5620190232593,478.5366511066638,0.8631011736027189,0.0,0.6984584438457638,25.30125,top3,,,,,,,,,,,,,,,
gate2E_family,N400_noise0p05,400,0.05,5,Estimate-then-optimise structured learned-transition,EtO,162.2115798484914,420.5620190232593,478.5366511066638,-4.456266989380724,0.8709375,0.17026139334484858,2.3178125,none,,,,,,,,,,,,,,,
gate2E_family,N400_noise0p05,400,0.05,5,Estimate-then-optimise structured learned-transition support top3,EtO,457.6544381021416,420.5620190232593,478.5366511066638,0.6398043031220926,0.0,0.7533576297057867,37.45,top3,,,,,,,,,,,,,,,
gate2E_family,N400_noise0p05,400,0.05,5,Estimate-then-optimise structured empirical-transition,EtO,234.69679675813836,420.5620190232593,478.5366511066638,-3.205975020207603,0.81125,0.15665274788139794,3.9703125,none,,,,,,,,,,,,,,,
gate2E_family,N400_noise0p05,400,0.05,5,Estimate-then-optimise structured empirical-transition support top3,EtO,464.9799325116817,420.5620190232593,478.5366511066638,0.7661611965819998,0.0,0.7072302042552533,30.7815625,top3,,,,,,,,,,,,,,,
gate2E_family,N400_noise0p05,400,0.05,5,Estimate-then-optimise unconstrained,EtO,463.84868369624763,420.5620190232593,478.5366511066638,0.7466483721831042,0.575625,0.3649821013931889,12.9403125,none,,,,,,,,,,,,,,,
gate2E_family,N400_noise0p05,400,0.05,5,Estimate-then-optimise unconstrained support top3,EtO,477.8710022823751,420.5620190232593,478.5366511066638,0.9885182742801879,0.0,0.7885787452858253,30.83625,top3,,,,,,,,,,,,,,,
gate2E_family,N400_noise0p05,400,0.05,5,Estimate-then-optimise unconstrained learned-transition,EtO,455.1053746675296,420.5620190232593,478.5366511066638,0.5958357026668993,0.43625,0.49265397082186274,19.5084375,none,,,,,,,,,,,,,,,
gate2E_family,N400_noise0p05,400,0.05,5,Estimate-then-optimise unconstrained learned-transition support top3,EtO,469.32229911823697,420.5620190232593,478.5366511066638,0.8410623464557618,0.0,0.7195826852593511,32.1334375,top3,,,,,,,,,,,,,,,
gate2E_family,N400_noise0p05,400,0.05,5,Estimate-then-optimise unconstrained empirical-transition,EtO,411.7649134556028,420.5620190232593,478.5366511066638,-0.15174060190672117,0.5796875,0.2875585295713462,5.374375,none,,,,,,,,,,,,,,,
gate2E_family,N400_noise0p05,400,0.05,5,Estimate-then-optimise unconstrained empirical-transition support top3,EtO,477.8710022823751,420.5620190232593,478.5366511066638,0.9885182742801879,0.0,0.7885787452858253,30.83625,top3,,,,,,,,,,,,,,,
gate2E_family,N400_noise0p05,400,0.05,6,Behaviour cloning,BC,460.15678912230373,421.9223253169368,478.38659087731315,0.6771444457111272,0.1284375,0.7034325429477772,46.33,none,,,,,,,,,,,,,,,
gate2E_family,N400_noise0p05,400,0.05,6,Behaviour cloning support top3,BC,458.8425182225564,421.9223253169368,478.38659087731315,0.6538682924360616,0.0,0.8311478081740579,43.661875,top3,,,,,,,,,,,,,,,
gate2E_family,N400_noise0p05,400,0.05,6,Estimate-then-optimise structured,EtO,262.2386225056622,421.9223253169368,478.38659087731315,-2.8280488770464447,0.8771875,0.08613073740968204,2.8684375,none,,,,,,,,,,,,,,,
gate2E_family,N400_noise0p05,400,0.05,6,Estimate-then-optimise structured support top3,EtO,458.4604518488811,421.9223253169368,478.38659087731315,0.6471017761290931,0.0,0.6413569449923168,32.104375,top3,,,,,,,,,,,,,,,
gate2E_family,N400_noise0p05,400,0.05,6,Estimate-then-optimise structured learned-transition,EtO,244.9669270328177,421.9223253169368,478.38659087731315,-3.1339360660753384,0.883125,0.08092241634223278,2.046875,none,,,,,,,,,,,,,,,
gate2E_family,N400_noise0p05,400,0.05,6,Estimate-then-optimise structured learned-transition support top3,EtO,450.24417724288037,421.9223253169368,478.38659087731315,0.5015889544451696,0.0,0.6939565128846782,40.1396875,top3,,,,,,,,,,,,,,,
gate2E_family,N400_noise0p05,400,0.05,6,Estimate-then-optimise structured empirical-transition,EtO,255.9685749244088,421.9223253169368,478.38659087731315,-2.9390934026242883,0.88,0.08494422040514087,2.410625,none,,,,,,,,,,,,,,,
gate2E_family,N400_noise0p05,400,0.05,6,Estimate-then-optimise structured empirical-transition support top3,EtO,467.79052890231645,421.9223253169368,478.38659087731315,0.8123403913991143,0.0,0.5716441343053205,27.3425,top3,,,,,,,,,,,,,,,
gate2E_family,N400_noise0p05,400,0.05,6,Estimate-then-optimise unconstrained,EtO,460.47012195362765,421.9223253169368,478.38659087731315,0.6826936692459464,0.59375,0.36110928113303664,12.5484375,none,,,,,,,,,,,,,,,
gate2E_family,N400_noise0p05,400,0.05,6,Estimate-then-optimise unconstrained support top3,EtO,478.0662967408549,421.9223253169368,478.38659087731315,0.9943274895497266,0.0,0.7774717348178684,28.2865625,top3,,,,,,,,,,,,,,,
gate2E_family,N400_noise0p05,400,0.05,6,Estimate-then-optimise unconstrained learned-transition,EtO,447.40988748211777,421.9223253169368,478.38659087731315,0.45139278643281955,0.458125,0.49361839329175383,16.9625,none,,,,,,,,,,,,,,,
gate2E_family,N400_noise0p05,400,0.05,6,Estimate-then-optimise unconstrained learned-transition support top3,EtO,471.43657339563754,421.9223253169368,478.38659087731315,0.876912992443972,0.0,0.7307829604045852,29.4875,top3,,,,,,,,,,,,,,,
gate2E_family,N400_noise0p05,400,0.05,6,Estimate-then-optimise unconstrained empirical-transition,EtO,411.1910655565131,421.9223253169368,478.38659087731315,-0.1900540041373414,0.651875,0.2721102802453388,4.738125,none,,,,,,,,,,,,,,,
gate2E_family,N400_noise0p05,400,0.05,6,Estimate-then-optimise unconstrained empirical-transition support top3,EtO,478.0662967408549,421.9223253169368,478.38659087731315,0.9943274895497266,0.0,0.7774717348178684,28.2865625,top3,,,,,,,,,,,,,,,
gate2E_family,N400_noise0p05,400,0.05,7,Behaviour cloning,BC,430.81937218401714,418.644374990045,476.3341035189663,0.2110427194655376,0.046875,0.8236082391827856,47.3425,none,,,,,,,,,,,,,,,
gate2E_family,N400_noise0p05,400,0.05,7,Behaviour cloning support top3,BC,428.6428915100734,418.644374990045,476.3341035189663,0.17331536783044357,0.0,0.8624394007349362,52.891875,top3,,,,,,,,,,,,,,,
gate2E_family,N400_noise0p05,400,0.05,7,Estimate-then-optimise structured,EtO,187.69170802719856,418.644374990045,476.3341035189663,-4.003358532829012,0.8421875,0.16662150519704297,3.3953125,none,,,,,,,,,,,,,,,
gate2E_family,N400_noise0p05,400,0.05,7,Estimate-then-optimise structured support top3,EtO,475.3585789245474,418.644374990045,476.3341035189663,0.9830901510668427,0.0,0.7475824503433373,24.595,top3,,,,,,,,,,,,,,,
gate2E_family,N400_noise0p05,400,0.05,7,Estimate-then-optimise structured learned-transition,EtO,176.67924134311113,418.644374990045,476.3341035189663,-4.1942498225768325,0.901875,0.10282725907725908,1.030625,none,,,,,,,,,,,,,,,
gate2E_family,N400_noise0p05,400,0.05,7,Estimate-then-optimise structured learned-transition support top3,EtO,447.5445245385474,418.644374990045,476.3341035189663,0.500958321098947,0.0,0.7913292206543318,50.5640625,top3,,,,,,,,,,,,,,,
gate2E_family,N400_noise0p05,400,0.05,7,Estimate-then-optimise structured empirical-transition,EtO,244.91844541578226,418.644374990045,476.3341035189663,-3.0113840713805673,0.8265625,0.11088780242064629,2.8921875,none,,,,,,,,,,,,,,,
gate2E_family,N400_noise0p05,400,0.05,7,Estimate-then-optimise structured empirical-transition support top3,EtO,468.08792078255925,418.644374990045,476.3341035189663,0.8570597756882663,0.0,0.7204189406131374,26.311875,top3,,,,,,,,,,,,,,,
gate2E_family,N400_noise0p05,400,0.05,7,Estimate-then-optimise unconstrained,EtO,462.14913729395596,418.644374990045,476.3341035189663,0.7541162597445913,0.569375,0.3586435897435898,9.4384375,none,,,,,,,,,,,,,,,
gate2E_family,N400_noise0p05,400,0.05,7,Estimate-then-optimise unconstrained support top3,EtO,475.88234055076094,418.644374990045,476.3341035189663,0.9921690917997844,0.0,0.7534352729239825,25.6746875,top3,,,,,,,,,,,,,,,
gate2E_family,N400_noise0p05,400,0.05,7,Estimate-then-optimise unconstrained learned-transition,EtO,463.2389180963296,418.644374990045,476.3341035189663,0.7730066381561885,0.4496875,0.4550562589717803,16.2953125,none,,,,,,,,,,,,,,,
gate2E_family,N400_noise0p05,400,0.05,7,Estimate-then-optimise unconstrained learned-transition support top3,EtO,467.4035897182897,418.644374990045,476.3341035189663,0.8451975069322871,0.0,0.7211366633534476,31.116875,top3,,,,,,,,,,,,,,,
gate2E_family,N400_noise0p05,400,0.05,7,Estimate-then-optimise unconstrained empirical-transition,EtO,410.5092481927332,418.644374990045,476.3341035189663,-0.14101516864017555,0.57875,0.28462570867784137,4.45,none,,,,,,,,,,,,,,,
gate2E_family,N400_noise0p05,400,0.05,7,Estimate-then-optimise unconstrained empirical-transition support top3,EtO,475.88234055076094,418.644374990045,476.3341035189663,0.9921690917997844,0.0,0.7534352729239825,25.6746875,top3,,,,,,,,,,,,,,,
gate2E_family,N400_noise0p05,400,0.05,8,Behaviour cloning,BC,448.2196181482966,422.931340639083,479.95114040875427,0.44349993530956605,0.049375,0.7775206517334372,39.5246875,none,,,,,,,,,,,,,,,
gate2E_family,N400_noise0p05,400,0.05,8,Behaviour cloning support top3,BC,442.56871795591053,422.931340639083,479.95114040875427,0.34439576070333083,0.0,0.8340621241499098,56.0159375,top3,,,,,,,,,,,,,,,
gate2E_family,N400_noise0p05,400,0.05,8,Estimate-then-optimise structured,EtO,188.51108374851282,422.931340639083,479.95114040875427,-4.111207998581183,0.8596875,0.1617223956414938,2.86875,none,,,,,,,,,,,,,,,
gate2E_family,N400_noise0p05,400,0.05,8,Estimate-then-optimise structured support top3,EtO,472.73964709259485,422.931340639083,479.95114040875427,0.8735265057876405,0.0,0.702522344670697,29.9125,top3,,,,,,,,,,,,,,,
gate2E_family,N400_noise0p05,400,0.05,8,Estimate-then-optimise structured learned-transition,EtO,183.57141049871373,422.931340639083,479.95114040875427,-4.197838840319538,0.8703125,0.15858073044998566,2.538125,none,,,,,,,,,,,,,,,
gate2E_family,N400_noise0p05,400,0.05,8,Estimate-then-optimise structured learned-transition support top3,EtO,449.3802399373204,422.931340639083,479.95114040875427,0.46385465057886016,0.0,0.7000890866336963,38.159375,top3,,,,,,,,,,,,,,,
gate2E_family,N400_noise0p05,400,0.05,8,Estimate-then-optimise structured empirical-transition,EtO,240.38099269424114,422.931340639083,479.95114040875427,-3.201525587291521,0.8753125,0.09112317800300515,2.21375,none,,,,,,,,,,,,,,,
gate2E_family,N400_noise0p05,400,0.05,8,Estimate-then-optimise structured empirical-transition support top3,EtO,478.1462228658184,422.931340639083,479.95114040875427,0.9683457754985682,0.0,0.780130458971607,31.1625,top3,,,,,,,,,,,,,,,
gate2E_family,N400_noise0p05,400,0.05,8,Estimate-then-optimise unconstrained,EtO,465.10497156406507,422.931340639083,479.95114040875427,0.7396313402597067,0.5878125,0.35890856582388847,13.26625,none,,,,,,,,,,,,,,,
gate2E_family,N400_noise0p05,400,0.05,8,Estimate-then-optimise unconstrained support top3,EtO,479.4540165956049,422.931340639083,479.95114040875427,0.9912815580700483,0.0,0.7899200493965267,31.0403125,top3,,,,,,,,,,,,,,,
gate2E_family,N400_noise0p05,400,0.05,8,Estimate-then-optimise unconstrained learned-transition,EtO,458.2447510638995,422.931340639083,479.95114040875427,0.6193183870771791,0.47625,0.4428685305945947,16.28875,none,,,,,,,,,,,,,,,
gate2E_family,N400_noise0p05,400,0.05,8,Estimate-then-optimise unconstrained learned-transition support top3,EtO,475.1364091123809,422.931340639083,479.95114040875427,0.9155603612109782,0.0,0.7270315768438033,31.685625,top3,,,,,,,,,,,,,,,
gate2E_family,N400_noise0p05,400,0.05,8,Estimate-then-optimise unconstrained empirical-transition,EtO,411.5248319346662,422.931340639083,479.95114040875427,-0.20004469939376826,0.7828125,0.15235348105414973,4.698125,none,,,,,,,,,,,,,,,
gate2E_family,N400_noise0p05,400,0.05,8,Estimate-then-optimise unconstrained empirical-transition support top3,EtO,479.4540165956049,422.931340639083,479.95114040875427,0.9912815580700483,0.0,0.7899200493965267,31.0403125,top3,,,,,,,,,,,,,,,
gate2E_family,N400_noise0p05,400,0.05,9,Behaviour cloning,BC,442.4718783995957,423.45525105741876,479.20761072352025,0.3410909862123634,0.0503125,0.7912891989747921,41.1675,none,,,,,,,,,,,,,,,
gate2E_family,N400_noise0p05,400,0.05,9,Behaviour cloning support top3,BC,439.13941001403595,423.45525105741876,479.20761072352025,0.28131829846393847,0.0,0.8513594640492846,50.13875,top3,,,,,,,,,,,,,,,
gate2E_family,N400_noise0p05,400,0.05,9,Estimate-then-optimise structured,EtO,205.16530653030023,423.45525105741876,479.20761072352025,-3.9153489795669234,0.859375,0.1313344087456176,2.545,none,,,,,,,,,,,,,,,
gate2E_family,N400_noise0p05,400,0.05,9,Estimate-then-optimise structured support top3,EtO,469.7518318365008,423.45525105741876,479.20761072352025,0.8303967949760386,0.0,0.6493546125098871,31.2653125,top3,,,,,,,,,,,,,,,
gate2E_family,N400_noise0p05,400,0.05,9,Estimate-then-optimise structured learned-transition,EtO,206.22933423553917,423.45525105741876,479.20761072352025,-3.8962640886024626,0.874375,0.11568375983043366,1.865,none,,,,,,,,,,,,,,,
gate2E_family,N400_noise0p05,400,0.05,9,Estimate-then-optimise structured learned-transition support top3,EtO,450.0366447684681,423.45525105741876,479.20761072352025,0.47677611979554146,0.0,0.7785325910495149,51.65625,top3,,,,,,,,,,,,,,,
gate2E_family,N400_noise0p05,400,0.05,9,Estimate-then-optimise structured empirical-transition,EtO,243.95605249711193,423.45525105741876,479.20761072352025,-3.2195802946336247,0.8503125,0.11252744567128244,2.8675,none,,,,,,,,,,,,,,,
gate2E_family,N400_noise0p05,400,0.05,9,Estimate-then-optimise structured empirical-transition support top3,EtO,477.61206388618797,423.45525105741876,479.20761072352025,0.9713815370885117,0.0,0.7691699762954209,28.71875,top3,,,,,,,,,,,,,,,
gate2E_family,N400_noise0p05,400,0.05,9,Estimate-then-optimise unconstrained,EtO,464.8182315885751,423.45525105741876,479.20761072352025,0.7419054687349103,0.5665625,0.36935437201314214,10.3790625,none,,,,,,,,,,,,,,,
gate2E_family,N400_noise0p05,400,0.05,9,Estimate-then-optimise unconstrained support top3,EtO,478.8364192984169,423.45525105741876,479.20761072352025,0.9933421396452743,0.0,0.7714792068933136,28.64875,top3,,,,,,,,,,,,,,,
gate2E_family,N400_noise0p05,400,0.05,9,Estimate-then-optimise unconstrained learned-transition,EtO,464.6472936266754,423.45525105741876,479.20761072352025,0.7388394467239415,0.518125,0.4148228745385996,15.7290625,none,,,,,,,,,,,,,,,
gate2E_family,N400_noise0p05,400,0.05,9,Estimate-then-optimise unconstrained learned-transition support top3,EtO,472.99120638878145,423.45525105741876,479.20761072352025,0.8884997088559375,0.0,0.7217697267035273,29.1184375,top3,,,,,,,,,,,,,,,
gate2E_family,N400_noise0p05,400,0.05,9,Estimate-then-optimise unconstrained empirical-transition,EtO,413.38442543717133,423.45525105741876,479.20761072352025,-0.1806349664939956,0.650625,0.2915789213548229,4.6096875,none,,,,,,,,,,,,,,,
gate2E_family,N400_noise0p05,400,0.05,9,Estimate-then-optimise unconstrained empirical-transition support top3,EtO,478.8364192984169,423.45525105741876,479.20761072352025,0.9933421396452743,0.0,0.7714792068933136,28.64875,top3,,,,,,,,,,,,,,,
gate2E_family,N400_noise0p2,400,0.2,0,Behaviour cloning,BC,443.94358298679435,421.48917105942843,479.2131268458336,0.3889964161578523,0.06125,0.7597317446435388,37.631875,none,,,,,,,,,,,,,,,
gate2E_family,N400_noise0p2,400,0.2,0,Behaviour cloning support top3,BC,440.03075330688625,421.48917105942843,479.2131268458336,0.3212112197588621,0.0,0.8335514963531386,49.6815625,top3,,,,,,,,,,,,,,,
gate2E_family,N400_noise0p2,400,0.2,0,Estimate-then-optimise structured,EtO,191.72149666972894,421.48917105942843,479.2131268458336,-3.9804561426785163,0.8475,0.17060551568992482,4.0234375,none,,,,,,,,,,,,,,,
gate2E_family,N400_noise0p2,400,0.2,0,Estimate-then-optimise structured support top3,EtO,475.78579130702724,421.48917105942843,479.2131268458336,0.9406254215929267,0.0,0.7368270672058469,24.514375,top3,,,,,,,,,,,,,,,
gate2E_family,N400_noise0p2,400,0.2,0,Estimate-then-optimise structured learned-transition,EtO,179.83859714998266,421.48917105942843,479.2131268458336,-4.186313474489183,0.899375,0.09215833433526706,1.29625,none,,,,,,,,,,,,,,,
gate2E_family,N400_noise0p2,400,0.2,0,Estimate-then-optimise structured learned-transition support top3,EtO,449.738040102149,421.48917105942843,479.2131268458336,0.48937860647058423,0.0,0.798291179512454,46.015,top3,,,,,,,,,,,,,,,
gate2E_family,N400_noise0p2,400,0.2,0,Estimate-then-optimise structured empirical-transition,EtO,246.70256487997656,421.48917105942843,479.2131268458336,-3.027973460900902,0.8153125,0.14381128675623134,3.7671875,none,,,,,,,,,,,,,,,
gate2E_family,N400_noise0p2,400,0.2,0,Estimate-then-optimise structured empirical-transition support top3,EtO,462.4021917671973,421.48917105942843,479.2131268458336,0.708770217674591,0.0,0.6920798495629057,27.799375,top3,,,,,,,,,,,,,,,
gate2E_family,N400_noise0p2,400,0.2,0,Estimate-then-optimise unconstrained,EtO,465.74280664247885,421.48917105942843,479.2131268458336,0.7666424620447237,0.5503125,0.3867066326217642,10.60875,none,,,,,,,,,,,,,,,
gate2E_family,N400_noise0p2,400,0.2,0,Estimate-then-optimise unconstrained support top3,EtO,477.12883761415395,421.48917105942843,479.2131268458336,0.9638921275701878,0.0,0.7613896015382181,27.540625,top3,,,,,,,,,,,,,,,
gate2E_family,N400_noise0p2,400,0.2,0,Estimate-then-optimise unconstrained learned-transition,EtO,466.5578950407996,421.48917105942843,479.2131268458336,0.7807629149349731,0.425625,0.4799622972264127,18.690625,none,,,,,,,,,,,,,,,
gate2E_family,N400_noise0p2,400,0.2,0,Estimate-then-optimise unconstrained learned-transition support top3,EtO,467.0522673647031,421.48917105942843,479.2131268458336,0.7893273370569215,0.0,0.7539828260915238,31.5240625,top3,,,,,,,,,,,,,,,
gate2E_family,N400_noise0p2,400,0.2,0,Estimate-then-optimise unconstrained empirical-transition,EtO,412.3719372974685,421.48917105942843,479.2131268458336,-0.1579454082408396,0.58375,0.2582218258196244,4.6825,none,,,,,,,,,,,,,,,
gate2E_family,N400_noise0p2,400,0.2,0,Estimate-then-optimise unconstrained empirical-transition support top3,EtO,477.12883761415395,421.48917105942843,479.2131268458336,0.9638921275701878,0.0,0.7613896015382181,27.540625,top3,,,,,,,,,,,,,,,
gate2E_family,N400_noise0p2,400,0.2,1,Behaviour cloning,BC,447.3834012671611,422.7909092428097,479.07216495487467,0.4369570599164785,0.060625,0.815958887983985,41.3615625,none,,,,,,,,,,,,,,,
gate2E_family,N400_noise0p2,400,0.2,1,Behaviour cloning support top3,BC,440.2454052044166,422.7909092428097,479.07216495487467,0.3101298245885659,0.0,0.872554773686461,53.495625,top3,,,,,,,,,,,,,,,
gate2E_family,N400_noise0p2,400,0.2,1,Estimate-then-optimise structured,EtO,244.89543271756963,422.7909092428097,479.07216495487467,-3.1608299117445715,0.8803125,0.14475008710520423,2.3584375,none,,,,,,,,,,,,,,,
gate2E_family,N400_noise0p2,400,0.2,1,Estimate-then-optimise structured support top3,EtO,466.028926023411,422.7909092428097,479.07216495487467,0.7682489708795247,0.0,0.6862581102531948,32.3215625,top3,,,,,,,,,,,,,,,
gate2E_family,N400_noise0p2,400,0.2,1,Estimate-then-optimise structured learned-transition,EtO,206.67219786328104,422.7909092428097,479.07216495487467,-3.839976714186911,0.9059375,0.12572339321455928,1.730625,none,,,,,,,,,,,,,,,
gate2E_family,N400_noise0p2,400,0.2,1,Estimate-then-optimise structured learned-transition support top3,EtO,447.0780618614539,422.7909092428097,479.07216495487467,0.4315318183890089,0.0,0.7568897344273983,40.57875,top3,,,,,,,,,,,,,,,
gate2E_family,N400_noise0p2,400,0.2,1,Estimate-then-optimise structured empirical-transition,EtO,238.87615493576402,422.7909092428097,479.07216495487467,-3.2677798670298666,0.87375,0.09981791918208105,2.3875,none,,,,,,,,,,,,,,,
gate2E_family,N400_noise0p2,400,0.2,1,Estimate-then-optimise structured empirical-transition support top3,EtO,473.33207045796536,422.7909092428097,479.07216495487467,0.8980105467746554,0.0,0.7263004904434598,23.9671875,top3,,,,,,,,,,,,,,,
gate2E_family,N400_noise0p2,400,0.2,1,Estimate-then-optimise unconstrained,EtO,450.3473674654808,422.7909092428097,479.07216495487467,0.4896205295000877,0.90375,0.07708914775714923,1.560625,none,,,,,,,,,,,,,,,
gate2E_family,N400_noise0p2,400,0.2,1,Estimate-then-optimise unconstrained support top3,EtO,475.7126908484295,422.7909092428097,479.07216495487467,0.940309183511607,0.0,0.7134466096869755,27.9471875,top3,,,,,,,,,,,,,,,
gate2E_family,N400_noise0p2,400,0.2,1,Estimate-then-optimise unconstrained learned-transition,EtO,440.4193685091679,422.7909092428097,479.07216495487467,0.3132207880461206,0.7225,0.2468115375329069,6.38375,none,,,,,,,,,,,,,,,
gate2E_family,N400_noise0p2,400,0.2,1,Estimate-then-optimise unconstrained learned-transition support top3,EtO,471.03329953614525,422.7909092428097,479.07216495487467,0.8571662036139303,0.0,0.7222002274394509,28.575625,top3,,,,,,,,,,,,,,,
gate2E_family,N400_noise0p2,400,0.2,1,Estimate-then-optimise unconstrained empirical-transition,EtO,421.02126802436993,422.7909092428097,479.07216495487467,-0.031442816903255184,0.5515625,0.3512960526797086,10.81625,none,,,,,,,,,,,,,,,
gate2E_family,N400_noise0p2,400,0.2,1,Estimate-then-optimise unconstrained empirical-transition support top3,EtO,478.78931509075875,422.7909092428097,479.07216495487467,0.9949743505091113,0.0,0.7572742029223375,25.2321875,top3,,,,,,,,,,,,,,,
gate2E_family,N400_noise0p2,400,0.2,2,Behaviour cloning,BC,432.8805463964332,417.1824539201058,474.5590275047475,0.27359759385369437,0.0,0.865826996269132,56.9390625,none,,,,,,,,,,,,,,,
gate2E_family,N400_noise0p2,400,0.2,2,Behaviour cloning support top3,BC,432.8805463964332,417.1824539201058,474.5590275047475,0.27359759385369437,0.0,0.865826996269132,56.9390625,top3,,,,,,,,,,,,,,,
gate2E_family,N400_noise0p2,400,0.2,2,Estimate-then-optimise structured,EtO,170.36224311006538,417.1824539201058,474.5590275047475,-4.301759331200425,0.848125,0.1849336295335942,3.358125,none,,,,,,,,,,,,,,,
gate2E_family,N400_noise0p2,400,0.2,2,Estimate-then-optimise structured support top3,EtO,471.2035447512602,417.1824539201058,474.5590275047475,0.9415182444009608,0.0,0.7182395165709682,22.371875,top3,,,,,,,,,,,,,,,
gate2E_family,N400_noise0p2,400,0.2,2,Estimate-then-optimise structured learned-transition,EtO,158.9382338995739,417.1824539201058,474.5590275047475,-4.50086514210492,0.9121875,0.1218799565907004,1.1178125,none,,,,,,,,,,,,,,,
gate2E_family,N400_noise0p2,400,0.2,2,Estimate-then-optimise structured learned-transition support top3,EtO,445.5035401104167,417.1824539201058,474.5590275047475,0.49360016503132104,0.0,0.7924925544934512,46.4659375,top3,,,,,,,,,,,,,,,
gate2E_family,N400_noise0p2,400,0.2,2,Estimate-then-optimise structured empirical-transition,EtO,235.26110913169603,417.1824539201058,474.5590275047475,-3.170655433441664,0.7796875,0.17431322525780965,3.98875,none,,,,,,,,,,,,,,,
gate2E_family,N400_noise0p2,400,0.2,2,Estimate-then-optimise structured empirical-transition support top3,EtO,464.30982965708796,417.1824539201058,474.5590275047475,0.8213696425677985,0.0,0.68787281281366,25.1171875,top3,,,,,,,,,,,,,,,
gate2E_family,N400_noise0p2,400,0.2,2,Estimate-then-optimise unconstrained,EtO,449.078136334882,417.1824539201058,474.5590275047475,0.5559007870646687,0.865,0.09810144518118954,2.1353125,none,,,,,,,,,,,,,,,
gate2E_family,N400_noise0p2,400,0.2,2,Estimate-then-optimise unconstrained support top3,EtO,470.87815758688885,417.1824539201058,474.5590275047475,0.9358471639574527,0.0,0.7100735750140567,28.495,top3,,,,,,,,,,,,,,,
gate2E_family,N400_noise0p2,400,0.2,2,Estimate-then-optimise unconstrained learned-transition,EtO,446.13520753451155,417.1824539201058,474.5590275047475,0.5046093171056085,0.5040625,0.3717947705952792,13.8728125,none,,,,,,,,,,,,,,,
gate2E_family,N400_noise0p2,400,0.2,2,Estimate-then-optimise unconstrained learned-transition support top3,EtO,471.33665341125925,417.1824539201058,474.5590275047475,0.9438381574191663,0.0,0.7098523049499305,27.015625,top3,,,,,,,,,,,,,,,
gate2E_family,N400_noise0p2,400,0.2,2,Estimate-then-optimise unconstrained empirical-transition,EtO,407.20360811773423,417.1824539201058,474.5590275047475,-0.17391846844341083,0.7784375,0.13651590816649342,4.0403125,none,,,,,,,,,,,,,,,
gate2E_family,N400_noise0p2,400,0.2,2,Estimate-then-optimise unconstrained empirical-transition support top3,EtO,473.4268926201974,417.1824539201058,474.5590275047475,0.9802683427430536,0.0,0.7575397513108783,26.30625,top3,,,,,,,,,,,,,,,
gate2E_family,N400_noise0p2,400,0.2,3,Behaviour cloning,BC,434.5878796136414,423.10474053664757,479.3865548020198,0.20402929839557274,0.0,0.8780521561259111,50.8625,none,,,,,,,,,,,,,,,
gate2E_family,N400_noise0p2,400,0.2,3,Behaviour cloning support top3,BC,434.5878796136414,423.10474053664757,479.3865548020198,0.20402929839557274,0.0,0.8780521561259111,50.8625,top3,,,,,,,,,,,,,,,
gate2E_family,N400_noise0p2,400,0.2,3,Estimate-then-optimise structured,EtO,181.2785210877467,423.10474053664757,479.3865548020198,-4.29670263130956,0.8675,0.1465568913844776,3.006875,none,,,,,,,,,,,,,,,
gate2E_family,N400_noise0p2,400,0.2,3,Estimate-then-optimise structured support top3,EtO,474.8305987770871,423.10474053664757,479.3865548020198,0.919051009915013,0.0,0.7149652095223513,21.813125,top3,,,,,,,,,,,,,,,
gate2E_family,N400_noise0p2,400,0.2,3,Estimate-then-optimise structured learned-transition,EtO,160.56498241687308,423.10474053664757,479.3865548020198,-4.664735164397566,0.921875,0.09873793615441723,0.875625,none,,,,,,,,,,,,,,,
gate2E_family,N400_noise0p2,400,0.2,3,Estimate-then-optimise structured learned-transition support top3,EtO,450.99617070599254,423.10474053664757,479.3865548020198,0.4955673610277584,0.0,0.7882048940217876,47.1975,top3,,,,,,,,,,,,,,,
gate2E_family,N400_noise0p2,400,0.2,3,Estimate-then-optimise structured empirical-transition,EtO,246.2117622222664,423.10474053664757,479.3865548020198,-3.1429864268468637,0.8159375,0.12814191835935593,3.6878125,none,,,,,,,,,,,,,,,
gate2E_family,N400_noise0p2,400,0.2,3,Estimate-then-optimise structured empirical-transition support top3,EtO,467.1008548368658,423.10474053664757,479.3865548020198,0.7817110175726355,0.0,0.7051145545159039,26.7025,top3,,,,,,,,,,,,,,,
gate2E_family,N400_noise0p2,400,0.2,3,Estimate-then-optimise unconstrained,EtO,465.0448846301257,423.10474053664757,479.3865548020198,0.7451810969654913,0.5525,0.3820662859982463,12.9390625,none,,,,,,,,,,,,,,,
gate2E_family,N400_noise0p2,400,0.2,3,Estimate-then-optimise unconstrained support top3,EtO,478.1101838807309,423.10474053664757,479.3865548020198,0.9773217878998937,0.0,0.7741818144012818,28.6175,top3,,,,,,,,,,,,,,,
gate2E_family,N400_noise0p2,400,0.2,3,Estimate-then-optimise unconstrained learned-transition,EtO,465.47228602461286,423.10474053664757,479.3865548020198,0.7527750489385377,0.5040625,0.4218824802604707,17.563125,none,,,,,,,,,,,,,,,
gate2E_family,N400_noise0p2,400,0.2,3,Estimate-then-optimise unconstrained learned-transition support top3,EtO,472.498620086942,423.10474053664757,479.3865548020198,0.8776170454882504,0.0,0.7003413416121961,27.286875,top3,,,,,,,,,,,,,,,
gate2E_family,N400_noise0p2,400,0.2,3,Estimate-then-optimise unconstrained empirical-transition,EtO,412.6745849276153,423.10474053664757,479.3865548020198,-0.1853201739349313,0.66,0.2617160688635254,4.3190625,none,,,,,,,,,,,,,,,
gate2E_family,N400_noise0p2,400,0.2,3,Estimate-then-optimise unconstrained empirical-transition support top3,EtO,478.1101838807309,423.10474053664757,479.3865548020198,0.9773217878998937,0.0,0.7741818144012818,28.6175,top3,,,,,,,,,,,,,,,
gate2E_family,N400_noise0p2,400,0.2,4,Behaviour cloning,BC,444.9957918116728,427.25459431293825,483.248496641775,0.3168415981180486,0.0259375,0.8606825156432268,43.735625,none,,,,,,,,,,,,,,,
gate2E_family,N400_noise0p2,400,0.2,4,Behaviour cloning support top3,BC,446.4763118228693,427.25459431293825,483.248496641775,0.3432823345129123,0.0,0.8770662986163209,45.9403125,top3,,,,,,,,,,,,,,,
gate2E_family,N400_noise0p2,400,0.2,4,Estimate-then-optimise structured,EtO,176.54698881179374,427.25459431293825,483.248496641775,-4.477409058379393,0.8415625,0.19450812908300708,3.6909375,none,,,,,,,,,,,,,,,
gate2E_family,N400_noise0p2,400,0.2,4,Estimate-then-optimise structured support top3,EtO,476.1071902627451,427.25459431293825,483.248496641775,0.8724627846601771,0.0,0.7271833482989194,26.13875,top3,,,,,,,,,,,,,,,
gate2E_family,N400_noise0p2,400,0.2,4,Estimate-then-optimise structured learned-transition,EtO,162.0932148026742,427.25459431293825,483.248496641775,-4.735540272814788,0.8684375,0.1776178894634777,2.635625,none,,,,,,,,,,,,,,,
gate2E_family,N400_noise0p2,400,0.2,4,Estimate-then-optimise structured learned-transition support top3,EtO,453.0588392502509,427.25459431293825,483.248496641775,0.460840267673638,0.0,0.8101060242480165,45.0078125,top3,,,,,,,,,,,,,,,
gate2E_family,N400_noise0p2,400,0.2,4,Estimate-then-optimise structured empirical-transition,EtO,244.4253572736708,427.25459431293825,483.248496641775,-3.265163338064238,0.850625,0.10982712475423,2.7928125,none,,,,,,,,,,,,,,,
gate2E_family,N400_noise0p2,400,0.2,4,Estimate-then-optimise structured empirical-transition support top3,EtO,470.0088494821482,427.25459431293825,483.248496641775,0.7635519831807046,0.0,0.747468012148681,29.1871875,top3,,,,,,,,,,,,,,,
gate2E_family,N400_noise0p2,400,0.2,4,Estimate-then-optimise unconstrained,EtO,464.82492247904366,427.25459431293825,483.248496641775,0.6709717773457768,0.6375,0.3339617021679252,9.129375,none,,,,,,,,,,,,,,,
gate2E_family,N400_noise0p2,400,0.2,4,Estimate-then-optimise unconstrained support top3,EtO,482.79158532281843,427.25459431293825,483.248496641775,0.991839980784457,0.0,0.7632197634681226,27.671875,top3,,,,,,,,,,,,,,,
gate2E_family,N400_noise0p2,400,0.2,4,Estimate-then-optimise unconstrained learned-transition,EtO,455.9751279044005,427.25459431293825,483.248496641775,0.5129225218630857,0.4834375,0.4573172444076877,18.6565625,none,,,,,,,,,,,,,,,
gate2E_family,N400_noise0p2,400,0.2,4,Estimate-then-optimise unconstrained learned-transition support top3,EtO,481.0729429629147,427.25459431293825,483.248496641775,0.9611465965332462,0.0,0.7359903353793195,30.484375,top3,,,,,,,,,,,,,,,
gate2E_family,N400_noise0p2,400,0.2,4,Estimate-then-optimise unconstrained empirical-transition,EtO,414.36758978042906,427.25459431293825,483.248496641775,-0.23015014129266034,0.786875,0.13680631738225837,3.57875,none,,,,,,,,,,,,,,,
gate2E_family,N400_noise0p2,400,0.2,4,Estimate-then-optimise unconstrained empirical-transition support top3,EtO,482.79158532281843,427.25459431293825,483.248496641775,0.991839980784457,0.0,0.7632197634681226,27.671875,top3,,,,,,,,,,,,,,,
gate2E_family,N400_noise0p2,400,0.2,5,Behaviour cloning,BC,439.6069509714236,420.5620190232593,478.5366511066638,0.3285045762906357,0.0634375,0.7941630738928009,37.256875,none,,,,,,,,,,,,,,,
gate2E_family,N400_noise0p2,400,0.2,5,Behaviour cloning support top3,BC,432.17615990537183,420.5620190232593,478.5366511066638,0.20033142884639568,0.0,0.8558146296129542,43.5771875,top3,,,,,,,,,,,,,,,
gate2E_family,N400_noise0p2,400,0.2,5,Estimate-then-optimise structured,EtO,175.23598041173327,420.5620190232593,478.5366511066638,-4.231610099027294,0.8725,0.16229159914605115,2.906875,none,,,,,,,,,,,,,,,
gate2E_family,N400_noise0p2,400,0.2,5,Estimate-then-optimise structured support top3,EtO,472.4246805810767,420.5620190232593,478.5366511066638,0.8945750873107021,0.0,0.723735372437597,23.9703125,top3,,,,,,,,,,,,,,,
gate2E_family,N400_noise0p2,400,0.2,5,Estimate-then-optimise structured learned-transition,EtO,159.93786780478598,420.5620190232593,478.5366511066638,-4.495486074728853,0.8809375,0.14637053130783295,2.3165625,none,,,,,,,,,,,,,,,
gate2E_family,N400_noise0p2,400,0.2,5,Estimate-then-optimise structured learned-transition support top3,EtO,450.4593596303553,420.5620190232593,478.5366511066638,0.5156969442097463,0.0,0.7938931987129927,44.6375,top3,,,,,,,,,,,,,,,
gate2E_family,N400_noise0p2,400,0.2,5,Estimate-then-optimise structured empirical-transition,EtO,229.9768492942413,420.5620190232593,478.5366511066638,-3.2873890334454408,0.816875,0.15283675613032183,3.8915625,none,,,,,,,,,,,,,,,
gate2E_family,N400_noise0p2,400,0.2,5,Estimate-then-optimise structured empirical-transition support top3,EtO,466.5157734470667,420.5620190232593,478.5366511066638,0.7926527995502687,0.0,0.7146969555428703,28.9865625,top3,,,,,,,,,,,,,,,
gate2E_family,N400_noise0p2,400,0.2,5,Estimate-then-optimise unconstrained,EtO,463.8075445799774,420.5620190232593,478.5366511066638,0.7459387667092643,0.575625,0.3641089396284829,12.8453125,none,,,,,,,,,,,,,,,
gate2E_family,N400_noise0p2,400,0.2,5,Estimate-then-optimise unconstrained support top3,EtO,477.8710022823751,420.5620190232593,478.5366511066638,0.9885182742801879,0.0,0.7885787452858253,30.83625,top3,,,,,,,,,,,,,,,
gate2E_family,N400_noise0p2,400,0.2,5,Estimate-then-optimise unconstrained learned-transition,EtO,455.827248716749,420.5620190232593,478.5366511066638,0.6082872529963764,0.4490625,0.4880999513322308,18.413125,none,,,,,,,,,,,,,,,
gate2E_family,N400_noise0p2,400,0.2,5,Estimate-then-optimise unconstrained learned-transition support top3,EtO,470.9376484478853,420.5620190232593,478.5366511066638,0.8689253836428615,0.0,0.7271920540068502,32.0421875,top3,,,,,,,,,,,,,,,
gate2E_family,N400_noise0p2,400,0.2,5,Estimate-then-optimise unconstrained empirical-transition,EtO,411.1747253069505,420.5620190232593,478.5366511066638,-0.1619207121970849,0.5796875,0.27782866983919596,5.235625,none,,,,,,,,,,,,,,,
gate2E_family,N400_noise0p2,400,0.2,5,Estimate-then-optimise unconstrained empirical-transition support top3,EtO,477.8710022823751,420.5620190232593,478.5366511066638,0.9885182742801879,0.0,0.7885787452858253,30.83625,top3,,,,,,,,,,,,,,,
gate2E_family,N400_noise0p2,400,0.2,6,Behaviour cloning,BC,460.15678912230373,421.9223253169368,478.38659087731315,0.6771444457111272,0.1284375,0.7034325429477772,46.33,none,,,,,,,,,,,,,,,
gate2E_family,N400_noise0p2,400,0.2,6,Behaviour cloning support top3,BC,458.8425182225564,421.9223253169368,478.38659087731315,0.6538682924360616,0.0,0.8311478081740579,43.661875,top3,,,,,,,,,,,,,,,
gate2E_family,N400_noise0p2,400,0.2,6,Estimate-then-optimise structured,EtO,237.2913469691987,421.9223253169368,478.38659087731315,-3.269873016418057,0.86875,0.10069744010229445,2.855,none,,,,,,,,,,,,,,,
gate2E_family,N400_noise0p2,400,0.2,6,Estimate-then-optimise structured support top3,EtO,459.7685676949032,421.9223253169368,478.38659087731315,0.6702689214561377,0.0,0.6281386035629487,32.813125,top3,,,,,,,,,,,,,,,
gate2E_family,N400_noise0p2,400,0.2,6,Estimate-then-optimise structured learned-transition,EtO,237.81065465040098,421.9223253169368,478.38659087731315,-3.2606759131519754,0.88,0.09290994397840303,2.410625,none,,,,,,,,,,,,,,,
gate2E_family,N400_noise0p2,400,0.2,6,Estimate-then-optimise structured learned-transition support top3,EtO,449.37557502044984,421.9223253169368,478.38659087731315,0.4862057343889069,0.0,0.7192864123544086,41.95375,top3,,,,,,,,,,,,,,,
gate2E_family,N400_noise0p2,400,0.2,6,Estimate-then-optimise structured empirical-transition,EtO,255.9685749244088,421.9223253169368,478.38659087731315,-2.9390934026242883,0.88,0.08494422040514087,2.410625,none,,,,,,,,,,,,,,,
gate2E_family,N400_noise0p2,400,0.2,6,Estimate-then-optimise structured empirical-transition support top3,EtO,475.48084432772464,421.9223253169368,478.38659087731315,0.9485383096592048,0.0,0.7082108285337089,24.45375,top3,,,,,,,,,,,,,,,
gate2E_family,N400_noise0p2,400,0.2,6,Estimate-then-optimise unconstrained,EtO,454.435244520438,421.9223253169368,478.38659087731315,0.5758140813632944,0.556875,0.391676338575332,13.8721875,none,,,,,,,,,,,,,,,
gate2E_family,N400_noise0p2,400,0.2,6,Estimate-then-optimise unconstrained support top3,EtO,478.0662967408549,421.9223253169368,478.38659087731315,0.9943274895497266,0.0,0.7774717348178684,28.2865625,top3,,,,,,,,,,,,,,,
gate2E_family,N400_noise0p2,400,0.2,6,Estimate-then-optimise unconstrained learned-transition,EtO,435.31736354626054,421.9223253169368,478.38659087731315,0.23723036324630203,0.468125,0.48811429460822936,18.0034375,none,,,,,,,,,,,,,,,
gate2E_family,N400_noise0p2,400,0.2,6,Estimate-then-optimise unconstrained learned-transition support top3,EtO,470.06869380729114,421.9223253169368,478.38659087731315,0.8526874123399725,0.0,0.724609962201653,28.558125,top3,,,,,,,,,,,,,,,
gate2E_family,N400_noise0p2,400,0.2,6,Estimate-then-optimise unconstrained empirical-transition,EtO,410.6703806277155,421.9223253169368,478.38659087731315,-0.19927549889389404,0.646875,0.2745056178917057,4.878125,none,,,,,,,,,,,,,,,
gate2E_family,N400_noise0p2,400,0.2,6,Estimate-then-optimise unconstrained empirical-transition support top3,EtO,478.0662967408549,421.9223253169368,478.38659087731315,0.9943274895497266,0.0,0.7774717348178684,28.2865625,top3,,,,,,,,,,,,,,,
gate2E_family,N400_noise0p2,400,0.2,7,Behaviour cloning,BC,430.81937218401714,418.644374990045,476.3341035189663,0.2110427194655376,0.046875,0.8236082391827856,47.3425,none,,,,,,,,,,,,,,,
gate2E_family,N400_noise0p2,400,0.2,7,Behaviour cloning support top3,BC,428.6428915100734,418.644374990045,476.3341035189663,0.17331536783044357,0.0,0.8624394007349362,52.891875,top3,,,,,,,,,,,,,,,
gate2E_family,N400_noise0p2,400,0.2,7,Estimate-then-optimise structured,EtO,177.01451285442752,418.644374990045,476.3341035189663,-4.188438189902079,0.82375,0.19181705008854444,3.905,none,,,,,,,,,,,,,,,
gate2E_family,N400_noise0p2,400,0.2,7,Estimate-then-optimise structured support top3,EtO,474.5316272387476,418.644374990045,476.3341035189663,0.9687556810166812,0.0,0.7452080487183922,24.61125,top3,,,,,,,,,,,,,,,
gate2E_family,N400_noise0p2,400,0.2,7,Estimate-then-optimise structured learned-transition,EtO,161.889817251106,418.644374990045,476.3341035189663,-4.450611300939325,0.8978125,0.12280651993041374,1.0834375,none,,,,,,,,,,,,,,,
gate2E_family,N400_noise0p2,400,0.2,7,Estimate-then-optimise structured learned-transition support top3,EtO,447.5445245385474,418.644374990045,476.3341035189663,0.500958321098947,0.0,0.7913292206543318,50.5640625,top3,,,,,,,,,,,,,,,
gate2E_family,N400_noise0p2,400,0.2,7,Estimate-then-optimise structured empirical-transition,EtO,231.43710449123958,418.644374990045,476.3341035189663,-3.2450710945008816,0.8015625,0.14730562109656348,3.4171875,none,,,,,,,,,,,,,,,
gate2E_family,N400_noise0p2,400,0.2,7,Estimate-then-optimise structured empirical-transition support top3,EtO,467.56440528088916,418.644374990045,476.3341035189663,0.8479851013048075,0.0,0.7256363543956607,26.5434375,top3,,,,,,,,,,,,,,,
gate2E_family,N400_noise0p2,400,0.2,7,Estimate-then-optimise unconstrained,EtO,461.7831386030285,418.644374990045,476.3341035189663,0.7477719988118328,0.575,0.3592365384615385,9.5903125,none,,,,,,,,,,,,,,,
gate2E_family,N400_noise0p2,400,0.2,7,Estimate-then-optimise unconstrained support top3,EtO,475.8989498818649,418.644374990045,476.3341035189663,0.992456999743321,0.0,0.7509812823040951,26.1415625,top3,,,,,,,,,,,,,,,
gate2E_family,N400_noise0p2,400,0.2,7,Estimate-then-optimise unconstrained learned-transition,EtO,454.3569179116859,418.644374990045,476.3341035189663,0.6190450853610333,0.4496875,0.45424666406684566,17.2921875,none,,,,,,,,,,,,,,,
gate2E_family,N400_noise0p2,400,0.2,7,Estimate-then-optimise unconstrained learned-transition support top3,EtO,472.3302090075852,418.644374990045,476.3341035189663,0.9305960590649369,0.0,0.7215938469796334,29.69,top3,,,,,,,,,,,,,,,
gate2E_family,N400_noise0p2,400,0.2,7,Estimate-then-optimise unconstrained empirical-transition,EtO,409.03605140003725,418.644374990045,476.3341035189663,-0.16655172133789528,0.70375,0.15824340220074817,3.825,none,,,,,,,,,,,,,,,
gate2E_family,N400_noise0p2,400,0.2,7,Estimate-then-optimise unconstrained empirical-transition support top3,EtO,475.8989498818649,418.644374990045,476.3341035189663,0.992456999743321,0.0,0.7509812823040951,26.1415625,top3,,,,,,,,,,,,,,,
gate2E_family,N400_noise0p2,400,0.2,8,Behaviour cloning,BC,448.2196181482966,422.931340639083,479.95114040875427,0.44349993530956605,0.049375,0.7775206517334372,39.5246875,none,,,,,,,,,,,,,,,
gate2E_family,N400_noise0p2,400,0.2,8,Behaviour cloning support top3,BC,442.56871795591053,422.931340639083,479.95114040875427,0.34439576070333083,0.0,0.8340621241499098,56.0159375,top3,,,,,,,,,,,,,,,
gate2E_family,N400_noise0p2,400,0.2,8,Estimate-then-optimise structured,EtO,188.51108374851282,422.931340639083,479.95114040875427,-4.111207998581183,0.8596875,0.1617223956414938,2.86875,none,,,,,,,,,,,,,,,
gate2E_family,N400_noise0p2,400,0.2,8,Estimate-then-optimise structured support top3,EtO,474.7381089126387,422.931340639083,479.95114040875427,0.9085750648516246,0.0,0.7446129238533448,30.23875,top3,,,,,,,,,,,,,,,
gate2E_family,N400_noise0p2,400,0.2,8,Estimate-then-optimise structured learned-transition,EtO,177.91785260319548,422.931340639083,479.95114040875427,-4.296989625105797,0.901875,0.12373807355793975,1.3103125,none,,,,,,,,,,,,,,,
gate2E_family,N400_noise0p2,400,0.2,8,Estimate-then-optimise structured learned-transition support top3,EtO,450.6854112011291,422.931340639083,479.95114040875427,0.48674444095134245,0.0,0.7762159805730903,49.215,top3,,,,,,,,,,,,,,,
gate2E_family,N400_noise0p2,400,0.2,8,Estimate-then-optimise structured empirical-transition,EtO,242.18639461250208,422.931340639083,479.95114040875427,-3.169862867928181,0.8546875,0.10755722870032364,2.65375,none,,,,,,,,,,,,,,,
gate2E_family,N400_noise0p2,400,0.2,8,Estimate-then-optimise structured empirical-transition support top3,EtO,478.1462228658184,422.931340639083,479.95114040875427,0.9683457754985682,0.0,0.780130458971607,31.1625,top3,,,,,,,,,,,,,,,
gate2E_family,N400_noise0p2,400,0.2,8,Estimate-then-optimise unconstrained,EtO,453.32385663355205,422.931340639083,479.95114040875427,0.5330168839111706,0.8771875,0.09558850644276724,2.2265625,none,,,,,,,,,,,,,,,
gate2E_family,N400_noise0p2,400,0.2,8,Estimate-then-optimise unconstrained support top3,EtO,477.75847407868815,422.931340639083,479.95114040875427,0.9615455273620166,0.0,0.7598442799338074,31.9934375,top3,,,,,,,,,,,,,,,
gate2E_family,N400_noise0p2,400,0.2,8,Estimate-then-optimise unconstrained learned-transition,EtO,436.9369906566919,422.931340639083,479.95114040875427,0.245627835842708,0.59,0.3255848329914685,9.7425,none,,,,,,,,,,,,,,,
gate2E_family,N400_noise0p2,400,0.2,8,Estimate-then-optimise unconstrained learned-transition support top3,EtO,477.17919831693257,422.931340639083,479.95114040875427,0.9513863236451404,0.0,0.7553419461619852,32.5996875,top3,,,,,,,,,,,,,,,
gate2E_family,N400_noise0p2,400,0.2,8,Estimate-then-optimise unconstrained empirical-transition,EtO,411.5248319346662,422.931340639083,479.95114040875427,-0.20004469939376826,0.7828125,0.15235348105414973,4.698125,none,,,,,,,,,,,,,,,
gate2E_family,N400_noise0p2,400,0.2,8,Estimate-then-optimise unconstrained empirical-transition support top3,EtO,479.47247140794263,422.931340639083,479.95114040875427,0.9916052142809131,0.0,0.7844871370766646,31.1778125,top3,,,,,,,,,,,,,,,
gate2E_family,N400_noise0p2,400,0.2,9,Behaviour cloning,BC,442.4718783995957,423.45525105741876,479.20761072352025,0.3410909862123634,0.0503125,0.7912891989747921,41.1675,none,,,,,,,,,,,,,,,
gate2E_family,N400_noise0p2,400,0.2,9,Behaviour cloning support top3,BC,439.13941001403595,423.45525105741876,479.20761072352025,0.28131829846393847,0.0,0.8513594640492846,50.13875,top3,,,,,,,,,,,,,,,
gate2E_family,N400_noise0p2,400,0.2,9,Estimate-then-optimise structured,EtO,177.09556962914058,423.45525105741876,479.20761072352025,-4.418820708284203,0.854375,0.16889594723353085,2.92125,none,,,,,,,,,,,,,,,
gate2E_family,N400_noise0p2,400,0.2,9,Estimate-then-optimise structured support top3,EtO,477.2924348814012,423.45525105741876,479.20761072352025,0.9656485240519158,0.0,0.7701952868659725,28.90875,top3,,,,,,,,,,,,,,,
gate2E_family,N400_noise0p2,400,0.2,9,Estimate-then-optimise structured learned-transition,EtO,162.27544912789605,423.45525105741876,479.20761072352025,-4.684641215075334,0.9153125,0.13229220443985543,1.0328125,none,,,,,,,,,,,,,,,
gate2E_family,N400_noise0p2,400,0.2,9,Estimate-then-optimise structured learned-transition support top3,EtO,450.01591282355514,423.45525105741876,479.20761072352025,0.4764042620833818,0.0,0.7958586786357751,46.5690625,top3,,,,,,,,,,,,,,,
gate2E_family,N400_noise0p2,400,0.2,9,Estimate-then-optimise structured empirical-transition,EtO,233.09780090696245,423.45525105741876,479.20761072352025,-3.4143388959767624,0.8096875,0.16056776670078798,3.7084375,none,,,,,,,,,,,,,,,
gate2E_family,N400_noise0p2,400,0.2,9,Estimate-then-optimise structured empirical-transition support top3,EtO,468.43625477086186,423.45525105741876,479.20761072352025,0.8067999988311243,0.0,0.7415345102998772,31.57875,top3,,,,,,,,,,,,,,,
gate2E_family,N400_noise0p2,400,0.2,9,Estimate-then-optimise unconstrained,EtO,464.7359933230868,423.45525105741876,479.20761072352025,0.7404304053298668,0.5571875,0.3760064935719457,11.4615625,none,,,,,,,,,,,,,,,
gate2E_family,N400_noise0p2,400,0.2,9,Estimate-then-optimise unconstrained support top3,EtO,478.8364192984169,423.45525105741876,479.20761072352025,0.9933421396452743,0.0,0.7714792068933136,28.64875,top3,,,,,,,,,,,,,,,
gate2E_family,N400_noise0p2,400,0.2,9,Estimate-then-optimise unconstrained learned-transition,EtO,465.296565241269,423.45525105741876,479.20761072352025,0.7504850814285902,0.518125,0.4205151123074911,15.7290625,none,,,,,,,,,,,,,,,
gate2E_family,N400_noise0p2,400,0.2,9,Estimate-then-optimise unconstrained learned-transition support top3,EtO,475.5909357149644,423.45525105741876,479.20761072352025,0.9351296513687323,0.0,0.7322538667170694,28.9475,top3,,,,,,,,,,,,,,,
gate2E_family,N400_noise0p2,400,0.2,9,Estimate-then-optimise unconstrained empirical-transition,EtO,412.90589450583155,423.45525105741876,479.20761072352025,-0.18921811766832575,0.650625,0.27668304045624365,4.6471875,none,,,,,,,,,,,,,,,
gate2E_family,N400_noise0p2,400,0.2,9,Estimate-then-optimise unconstrained empirical-transition support top3,EtO,478.8364192984169,423.45525105741876,479.20761072352025,0.9933421396452743,0.0,0.7714792068933136,28.64875,top3,,,,,,,,,,,,,,,
gate2E_family,N400_noise0p5,400,0.5,0,Behaviour cloning,BC,443.94358298679435,421.48917105942843,479.2131268458336,0.3889964161578523,0.06125,0.7597317446435388,37.631875,none,,,,,,,,,,,,,,,
gate2E_family,N400_noise0p5,400,0.5,0,Behaviour cloning support top3,BC,440.03075330688625,421.48917105942843,479.2131268458336,0.3212112197588621,0.0,0.8335514963531386,49.6815625,top3,,,,,,,,,,,,,,,
gate2E_family,N400_noise0p5,400,0.5,0,Estimate-then-optimise structured,EtO,171.64407150483618,421.48917105942843,479.2131268458336,-4.328274044126312,0.8740625,0.15284161335899035,2.965,none,,,,,,,,,,,,,,,
gate2E_family,N400_noise0p5,400,0.5,0,Estimate-then-optimise structured support top3,EtO,474.8484732534956,421.48917105942843,479.2131268458336,0.9243874829284326,0.0,0.7194098777527879,23.65375,top3,,,,,,,,,,,,,,,
gate2E_family,N400_noise0p5,400,0.5,0,Estimate-then-optimise structured learned-transition,EtO,155.67996974878506,421.48917105942843,479.2131268458336,-4.604833429888487,0.899375,0.11182899751978699,1.29625,none,,,,,,,,,,,,,,,
gate2E_family,N400_noise0p5,400,0.5,0,Estimate-then-optimise structured learned-transition support top3,EtO,449.738040102149,421.48917105942843,479.2131268458336,0.48937860647058423,0.0,0.798291179512454,46.015,top3,,,,,,,,,,,,,,,
gate2E_family,N400_noise0p5,400,0.5,0,Estimate-then-optimise structured empirical-transition,EtO,235.95223751377233,421.48917105942843,479.2131268458336,-3.214210305201446,0.79125,0.17612462902954054,4.5928125,none,,,,,,,,,,,,,,,
gate2E_family,N400_noise0p5,400,0.5,0,Estimate-then-optimise structured empirical-transition support top3,EtO,465.69934737827526,421.48917105942843,479.2131268458336,0.7658895811374553,0.0,0.6978288953579462,25.64875,top3,,,,,,,,,,,,,,,
gate2E_family,N400_noise0p5,400,0.5,0,Estimate-then-optimise unconstrained,EtO,464.8643153013548,421.48917105942843,479.2131268458336,0.7514236273485236,0.573125,0.369304967948718,10.040625,none,,,,,,,,,,,,,,,
gate2E_family,N400_noise0p5,400,0.5,0,Estimate-then-optimise unconstrained support top3,EtO,477.12883761415395,421.48917105942843,479.2131268458336,0.9638921275701878,0.0,0.7613896015382181,27.540625,top3,,,,,,,,,,,,,,,
gate2E_family,N400_noise0p5,400,0.5,0,Estimate-then-optimise unconstrained learned-transition,EtO,467.12254646777467,421.48917105942843,479.2131268458336,0.7905448402947737,0.446875,0.46472724381715264,17.17375,none,,,,,,,,,,,,,,,
gate2E_family,N400_noise0p5,400,0.5,0,Estimate-then-optimise unconstrained learned-transition support top3,EtO,468.4530016932999,421.48917105942843,479.2131268458336,0.8135934205141937,0.0,0.7512941739617526,31.3709375,top3,,,,,,,,,,,,,,,
gate2E_family,N400_noise0p5,400,0.5,0,Estimate-then-optimise unconstrained empirical-transition,EtO,412.3719372974685,421.48917105942843,479.2131268458336,-0.1579454082408396,0.58375,0.2582218258196244,4.6825,none,,,,,,,,,,,,,,,
gate2E_family,N400_noise0p5,400,0.5,0,Estimate-then-optimise unconstrained empirical-transition support top3,EtO,477.12883761415395,421.48917105942843,479.2131268458336,0.9638921275701878,0.0,0.7613896015382181,27.540625,top3,,,,,,,,,,,,,,,
gate2E_family,N400_noise0p5,400,0.5,1,Behaviour cloning,BC,447.3834012671611,422.7909092428097,479.07216495487467,0.4369570599164785,0.060625,0.815958887983985,41.3615625,none,,,,,,,,,,,,,,,
gate2E_family,N400_noise0p5,400,0.5,1,Behaviour cloning support top3,BC,440.2454052044166,422.7909092428097,479.07216495487467,0.3101298245885659,0.0,0.872554773686461,53.495625,top3,,,,,,,,,,,,,,,
gate2E_family,N400_noise0p5,400,0.5,1,Estimate-then-optimise structured,EtO,172.19539277394986,422.7909092428097,479.07216495487467,-4.452557308794014,0.8453125,0.1937338887976714,3.0746875,none,,,,,,,,,,,,,,,
gate2E_family,N400_noise0p5,400,0.5,1,Estimate-then-optimise structured support top3,EtO,473.8543127734805,422.7909092428097,479.07216495487467,0.9072896985794221,0.0,0.7427625268596404,24.8046875,top3,,,,,,,,,,,,,,,
gate2E_family,N400_noise0p5,400,0.5,1,Estimate-then-optimise structured learned-transition,EtO,156.02769391919182,422.7909092428097,479.07216495487467,-4.739823444742934,0.8453125,0.21618133715816873,2.713125,none,,,,,,,,,,,,,,,
gate2E_family,N400_noise0p5,400,0.5,1,Estimate-then-optimise structured learned-transition support top3,EtO,448.4384856908128,422.7909092428097,479.07216495487467,0.4557036996334298,0.0,0.8048365171738283,48.76375,top3,,,,,,,,,,,,,,,
gate2E_family,N400_noise0p5,400,0.5,1,Estimate-then-optimise structured empirical-transition,EtO,230.45132924367223,422.7909092428097,479.07216495487467,-3.417471368854083,0.815,0.14946090174086535,3.3753125,none,,,,,,,,,,,,,,,
gate2E_family,N400_noise0p5,400,0.5,1,Estimate-then-optimise structured empirical-transition support top3,EtO,460.5218588614113,422.7909092428097,479.07216495487467,0.6703999251834971,0.0,0.7122781210141129,28.8565625,top3,,,,,,,,,,,,,,,
gate2E_family,N400_noise0p5,400,0.5,1,Estimate-then-optimise unconstrained,EtO,452.3107332381088,422.7909092428097,479.07216495487467,0.5245054258618999,0.890625,0.08600796828863812,1.7740625,none,,,,,,,,,,,,,,,
gate2E_family,N400_noise0p5,400,0.5,1,Estimate-then-optimise unconstrained support top3,EtO,477.72220495859,422.7909092428097,479.07216495487467,0.9760140391466909,0.0,0.7439027432273484,26.3321875,top3,,,,,,,,,,,,,,,
gate2E_family,N400_noise0p5,400,0.5,1,Estimate-then-optimise unconstrained learned-transition,EtO,425.2890854790366,422.7909092428097,479.07216495487467,0.044387357826690996,0.883125,0.1067407239477065,2.490625,none,,,,,,,,,,,,,,,
gate2E_family,N400_noise0p5,400,0.5,1,Estimate-then-optimise unconstrained learned-transition support top3,EtO,475.41318025350716,422.7909092428097,479.07216495487467,0.9349875077399326,0.0,0.7164459115537647,27.6446875,top3,,,,,,,,,,,,,,,
gate2E_family,N400_noise0p5,400,0.5,1,Estimate-then-optimise unconstrained empirical-transition,EtO,430.29085827526217,422.7909092428097,479.07216495487467,0.13325838127745843,0.5515625,0.3221229897063116,12.6246875,none,,,,,,,,,,,,,,,
gate2E_family,N400_noise0p5,400,0.5,1,Estimate-then-optimise unconstrained empirical-transition support top3,EtO,478.78931509075875,422.7909092428097,479.07216495487467,0.9949743505091113,0.0,0.7572742029223375,25.2321875,top3,,,,,,,,,,,,,,,
gate2E_family,N400_noise0p5,400,0.5,2,Behaviour cloning,BC,432.8805463964332,417.1824539201058,474.5590275047475,0.27359759385369437,0.0,0.865826996269132,56.9390625,none,,,,,,,,,,,,,,,
gate2E_family,N400_noise0p5,400,0.5,2,Behaviour cloning support top3,BC,432.8805463964332,417.1824539201058,474.5590275047475,0.27359759385369437,0.0,0.865826996269132,56.9390625,top3,,,,,,,,,,,,,,,
gate2E_family,N400_noise0p5,400,0.5,2,Estimate-then-optimise structured,EtO,177.96222073894694,417.1824539201058,474.5590275047475,-4.169301480302966,0.848125,0.17222135830626395,2.884375,none,,,,,,,,,,,,,,,
gate2E_family,N400_noise0p5,400,0.5,2,Estimate-then-optimise structured support top3,EtO,471.2035447512602,417.1824539201058,474.5590275047475,0.9415182444009608,0.0,0.7182395165709682,22.371875,top3,,,,,,,,,,,,,,,
gate2E_family,N400_noise0p5,400,0.5,2,Estimate-then-optimise structured learned-transition,EtO,158.57270879526877,417.1824539201058,474.5590275047475,-4.507235775300119,0.9121875,0.11546065638592329,1.1178125,none,,,,,,,,,,,,,,,
gate2E_family,N400_noise0p5,400,0.5,2,Estimate-then-optimise structured learned-transition support top3,EtO,445.5035401104167,417.1824539201058,474.5590275047475,0.49360016503132104,0.0,0.7924925544934512,46.4659375,top3,,,,,,,,,,,,,,,
gate2E_family,N400_noise0p5,400,0.5,2,Estimate-then-optimise structured empirical-transition,EtO,235.26110913169603,417.1824539201058,474.5590275047475,-3.170655433441664,0.7796875,0.17431322525780965,3.98875,none,,,,,,,,,,,,,,,
gate2E_family,N400_noise0p5,400,0.5,2,Estimate-then-optimise structured empirical-transition support top3,EtO,464.30982965708796,417.1824539201058,474.5590275047475,0.8213696425677985,0.0,0.68787281281366,25.1171875,top3,,,,,,,,,,,,,,,
gate2E_family,N400_noise0p5,400,0.5,2,Estimate-then-optimise unconstrained,EtO,441.35549082235985,417.1824539201058,474.5590275047475,0.4213049924738724,0.9559375,0.02329075882794891,0.408125,none,,,,,,,,,,,,,,,
gate2E_family,N400_noise0p5,400,0.5,2,Estimate-then-optimise unconstrained support top3,EtO,468.6100943753516,417.1824539201058,474.5590275047475,0.8963177346130633,0.0,0.7338305298141212,29.653125,top3,,,,,,,,,,,,,,,
gate2E_family,N400_noise0p5,400,0.5,2,Estimate-then-optimise unconstrained learned-transition,EtO,419.91913507435703,417.1824539201058,474.5590275047475,0.047696838330962735,0.87125,0.08342665173572228,1.0884375,none,,,,,,,,,,,,,,,
gate2E_family,N400_noise0p5,400,0.5,2,Estimate-then-optimise unconstrained learned-transition support top3,EtO,459.0015963810254,417.1824539201058,474.5590275047475,0.7288539528981837,0.0,0.7357998938876963,27.96375,top3,,,,,,,,,,,,,,,
gate2E_family,N400_noise0p5,400,0.5,2,Estimate-then-optimise unconstrained empirical-transition,EtO,416.6397956064105,417.1824539201058,474.5590275047475,-0.009457837577121696,0.6296875,0.28530848435546313,9.6928125,none,,,,,,,,,,,,,,,
gate2E_family,N400_noise0p5,400,0.5,2,Estimate-then-optimise unconstrained empirical-transition support top3,EtO,474.1891469132113,417.1824539201058,474.5590275047475,0.9935534562552679,0.0,0.7578083807427345,25.62375,top3,,,,,,,,,,,,,,,
gate2E_family,N400_noise0p5,400,0.5,3,Behaviour cloning,BC,434.5878796136414,423.10474053664757,479.3865548020198,0.20402929839557274,0.0,0.8780521561259111,50.8625,none,,,,,,,,,,,,,,,
gate2E_family,N400_noise0p5,400,0.5,3,Behaviour cloning support top3,BC,434.5878796136414,423.10474053664757,479.3865548020198,0.20402929839557274,0.0,0.8780521561259111,50.8625,top3,,,,,,,,,,,,,,,
gate2E_family,N400_noise0p5,400,0.5,3,Estimate-then-optimise structured,EtO,174.67898176751203,423.10474053664757,479.3865548020198,-4.413961454721283,0.8584375,0.16109461251443433,3.0903125,none,,,,,,,,,,,,,,,
gate2E_family,N400_noise0p5,400,0.5,3,Estimate-then-optimise structured support top3,EtO,475.75798788457365,423.10474053664757,479.3865548020198,0.9355286078672367,0.0,0.7153980335584782,23.7059375,top3,,,,,,,,,,,,,,,
gate2E_family,N400_noise0p5,400,0.5,3,Estimate-then-optimise structured learned-transition,EtO,162.76554901725376,423.10474053664757,479.3865548020198,-4.625636094314202,0.91625,0.08333887946047275,0.80875,none,,,,,,,,,,,,,,,
gate2E_family,N400_noise0p5,400,0.5,3,Estimate-then-optimise structured learned-transition support top3,EtO,450.99617070599254,423.10474053664757,479.3865548020198,0.4955673610277584,0.0,0.7882048940217876,47.1975,top3,,,,,,,,,,,,,,,
gate2E_family,N400_noise0p5,400,0.5,3,Estimate-then-optimise structured empirical-transition,EtO,229.7759995494143,423.10474053664757,479.3865548020198,-3.435012597065124,0.8121875,0.140047919240996,3.7515625,none,,,,,,,,,,,,,,,
gate2E_family,N400_noise0p5,400,0.5,3,Estimate-then-optimise structured empirical-transition support top3,EtO,467.1008548368658,423.10474053664757,479.3865548020198,0.7817110175726355,0.0,0.7051145545159039,26.7025,top3,,,,,,,,,,,,,,,
gate2E_family,N400_noise0p5,400,0.5,3,Estimate-then-optimise unconstrained,EtO,463.9920399018562,423.10474053664757,479.3865548020198,0.7264744375940415,0.595625,0.3556194412415425,11.88125,none,,,,,,,,,,,,,,,
gate2E_family,N400_noise0p5,400,0.5,3,Estimate-then-optimise unconstrained support top3,EtO,478.1101838807309,423.10474053664757,479.3865548020198,0.9773217878998937,0.0,0.7741818144012818,28.6175,top3,,,,,,,,,,,,,,,
gate2E_family,N400_noise0p5,400,0.5,3,Estimate-then-optimise unconstrained learned-transition,EtO,463.5469221010077,423.10474053664757,479.3865548020198,0.7185657053213089,0.5153125,0.42517970665046084,17.22875,none,,,,,,,,,,,,,,,
gate2E_family,N400_noise0p5,400,0.5,3,Estimate-then-optimise unconstrained learned-transition support top3,EtO,473.8890895702298,423.10474053664757,479.3865548020198,0.9023225298696111,0.0,0.712896618988797,28.3009375,top3,,,,,,,,,,,,,,,
gate2E_family,N400_noise0p5,400,0.5,3,Estimate-then-optimise unconstrained empirical-transition,EtO,412.6745849276153,423.10474053664757,479.3865548020198,-0.1853201739349313,0.66,0.2617160688635254,4.3190625,none,,,,,,,,,,,,,,,
gate2E_family,N400_noise0p5,400,0.5,3,Estimate-then-optimise unconstrained empirical-transition support top3,EtO,478.1101838807309,423.10474053664757,479.3865548020198,0.9773217878998937,0.0,0.7741818144012818,28.6175,top3,,,,,,,,,,,,,,,
gate2E_family,N400_noise0p5,400,0.5,4,Behaviour cloning,BC,444.9957918116728,427.25459431293825,483.248496641775,0.3168415981180486,0.0259375,0.8606825156432268,43.735625,none,,,,,,,,,,,,,,,
gate2E_family,N400_noise0p5,400,0.5,4,Behaviour cloning support top3,BC,446.4763118228693,427.25459431293825,483.248496641775,0.3432823345129123,0.0,0.8770662986163209,45.9403125,top3,,,,,,,,,,,,,,,
gate2E_family,N400_noise0p5,400,0.5,4,Estimate-then-optimise structured,EtO,182.81133773211107,427.25459431293825,483.248496641775,-4.365533503010371,0.8534375,0.1829328983715653,3.3109375,none,,,,,,,,,,,,,,,
gate2E_family,N400_noise0p5,400,0.5,4,Estimate-then-optimise structured support top3,EtO,477.67937803699476,427.25459431293825,483.248496641775,0.9005406236544415,0.0,0.7425797094315434,25.366875,top3,,,,,,,,,,,,,,,
gate2E_family,N400_noise0p5,400,0.5,4,Estimate-then-optimise structured learned-transition,EtO,165.6386933535642,427.25459431293825,483.248496641775,-4.672221261218339,0.9078125,0.11714837392532607,1.2665625,none,,,,,,,,,,,,,,,
gate2E_family,N400_noise0p5,400,0.5,4,Estimate-then-optimise structured learned-transition support top3,EtO,453.0588392502509,427.25459431293825,483.248496641775,0.460840267673638,0.0,0.8101060242480165,45.0078125,top3,,,,,,,,,,,,,,,
gate2E_family,N400_noise0p5,400,0.5,4,Estimate-then-optimise structured empirical-transition,EtO,247.2975875981769,427.25459431293825,483.248496641775,-3.213867925438087,0.82875,0.13191852178623212,3.285,none,,,,,,,,,,,,,,,
gate2E_family,N400_noise0p5,400,0.5,4,Estimate-then-optimise structured empirical-transition support top3,EtO,467.9412361287698,427.25459431293825,483.248496641775,0.7266262954292795,0.0,0.7182483148201476,27.85125,top3,,,,,,,,,,,,,,,
gate2E_family,N400_noise0p5,400,0.5,4,Estimate-then-optimise unconstrained,EtO,450.5854981294859,427.25459431293825,483.248496641775,0.4166686522316612,0.9321875,0.041777792273273794,1.040625,none,,,,,,,,,,,,,,,
gate2E_family,N400_noise0p5,400,0.5,4,Estimate-then-optimise unconstrained support top3,EtO,481.0729429629147,427.25459431293825,483.248496641775,0.9611465965332462,0.0,0.7359903353793195,30.484375,top3,,,,,,,,,,,,,,,
gate2E_family,N400_noise0p5,400,0.5,4,Estimate-then-optimise unconstrained learned-transition,EtO,425.76223065125305,427.25459431293825,483.248496641775,-0.026652253185015826,0.89125,0.1092920353982301,2.0696875,none,,,,,,,,,,,,,,,
gate2E_family,N400_noise0p5,400,0.5,4,Estimate-then-optimise unconstrained learned-transition support top3,EtO,481.0729429629147,427.25459431293825,483.248496641775,0.9611465965332462,0.0,0.7359903353793195,30.484375,top3,,,,,,,,,,,,,,,
gate2E_family,N400_noise0p5,400,0.5,4,Estimate-then-optimise unconstrained empirical-transition,EtO,424.1484214295352,427.25459431293825,483.248496641775,-0.055473413250631834,0.6725,0.2303870712659604,9.3546875,none,,,,,,,,,,,,,,,
gate2E_family,N400_noise0p5,400,0.5,4,Estimate-then-optimise unconstrained empirical-transition support top3,EtO,482.79158532281843,427.25459431293825,483.248496641775,0.991839980784457,0.0,0.7632197634681226,27.671875,top3,,,,,,,,,,,,,,,
gate2E_family,N400_noise0p5,400,0.5,5,Behaviour cloning,BC,439.6069509714236,420.5620190232593,478.5366511066638,0.3285045762906357,0.0634375,0.7941630738928009,37.256875,none,,,,,,,,,,,,,,,
gate2E_family,N400_noise0p5,400,0.5,5,Behaviour cloning support top3,BC,432.17615990537183,420.5620190232593,478.5366511066638,0.20033142884639568,0.0,0.8558146296129542,43.5771875,top3,,,,,,,,,,,,,,,
gate2E_family,N400_noise0p5,400,0.5,5,Estimate-then-optimise structured,EtO,172.37236369253117,420.5620190232593,478.5366511066638,-4.28100440505898,0.86,0.17472669398075724,3.2225,none,,,,,,,,,,,,,,,
gate2E_family,N400_noise0p5,400,0.5,5,Estimate-then-optimise structured support top3,EtO,473.0682703276236,420.5620190232593,478.5366511066638,0.9056763176836872,0.0,0.7121569023161477,24.2896875,top3,,,,,,,,,,,,,,,
gate2E_family,N400_noise0p5,400,0.5,5,Estimate-then-optimise structured learned-transition,EtO,158.74685933140645,420.5620190232593,478.5366511066638,-4.516029688902481,0.8896875,0.13152408290069498,1.789375,none,,,,,,,,,,,,,,,
gate2E_family,N400_noise0p5,400,0.5,5,Estimate-then-optimise structured learned-transition support top3,EtO,450.4593596303553,420.5620190232593,478.5366511066638,0.5156969442097463,0.0,0.7938931987129927,44.6375,top3,,,,,,,,,,,,,,,
gate2E_family,N400_noise0p5,400,0.5,5,Estimate-then-optimise structured empirical-transition,EtO,235.07527498325362,420.5620190232593,478.5366511066638,-3.1994466782153546,0.790625,0.17545999645784738,4.7746875,none,,,,,,,,,,,,,,,
gate2E_family,N400_noise0p5,400,0.5,5,Estimate-then-optimise structured empirical-transition support top3,EtO,464.9799325116817,420.5620190232593,478.5366511066638,0.7661611965819998,0.0,0.7072302042552533,30.7815625,top3,,,,,,,,,,,,,,,
gate2E_family,N400_noise0p5,400,0.5,5,Estimate-then-optimise unconstrained,EtO,463.93578671137107,420.5620190232593,478.5366511066638,0.748150805436982,0.545625,0.39768399806194155,14.0190625,none,,,,,,,,,,,,,,,
gate2E_family,N400_noise0p5,400,0.5,5,Estimate-then-optimise unconstrained support top3,EtO,477.8710022823751,420.5620190232593,478.5366511066638,0.9885182742801879,0.0,0.7885787452858253,30.83625,top3,,,,,,,,,,,,,,,
gate2E_family,N400_noise0p5,400,0.5,5,Estimate-then-optimise unconstrained learned-transition,EtO,460.58108171426187,420.5620190232593,478.5366511066638,0.6902857552149643,0.4009375,0.5332067672213164,20.4696875,none,,,,,,,,,,,,,,,
gate2E_family,N400_noise0p5,400,0.5,5,Estimate-then-optimise unconstrained learned-transition support top3,EtO,468.8842576058743,420.5620190232593,478.5366511066638,0.8335066018719504,0.0,0.7231695061834551,32.795625,top3,,,,,,,,,,,,,,,
gate2E_family,N400_noise0p5,400,0.5,5,Estimate-then-optimise unconstrained empirical-transition,EtO,411.1747253069505,420.5620190232593,478.5366511066638,-0.1619207121970849,0.5796875,0.27782866983919596,5.235625,none,,,,,,,,,,,,,,,
gate2E_family,N400_noise0p5,400,0.5,5,Estimate-then-optimise unconstrained empirical-transition support top3,EtO,477.8710022823751,420.5620190232593,478.5366511066638,0.9885182742801879,0.0,0.7885787452858253,30.83625,top3,,,,,,,,,,,,,,,
gate2E_family,N400_noise0p5,400,0.5,6,Behaviour cloning,BC,460.15678912230373,421.9223253169368,478.38659087731315,0.6771444457111272,0.1284375,0.7034325429477772,46.33,none,,,,,,,,,,,,,,,
gate2E_family,N400_noise0p5,400,0.5,6,Behaviour cloning support top3,BC,458.8425182225564,421.9223253169368,478.38659087731315,0.6538682924360616,0.0,0.8311478081740579,43.661875,top3,,,,,,,,,,,,,,,
gate2E_family,N400_noise0p5,400,0.5,6,Estimate-then-optimise structured,EtO,185.24772770795695,421.9223253169368,478.38659087731315,-4.191581972423025,0.84625,0.1716039088026723,3.3703125,none,,,,,,,,,,,,,,,
gate2E_family,N400_noise0p5,400,0.5,6,Estimate-then-optimise structured support top3,EtO,466.6458296481869,421.9223253169368,478.38659087731315,0.7920674055952783,0.0,0.7160554101474923,31.1440625,top3,,,,,,,,,,,,,,,
gate2E_family,N400_noise0p5,400,0.5,6,Estimate-then-optimise structured learned-transition,EtO,188.58984514814608,421.9223253169368,478.38659087731315,-4.132392015606612,0.8575,0.15498528468520478,2.9178125,none,,,,,,,,,,,,,,,
gate2E_family,N400_noise0p5,400,0.5,6,Estimate-then-optimise structured learned-transition support top3,EtO,449.60917939901725,421.9223253169368,478.38659087731315,0.49034294181114135,0.0,0.7326254811803196,43.43875,top3,,,,,,,,,,,,,,,
gate2E_family,N400_noise0p5,400,0.5,6,Estimate-then-optimise structured empirical-transition,EtO,239.993255110265,421.9223253169368,478.38659087731315,-3.2220213687564545,0.8628125,0.09722505061145094,2.5025,none,,,,,,,,,,,,,,,
gate2E_family,N400_noise0p5,400,0.5,6,Estimate-then-optimise structured empirical-transition support top3,EtO,476.8833550386058,421.9223253169368,478.38659087731315,0.9733772178954504,0.0,0.7646558942167927,27.383125,top3,,,,,,,,,,,,,,,
gate2E_family,N400_noise0p5,400,0.5,6,Estimate-then-optimise unconstrained,EtO,448.058099162675,421.9223253169368,478.38659087731315,0.46287282029359983,0.6721875,0.3358599204934139,9.7415625,none,,,,,,,,,,,,,,,
gate2E_family,N400_noise0p5,400,0.5,6,Estimate-then-optimise unconstrained support top3,EtO,478.0662967408549,421.9223253169368,478.38659087731315,0.9943274895497266,0.0,0.7774717348178684,28.2865625,top3,,,,,,,,,,,,,,,
gate2E_family,N400_noise0p5,400,0.5,6,Estimate-then-optimise unconstrained learned-transition,EtO,430.5563511081621,421.9223253169368,478.38659087731315,0.1529113272888159,0.52875,0.47398081507533707,15.53375,none,,,,,,,,,,,,,,,
gate2E_family,N400_noise0p5,400,0.5,6,Estimate-then-optimise unconstrained learned-transition support top3,EtO,466.7997288560902,421.9223253169368,478.38659087731315,0.7947930092381474,0.0,0.7594310723855489,33.486875,top3,,,,,,,,,,,,,,,
gate2E_family,N400_noise0p5,400,0.5,6,Estimate-then-optimise unconstrained empirical-transition,EtO,411.1910655565131,421.9223253169368,478.38659087731315,-0.1900540041373414,0.651875,0.2721102802453388,4.738125,none,,,,,,,,,,,,,,,
gate2E_family,N400_noise0p5,400,0.5,6,Estimate-then-optimise unconstrained empirical-transition support top3,EtO,478.0662967408549,421.9223253169368,478.38659087731315,0.9943274895497266,0.0,0.7774717348178684,28.2865625,top3,,,,,,,,,,,,,,,
gate2E_family,N400_noise0p5,400,0.5,7,Behaviour cloning,BC,430.81937218401714,418.644374990045,476.3341035189663,0.2110427194655376,0.046875,0.8236082391827856,47.3425,none,,,,,,,,,,,,,,,
gate2E_family,N400_noise0p5,400,0.5,7,Behaviour cloning support top3,BC,428.6428915100734,418.644374990045,476.3341035189663,0.17331536783044357,0.0,0.8624394007349362,52.891875,top3,,,,,,,,,,,,,,,
gate2E_family,N400_noise0p5,400,0.5,7,Estimate-then-optimise structured,EtO,168.98516906090248,418.644374990045,476.3341035189663,-4.327619704502199,0.8871875,0.13208693757124657,1.96625,none,,,,,,,,,,,,,,,
gate2E_family,N400_noise0p5,400,0.5,7,Estimate-then-optimise structured support top3,EtO,474.5316272387476,418.644374990045,476.3341035189663,0.9687556810166812,0.0,0.7452080487183922,24.61125,top3,,,,,,,,,,,,,,,
gate2E_family,N400_noise0p5,400,0.5,7,Estimate-then-optimise structured learned-transition,EtO,155.62254941031313,418.644374990045,476.3341035189663,-4.5592488002066505,0.8978125,0.12280651993041374,1.0834375,none,,,,,,,,,,,,,,,
gate2E_family,N400_noise0p5,400,0.5,7,Estimate-then-optimise structured learned-transition support top3,EtO,447.5445245385474,418.644374990045,476.3341035189663,0.500958321098947,0.0,0.7913292206543318,50.5640625,top3,,,,,,,,,,,,,,,
gate2E_family,N400_noise0p5,400,0.5,7,Estimate-then-optimise structured empirical-transition,EtO,236.04058112020525,418.644374990045,476.3341035189663,-3.165273932226876,0.796875,0.15145292909741545,3.5578125,none,,,,,,,,,,,,,,,
gate2E_family,N400_noise0p5,400,0.5,7,Estimate-then-optimise structured empirical-transition support top3,EtO,470.5779346028422,418.644374990045,476.3341035189663,0.9002219448261339,0.0,0.7188232464993446,24.97625,top3,,,,,,,,,,,,,,,
gate2E_family,N400_noise0p5,400,0.5,7,Estimate-then-optimise unconstrained,EtO,444.64807070242136,418.644374990045,476.3341035189663,0.4507508767239229,0.9253125,0.03950254397164472,0.995625,none,,,,,,,,,,,,,,,
gate2E_family,N400_noise0p5,400,0.5,7,Estimate-then-optimise unconstrained support top3,EtO,475.8989498818649,418.644374990045,476.3341035189663,0.992456999743321,0.0,0.7509812823040951,26.1415625,top3,,,,,,,,,,,,,,,
gate2E_family,N400_noise0p5,400,0.5,7,Estimate-then-optimise unconstrained learned-transition,EtO,420.43559096800794,418.644374990045,476.3341035189663,0.031049131684940792,0.8746875,0.09514087382605145,1.6859375,none,,,,,,,,,,,,,,,
gate2E_family,N400_noise0p5,400,0.5,7,Estimate-then-optimise unconstrained learned-transition support top3,EtO,474.3031592649728,418.644374990045,476.3341035189663,0.9647953924245749,0.0,0.7309380510787987,27.6771875,top3,,,,,,,,,,,,,,,
gate2E_family,N400_noise0p5,400,0.5,7,Estimate-then-optimise unconstrained empirical-transition,EtO,409.03605140003725,418.644374990045,476.3341035189663,-0.16655172133789528,0.70375,0.15824340220074817,3.825,none,,,,,,,,,,,,,,,
gate2E_family,N400_noise0p5,400,0.5,7,Estimate-then-optimise unconstrained empirical-transition support top3,EtO,475.8989498818649,418.644374990045,476.3341035189663,0.992456999743321,0.0,0.7509812823040951,26.1415625,top3,,,,,,,,,,,,,,,
gate2E_family,N400_noise0p5,400,0.5,8,Behaviour cloning,BC,448.2196181482966,422.931340639083,479.95114040875427,0.44349993530956605,0.049375,0.7775206517334372,39.5246875,none,,,,,,,,,,,,,,,
gate2E_family,N400_noise0p5,400,0.5,8,Behaviour cloning support top3,BC,442.56871795591053,422.931340639083,479.95114040875427,0.34439576070333083,0.0,0.8340621241499098,56.0159375,top3,,,,,,,,,,,,,,,
gate2E_family,N400_noise0p5,400,0.5,8,Estimate-then-optimise structured,EtO,183.53492165182044,422.931340639083,479.95114040875427,-4.198478773238291,0.8596875,0.16047279337546622,2.6625,none,,,,,,,,,,,,,,,
gate2E_family,N400_noise0p5,400,0.5,8,Estimate-then-optimise structured support top3,EtO,477.8732176169082,422.931340639083,479.95114040875427,0.9635578728750414,0.0,0.7878109250708772,30.985625,top3,,,,,,,,,,,,,,,
gate2E_family,N400_noise0p5,400,0.5,8,Estimate-then-optimise structured learned-transition,EtO,161.36762063727275,422.931340639083,479.95114040875427,-4.587243747932896,0.915,0.132912182576344,1.1528125,none,,,,,,,,,,,,,,,
gate2E_family,N400_noise0p5,400,0.5,8,Estimate-then-optimise structured learned-transition support top3,EtO,450.6054861565542,422.931340639083,479.95114040875427,0.4853427340899055,0.0,0.794032086342321,50.475,top3,,,,,,,,,,,,,,,
gate2E_family,N400_noise0p5,400,0.5,8,Estimate-then-optimise structured empirical-transition,EtO,233.1437807718587,422.931340639083,479.95114040875427,-3.3284501284441874,0.8053125,0.16121751334006404,3.975625,none,,,,,,,,,,,,,,,
gate2E_family,N400_noise0p5,400,0.5,8,Estimate-then-optimise structured empirical-transition support top3,EtO,469.22111346375164,422.931340639083,479.95114040875427,0.8118192805245537,0.0,0.7579547990672367,32.590625,top3,,,,,,,,,,,,,,,
gate2E_family,N400_noise0p5,400,0.5,8,Estimate-then-optimise unconstrained,EtO,439.07381534538524,422.931340639083,479.95114040875427,0.28310297074891544,0.939375,0.03477900892662976,1.165,none,,,,,,,,,,,,,,,
gate2E_family,N400_noise0p5,400,0.5,8,Estimate-then-optimise unconstrained support top3,EtO,477.75847407868815,422.931340639083,479.95114040875427,0.9615455273620166,0.0,0.7598442799338074,31.9934375,top3,,,,,,,,,,,,,,,
gate2E_family,N400_noise0p5,400,0.5,8,Estimate-then-optimise unconstrained learned-transition,EtO,408.6365162457397,422.931340639083,479.95114040875427,-0.2506993088556348,0.8690625,0.14017295597484278,3.040625,none,,,,,,,,,,,,,,,
gate2E_family,N400_noise0p5,400,0.5,8,Estimate-then-optimise unconstrained learned-transition support top3,EtO,477.75847407868815,422.931340639083,479.95114040875427,0.9615455273620166,0.0,0.7598442799338074,31.9934375,top3,,,,,,,,,,,,,,,
gate2E_family,N400_noise0p5,400,0.5,8,Estimate-then-optimise unconstrained empirical-transition,EtO,427.29763710035803,422.931340639083,479.95114040875427,0.07657509284340698,0.8003125,0.12339511283561098,4.0571875,none,,,,,,,,,,,,,,,
gate2E_family,N400_noise0p5,400,0.5,8,Estimate-then-optimise unconstrained empirical-transition support top3,EtO,479.47247140794263,422.931340639083,479.95114040875427,0.9916052142809131,0.0,0.7844871370766646,31.1778125,top3,,,,,,,,,,,,,,,
gate2E_family,N400_noise0p5,400,0.5,9,Behaviour cloning,BC,442.4718783995957,423.45525105741876,479.20761072352025,0.3410909862123634,0.0503125,0.7912891989747921,41.1675,none,,,,,,,,,,,,,,,
gate2E_family,N400_noise0p5,400,0.5,9,Behaviour cloning support top3,BC,439.13941001403595,423.45525105741876,479.20761072352025,0.28131829846393847,0.0,0.8513594640492846,50.13875,top3,,,,,,,,,,,,,,,
gate2E_family,N400_noise0p5,400,0.5,9,Estimate-then-optimise structured,EtO,188.37429088659977,423.45525105741876,479.20761072352025,-4.2165203693387845,0.854375,0.15424721294464047,2.92125,none,,,,,,,,,,,,,,,
gate2E_family,N400_noise0p5,400,0.5,9,Estimate-then-optimise structured support top3,EtO,477.2924348814012,423.45525105741876,479.20761072352025,0.9656485240519158,0.0,0.7701952868659725,28.90875,top3,,,,,,,,,,,,,,,
gate2E_family,N400_noise0p5,400,0.5,9,Estimate-then-optimise structured learned-transition,EtO,183.17447064489355,423.45525105741876,479.20761072352025,-4.309786739997313,0.9053125,0.10974344862622241,1.1228125,none,,,,,,,,,,,,,,,
gate2E_family,N400_noise0p5,400,0.5,9,Estimate-then-optimise structured learned-transition support top3,EtO,450.01591282355514,423.45525105741876,479.20761072352025,0.4764042620833818,0.0,0.7958586786357751,46.5690625,top3,,,,,,,,,,,,,,,
gate2E_family,N400_noise0p5,400,0.5,9,Estimate-then-optimise structured empirical-transition,EtO,246.08970930960214,423.45525105741876,479.20761072352025,-3.1813100433784567,0.8340625,0.12288706413798847,3.2575,none,,,,,,,,,,,,,,,
gate2E_family,N400_noise0p5,400,0.5,9,Estimate-then-optimise structured empirical-transition support top3,EtO,476.06366952325544,423.45525105741876,479.20761072352025,0.943608822674166,0.0,0.7722343989783653,28.6171875,top3,,,,,,,,,,,,,,,
gate2E_family,N400_noise0p5,400,0.5,9,Estimate-then-optimise unconstrained,EtO,459.85488251722666,423.45525105741876,479.20761072352025,0.6528805538959022,0.4890625,0.43217448875316894,16.3709375,none,,,,,,,,,,,,,,,
gate2E_family,N400_noise0p5,400,0.5,9,Estimate-then-optimise unconstrained support top3,EtO,478.8364192984169,423.45525105741876,479.20761072352025,0.9933421396452743,0.0,0.7714792068933136,28.64875,top3,,,,,,,,,,,,,,,
gate2E_family,N400_noise0p5,400,0.5,9,Estimate-then-optimise unconstrained learned-transition,EtO,451.5137700073665,423.45525105741876,479.20761072352025,0.5032705183778586,0.5028125,0.44653186381880206,18.7753125,none,,,,,,,,,,,,,,,
gate2E_family,N400_noise0p5,400,0.5,9,Estimate-then-optimise unconstrained learned-transition support top3,EtO,475.8178575610547,423.45525105741876,479.20761072352025,0.9391998261102021,0.0,0.7465471637966192,29.82875,top3,,,,,,,,,,,,,,,
gate2E_family,N400_noise0p5,400,0.5,9,Estimate-then-optimise unconstrained empirical-transition,EtO,412.90589450583155,423.45525105741876,479.20761072352025,-0.18921811766832575,0.650625,0.27668304045624365,4.6471875,none,,,,,,,,,,,,,,,
gate2E_family,N400_noise0p5,400,0.5,9,Estimate-then-optimise unconstrained empirical-transition support top3,EtO,478.8364192984169,423.45525105741876,479.20761072352025,0.9933421396452743,0.0,0.7714792068933136,28.64875,top3,,,,,,,,,,,,,,,
gate2E_family,N1600_noise0p05,1600,0.05,0,Behaviour cloning,BC,442.2199251235548,420.6941057714956,478.158742618527,0.37459245430124416,0.04546875,0.7853058567948539,156.972421875,none,,,,,,,,,,,,,,,
gate2E_family,N1600_noise0p05,1600,0.05,0,Behaviour cloning support top3,BC,437.0160898198069,420.6941057714956,478.158742618527,0.28403527706543746,0.0,0.8405776655145027,207.351796875,top3,,,,,,,,,,,,,,,
gate2E_family,N1600_noise0p05,1600,0.05,0,Estimate-then-optimise structured,EtO,270.0626213425553,420.6941057714956,478.158742618527,-2.6212901132554833,0.864765625,0.07673490366544383,9.73828125,none,,,,,,,,,,,,,,,
gate2E_family,N1600_noise0p05,1600,0.05,0,Estimate-then-optimise structured support top3,EtO,453.43286460448724,420.6941057714956,478.158742618527,0.5697201031678131,0.0,0.6442767944614896,128.416015625,top3,,,,,,,,,,,,,,,
gate2E_family,N1600_noise0p05,1600,0.05,0,Estimate-then-optimise structured learned-transition,EtO,222.4932262149296,420.6941057714956,478.158742618527,-3.449093049768482,0.859453125,0.0885921406860001,5.079453125,none,,,,,,,,,,,,,,,
gate2E_family,N1600_noise0p05,1600,0.05,0,Estimate-then-optimise structured learned-transition support top3,EtO,447.7460780170381,420.6941057714956,478.158742618527,0.4707586044188147,0.0,0.6739528214884332,141.347265625,top3,,,,,,,,,,,,,,,
gate2E_family,N1600_noise0p05,1600,0.05,0,Estimate-then-optimise structured empirical-transition,EtO,256.36108315186334,420.6941057714956,478.158742618527,-2.8597243737410216,0.88703125,0.0777621837079369,8.709453125,none,,,,,,,,,,,,,,,
gate2E_family,N1600_noise0p05,1600,0.05,0,Estimate-then-optimise structured empirical-transition support top3,EtO,472.4409372607508,420.6941057714956,478.158742618527,0.9004987123994745,0.0,0.6783818910565236,95.284375,top3,,,,,,,,,,,,,,,
gate2E_family,N1600_noise0p05,1600,0.05,0,Estimate-then-optimise unconstrained,EtO,465.2344567513926,420.6941057714956,478.158742618527,0.7750914897184794,0.54140625,0.3894454569202088,52.027421875,none,,,,,,,,,,,,,,,
gate2E_family,N1600_noise0p05,1600,0.05,0,Estimate-then-optimise unconstrained support top3,EtO,477.63105844898297,420.6941057714956,478.158742618527,0.9908172365041005,0.0,0.7711987033067399,113.13203125,top3,,,,,,,,,,,,,,,
gate2E_family,N1600_noise0p05,1600,0.05,0,Estimate-then-optimise unconstrained learned-transition,EtO,465.45035188726865,420.6941057714956,478.158742618527,0.7788484983366799,0.3921875,0.5155220596276329,74.14390625,none,,,,,,,,,,,,,,,
gate2E_family,N1600_noise0p05,1600,0.05,0,Estimate-then-optimise unconstrained learned-transition support top3,EtO,467.51338643958144,420.6941057714956,478.158742618527,0.8147494396026014,0.0,0.7021974994036049,124.98546875,top3,,,,,,,,,,,,,,,
gate2E_family,N1600_noise0p05,1600,0.05,0,Estimate-then-optimise unconstrained empirical-transition,EtO,411.96252928656753,420.6941057714956,478.158742618527,-0.15194695318742113,0.584375,0.2913755192510144,20.769609375,none,,,,,,,,,,,,,,,
gate2E_family,N1600_noise0p05,1600,0.05,0,Estimate-then-optimise unconstrained empirical-transition support top3,EtO,477.63105844898297,420.6941057714956,478.158742618527,0.9908172365041005,0.0,0.7711987033067399,113.13203125,top3,,,,,,,,,,,,,,,
gate2E_family,N1600_noise0p05,1600,0.05,1,Behaviour cloning,BC,442.41327441768937,422.2408621751993,479.08172757209076,0.3548927712770759,0.054296875,0.7834058727277463,162.80734375,none,,,,,,,,,,,,,,,
gate2E_family,N1600_noise0p05,1600,0.05,1,Behaviour cloning support top3,BC,436.1990724656192,422.2408621751993,479.08172757209076,0.2455664633702651,0.0,0.8479703179210492,226.98625,top3,,,,,,,,,,,,,,,
gate2E_family,N1600_noise0p05,1600,0.05,1,Estimate-then-optimise structured,EtO,313.2124491911163,422.2408621751993,479.08172757209076,-1.9181342898773954,0.92296875,0.03343299609109421,2.387109375,none,,,,,,,,,,,,,,,
gate2E_family,N1600_noise0p05,1600,0.05,1,Estimate-then-optimise structured support top3,EtO,455.1880901021809,422.2408621751993,479.08172757209076,0.5796398013458721,0.0,0.6668384732439523,152.96234375,top3,,,,,,,,,,,,,,,
gate2E_family,N1600_noise0p05,1600,0.05,1,Estimate-then-optimise structured learned-transition,EtO,316.08376778208446,422.2408621751993,479.08172757209076,-1.86761924984556,0.92125,0.03193188133100671,2.309375,none,,,,,,,,,,,,,,,
gate2E_family,N1600_noise0p05,1600,0.05,1,Estimate-then-optimise structured learned-transition support top3,EtO,451.80753587088674,422.2408621751993,479.08172757209076,0.5201657907429466,0.0,0.7628655690572379,174.633125,top3,,,,,,,,,,,,,,,
gate2E_family,N1600_noise0p05,1600,0.05,1,Estimate-then-optimise structured empirical-transition,EtO,310.0090730825996,422.2408621751993,479.08172757209076,-1.9744912099585574,0.873203125,0.07565377915529876,4.196640625,none,,,,,,,,,,,,,,,
gate2E_family,N1600_noise0p05,1600,0.05,1,Estimate-then-optimise structured empirical-transition support top3,EtO,441.95249888401855,422.2408621751993,479.08172757209076,0.3467863582157433,0.0,0.7040422603420836,87.920390625,top3,,,,,,,,,,,,,,,
gate2E_family,N1600_noise0p05,1600,0.05,1,Estimate-then-optimise unconstrained,EtO,458.4832759996663,422.2408621751993,479.08172757209076,0.6376119288720234,0.5934375,0.362217431229689,45.690078125,none,,,,,,,,,,,,,,,
gate2E_family,N1600_noise0p05,1600,0.05,1,Estimate-then-optimise unconstrained support top3,EtO,477.68704949947585,422.2408621751993,479.08172757209076,0.9754634616683513,0.0,0.7520468362816137,116.500859375,top3,,,,,,,,,,,,,,,
gate2E_family,N1600_noise0p05,1600,0.05,1,Estimate-then-optimise unconstrained learned-transition,EtO,424.42648910120243,422.2408621751993,479.08172757209076,0.03845168279444692,0.464609375,0.4048710669447446,63.709921875,none,,,,,,,,,,,,,,,
gate2E_family,N1600_noise0p05,1600,0.05,1,Estimate-then-optimise unconstrained learned-transition support top3,EtO,464.4515063825327,422.2408621751993,479.08172757209076,0.7426108647818347,0.0,0.7866509312882844,156.68171875,top3,,,,,,,,,,,,,,,
gate2E_family,N1600_noise0p05,1600,0.05,1,Estimate-then-optimise unconstrained empirical-transition,EtO,412.73654633267574,422.2408621751993,479.08172757209076,-0.1672092037332589,0.583671875,0.2820031264426815,19.0575,none,,,,,,,,,,,,,,,
gate2E_family,N1600_noise0p05,1600,0.05,1,Estimate-then-optimise unconstrained empirical-transition support top3,EtO,478.63853659327054,422.2408621751993,479.08172757209076,0.992202951596081,0.0,0.7703013809417365,111.650546875,top3,,,,,,,,,,,,,,,
gate2E_family,N1600_noise0p05,1600,0.05,2,Behaviour cloning,BC,441.51158737027276,420.7019605669336,477.9242309914933,0.3636630746900196,0.0,0.8354088330780824,201.7390625,none,,,,,,,,,,,,,,,
gate2E_family,N1600_noise0p05,1600,0.05,2,Behaviour cloning support top3,BC,441.51158737027276,420.7019605669336,477.9242309914933,0.3636630746900196,0.0,0.8354088330780824,201.7390625,top3,,,,,,,,,,,,,,,
gate2E_family,N1600_noise0p05,1600,0.05,2,Estimate-then-optimise structured,EtO,327.7192383102512,420.7019605669336,477.9242309914933,-1.6249394084994995,0.922421875,0.03405916154051126,2.60296875,none,,,,,,,,,,,,,,,
gate2E_family,N1600_noise0p05,1600,0.05,2,Estimate-then-optimise structured support top3,EtO,454.8808675200255,420.7019605669336,477.9242309914933,0.5973007834100615,0.0,0.7587262515301026,171.0340625,top3,,,,,,,,,,,,,,,
gate2E_family,N1600_noise0p05,1600,0.05,2,Estimate-then-optimise structured learned-transition,EtO,330.140307075929,420.7019605669336,477.9242309914933,-1.5826295045457646,0.918046875,0.04939105907241183,5.971328125,none,,,,,,,,,,,,,,,
gate2E_family,N1600_noise0p05,1600,0.05,2,Estimate-then-optimise structured learned-transition support top3,EtO,451.4312705544195,420.7019605669336,477.9242309914933,0.5370166153752772,0.0,0.7623454954512253,178.558984375,top3,,,,,,,,,,,,,,,
gate2E_family,N1600_noise0p05,1600,0.05,2,Estimate-then-optimise structured empirical-transition,EtO,311.81288733902005,420.7019605669336,477.9242309914933,-1.9029142398582393,0.878359375,0.08225138494055693,5.101875,none,,,,,,,,,,,,,,,
gate2E_family,N1600_noise0p05,1600,0.05,2,Estimate-then-optimise structured empirical-transition support top3,EtO,440.18885984670703,420.7019605669336,477.9242309914933,0.34054746753651494,0.0,0.693103464147734,82.359921875,top3,,,,,,,,,,,,,,,
gate2E_family,N1600_noise0p05,1600,0.05,2,Estimate-then-optimise unconstrained,EtO,477.1756340287709,420.7019605669336,477.9242309914933,0.9869177340016713,0.051796875,0.7357707657810317,108.033359375,none,,,,,,,,,,,,,,,
gate2E_family,N1600_noise0p05,1600,0.05,2,Estimate-then-optimise unconstrained support top3,EtO,477.4890773543919,420.7019605669336,477.9242309914933,0.9923953797381199,0.0,0.776857731128818,112.652890625,top3,,,,,,,,,,,,,,,
gate2E_family,N1600_noise0p05,1600,0.05,2,Estimate-then-optimise unconstrained learned-transition,EtO,470.18315137281314,420.7019605669336,477.9242309914933,0.8647191109117948,0.2903125,0.5781529455530713,91.229921875,none,,,,,,,,,,,,,,,
gate2E_family,N1600_noise0p05,1600,0.05,2,Estimate-then-optimise unconstrained learned-transition support top3,EtO,469.31929418488573,420.7019605669336,477.9242309914933,0.8496225902474094,0.0,0.7588371031837208,137.022578125,top3,,,,,,,,,,,,,,,
gate2E_family,N1600_noise0p05,1600,0.05,2,Estimate-then-optimise unconstrained empirical-transition,EtO,411.8192567524621,420.7019605669336,477.9242309914933,-0.15523158638352638,0.6571875,0.27818537068746363,18.991953125,none,,,,,,,,,,,,,,,
gate2E_family,N1600_noise0p05,1600,0.05,2,Estimate-then-optimise unconstrained empirical-transition support top3,EtO,477.47062254205406,420.7019605669336,477.9242309914933,0.9920728687262199,0.0,0.7776071864178679,111.896640625,top3,,,,,,,,,,,,,,,
gate2E_family,N1600_noise0p05,1600,0.05,3,Behaviour cloning,BC,443.3288711089266,420.1985074854882,477.65883098140347,0.40254496000327367,0.0,0.8790019311989488,192.08765625,none,,,,,,,,,,,,,,,
gate2E_family,N1600_noise0p05,1600,0.05,3,Behaviour cloning support top3,BC,443.3288711089266,420.1985074854882,477.65883098140347,0.40254496000327367,0.0,0.8790019311989488,192.08765625,top3,,,,,,,,,,,,,,,
gate2E_family,N1600_noise0p05,1600,0.05,3,Estimate-then-optimise structured,EtO,310.7076189713183,420.1985074854882,477.65883098140347,-1.9055042132151139,0.9225,0.027913836716870123,2.081640625,none,,,,,,,,,,,,,,,
gate2E_family,N1600_noise0p05,1600,0.05,3,Estimate-then-optimise structured support top3,EtO,451.10314205037946,420.1985074854882,477.65883098140347,0.5378430312368185,0.0,0.7109415361851696,190.466640625,top3,,,,,,,,,,,,,,,
gate2E_family,N1600_noise0p05,1600,0.05,3,Estimate-then-optimise structured learned-transition,EtO,320.43585986404406,420.1985074854882,477.65883098140347,-1.7362005911528868,0.910234375,0.032688123867972985,2.37453125,none,,,,,,,,,,,,,,,
gate2E_family,N1600_noise0p05,1600,0.05,3,Estimate-then-optimise structured learned-transition support top3,EtO,447.19014306174745,420.1985074854882,477.65883098140347,0.46974388472034995,0.0,0.7238697485848883,173.256796875,top3,,,,,,,,,,,,,,,
gate2E_family,N1600_noise0p05,1600,0.05,3,Estimate-then-optimise structured empirical-transition,EtO,274.6936417518887,420.1985074854882,477.65883098140347,-2.5322667343483225,0.83421875,0.09611432541357731,9.797421875,none,,,,,,,,,,,,,,,
gate2E_family,N1600_noise0p05,1600,0.05,3,Estimate-then-optimise structured empirical-transition support top3,EtO,472.34627950865666,420.1985074854882,477.65883098140347,0.9075440034178633,0.0,0.749197746687031,117.999921875,top3,,,,,,,,,,,,,,,
gate2E_family,N1600_noise0p05,1600,0.05,3,Estimate-then-optimise unconstrained,EtO,477.4763775490403,420.1985074854882,477.65883098140347,0.9968247057924042,0.018046875,0.7447340483931683,102.244609375,none,,,,,,,,,,,,,,,
gate2E_family,N1600_noise0p05,1600,0.05,3,Estimate-then-optimise unconstrained support top3,EtO,477.21389154458717,420.1985074854882,477.65883098140347,0.992256579675401,0.0,0.7557048287267182,106.521796875,top3,,,,,,,,,,,,,,,
gate2E_family,N1600_noise0p05,1600,0.05,3,Estimate-then-optimise unconstrained learned-transition,EtO,470.5383358625081,420.1985074854882,477.65883098140347,0.8760797940965033,0.246484375,0.5977389051372377,91.93265625,none,,,,,,,,,,,,,,,
gate2E_family,N1600_noise0p05,1600,0.05,3,Estimate-then-optimise unconstrained learned-transition support top3,EtO,468.9367975406096,420.1985074854882,477.65883098140347,0.8482077212563217,0.0,0.7420912327537884,129.158046875,top3,,,,,,,,,,,,,,,
gate2E_family,N1600_noise0p05,1600,0.05,3,Estimate-then-optimise unconstrained empirical-transition,EtO,412.7336441664127,420.1985074854882,477.65883098140347,-0.12991335350915956,0.547265625,0.28435820342724366,21.6209375,none,,,,,,,,,,,,,,,
gate2E_family,N1600_noise0p05,1600,0.05,3,Estimate-then-optimise unconstrained empirical-transition support top3,EtO,477.21389154458717,420.1985074854882,477.65883098140347,0.992256579675401,0.0,0.7557048287267182,106.521796875,top3,,,,,,,,,,,,,,,
gate2E_family,N1600_noise0p05,1600,0.05,4,Behaviour cloning,BC,455.37966231217405,422.8141069914742,479.6367344894461,0.5731089313295512,0.055078125,0.7964846196156407,152.18625,none,,,,,,,,,,,,,,,
gate2E_family,N1600_noise0p05,1600,0.05,4,Behaviour cloning support top3,BC,449.9860064492015,422.8141069914742,479.6367344894461,0.4781880151300135,0.0,0.8471924877701289,203.111328125,top3,,,,,,,,,,,,,,,
gate2E_family,N1600_noise0p05,1600,0.05,4,Estimate-then-optimise structured,EtO,305.04572408089666,422.8141069914742,479.6367344894461,-2.072561373808012,0.925,0.023412219250243456,1.701484375,none,,,,,,,,,,,,,,,
gate2E_family,N1600_noise0p05,1600,0.05,4,Estimate-then-optimise structured support top3,EtO,452.6346695810527,422.8141069914742,479.6367344894461,0.5248008390784616,0.0,0.7289515693444503,166.821484375,top3,,,,,,,,,,,,,,,
gate2E_family,N1600_noise0p05,1600,0.05,4,Estimate-then-optimise structured learned-transition,EtO,310.80923629394005,422.8141069914742,479.6367344894461,-1.971131495134255,0.925,0.023412219250243456,1.701484375,none,,,,,,,,,,,,,,,
gate2E_family,N1600_noise0p05,1600,0.05,4,Estimate-then-optimise structured learned-transition support top3,EtO,450.0106316782939,422.8141069914742,479.6367344894461,0.47862138525344344,0.0,0.7233132091109792,168.131015625,top3,,,,,,,,,,,,,,,
gate2E_family,N1600_noise0p05,1600,0.05,4,Estimate-then-optimise structured empirical-transition,EtO,300.25115484726564,422.8141069914742,479.6367344894461,-2.1569391902650588,0.860078125,0.08488834227700624,4.2709375,none,,,,,,,,,,,,,,,
gate2E_family,N1600_noise0p05,1600,0.05,4,Estimate-then-optimise structured empirical-transition support top3,EtO,458.88294356047084,422.8141069914742,479.6367344894461,0.6347618573302334,0.0,0.7703654777895688,157.90265625,top3,,,,,,,,,,,,,,,
gate2E_family,N1600_noise0p05,1600,0.05,4,Estimate-then-optimise unconstrained,EtO,464.9017851695997,422.8141069914742,479.6367344894461,0.7406851817900831,0.552109375,0.376136191737374,47.664453125,none,,,,,,,,,,,,,,,
gate2E_family,N1600_noise0p05,1600,0.05,4,Estimate-then-optimise unconstrained support top3,EtO,479.0882617438461,422.8141069914742,479.6367344894461,0.9903476349167489,0.0,0.7742302729215703,111.3075,top3,,,,,,,,,,,,,,,
gate2E_family,N1600_noise0p05,1600,0.05,4,Estimate-then-optimise unconstrained learned-transition,EtO,454.5106316277021,422.8141069914742,479.6367344894461,0.5578151879259576,0.44953125,0.44072691946095105,72.28640625,none,,,,,,,,,,,,,,,
gate2E_family,N1600_noise0p05,1600,0.05,4,Estimate-then-optimise unconstrained learned-transition support top3,EtO,470.5719063819031,422.8141069914742,479.6367344894461,0.84047150744892,0.0,0.6996278195420809,124.55296875,top3,,,,,,,,,,,,,,,
gate2E_family,N1600_noise0p05,1600,0.05,4,Estimate-then-optimise unconstrained empirical-transition,EtO,413.03286883280185,422.8141069914742,479.6367344894461,-0.1721363229643237,0.658984375,0.2736313223322058,19.31921875,none,,,,,,,,,,,,,,,
gate2E_family,N1600_noise0p05,1600,0.05,4,Estimate-then-optimise unconstrained empirical-transition support top3,EtO,479.1582357892302,422.8141069914742,479.6367344894461,0.9915790817622265,0.0,0.7738759408868526,112.758125,top3,,,,,,,,,,,,,,,
gate2E_family,N1600_noise0p05,1600,0.05,5,Behaviour cloning,BC,437.6120665317854,420.42955294452105,477.5980827412801,0.30055895522152176,0.0340625,0.8252452470855354,168.03015625,none,,,,,,,,,,,,,,,
gate2E_family,N1600_noise0p05,1600,0.05,5,Behaviour cloning support top3,BC,433.7136607028608,420.42955294452105,477.5980827412801,0.232367489693479,0.0,0.8657281686362686,206.72515625,top3,,,,,,,,,,,,,,,
gate2E_family,N1600_noise0p05,1600,0.05,5,Estimate-then-optimise structured,EtO,318.5124959843049,420.42955294452105,477.5980827412801,-1.7827475592348347,0.8921875,0.023388075563772648,1.854765625,none,,,,,,,,,,,,,,,
gate2E_family,N1600_noise0p05,1600,0.05,5,Estimate-then-optimise structured support top3,EtO,449.0223235172991,420.42955294452105,477.5980827412801,0.5001487824582649,0.0,0.7139815750496149,173.020390625,top3,,,,,,,,,,,,,,,
gate2E_family,N1600_noise0p05,1600,0.05,5,Estimate-then-optimise structured learned-transition,EtO,319.29089119439544,420.42955294452105,477.5980827412801,-1.7691317602479129,0.944765625,0.021354083802195573,1.633515625,none,,,,,,,,,,,,,,,
gate2E_family,N1600_noise0p05,1600,0.05,5,Estimate-then-optimise structured learned-transition support top3,EtO,460.2805858163242,420.42955294452105,477.5980827412801,0.6970798971650721,0.0,0.7211759677651111,124.4159375,top3,,,,,,,,,,,,,,,
gate2E_family,N1600_noise0p05,1600,0.05,5,Estimate-then-optimise structured empirical-transition,EtO,310.6558396057133,420.42955294452105,477.5980827412801,-1.9201773026010356,0.85453125,0.0790361024082391,4.193359375,none,,,,,,,,,,,,,,,
gate2E_family,N1600_noise0p05,1600,0.05,5,Estimate-then-optimise structured empirical-transition support top3,EtO,444.267724042829,420.42955294452105,477.5980827412801,0.41698065671892376,0.0,0.6270464985252504,70.275546875,top3,,,,,,,,,,,,,,,
gate2E_family,N1600_noise0p05,1600,0.05,5,Estimate-then-optimise unconstrained,EtO,460.8765251945832,420.42955294452105,477.5980827412801,0.7075041529641567,0.55375,0.3781739193168003,48.464453125,none,,,,,,,,,,,,,,,
gate2E_family,N1600_noise0p05,1600,0.05,5,Estimate-then-optimise unconstrained support top3,EtO,477.1853184569379,420.42955294452105,477.5980827412801,0.9927798688227664,0.0,0.7677993987955304,108.306484375,top3,,,,,,,,,,,,,,,
gate2E_family,N1600_noise0p05,1600,0.05,5,Estimate-then-optimise unconstrained learned-transition,EtO,453.26470695941373,420.42955294452105,477.5980827412801,0.5743571529935363,0.42625,0.5005704440630747,68.7059375,none,,,,,,,,,,,,,,,
gate2E_family,N1600_noise0p05,1600,0.05,5,Estimate-then-optimise unconstrained learned-transition support top3,EtO,470.6356565925419,420.42955294452105,477.5980827412801,0.8782122581516362,0.0,0.6953862888613469,106.73640625,top3,,,,,,,,,,,,,,,
gate2E_family,N1600_noise0p05,1600,0.05,5,Estimate-then-optimise unconstrained empirical-transition,EtO,410.4597309332268,420.42955294452105,477.5980827412801,-0.1743935351624075,0.575,0.28070687349841666,19.25875,none,,,,,,,,,,,,,,,
gate2E_family,N1600_noise0p05,1600,0.05,5,Estimate-then-optimise unconstrained empirical-transition support top3,EtO,477.1853184569379,420.42955294452105,477.5980827412801,0.9927798688227664,0.0,0.7677993987955304,108.306484375,top3,,,,,,,,,,,,,,,
gate2E_family,N1600_noise0p05,1600,0.05,6,Behaviour cloning,BC,442.31117937601687,420.4015625942231,477.26680319791535,0.38529014472104745,0.0,0.8382842831708757,201.7984375,none,,,,,,,,,,,,,,,
gate2E_family,N1600_noise0p05,1600,0.05,6,Behaviour cloning support top3,BC,442.31117937601687,420.4015625942231,477.26680319791535,0.38529014472104745,0.0,0.8382842831708757,201.7984375,top3,,,,,,,,,,,,,,,
gate2E_family,N1600_noise0p05,1600,0.05,6,Estimate-then-optimise structured,EtO,315.02604546317997,420.4015625942231,477.26680319791535,-1.8530743211908804,0.940859375,0.018973593529806546,1.441953125,none,,,,,,,,,,,,,,,
gate2E_family,N1600_noise0p05,1600,0.05,6,Estimate-then-optimise structured support top3,EtO,450.27256180482595,420.4015625942231,477.26680319791535,0.5252945189976623,0.0,0.6878541134194254,156.60640625,top3,,,,,,,,,,,,,,,
gate2E_family,N1600_noise0p05,1600,0.05,6,Estimate-then-optimise structured learned-transition,EtO,318.26901886608283,420.4015625942231,477.26680319791535,-1.796045222773731,0.88796875,0.023246086236384814,2.1321875,none,,,,,,,,,,,,,,,
gate2E_family,N1600_noise0p05,1600,0.05,6,Estimate-then-optimise structured learned-transition support top3,EtO,447.36448463791965,420.4015625942231,477.26680319791535,0.4741547166151593,0.0,0.7304762107927693,173.0946875,top3,,,,,,,,,,,,,,,
gate2E_family,N1600_noise0p05,1600,0.05,6,Estimate-then-optimise structured empirical-transition,EtO,298.7752806558694,420.4015625942231,477.26680319791535,-2.138851091583292,0.892109375,0.06096238248123597,2.779296875,none,,,,,,,,,,,,,,,
gate2E_family,N1600_noise0p05,1600,0.05,6,Estimate-then-optimise structured empirical-transition support top3,EtO,439.83793169122464,420.4015625942231,477.26680319791535,0.3417970079904936,0.0,0.7088751941612744,90.27703125,top3,,,,,,,,,,,,,,,
gate2E_family,N1600_noise0p05,1600,0.05,6,Estimate-then-optimise unconstrained,EtO,449.48084159441174,420.4015625942231,477.26680319791535,0.5113717745933626,0.52984375,0.4332014475124961,46.198359375,none,,,,,,,,,,,,,,,
gate2E_family,N1600_noise0p05,1600,0.05,6,Estimate-then-optimise unconstrained support top3,EtO,476.8918841716653,420.4015625942231,477.26680319791535,0.9934068857834799,0.0,0.7605295399465721,106.112578125,top3,,,,,,,,,,,,,,,
gate2E_family,N1600_noise0p05,1600,0.05,6,Estimate-then-optimise unconstrained learned-transition,EtO,412.7958213909683,420.4015625942231,477.26680319791535,-0.13375026857375097,0.62015625,0.45011239399742503,37.869296875,none,,,,,,,,,,,,,,,
gate2E_family,N1600_noise0p05,1600,0.05,6,Estimate-then-optimise unconstrained learned-transition support top3,EtO,470.60866340917494,420.4015625942231,477.26680319791535,0.8829137146338197,0.0,0.6855948218213938,111.904921875,top3,,,,,,,,,,,,,,,
gate2E_family,N1600_noise0p05,1600,0.05,6,Estimate-then-optimise unconstrained empirical-transition,EtO,410.33526477500845,420.4015625942231,477.26680319791535,-0.17702022733657502,0.6490625,0.26870133200809215,18.6759375,none,,,,,,,,,,,,,,,
gate2E_family,N1600_noise0p05,1600,0.05,6,Estimate-then-optimise unconstrained empirical-transition support top3,EtO,476.8918841716653,420.4015625942231,477.26680319791535,0.9934068857834799,0.0,0.7605295399465721,106.112578125,top3,,,,,,,,,,,,,,,
gate2E_family,N1600_noise0p05,1600,0.05,7,Behaviour cloning,BC,437.7439357875815,422.5603637349696,478.8785864087379,0.2696031822695297,0.0,0.8579838605962945,224.5759375,none,,,,,,,,,,,,,,,
gate2E_family,N1600_noise0p05,1600,0.05,7,Behaviour cloning support top3,BC,437.7439357875815,422.5603637349696,478.8785864087379,0.2696031822695297,0.0,0.8579838605962945,224.5759375,top3,,,,,,,,,,,,,,,
gate2E_family,N1600_noise0p05,1600,0.05,7,Estimate-then-optimise structured,EtO,311.9295268100525,422.5603637349696,478.8785864087379,-1.9643879311632892,0.912265625,0.03649908113959616,2.654140625,none,,,,,,,,,,,,,,,
gate2E_family,N1600_noise0p05,1600,0.05,7,Estimate-then-optimise structured support top3,EtO,450.37482276632574,422.5603637349696,478.8785864087379,0.4938802702009179,0.0,0.7219669383157433,173.393046875,top3,,,,,,,,,,,,,,,
gate2E_family,N1600_noise0p05,1600,0.05,7,Estimate-then-optimise structured learned-transition,EtO,314.2390336550263,422.5603637349696,478.8785864087379,-1.923379768346221,0.91984375,0.026796067289772706,1.90828125,none,,,,,,,,,,,,,,,
gate2E_family,N1600_noise0p05,1600,0.05,7,Estimate-then-optimise structured learned-transition support top3,EtO,450.37482276632574,422.5603637349696,478.8785864087379,0.4938802702009179,0.0,0.7219669383157433,173.393046875,top3,,,,,,,,,,,,,,,
gate2E_family,N1600_noise0p05,1600,0.05,7,Estimate-then-optimise structured empirical-transition,EtO,306.18012081249697,422.5603637349696,478.8785864087379,-2.066475776350802,0.833984375,0.09959778500958859,4.9609375,none,,,,,,,,,,,,,,,
gate2E_family,N1600_noise0p05,1600,0.05,7,Estimate-then-optimise structured empirical-transition support top3,EtO,457.38156523145807,422.5603637349696,478.8785864087379,0.6182936861874262,0.0,0.7640310513734937,155.2746875,top3,,,,,,,,,,,,,,,
gate2E_family,N1600_noise0p05,1600,0.05,7,Estimate-then-optimise unconstrained,EtO,462.40514061823063,422.5603637349696,478.8785864087379,0.7074935072803675,0.535234375,0.3889555715581825,49.841015625,none,,,,,,,,,,,,,,,
gate2E_family,N1600_noise0p05,1600,0.05,7,Estimate-then-optimise unconstrained support top3,EtO,478.4897896345555,422.5603637349696,478.8785864087379,0.9930964303253224,0.0,0.7639221808882596,108.17484375,top3,,,,,,,,,,,,,,,
gate2E_family,N1600_noise0p05,1600,0.05,7,Estimate-then-optimise unconstrained learned-transition,EtO,458.61662716120554,422.5603637349696,478.8785864087379,0.6402237448986492,0.42765625,0.4671284565208697,67.809140625,none,,,,,,,,,,,,,,,
gate2E_family,N1600_noise0p05,1600,0.05,7,Estimate-then-optimise unconstrained learned-transition support top3,EtO,468.8137833360737,422.5603637349696,478.8785864087379,0.8212869193162211,0.0,0.6712806732467709,124.997421875,top3,,,,,,,,,,,,,,,
gate2E_family,N1600_noise0p05,1600,0.05,7,Estimate-then-optimise unconstrained empirical-transition,EtO,412.79318156000727,422.5603637349696,478.8785864087379,-0.1734284519513372,0.585703125,0.28361113864194815,18.99703125,none,,,,,,,,,,,,,,,
gate2E_family,N1600_noise0p05,1600,0.05,7,Estimate-then-optimise unconstrained empirical-transition support top3,EtO,478.4897896345555,422.5603637349696,478.8785864087379,0.9930964303253224,0.0,0.7639221808882596,108.17484375,top3,,,,,,,,,,,,,,,
gate2E_family,N1600_noise0p05,1600,0.05,8,Behaviour cloning,BC,450.3829981686192,421.64695137411786,478.1010548050897,0.5090160864858622,0.0,0.8457842014852988,232.163671875,none,,,,,,,,,,,,,,,
gate2E_family,N1600_noise0p05,1600,0.05,8,Behaviour cloning support top3,BC,450.3829981686192,421.64695137411786,478.1010548050897,0.5090160864858622,0.0,0.8457842014852988,232.163671875,top3,,,,,,,,,,,,,,,
gate2E_family,N1600_noise0p05,1600,0.05,8,Estimate-then-optimise structured,EtO,307.26095753241634,421.64695137411786,478.1010548050897,-2.0261767859189335,0.8946875,0.061880216925810465,2.614921875,none,,,,,,,,,,,,,,,
gate2E_family,N1600_noise0p05,1600,0.05,8,Estimate-then-optimise structured support top3,EtO,447.0429935208561,421.64695137411786,478.1010548050897,0.44985290002507544,0.0,0.696272016018184,149.3303125,top3,,,,,,,,,,,,,,,
gate2E_family,N1600_noise0p05,1600,0.05,8,Estimate-then-optimise structured learned-transition,EtO,306.94428545908994,421.64695137411786,478.1010548050897,-2.031786158029742,0.92390625,0.027023647303100664,1.863203125,none,,,,,,,,,,,,,,,
gate2E_family,N1600_noise0p05,1600,0.05,8,Estimate-then-optimise structured learned-transition support top3,EtO,448.24654497884774,421.64695137411786,478.1010548050897,0.4711720138688239,0.0,0.7113051954235451,160.52484375,top3,,,,,,,,,,,,,,,
gate2E_family,N1600_noise0p05,1600,0.05,8,Estimate-then-optimise structured empirical-transition,EtO,294.8015919015595,421.64695137411786,478.1010548050897,-2.2468758117407015,0.881171875,0.055276864336097416,2.558828125,none,,,,,,,,,,,,,,,
gate2E_family,N1600_noise0p05,1600,0.05,8,Estimate-then-optimise structured empirical-transition support top3,EtO,440.27855950459895,421.64695137411786,478.1010548050897,0.330031069455607,0.0,0.6876486444992307,83.439921875,top3,,,,,,,,,,,,,,,
gate2E_family,N1600_noise0p05,1600,0.05,8,Estimate-then-optimise unconstrained,EtO,463.93069672891636,421.64695137411786,478.1010548050897,0.7489933022583581,0.569609375,0.3637478962555973,43.320703125,none,,,,,,,,,,,,,,,
gate2E_family,N1600_noise0p05,1600,0.05,8,Estimate-then-optimise unconstrained support top3,EtO,477.7226755015262,421.64695137411786,478.1010548050897,0.993297576605284,0.0,0.7684062688171903,106.73609375,top3,,,,,,,,,,,,,,,
gate2E_family,N1600_noise0p05,1600,0.05,8,Estimate-then-optimise unconstrained learned-transition,EtO,465.8592757006892,421.64695137411786,478.1010548050897,0.7831551940352944,0.387421875,0.4966907531378649,63.9128125,none,,,,,,,,,,,,,,,
gate2E_family,N1600_noise0p05,1600,0.05,8,Estimate-then-optimise unconstrained learned-transition support top3,EtO,472.1740118576034,421.64695137411786,478.1010548050897,0.895011299670475,0.0,0.715223099954448,110.103125,top3,,,,,,,,,,,,,,,
gate2E_family,N1600_noise0p05,1600,0.05,8,Estimate-then-optimise unconstrained empirical-transition,EtO,412.01263259251436,421.64695137411786,478.1010548050897,-0.17065754650383697,0.58453125,0.2963001384685837,18.97515625,none,,,,,,,,,,,,,,,
gate2E_family,N1600_noise0p05,1600,0.05,8,Estimate-then-optimise unconstrained empirical-transition support top3,EtO,477.7226755015262,421.64695137411786,478.1010548050897,0.993297576605284,0.0,0.7684062688171903,106.73609375,top3,,,,,,,,,,,,,,,
gate2E_family,N1600_noise0p05,1600,0.05,9,Behaviour cloning,BC,449.45119374289965,421.14554862217454,477.7638570902434,0.49993802157986933,0.0,0.8268503812172786,225.701796875,none,,,,,,,,,,,,,,,
gate2E_family,N1600_noise0p05,1600,0.05,9,Behaviour cloning support top3,BC,449.45119374289965,421.14554862217454,477.7638570902434,0.49993802157986933,0.0,0.8268503812172786,225.701796875,top3,,,,,,,,,,,,,,,
gate2E_family,N1600_noise0p05,1600,0.05,9,Estimate-then-optimise structured,EtO,311.36259004650685,421.14554862217454,477.7638570902434,-1.939001032459001,0.92765625,0.025005645952852956,1.809296875,none,,,,,,,,,,,,,,,
gate2E_family,N1600_noise0p05,1600,0.05,9,Estimate-then-optimise structured support top3,EtO,452.89463536732205,421.14554862217454,477.7638570902434,0.5607565397870039,0.0,0.6584177631642292,148.093203125,top3,,,,,,,,,,,,,,,
gate2E_family,N1600_noise0p05,1600,0.05,9,Estimate-then-optimise structured learned-transition,EtO,315.58043792369756,421.14554862217454,477.7638570902434,-1.864504849310586,0.89296875,0.025673931095266257,1.77515625,none,,,,,,,,,,,,,,,
gate2E_family,N1600_noise0p05,1600,0.05,9,Estimate-then-optimise structured learned-transition support top3,EtO,447.48922024648107,421.14554862217454,477.7638570902434,0.4652853880147907,0.0,0.7448635893522666,158.06328125,top3,,,,,,,,,,,,,,,
gate2E_family,N1600_noise0p05,1600,0.05,9,Estimate-then-optimise structured empirical-transition,EtO,332.8703693645753,421.14554862217454,477.7638570902434,-1.5591278094679213,0.761875,0.125298437964831,7.23953125,none,,,,,,,,,,,,,,,
gate2E_family,N1600_noise0p05,1600,0.05,9,Estimate-then-optimise structured empirical-transition support top3,EtO,435.95928362244797,421.14554862217454,477.7638570902434,0.26164213310307494,0.0,0.7190534195120293,100.31953125,top3,,,,,,,,,,,,,,,
gate2E_family,N1600_noise0p05,1600,0.05,9,Estimate-then-optimise unconstrained,EtO,463.3048737717408,421.14554862217454,477.7638570902434,0.7446235376908681,0.5728125,0.3569816641149008,41.83625,none,,,,,,,,,,,,,,,
gate2E_family,N1600_noise0p05,1600,0.05,9,Estimate-then-optimise unconstrained support top3,EtO,477.3379071134315,421.14554862217454,477.7638570902434,0.992476815568376,0.0,0.7596327671253994,105.7025,top3,,,,,,,,,,,,,,,
gate2E_family,N1600_noise0p05,1600,0.05,9,Estimate-then-optimise unconstrained learned-transition,EtO,465.0354433768674,421.14554862217454,477.7638570902434,0.7751890853370436,0.450859375,0.43133269132926383,60.1765625,none,,,,,,,,,,,,,,,
gate2E_family,N1600_noise0p05,1600,0.05,9,Estimate-then-optimise unconstrained learned-transition support top3,EtO,467.13010008712763,421.14554862217454,477.7638570902434,0.8121851872506416,0.0,0.6686610085975206,118.0809375,top3,,,,,,,,,,,,,,,
gate2E_family,N1600_noise0p05,1600,0.05,9,Estimate-then-optimise unconstrained empirical-transition,EtO,411.20750339043633,421.14554862217454,477.7638570902434,-0.17552706007356253,0.65484375,0.2662112383443263,17.44953125,none,,,,,,,,,,,,,,,
gate2E_family,N1600_noise0p05,1600,0.05,9,Estimate-then-optimise unconstrained empirical-transition support top3,EtO,477.3379071134315,421.14554862217454,477.7638570902434,0.992476815568376,0.0,0.7596327671253994,105.7025,top3,,,,,,,,,,,,,,,
gate2E_family,N1600_noise0p2,1600,0.2,0,Behaviour cloning,BC,442.2199251235548,420.6941057714956,478.158742618527,0.37459245430124416,0.04546875,0.7853058567948539,156.972421875,none,,,,,,,,,,,,,,,
gate2E_family,N1600_noise0p2,1600,0.2,0,Behaviour cloning support top3,BC,437.0160898198069,420.6941057714956,478.158742618527,0.28403527706543746,0.0,0.8405776655145027,207.351796875,top3,,,,,,,,,,,,,,,
gate2E_family,N1600_noise0p2,1600,0.2,0,Estimate-then-optimise structured,EtO,212.72178186452345,420.6941057714956,478.158742618527,-3.619135790600854,0.87546875,0.12041494044513296,10.989609375,none,,,,,,,,,,,,,,,
gate2E_family,N1600_noise0p2,1600,0.2,0,Estimate-then-optimise structured support top3,EtO,461.336727097829,420.6941057714956,478.158742618527,0.7072631718620698,0.0,0.6513078297795009,119.109765625,top3,,,,,,,,,,,,,,,
gate2E_family,N1600_noise0p2,1600,0.2,0,Estimate-then-optimise structured learned-transition,EtO,198.08627608386342,420.6941057714956,478.158742618527,-3.873822961418955,0.875625,0.136298311726398,10.13,none,,,,,,,,,,,,,,,
gate2E_family,N1600_noise0p2,1600,0.2,0,Estimate-then-optimise structured learned-transition support top3,EtO,447.61453471450864,420.6941057714956,478.158742618527,0.4684694869763846,0.0,0.7031437231032658,147.994375,top3,,,,,,,,,,,,,,,
gate2E_family,N1600_noise0p2,1600,0.2,0,Estimate-then-optimise structured empirical-transition,EtO,256.36108315186334,420.6941057714956,478.158742618527,-2.8597243737410216,0.88703125,0.0777621837079369,8.709453125,none,,,,,,,,,,,,,,,
gate2E_family,N1600_noise0p2,1600,0.2,0,Estimate-then-optimise structured empirical-transition support top3,EtO,467.5801975004749,420.6941057714956,478.158742618527,0.8159120861372229,0.0,0.5894033133612404,108.56,top3,,,,,,,,,,,,,,,
gate2E_family,N1600_noise0p2,1600,0.2,0,Estimate-then-optimise unconstrained,EtO,464.880347336821,420.6941057714956,478.158742618527,0.7689292752853798,0.54140625,0.38671598498331505,51.344453125,none,,,,,,,,,,,,,,,
gate2E_family,N1600_noise0p2,1600,0.2,0,Estimate-then-optimise unconstrained support top3,EtO,477.63105844898297,420.6941057714956,478.158742618527,0.9908172365041005,0.0,0.7711987033067399,113.13203125,top3,,,,,,,,,,,,,,,
gate2E_family,N1600_noise0p2,1600,0.2,0,Estimate-then-optimise unconstrained learned-transition,EtO,465.93469114903286,420.6941057714956,478.158742618527,0.787276973453533,0.4084375,0.49465678985891504,74.96515625,none,,,,,,,,,,,,,,,
gate2E_family,N1600_noise0p2,1600,0.2,0,Estimate-then-optimise unconstrained learned-transition support top3,EtO,465.68398043679065,420.6941057714956,478.158742618527,0.7829141039393727,0.0,0.7010857213734014,124.5365625,top3,,,,,,,,,,,,,,,
gate2E_family,N1600_noise0p2,1600,0.2,0,Estimate-then-optimise unconstrained empirical-transition,EtO,411.5338453272423,420.6941057714956,478.158742618527,-0.15940691435390952,0.584375,0.2833412617343175,19.996953125,none,,,,,,,,,,,,,,,
gate2E_family,N1600_noise0p2,1600,0.2,0,Estimate-then-optimise unconstrained empirical-transition support top3,EtO,477.63105844898297,420.6941057714956,478.158742618527,0.9908172365041005,0.0,0.7711987033067399,113.13203125,top3,,,,,,,,,,,,,,,
gate2E_family,N1600_noise0p2,1600,0.2,1,Behaviour cloning,BC,442.41327441768937,422.2408621751993,479.08172757209076,0.3548927712770759,0.054296875,0.7834058727277463,162.80734375,none,,,,,,,,,,,,,,,
gate2E_family,N1600_noise0p2,1600,0.2,1,Behaviour cloning support top3,BC,436.1990724656192,422.2408621751993,479.08172757209076,0.2455664633702651,0.0,0.8479703179210492,226.98625,top3,,,,,,,,,,,,,,,
gate2E_family,N1600_noise0p2,1600,0.2,1,Estimate-then-optimise structured,EtO,310.1505135552911,422.2408621751993,479.08172757209076,-1.972002851069158,0.90609375,0.04558041446739222,7.571484375,none,,,,,,,,,,,,,,,
gate2E_family,N1600_noise0p2,1600,0.2,1,Estimate-then-optimise structured support top3,EtO,454.17892426904103,422.2408621751993,479.08172757209076,0.5618855707215952,0.0,0.6262595004276953,128.72296875,top3,,,,,,,,,,,,,,,
gate2E_family,N1600_noise0p2,1600,0.2,1,Estimate-then-optimise structured learned-transition,EtO,314.4933363630709,422.2408621751993,479.08172757209076,-1.8955996721686257,0.917734375,0.040989855998515616,2.86546875,none,,,,,,,,,,,,,,,
gate2E_family,N1600_noise0p2,1600,0.2,1,Estimate-then-optimise structured learned-transition support top3,EtO,448.3612195068947,422.2408621751993,479.08172757209076,0.459534828495484,0.0,0.6839174090627707,150.23390625,top3,,,,,,,,,,,,,,,
gate2E_family,N1600_noise0p2,1600,0.2,1,Estimate-then-optimise structured empirical-transition,EtO,303.85805433839107,422.2408621751993,479.08172757209076,-2.0827059371844547,0.8753125,0.0760833511747453,3.81375,none,,,,,,,,,,,,,,,
gate2E_family,N1600_noise0p2,1600,0.2,1,Estimate-then-optimise structured empirical-transition support top3,EtO,441.92123684968055,422.2408621751993,479.08172757209076,0.3462363659853345,0.0,0.7058700336213031,87.15375,top3,,,,,,,,,,,,,,,
gate2E_family,N1600_noise0p2,1600,0.2,1,Estimate-then-optimise unconstrained,EtO,464.614373604586,422.2408621751993,479.08172757209076,0.7454761839657709,0.574140625,0.36376172048872996,45.508828125,none,,,,,,,,,,,,,,,
gate2E_family,N1600_noise0p2,1600,0.2,1,Estimate-then-optimise unconstrained support top3,EtO,478.63853659327054,422.2408621751993,479.08172757209076,0.992202951596081,0.0,0.7703013809417365,111.650546875,top3,,,,,,,,,,,,,,,
gate2E_family,N1600_noise0p2,1600,0.2,1,Estimate-then-optimise unconstrained learned-transition,EtO,466.08865125857903,422.2408621751993,479.08172757209076,0.7714131158491775,0.41046875,0.46108953999019464,65.203671875,none,,,,,,,,,,,,,,,
gate2E_family,N1600_noise0p2,1600,0.2,1,Estimate-then-optimise unconstrained learned-transition support top3,EtO,468.7264597161413,422.2408621751993,479.08172757209076,0.8178200176291511,0.0,0.6808835348635567,126.728828125,top3,,,,,,,,,,,,,,,
gate2E_family,N1600_noise0p2,1600,0.2,1,Estimate-then-optimise unconstrained empirical-transition,EtO,412.28194194790296,422.2408621751993,479.08172757209076,-0.17520704791804573,0.583671875,0.27353711299038863,18.6121875,none,,,,,,,,,,,,,,,
gate2E_family,N1600_noise0p2,1600,0.2,1,Estimate-then-optimise unconstrained empirical-transition support top3,EtO,478.63853659327054,422.2408621751993,479.08172757209076,0.992202951596081,0.0,0.7703013809417365,111.650546875,top3,,,,,,,,,,,,,,,
gate2E_family,N1600_noise0p2,1600,0.2,2,Behaviour cloning,BC,441.51158737027276,420.7019605669336,477.9242309914933,0.3636630746900196,0.0,0.8354088330780824,201.7390625,none,,,,,,,,,,,,,,,
gate2E_family,N1600_noise0p2,1600,0.2,2,Behaviour cloning support top3,BC,441.51158737027276,420.7019605669336,477.9242309914933,0.3636630746900196,0.0,0.8354088330780824,201.7390625,top3,,,,,,,,,,,,,,,
gate2E_family,N1600_noise0p2,1600,0.2,2,Estimate-then-optimise structured,EtO,316.59889362512155,420.7019605669336,477.9242309914933,-1.8192753655075398,0.933125,0.02640005097485139,2.0890625,none,,,,,,,,,,,,,,,
gate2E_family,N1600_noise0p2,1600,0.2,2,Estimate-then-optimise structured support top3,EtO,454.82367944210273,420.7019605669336,477.9242309914933,0.5963013809484243,0.0,0.6636094009436536,162.175390625,top3,,,,,,,,,,,,,,,
gate2E_family,N1600_noise0p2,1600,0.2,2,Estimate-then-optimise structured learned-transition,EtO,313.9143939176316,420.7019605669336,477.9242309914933,-1.8661889131101135,0.891484375,0.029617874519513494,2.196171875,none,,,,,,,,,,,,,,,
gate2E_family,N1600_noise0p2,1600,0.2,2,Estimate-then-optimise structured learned-transition support top3,EtO,451.4312705544195,420.7019605669336,477.9242309914933,0.5370166153752772,0.0,0.7623454954512253,178.558984375,top3,,,,,,,,,,,,,,,
gate2E_family,N1600_noise0p2,1600,0.2,2,Estimate-then-optimise structured empirical-transition,EtO,326.18237498915335,420.7019605669336,477.9242309914933,-1.651797191486703,0.863828125,0.10199662133798647,5.414296875,none,,,,,,,,,,,,,,,
gate2E_family,N1600_noise0p2,1600,0.2,2,Estimate-then-optimise structured empirical-transition support top3,EtO,440.60351599031003,420.7019605669336,477.9242309914933,0.3477938794758956,0.0,0.6764489610071825,83.1775,top3,,,,,,,,,,,,,,,
gate2E_family,N1600_noise0p2,1600,0.2,2,Estimate-then-optimise unconstrained,EtO,475.47757407270285,420.7019605669336,477.9242309914933,0.9572429248151548,0.11625,0.6774107906654089,102.666640625,none,,,,,,,,,,,,,,,
gate2E_family,N1600_noise0p2,1600,0.2,2,Estimate-then-optimise unconstrained support top3,EtO,477.4334161819272,420.7019605669336,477.9242309914933,0.9914226610387096,0.0,0.7781590740566368,111.466171875,top3,,,,,,,,,,,,,,,
gate2E_family,N1600_noise0p2,1600,0.2,2,Estimate-then-optimise unconstrained learned-transition,EtO,468.3929057945448,420.7019605669336,477.9242309914933,0.8334332922089425,0.33359375,0.5400819605726471,75.427421875,none,,,,,,,,,,,,,,,
gate2E_family,N1600_noise0p2,1600,0.2,2,Estimate-then-optimise unconstrained learned-transition support top3,EtO,468.6569405006991,420.7019605669336,477.9242309914933,0.8380474870704062,0.0,0.7397146343942711,123.014921875,top3,,,,,,,,,,,,,,,
gate2E_family,N1600_noise0p2,1600,0.2,2,Estimate-then-optimise unconstrained empirical-transition,EtO,411.8192567524621,420.7019605669336,477.9242309914933,-0.15523158638352638,0.6571875,0.27818537068746363,18.991953125,none,,,,,,,,,,,,,,,
gate2E_family,N1600_noise0p2,1600,0.2,2,Estimate-then-optimise unconstrained empirical-transition support top3,EtO,477.47062254205406,420.7019605669336,477.9242309914933,0.9920728687262199,0.0,0.7776071864178679,111.896640625,top3,,,,,,,,,,,,,,,
gate2E_family,N1600_noise0p2,1600,0.2,3,Behaviour cloning,BC,443.3288711089266,420.1985074854882,477.65883098140347,0.40254496000327367,0.0,0.8790019311989488,192.08765625,none,,,,,,,,,,,,,,,
gate2E_family,N1600_noise0p2,1600,0.2,3,Behaviour cloning support top3,BC,443.3288711089266,420.1985074854882,477.65883098140347,0.40254496000327367,0.0,0.8790019311989488,192.08765625,top3,,,,,,,,,,,,,,,
gate2E_family,N1600_noise0p2,1600,0.2,3,Estimate-then-optimise structured,EtO,317.40782728097327,420.1985074854882,477.65883098140347,-1.788898390240044,0.923046875,0.027477849908466738,2.040078125,none,,,,,,,,,,,,,,,
gate2E_family,N1600_noise0p2,1600,0.2,3,Estimate-then-optimise structured support top3,EtO,450.8066721051036,420.1985074854882,477.65883098140347,0.5326834719576761,0.0,0.7161809623321411,187.608515625,top3,,,,,,,,,,,,,,,
gate2E_family,N1600_noise0p2,1600,0.2,3,Estimate-then-optimise structured learned-transition,EtO,324.9396600739412,420.1985074854882,477.65883098140347,-1.6578195460093228,0.899375,0.040075814349728685,2.884140625,none,,,,,,,,,,,,,,,
gate2E_family,N1600_noise0p2,1600,0.2,3,Estimate-then-optimise structured learned-transition support top3,EtO,449.28533556953886,420.1985074854882,477.65883098140347,0.5062071759153665,0.0,0.7289564223282192,179.939921875,top3,,,,,,,,,,,,,,,
gate2E_family,N1600_noise0p2,1600,0.2,3,Estimate-then-optimise structured empirical-transition,EtO,278.41762613015226,420.1985074854882,477.65883098140347,-2.4674570682745096,0.877109375,0.07374252975349478,7.441015625,none,,,,,,,,,,,,,,,
gate2E_family,N1600_noise0p2,1600,0.2,3,Estimate-then-optimise structured empirical-transition support top3,EtO,457.4104513068705,420.1985074854882,477.65883098140347,0.6476111089772691,0.0,0.6247857468485369,113.3165625,top3,,,,,,,,,,,,,,,
gate2E_family,N1600_noise0p2,1600,0.2,3,Estimate-then-optimise unconstrained,EtO,475.9718248451871,420.1985074854882,477.65883098140347,0.9706405040282047,0.073828125,0.6934505341871677,102.052265625,none,,,,,,,,,,,,,,,
gate2E_family,N1600_noise0p2,1600,0.2,3,Estimate-then-optimise unconstrained support top3,EtO,477.22911676476576,420.1985074854882,477.65883098140347,0.9925215489490196,0.0,0.7548500140745875,108.171796875,top3,,,,,,,,,,,,,,,
gate2E_family,N1600_noise0p2,1600,0.2,3,Estimate-then-optimise unconstrained learned-transition,EtO,459.1705952489528,420.1985074854882,477.65883098140347,0.6782434450831978,0.362734375,0.5293736495834257,79.195078125,none,,,,,,,,,,,,,,,
gate2E_family,N1600_noise0p2,1600,0.2,3,Estimate-then-optimise unconstrained learned-transition support top3,EtO,473.34503572196394,420.1985074854882,477.65883098140347,0.9249256704977272,0.0,0.7213500723942019,109.4115625,top3,,,,,,,,,,,,,,,
gate2E_family,N1600_noise0p2,1600,0.2,3,Estimate-then-optimise unconstrained empirical-transition,EtO,411.3588608766165,420.1985074854882,477.65883098140347,-0.15383913753113657,0.582734375,0.2756736796723981,19.48515625,none,,,,,,,,,,,,,,,
gate2E_family,N1600_noise0p2,1600,0.2,3,Estimate-then-optimise unconstrained empirical-transition support top3,EtO,477.21389154458717,420.1985074854882,477.65883098140347,0.992256579675401,0.0,0.7557048287267182,106.521796875,top3,,,,,,,,,,,,,,,
gate2E_family,N1600_noise0p2,1600,0.2,4,Behaviour cloning,BC,455.37966231217405,422.8141069914742,479.6367344894461,0.5731089313295512,0.055078125,0.7964846196156407,152.18625,none,,,,,,,,,,,,,,,
gate2E_family,N1600_noise0p2,1600,0.2,4,Behaviour cloning support top3,BC,449.9860064492015,422.8141069914742,479.6367344894461,0.4781880151300135,0.0,0.8471924877701289,203.111328125,top3,,,,,,,,,,,,,,,
gate2E_family,N1600_noise0p2,1600,0.2,4,Estimate-then-optimise structured,EtO,299.74353124727054,422.8141069914742,479.6367344894461,-2.1658726666343666,0.901171875,0.04607329551680216,8.44484375,none,,,,,,,,,,,,,,,
gate2E_family,N1600_noise0p2,1600,0.2,4,Estimate-then-optimise structured support top3,EtO,453.74301405987785,422.8141069914742,479.6367344894461,0.5443061757309191,0.0,0.679489356575188,173.30984375,top3,,,,,,,,,,,,,,,
gate2E_family,N1600_noise0p2,1600,0.2,4,Estimate-then-optimise structured learned-transition,EtO,312.6247288503157,422.8141069914742,479.6367344894461,-1.9391813260499327,0.925,0.0240674337819844,1.701484375,none,,,,,,,,,,,,,,,
gate2E_family,N1600_noise0p2,1600,0.2,4,Estimate-then-optimise structured learned-transition support top3,EtO,448.8924630249475,422.8141069914742,479.6367344894461,0.4589431566571626,0.0,0.6891504946330849,147.7996875,top3,,,,,,,,,,,,,,,
gate2E_family,N1600_noise0p2,1600,0.2,4,Estimate-then-optimise structured empirical-transition,EtO,291.0706927838583,422.8141069914742,479.6367344894461,-2.318502681213009,0.872734375,0.060416462471114166,5.42734375,none,,,,,,,,,,,,,,,
gate2E_family,N1600_noise0p2,1600,0.2,4,Estimate-then-optimise structured empirical-transition support top3,EtO,460.20992860281774,422.8141069914742,479.6367344894461,0.6581149668356723,0.0,0.6872873148436384,104.79984375,top3,,,,,,,,,,,,,,,
gate2E_family,N1600_noise0p2,1600,0.2,4,Estimate-then-optimise unconstrained,EtO,467.42109202769046,422.8141069914742,479.6367344894461,0.7850215134421294,0.5125,0.4136383533414899,54.331796875,none,,,,,,,,,,,,,,,
gate2E_family,N1600_noise0p2,1600,0.2,4,Estimate-then-optimise unconstrained support top3,EtO,479.1582357892302,422.8141069914742,479.6367344894461,0.9915790817622265,0.0,0.7738759408868526,112.758125,top3,,,,,,,,,,,,,,,
gate2E_family,N1600_noise0p2,1600,0.2,4,Estimate-then-optimise unconstrained learned-transition,EtO,466.62022250844353,422.8141069914742,479.6367344894461,0.7709273126895241,0.409140625,0.4758053819705516,69.963125,none,,,,,,,,,,,,,,,
gate2E_family,N1600_noise0p2,1600,0.2,4,Estimate-then-optimise unconstrained learned-transition support top3,EtO,473.4710708048493,422.8141069914742,479.6367344894461,0.8914928091838618,0.0,0.7008607009990117,116.93796875,top3,,,,,,,,,,,,,,,
gate2E_family,N1600_noise0p2,1600,0.2,4,Estimate-then-optimise unconstrained empirical-transition,EtO,412.6241236622825,422.8141069914742,479.6367344894461,-0.17932967512907433,0.658984375,0.26595223475693014,18.598515625,none,,,,,,,,,,,,,,,
gate2E_family,N1600_noise0p2,1600,0.2,4,Estimate-then-optimise unconstrained empirical-transition support top3,EtO,479.1582357892302,422.8141069914742,479.6367344894461,0.9915790817622265,0.0,0.7738759408868526,112.758125,top3,,,,,,,,,,,,,,,
gate2E_family,N1600_noise0p2,1600,0.2,5,Behaviour cloning,BC,437.6120665317854,420.42955294452105,477.5980827412801,0.30055895522152176,0.0340625,0.8252452470855354,168.03015625,none,,,,,,,,,,,,,,,
gate2E_family,N1600_noise0p2,1600,0.2,5,Behaviour cloning support top3,BC,433.7136607028608,420.42955294452105,477.5980827412801,0.232367489693479,0.0,0.8657281686362686,206.72515625,top3,,,,,,,,,,,,,,,
gate2E_family,N1600_noise0p2,1600,0.2,5,Estimate-then-optimise structured,EtO,296.6418232607547,420.42955294452105,477.5980827412801,-2.1653124564134587,0.89640625,0.025861814983103252,1.90484375,none,,,,,,,,,,,,,,,
gate2E_family,N1600_noise0p2,1600,0.2,5,Estimate-then-optimise structured support top3,EtO,446.3739205399475,420.42955294452105,477.5980827412801,0.4538225434108902,0.0,0.7336087397567477,161.0640625,top3,,,,,,,,,,,,,,,
gate2E_family,N1600_noise0p2,1600,0.2,5,Estimate-then-optimise structured learned-transition,EtO,287.1186374000608,420.42955294452105,477.5980827412801,-2.331893368928613,0.89484375,0.03068143820033582,1.95828125,none,,,,,,,,,,,,,,,
gate2E_family,N1600_noise0p2,1600,0.2,5,Estimate-then-optimise structured learned-transition support top3,EtO,446.49769335203234,420.42955294452105,477.5980827412801,0.4559875949265556,0.0,0.7061241653943016,154.530859375,top3,,,,,,,,,,,,,,,
gate2E_family,N1600_noise0p2,1600,0.2,5,Estimate-then-optimise structured empirical-transition,EtO,267.1514194774803,420.42955294452105,477.5980827412801,-2.6811627658077404,0.865234375,0.0733291139046656,8.074609375,none,,,,,,,,,,,,,,,
gate2E_family,N1600_noise0p2,1600,0.2,5,Estimate-then-optimise structured empirical-transition support top3,EtO,464.7408710896575,420.42955294452105,477.5980827412801,0.7750998373172876,0.0,0.6462242430258891,119.471171875,top3,,,,,,,,,,,,,,,
gate2E_family,N1600_noise0p2,1600,0.2,5,Estimate-then-optimise unconstrained,EtO,473.6631977549421,420.42955294452105,477.5980827412801,0.9311704358966897,0.13078125,0.6598232725017199,98.3428125,none,,,,,,,,,,,,,,,
gate2E_family,N1600_noise0p2,1600,0.2,5,Estimate-then-optimise unconstrained support top3,EtO,477.201005047425,420.42955294452105,477.5980827412801,0.9930542608797746,0.0,0.7670892427154696,109.639921875,top3,,,,,,,,,,,,,,,
gate2E_family,N1600_noise0p2,1600,0.2,5,Estimate-then-optimise unconstrained learned-transition,EtO,462.26054304584034,420.42955294452105,477.5980827412801,0.7317135887529983,0.38546875,0.49865586098314446,70.507890625,none,,,,,,,,,,,,,,,
gate2E_family,N1600_noise0p2,1600,0.2,5,Estimate-then-optimise unconstrained learned-transition support top3,EtO,473.11930369229833,420.42955294452105,477.5980827412801,0.9216565641113323,0.0,0.7271920312390394,109.772265625,top3,,,,,,,,,,,,,,,
gate2E_family,N1600_noise0p2,1600,0.2,5,Estimate-then-optimise unconstrained empirical-transition,EtO,411.53065479206606,420.42955294452105,477.5980827412801,-0.15566078372299644,0.5809375,0.2864380987109284,18.983984375,none,,,,,,,,,,,,,,,
gate2E_family,N1600_noise0p2,1600,0.2,5,Estimate-then-optimise unconstrained empirical-transition support top3,EtO,477.1853184569379,420.42955294452105,477.5980827412801,0.9927798688227664,0.0,0.7677993987955304,108.306484375,top3,,,,,,,,,,,,,,,
gate2E_family,N1600_noise0p2,1600,0.2,6,Behaviour cloning,BC,442.31117937601687,420.4015625942231,477.26680319791535,0.38529014472104745,0.0,0.8382842831708757,201.7984375,none,,,,,,,,,,,,,,,
gate2E_family,N1600_noise0p2,1600,0.2,6,Behaviour cloning support top3,BC,442.31117937601687,420.4015625942231,477.26680319791535,0.38529014472104745,0.0,0.8382842831708757,201.7984375,top3,,,,,,,,,,,,,,,
gate2E_family,N1600_noise0p2,1600,0.2,6,Estimate-then-optimise structured,EtO,311.24686562417577,420.4015625942231,477.26680319791535,-1.9195328431083771,0.927890625,0.026037546599381702,1.934765625,none,,,,,,,,,,,,,,,
gate2E_family,N1600_noise0p2,1600,0.2,6,Estimate-then-optimise structured support top3,EtO,448.57761617321444,420.4015625942231,477.26680319791535,0.4954881625377643,0.0,0.7186732458549233,172.428125,top3,,,,,,,,,,,,,,,
gate2E_family,N1600_noise0p2,1600,0.2,6,Estimate-then-optimise structured learned-transition,EtO,310.2288593591364,420.4015625942231,477.26680319791535,-1.9374349262479549,0.9175,0.01992341883609866,1.404140625,none,,,,,,,,,,,,,,,
gate2E_family,N1600_noise0p2,1600,0.2,6,Estimate-then-optimise structured learned-transition support top3,EtO,449.7602363015018,420.4015625942231,477.26680319791535,0.516285052091601,0.0,0.733023093285787,183.8340625,top3,,,,,,,,,,,,,,,
gate2E_family,N1600_noise0p2,1600,0.2,6,Estimate-then-optimise structured empirical-transition,EtO,298.9542650103578,420.4015625942231,477.26680319791535,-2.1357035738274837,0.846875,0.118632400131574,3.97625,none,,,,,,,,,,,,,,,
gate2E_family,N1600_noise0p2,1600,0.2,6,Estimate-then-optimise structured empirical-transition support top3,EtO,439.83793169122464,420.4015625942231,477.26680319791535,0.3417970079904936,0.0,0.7088751941612744,90.27703125,top3,,,,,,,,,,,,,,,
gate2E_family,N1600_noise0p2,1600,0.2,6,Estimate-then-optimise unconstrained,EtO,442.30574310842525,420.4015625942231,477.26680319791535,0.3851945455899454,0.674921875,0.34791148227246144,30.529140625,none,,,,,,,,,,,,,,,
gate2E_family,N1600_noise0p2,1600,0.2,6,Estimate-then-optimise unconstrained support top3,EtO,476.8918841716653,420.4015625942231,477.26680319791535,0.9934068857834799,0.0,0.7605295399465721,106.112578125,top3,,,,,,,,,,,,,,,
gate2E_family,N1600_noise0p2,1600,0.2,6,Estimate-then-optimise unconstrained learned-transition,EtO,404.92302190544814,420.4015625942231,477.26680319791535,-0.2721968732472036,0.608125,0.46103814168210666,45.2903125,none,,,,,,,,,,,,,,,
gate2E_family,N1600_noise0p2,1600,0.2,6,Estimate-then-optimise unconstrained learned-transition support top3,EtO,467.85124440002437,420.4015625942231,477.26680319791535,0.834423301511897,0.0,0.7501888081679605,135.60984375,top3,,,,,,,,,,,,,,,
gate2E_family,N1600_noise0p2,1600,0.2,6,Estimate-then-optimise unconstrained empirical-transition,EtO,410.30020165855575,420.4015625942231,477.26680319791535,-0.17763682749654036,0.66171875,0.27629909031056604,18.54875,none,,,,,,,,,,,,,,,
gate2E_family,N1600_noise0p2,1600,0.2,6,Estimate-then-optimise unconstrained empirical-transition support top3,EtO,476.8918841716653,420.4015625942231,477.26680319791535,0.9934068857834799,0.0,0.7605295399465721,106.112578125,top3,,,,,,,,,,,,,,,
gate2E_family,N1600_noise0p2,1600,0.2,7,Behaviour cloning,BC,437.7439357875815,422.5603637349696,478.8785864087379,0.2696031822695297,0.0,0.8579838605962945,224.5759375,none,,,,,,,,,,,,,,,
gate2E_family,N1600_noise0p2,1600,0.2,7,Behaviour cloning support top3,BC,437.7439357875815,422.5603637349696,478.8785864087379,0.2696031822695297,0.0,0.8579838605962945,224.5759375,top3,,,,,,,,,,,,,,,
gate2E_family,N1600_noise0p2,1600,0.2,7,Estimate-then-optimise structured,EtO,301.7075672613621,422.5603637349696,478.8785864087379,-2.1458915202929147,0.923203125,0.03601601396478926,3.913671875,none,,,,,,,,,,,,,,,
gate2E_family,N1600_noise0p2,1600,0.2,7,Estimate-then-optimise structured support top3,EtO,456.4458658628747,422.5603637349696,478.8785864087379,0.6016791816068477,0.0,0.6561510636508376,164.172578125,top3,,,,,,,,,,,,,,,
gate2E_family,N1600_noise0p2,1600,0.2,7,Estimate-then-optimise structured learned-transition,EtO,306.477954632152,422.5603637349696,478.8785864087379,-2.061187366924598,0.9303125,0.024827646029880943,1.759609375,none,,,,,,,,,,,,,,,
gate2E_family,N1600_noise0p2,1600,0.2,7,Estimate-then-optimise structured learned-transition support top3,EtO,448.09918221404047,422.5603637349696,478.8785864087379,0.45347344547799906,0.0,0.6792012168765171,147.778515625,top3,,,,,,,,,,,,,,,
gate2E_family,N1600_noise0p2,1600,0.2,7,Estimate-then-optimise structured empirical-transition,EtO,284.2212047645608,422.5603637349696,478.8785864087379,-2.456383607340719,0.894765625,0.04953221154140777,5.152578125,none,,,,,,,,,,,,,,,
gate2E_family,N1600_noise0p2,1600,0.2,7,Estimate-then-optimise structured empirical-transition support top3,EtO,460.4787881855216,422.5603637349696,478.8785864087379,0.6732887269933947,0.0,0.5906742222969324,101.02046875,top3,,,,,,,,,,,,,,,
gate2E_family,N1600_noise0p2,1600,0.2,7,Estimate-then-optimise unconstrained,EtO,447.0983040725021,422.5603637349696,478.8785864087379,0.43570161082092745,0.495078125,0.46284234365459515,52.81109375,none,,,,,,,,,,,,,,,
gate2E_family,N1600_noise0p2,1600,0.2,7,Estimate-then-optimise unconstrained support top3,EtO,478.4897896345555,422.5603637349696,478.8785864087379,0.9930964303253224,0.0,0.7639221808882596,108.17484375,top3,,,,,,,,,,,,,,,
gate2E_family,N1600_noise0p2,1600,0.2,7,Estimate-then-optimise unconstrained learned-transition,EtO,439.75652340100265,422.5603637349696,478.8785864087379,0.30533917530821914,0.48359375,0.4743690799887224,64.194609375,none,,,,,,,,,,,,,,,
gate2E_family,N1600_noise0p2,1600,0.2,7,Estimate-then-optimise unconstrained learned-transition support top3,EtO,470.97061676406264,422.5603637349696,478.8785864087379,0.8595841759694135,0.0,0.7890025168379381,132.247578125,top3,,,,,,,,,,,,,,,
gate2E_family,N1600_noise0p2,1600,0.2,7,Estimate-then-optimise unconstrained empirical-transition,EtO,412.3525343273986,422.5603637349696,478.8785864087379,-0.18125269092210863,0.585703125,0.2751075201531733,18.3409375,none,,,,,,,,,,,,,,,
gate2E_family,N1600_noise0p2,1600,0.2,7,Estimate-then-optimise unconstrained empirical-transition support top3,EtO,478.4897896345555,422.5603637349696,478.8785864087379,0.9930964303253224,0.0,0.7639221808882596,108.17484375,top3,,,,,,,,,,,,,,,
gate2E_family,N1600_noise0p2,1600,0.2,8,Behaviour cloning,BC,450.3829981686192,421.64695137411786,478.1010548050897,0.5090160864858622,0.0,0.8457842014852988,232.163671875,none,,,,,,,,,,,,,,,
gate2E_family,N1600_noise0p2,1600,0.2,8,Behaviour cloning support top3,BC,450.3829981686192,421.64695137411786,478.1010548050897,0.5090160864858622,0.0,0.8457842014852988,232.163671875,top3,,,,,,,,,,,,,,,
gate2E_family,N1600_noise0p2,1600,0.2,8,Estimate-then-optimise structured,EtO,313.9071533464973,421.64695137411786,478.1010548050897,-1.908449368244017,0.9290625,0.024966945581186225,1.837421875,none,,,,,,,,,,,,,,,
gate2E_family,N1600_noise0p2,1600,0.2,8,Estimate-then-optimise structured support top3,EtO,449.978579937364,421.64695137411786,478.1010548050897,0.5018524224352986,0.0,0.7295506049341509,182.97515625,top3,,,,,,,,,,,,,,,
gate2E_family,N1600_noise0p2,1600,0.2,8,Estimate-then-optimise structured learned-transition,EtO,314.5634762071435,421.64695137411786,478.1010548050897,-1.8968235904748474,0.9290625,0.024966945581186225,1.837421875,none,,,,,,,,,,,,,,,
gate2E_family,N1600_noise0p2,1600,0.2,8,Estimate-then-optimise structured learned-transition support top3,EtO,449.978579937364,421.64695137411786,478.1010548050897,0.5018524224352986,0.0,0.7295506049341509,182.97515625,top3,,,,,,,,,,,,,,,
gate2E_family,N1600_noise0p2,1600,0.2,8,Estimate-then-optimise structured empirical-transition,EtO,300.7399650417457,421.64695137411786,478.1010548050897,-2.141686413994846,0.875390625,0.06157945219276297,2.979765625,none,,,,,,,,,,,,,,,
gate2E_family,N1600_noise0p2,1600,0.2,8,Estimate-then-optimise structured empirical-transition support top3,EtO,448.3605237513155,421.64695137411786,478.1010548050897,0.47319097733721244,0.0,0.7517564220628933,161.721328125,top3,,,,,,,,,,,,,,,
gate2E_family,N1600_noise0p2,1600,0.2,8,Estimate-then-optimise unconstrained,EtO,463.4902663284814,421.64695137411786,478.1010548050897,0.7411917364966513,0.582734375,0.3551268496705716,42.545546875,none,,,,,,,,,,,,,,,
gate2E_family,N1600_noise0p2,1600,0.2,8,Estimate-then-optimise unconstrained support top3,EtO,477.7226755015262,421.64695137411786,478.1010548050897,0.993297576605284,0.0,0.7684062688171903,106.73609375,top3,,,,,,,,,,,,,,,
gate2E_family,N1600_noise0p2,1600,0.2,8,Estimate-then-optimise unconstrained learned-transition,EtO,465.72415690767434,421.64695137411786,478.1010548050897,0.780761766723495,0.418984375,0.4765522153976876,66.172265625,none,,,,,,,,,,,,,,,
gate2E_family,N1600_noise0p2,1600,0.2,8,Estimate-then-optimise unconstrained learned-transition support top3,EtO,467.84113064146214,421.64695137411786,478.1010548050897,0.8182607899145423,0.0,0.6704664594660009,123.51484375,top3,,,,,,,,,,,,,,,
gate2E_family,N1600_noise0p2,1600,0.2,8,Estimate-then-optimise unconstrained empirical-transition,EtO,411.55802820774164,421.64695137411786,478.1010548050897,-0.17871018319708604,0.58453125,0.2872368275784022,18.12015625,none,,,,,,,,,,,,,,,
gate2E_family,N1600_noise0p2,1600,0.2,8,Estimate-then-optimise unconstrained empirical-transition support top3,EtO,477.7226755015262,421.64695137411786,478.1010548050897,0.993297576605284,0.0,0.7684062688171903,106.73609375,top3,,,,,,,,,,,,,,,
gate2E_family,N1600_noise0p2,1600,0.2,9,Behaviour cloning,BC,449.45119374289965,421.14554862217454,477.7638570902434,0.49993802157986933,0.0,0.8268503812172786,225.701796875,none,,,,,,,,,,,,,,,
gate2E_family,N1600_noise0p2,1600,0.2,9,Behaviour cloning support top3,BC,449.45119374289965,421.14554862217454,477.7638570902434,0.49993802157986933,0.0,0.8268503812172786,225.701796875,top3,,,,,,,,,,,,,,,
gate2E_family,N1600_noise0p2,1600,0.2,9,Estimate-then-optimise structured,EtO,289.24456637416085,421.14554862217454,477.7638570902434,-2.329652471380387,0.928046875,0.028275169926896736,1.961640625,none,,,,,,,,,,,,,,,
gate2E_family,N1600_noise0p2,1600,0.2,9,Estimate-then-optimise structured support top3,EtO,447.2923264087243,421.14554862217454,477.7638570902434,0.4618078231937257,0.0,0.7011256924759468,147.86796875,top3,,,,,,,,,,,,,,,
gate2E_family,N1600_noise0p2,1600,0.2,9,Estimate-then-optimise structured learned-transition,EtO,293.9450988905803,421.14554862217454,477.7638570902434,-2.246631048741623,0.90421875,0.05140061161816134,6.73328125,none,,,,,,,,,,,,,,,
gate2E_family,N1600_noise0p2,1600,0.2,9,Estimate-then-optimise structured learned-transition support top3,EtO,446.83711641065224,421.14554862217454,477.7638570902434,0.4537678444238056,0.0,0.6998730793631687,151.46859375,top3,,,,,,,,,,,,,,,
gate2E_family,N1600_noise0p2,1600,0.2,9,Estimate-then-optimise structured empirical-transition,EtO,295.8309551417224,421.14554862217454,477.7638570902434,-2.213322807959303,0.8775,0.0655403664840391,2.885390625,none,,,,,,,,,,,,,,,
gate2E_family,N1600_noise0p2,1600,0.2,9,Estimate-then-optimise structured empirical-transition support top3,EtO,439.9877815039269,421.14554862217454,477.7638570902434,0.3327939917593767,0.0,0.6944612571753561,82.0146875,top3,,,,,,,,,,,,,,,
gate2E_family,N1600_noise0p2,1600,0.2,9,Estimate-then-optimise unconstrained,EtO,475.7118677971328,421.14554862217454,477.7638570902434,0.963757495611727,0.075625,0.7127802198305134,96.65765625,none,,,,,,,,,,,,,,,
gate2E_family,N1600_noise0p2,1600,0.2,9,Estimate-then-optimise unconstrained support top3,EtO,476.78486859614463,421.14554862217454,477.7638570902434,0.982708976643997,0.0,0.7618972342995187,106.430390625,top3,,,,,,,,,,,,,,,
gate2E_family,N1600_noise0p2,1600,0.2,9,Estimate-then-optimise unconstrained learned-transition,EtO,466.92468040088403,421.14554862217454,477.7638570902434,0.8085570377738791,0.30625,0.5621200715250383,88.646953125,none,,,,,,,,,,,,,,,
gate2E_family,N1600_noise0p2,1600,0.2,9,Estimate-then-optimise unconstrained learned-transition support top3,EtO,472.50409601672305,421.14554862217454,477.7638570902434,0.9071014091407076,0.0,0.7176190158188968,108.015625,top3,,,,,,,,,,,,,,,
gate2E_family,N1600_noise0p2,1600,0.2,9,Estimate-then-optimise unconstrained empirical-transition,EtO,411.6461567441645,421.14554862217454,477.7638570902434,-0.16777950693047353,0.65484375,0.2733080040085184,17.86203125,none,,,,,,,,,,,,,,,
gate2E_family,N1600_noise0p2,1600,0.2,9,Estimate-then-optimise unconstrained empirical-transition support top3,EtO,476.8437104070358,421.14554862217454,477.7638570902434,0.9837482484358127,0.0,0.759403230886279,107.372734375,top3,,,,,,,,,,,,,,,
gate2E_family,N1600_noise0p5,1600,0.5,0,Behaviour cloning,BC,442.2199251235548,420.6941057714956,478.158742618527,0.37459245430124416,0.04546875,0.7853058567948539,156.972421875,none,,,,,,,,,,,,,,,
gate2E_family,N1600_noise0p5,1600,0.5,0,Behaviour cloning support top3,BC,437.0160898198069,420.6941057714956,478.158742618527,0.28403527706543746,0.0,0.8405776655145027,207.351796875,top3,,,,,,,,,,,,,,,
gate2E_family,N1600_noise0p5,1600,0.5,0,Estimate-then-optimise structured,EtO,229.75583692960586,420.6941057714956,478.158742618527,-3.322709048874001,0.851953125,0.11866230430276557,11.556640625,none,,,,,,,,,,,,,,,
gate2E_family,N1600_noise0p5,1600,0.5,0,Estimate-then-optimise structured support top3,EtO,459.88526671314304,420.6941057714956,478.158742618527,0.682004848407426,0.0,0.5631460962703,100.05171875,top3,,,,,,,,,,,,,,,
gate2E_family,N1600_noise0p5,1600,0.5,0,Estimate-then-optimise structured learned-transition,EtO,223.32836085998417,420.6941057714956,478.158742618527,-3.4345600310133535,0.86421875,0.11868361389039012,10.0284375,none,,,,,,,,,,,,,,,
gate2E_family,N1600_noise0p5,1600,0.5,0,Estimate-then-optimise structured learned-transition support top3,EtO,448.2267189856079,420.6941057714956,478.158742618527,0.4791227218124255,0.0,0.6797607924885648,138.02640625,top3,,,,,,,,,,,,,,,
gate2E_family,N1600_noise0p5,1600,0.5,0,Estimate-then-optimise structured empirical-transition,EtO,257.16638914026015,420.6941057714956,478.158742618527,-2.845710433471278,0.8740625,0.09110681348110182,10.447265625,none,,,,,,,,,,,,,,,
gate2E_family,N1600_noise0p5,1600,0.5,0,Estimate-then-optimise structured empirical-transition support top3,EtO,475.0859890914768,420.6941057714956,478.158742618527,0.9465279222901943,0.0,0.7108138333107574,97.7965625,top3,,,,,,,,,,,,,,,
gate2E_family,N1600_noise0p5,1600,0.5,0,Estimate-then-optimise unconstrained,EtO,475.08332377456287,420.6941057714956,478.158742618527,0.9464815404271886,0.1271875,0.6737195966597813,96.953984375,none,,,,,,,,,,,,,,,
gate2E_family,N1600_noise0p5,1600,0.5,0,Estimate-then-optimise unconstrained support top3,EtO,477.63105844898297,420.6941057714956,478.158742618527,0.9908172365041005,0.0,0.7711987033067399,113.13203125,top3,,,,,,,,,,,,,,,
gate2E_family,N1600_noise0p5,1600,0.5,0,Estimate-then-optimise unconstrained learned-transition,EtO,466.4796523091157,420.6941057714956,478.158742618527,0.7967603912559198,0.41453125,0.5049763758709586,73.7471875,none,,,,,,,,,,,,,,,
gate2E_family,N1600_noise0p5,1600,0.5,0,Estimate-then-optimise unconstrained learned-transition support top3,EtO,472.4634977163322,420.6941057714956,478.158742618527,0.9008913096004534,0.0,0.7222609930692976,116.096328125,top3,,,,,,,,,,,,,,,
gate2E_family,N1600_noise0p5,1600,0.5,0,Estimate-then-optimise unconstrained empirical-transition,EtO,411.5338453272423,420.6941057714956,478.158742618527,-0.15940691435390952,0.584375,0.2833412617343175,19.996953125,none,,,,,,,,,,,,,,,
gate2E_family,N1600_noise0p5,1600,0.5,0,Estimate-then-optimise unconstrained empirical-transition support top3,EtO,477.63105844898297,420.6941057714956,478.158742618527,0.9908172365041005,0.0,0.7711987033067399,113.13203125,top3,,,,,,,,,,,,,,,
gate2E_family,N1600_noise0p5,1600,0.5,1,Behaviour cloning,BC,442.41327441768937,422.2408621751993,479.08172757209076,0.3548927712770759,0.054296875,0.7834058727277463,162.80734375,none,,,,,,,,,,,,,,,
gate2E_family,N1600_noise0p5,1600,0.5,1,Behaviour cloning support top3,BC,436.1990724656192,422.2408621751993,479.08172757209076,0.2455664633702651,0.0,0.8479703179210492,226.98625,top3,,,,,,,,,,,,,,,
gate2E_family,N1600_noise0p5,1600,0.5,1,Estimate-then-optimise structured,EtO,299.0596143594953,422.2408621751993,479.08172757209076,-2.167124778195946,0.912734375,0.04932534344853187,7.499765625,none,,,,,,,,,,,,,,,
gate2E_family,N1600_noise0p5,1600,0.5,1,Estimate-then-optimise structured support top3,EtO,456.8174666230344,422.2408621751993,479.08172757209076,0.608305383924117,0.0,0.6151443339535834,132.788125,top3,,,,,,,,,,,,,,,
gate2E_family,N1600_noise0p5,1600,0.5,1,Estimate-then-optimise structured learned-transition,EtO,293.6622269152073,422.2408621751993,479.08172757209076,-2.2620808877942205,0.901015625,0.0401184878156475,2.766875,none,,,,,,,,,,,,,,,
gate2E_family,N1600_noise0p5,1600,0.5,1,Estimate-then-optimise structured learned-transition support top3,EtO,448.3405289137021,422.2408621751993,479.08172757209076,0.459170819379012,0.0,0.6772545650260734,149.92921875,top3,,,,,,,,,,,,,,,
gate2E_family,N1600_noise0p5,1600,0.5,1,Estimate-then-optimise structured empirical-transition,EtO,280.53457026530157,422.2408621751993,479.08172757209076,-2.4930354406188804,0.89484375,0.05004423989536889,4.671953125,none,,,,,,,,,,,,,,,
gate2E_family,N1600_noise0p5,1600,0.5,1,Estimate-then-optimise structured empirical-transition support top3,EtO,458.9951417769627,422.2408621751993,479.08172757209076,0.6466171713806007,0.0,0.5948156690841298,96.354296875,top3,,,,,,,,,,,,,,,
gate2E_family,N1600_noise0p5,1600,0.5,1,Estimate-then-optimise unconstrained,EtO,466.81030639826974,422.2408621751993,479.08172757209076,0.7841091776464734,0.522109375,0.4032359711464205,51.25265625,none,,,,,,,,,,,,,,,
gate2E_family,N1600_noise0p5,1600,0.5,1,Estimate-then-optimise unconstrained support top3,EtO,478.63853659327054,422.2408621751993,479.08172757209076,0.992202951596081,0.0,0.7703013809417365,111.650546875,top3,,,,,,,,,,,,,,,
gate2E_family,N1600_noise0p5,1600,0.5,1,Estimate-then-optimise unconstrained learned-transition,EtO,467.2281974740742,422.2408621751993,479.08172757209076,0.7914611254552641,0.41203125,0.497667100460843,76.15890625,none,,,,,,,,,,,,,,,
gate2E_family,N1600_noise0p5,1600,0.5,1,Estimate-then-optimise unconstrained learned-transition support top3,EtO,466.57562143287635,422.2408621751993,479.08172757209076,0.7799803706032534,0.0,0.6912956962728215,123.815390625,top3,,,,,,,,,,,,,,,
gate2E_family,N1600_noise0p5,1600,0.5,1,Estimate-then-optimise unconstrained empirical-transition,EtO,412.28194194790296,422.2408621751993,479.08172757209076,-0.17520704791804573,0.583671875,0.27353711299038863,18.6121875,none,,,,,,,,,,,,,,,
gate2E_family,N1600_noise0p5,1600,0.5,1,Estimate-then-optimise unconstrained empirical-transition support top3,EtO,478.63853659327054,422.2408621751993,479.08172757209076,0.992202951596081,0.0,0.7703013809417365,111.650546875,top3,,,,,,,,,,,,,,,
gate2E_family,N1600_noise0p5,1600,0.5,2,Behaviour cloning,BC,441.51158737027276,420.7019605669336,477.9242309914933,0.3636630746900196,0.0,0.8354088330780824,201.7390625,none,,,,,,,,,,,,,,,
gate2E_family,N1600_noise0p5,1600,0.5,2,Behaviour cloning support top3,BC,441.51158737027276,420.7019605669336,477.9242309914933,0.3636630746900196,0.0,0.8354088330780824,201.7390625,top3,,,,,,,,,,,,,,,
gate2E_family,N1600_noise0p5,1600,0.5,2,Estimate-then-optimise structured,EtO,282.17793020945646,420.7019605669336,477.9242309914933,-2.4208062582924526,0.873671875,0.06053997382547974,6.922421875,none,,,,,,,,,,,,,,,
gate2E_family,N1600_noise0p5,1600,0.5,2,Estimate-then-optimise structured support top3,EtO,457.0443328876827,420.7019605669336,477.9242309914933,0.6351088842002851,0.0,0.6239561386317531,120.32640625,top3,,,,,,,,,,,,,,,
gate2E_family,N1600_noise0p5,1600,0.5,2,Estimate-then-optimise structured learned-transition,EtO,279.12944903591705,420.7019605669336,477.9242309914933,-2.474080641691106,0.874375,0.05292039330135324,4.84046875,none,,,,,,,,,,,,,,,
gate2E_family,N1600_noise0p5,1600,0.5,2,Estimate-then-optimise structured learned-transition support top3,EtO,447.5642108143929,420.7019605669336,477.9242309914933,0.46943698752522833,0.0,0.6821887189058295,176.283671875,top3,,,,,,,,,,,,,,,
gate2E_family,N1600_noise0p5,1600,0.5,2,Estimate-then-optimise structured empirical-transition,EtO,257.7001166564094,420.7019605669336,477.9242309914933,-2.848573513443888,0.868828125,0.09869374561009302,10.401953125,none,,,,,,,,,,,,,,,
gate2E_family,N1600_noise0p5,1600,0.5,2,Estimate-then-optimise structured empirical-transition support top3,EtO,467.29649961439924,420.7019605669336,477.9242309914933,0.8142728119971162,0.0,0.5866056428981032,109.094140625,top3,,,,,,,,,,,,,,,
gate2E_family,N1600_noise0p5,1600,0.5,2,Estimate-then-optimise unconstrained,EtO,476.63856427387697,420.7019605669336,477.9242309914933,0.9775320568709116,0.06265625,0.7249219054139777,114.518203125,none,,,,,,,,,,,,,,,
gate2E_family,N1600_noise0p5,1600,0.5,2,Estimate-then-optimise unconstrained support top3,EtO,477.4334161819272,420.7019605669336,477.9242309914933,0.9914226610387096,0.0,0.7781590740566368,111.466171875,top3,,,,,,,,,,,,,,,
gate2E_family,N1600_noise0p5,1600,0.5,2,Estimate-then-optimise unconstrained learned-transition,EtO,467.97854306121263,420.7019605669336,477.9242309914933,0.8261920078233738,0.32015625,0.5571925146309527,94.629921875,none,,,,,,,,,,,,,,,
gate2E_family,N1600_noise0p5,1600,0.5,2,Estimate-then-optimise unconstrained learned-transition support top3,EtO,466.80189769899533,420.7019605669336,477.9242309914933,0.8056292906594584,0.0,0.7787219094491385,144.654296875,top3,,,,,,,,,,,,,,,
gate2E_family,N1600_noise0p5,1600,0.5,2,Estimate-then-optimise unconstrained empirical-transition,EtO,414.133450567299,420.7019605669336,477.9242309914933,-0.11478939844399157,0.709296875,0.24003485230487717,13.468359375,none,,,,,,,,,,,,,,,
gate2E_family,N1600_noise0p5,1600,0.5,2,Estimate-then-optimise unconstrained empirical-transition support top3,EtO,477.47062254205406,420.7019605669336,477.9242309914933,0.9920728687262199,0.0,0.7776071864178679,111.896640625,top3,,,,,,,,,,,,,,,
gate2E_family,N1600_noise0p5,1600,0.5,3,Behaviour cloning,BC,443.3288711089266,420.1985074854882,477.65883098140347,0.40254496000327367,0.0,0.8790019311989488,192.08765625,none,,,,,,,,,,,,,,,
gate2E_family,N1600_noise0p5,1600,0.5,3,Behaviour cloning support top3,BC,443.3288711089266,420.1985074854882,477.65883098140347,0.40254496000327367,0.0,0.8790019311989488,192.08765625,top3,,,,,,,,,,,,,,,
gate2E_family,N1600_noise0p5,1600,0.5,3,Estimate-then-optimise structured,EtO,272.6228723400195,420.1985074854882,477.65883098140347,-2.5683049827584004,0.875859375,0.05144209794528052,7.04359375,none,,,,,,,,,,,,,,,
gate2E_family,N1600_noise0p5,1600,0.5,3,Estimate-then-optimise structured support top3,EtO,449.39837790768945,420.1985074854882,477.65883098140347,0.5081744871185244,0.0,0.6930348863774786,175.104453125,top3,,,,,,,,,,,,,,,
gate2E_family,N1600_noise0p5,1600,0.5,3,Estimate-then-optimise structured learned-transition,EtO,269.75447223428085,420.1985074854882,477.65883098140347,-2.6182246478633586,0.8828125,0.04128138181373098,4.803828125,none,,,,,,,,,,,,,,,
gate2E_family,N1600_noise0p5,1600,0.5,3,Estimate-then-optimise structured learned-transition support top3,EtO,446.5633247665944,420.1985074854882,477.65883098140347,0.4588351696798298,0.0,0.6902258899482362,182.058515625,top3,,,,,,,,,,,,,,,
gate2E_family,N1600_noise0p5,1600,0.5,3,Estimate-then-optimise structured empirical-transition,EtO,244.38745872075742,420.1985074854882,477.65883098140347,-3.059694726174469,0.86390625,0.0720987698214586,6.34484375,none,,,,,,,,,,,,,,,
gate2E_family,N1600_noise0p5,1600,0.5,3,Estimate-then-optimise structured empirical-transition support top3,EtO,470.18366034513355,420.1985074854882,477.65883098140347,0.8699072650225974,0.0,0.685644484515887,107.672421875,top3,,,,,,,,,,,,,,,
gate2E_family,N1600_noise0p5,1600,0.5,3,Estimate-then-optimise unconstrained,EtO,475.7422679944611,420.1985074854882,477.65883098140347,0.9666454542832739,0.0675,0.6968927528254333,98.0165625,none,,,,,,,,,,,,,,,
gate2E_family,N1600_noise0p5,1600,0.5,3,Estimate-then-optimise unconstrained support top3,EtO,477.21389154458717,420.1985074854882,477.65883098140347,0.992256579675401,0.0,0.7557048287267182,106.521796875,top3,,,,,,,,,,,,,,,
gate2E_family,N1600_noise0p5,1600,0.5,3,Estimate-then-optimise unconstrained learned-transition,EtO,466.9706802108123,420.1985074854882,477.65883098140347,0.8139907657959676,0.266953125,0.5882644463539571,93.578125,none,,,,,,,,,,,,,,,
gate2E_family,N1600_noise0p5,1600,0.5,3,Estimate-then-optimise unconstrained learned-transition support top3,EtO,473.34503572196394,420.1985074854882,477.65883098140347,0.9249256704977272,0.0,0.7213500723942019,109.4115625,top3,,,,,,,,,,,,,,,
gate2E_family,N1600_noise0p5,1600,0.5,3,Estimate-then-optimise unconstrained empirical-transition,EtO,411.3588608766165,420.1985074854882,477.65883098140347,-0.15383913753113657,0.582734375,0.2756736796723981,19.48515625,none,,,,,,,,,,,,,,,
gate2E_family,N1600_noise0p5,1600,0.5,3,Estimate-then-optimise unconstrained empirical-transition support top3,EtO,477.21389154458717,420.1985074854882,477.65883098140347,0.992256579675401,0.0,0.7557048287267182,106.521796875,top3,,,,,,,,,,,,,,,
gate2E_family,N1600_noise0p5,1600,0.5,4,Behaviour cloning,BC,455.37966231217405,422.8141069914742,479.6367344894461,0.5731089313295512,0.055078125,0.7964846196156407,152.18625,none,,,,,,,,,,,,,,,
gate2E_family,N1600_noise0p5,1600,0.5,4,Behaviour cloning support top3,BC,449.9860064492015,422.8141069914742,479.6367344894461,0.4781880151300135,0.0,0.8471924877701289,203.111328125,top3,,,,,,,,,,,,,,,
gate2E_family,N1600_noise0p5,1600,0.5,4,Estimate-then-optimise structured,EtO,256.12365072402883,422.8141069914742,479.6367344894461,-2.9335224998772693,0.87046875,0.08800853950340473,11.1021875,none,,,,,,,,,,,,,,,
gate2E_family,N1600_noise0p5,1600,0.5,4,Estimate-then-optimise structured support top3,EtO,460.63611714775294,422.8141069914742,479.6367344894461,0.665615298370859,0.0,0.5751949460302144,121.326953125,top3,,,,,,,,,,,,,,,
gate2E_family,N1600_noise0p5,1600,0.5,4,Estimate-then-optimise structured learned-transition,EtO,241.63230935783176,422.8141069914742,479.6367344894461,-3.188550153547707,0.892890625,0.0699542840119235,6.881015625,none,,,,,,,,,,,,,,,
gate2E_family,N1600_noise0p5,1600,0.5,4,Estimate-then-optimise structured learned-transition support top3,EtO,449.07909393044815,422.8141069914742,479.6367344894461,0.462227603605824,0.0,0.6586257846439112,170.92390625,top3,,,,,,,,,,,,,,,
gate2E_family,N1600_noise0p5,1600,0.5,4,Estimate-then-optimise structured empirical-transition,EtO,256.62608829961215,422.8141069914742,479.6367344894461,-2.924680290396526,0.891875,0.07552811702544565,8.041328125,none,,,,,,,,,,,,,,,
gate2E_family,N1600_noise0p5,1600,0.5,4,Estimate-then-optimise structured empirical-transition support top3,EtO,471.65709407997406,422.8141069914742,479.6367344894461,0.8595693166466678,0.0,0.6460286433435979,111.3715625,top3,,,,,,,,,,,,,,,
gate2E_family,N1600_noise0p5,1600,0.5,4,Estimate-then-optimise unconstrained,EtO,477.44999306761855,422.8141069914742,479.6367344894461,0.9615163620882262,0.11953125,0.6684838538415832,101.90171875,none,,,,,,,,,,,,,,,
gate2E_family,N1600_noise0p5,1600,0.5,4,Estimate-then-optimise unconstrained support top3,EtO,479.10440970464174,422.8141069914742,479.6367344894461,0.9906318167912359,0.0,0.7721292175706554,112.37390625,top3,,,,,,,,,,,,,,,
gate2E_family,N1600_noise0p5,1600,0.5,4,Estimate-then-optimise unconstrained learned-transition,EtO,467.7403576515634,422.8141069914742,479.6367344894461,0.7906401487979887,0.337109375,0.5510327438406075,77.863125,none,,,,,,,,,,,,,,,
gate2E_family,N1600_noise0p5,1600,0.5,4,Estimate-then-optimise unconstrained learned-transition support top3,EtO,472.7447892694977,422.8141069914742,479.6367344894461,0.8787112542412018,0.0,0.698738763381003,118.718046875,top3,,,,,,,,,,,,,,,
gate2E_family,N1600_noise0p5,1600,0.5,4,Estimate-then-optimise unconstrained empirical-transition,EtO,413.03286883280185,422.8141069914742,479.6367344894461,-0.1721363229643237,0.658984375,0.2736313223322058,19.31921875,none,,,,,,,,,,,,,,,
gate2E_family,N1600_noise0p5,1600,0.5,4,Estimate-then-optimise unconstrained empirical-transition support top3,EtO,479.1582357892302,422.8141069914742,479.6367344894461,0.9915790817622265,0.0,0.7738759408868526,112.758125,top3,,,,,,,,,,,,,,,
gate2E_family,N1600_noise0p5,1600,0.5,5,Behaviour cloning,BC,437.6120665317854,420.42955294452105,477.5980827412801,0.30055895522152176,0.0340625,0.8252452470855354,168.03015625,none,,,,,,,,,,,,,,,
gate2E_family,N1600_noise0p5,1600,0.5,5,Behaviour cloning support top3,BC,433.7136607028608,420.42955294452105,477.5980827412801,0.232367489693479,0.0,0.8657281686362686,206.72515625,top3,,,,,,,,,,,,,,,
gate2E_family,N1600_noise0p5,1600,0.5,5,Estimate-then-optimise structured,EtO,292.41378035076036,420.42955294452105,477.5980827412801,-2.2392699803348455,0.88953125,0.027551407616767092,2.05296875,none,,,,,,,,,,,,,,,
gate2E_family,N1600_noise0p5,1600,0.5,5,Estimate-then-optimise structured support top3,EtO,457.10976388108344,420.42955294452105,477.5980827412801,0.6416154318987197,0.0,0.639868266500812,140.7825,top3,,,,,,,,,,,,,,,
gate2E_family,N1600_noise0p5,1600,0.5,5,Estimate-then-optimise structured learned-transition,EtO,275.2526897237095,420.42955294452105,477.5980827412801,-2.5394542021096673,0.90078125,0.025709452656589648,1.87703125,none,,,,,,,,,,,,,,,
gate2E_family,N1600_noise0p5,1600,0.5,5,Estimate-then-optimise structured learned-transition support top3,EtO,446.8149408262153,420.42955294452105,477.5980827412801,0.46153693256582723,0.0,0.6873714495395125,179.09828125,top3,,,,,,,,,,,,,,,
gate2E_family,N1600_noise0p5,1600,0.5,5,Estimate-then-optimise structured empirical-transition,EtO,270.04906546620964,420.42955294452105,477.5980827412801,-2.6304767327921845,0.860390625,0.04570459558725126,5.43390625,none,,,,,,,,,,,,,,,
gate2E_family,N1600_noise0p5,1600,0.5,5,Estimate-then-optimise structured empirical-transition support top3,EtO,453.3544796421495,420.42955294452105,477.5980827412801,0.5759274694430746,0.0,0.6194683466504451,122.814140625,top3,,,,,,,,,,,,,,,
gate2E_family,N1600_noise0p5,1600,0.5,5,Estimate-then-optimise unconstrained,EtO,475.9359469082629,420.42955294452105,477.5980827412801,0.97092568518158,0.114921875,0.675167881444449,96.906796875,none,,,,,,,,,,,,,,,
gate2E_family,N1600_noise0p5,1600,0.5,5,Estimate-then-optimise unconstrained support top3,EtO,477.201005047425,420.42955294452105,477.5980827412801,0.9930542608797746,0.0,0.7670892427154696,109.639921875,top3,,,,,,,,,,,,,,,
gate2E_family,N1600_noise0p5,1600,0.5,5,Estimate-then-optimise unconstrained learned-transition,EtO,460.09186082497484,420.42955294452105,477.5980827412801,0.6937786929532389,0.446015625,0.43206699976708396,48.56640625,none,,,,,,,,,,,,,,,
gate2E_family,N1600_noise0p5,1600,0.5,5,Estimate-then-optimise unconstrained learned-transition support top3,EtO,465.9922780077152,420.42955294452105,477.5980827412801,0.7969896239272736,0.0,0.7372421891670398,130.82578125,top3,,,,,,,,,,,,,,,
gate2E_family,N1600_noise0p5,1600,0.5,5,Estimate-then-optimise unconstrained empirical-transition,EtO,410.05745799937,420.42955294452105,477.5980827412801,-0.18143015015472816,0.7059375,0.1601256332494932,16.733984375,none,,,,,,,,,,,,,,,
gate2E_family,N1600_noise0p5,1600,0.5,5,Estimate-then-optimise unconstrained empirical-transition support top3,EtO,477.1853184569379,420.42955294452105,477.5980827412801,0.9927798688227664,0.0,0.7677993987955304,108.306484375,top3,,,,,,,,,,,,,,,
gate2E_family,N1600_noise0p5,1600,0.5,6,Behaviour cloning,BC,442.31117937601687,420.4015625942231,477.26680319791535,0.38529014472104745,0.0,0.8382842831708757,201.7984375,none,,,,,,,,,,,,,,,
gate2E_family,N1600_noise0p5,1600,0.5,6,Behaviour cloning support top3,BC,442.31117937601687,420.4015625942231,477.26680319791535,0.38529014472104745,0.0,0.8382842831708757,201.7984375,top3,,,,,,,,,,,,,,,
gate2E_family,N1600_noise0p5,1600,0.5,6,Estimate-then-optimise structured,EtO,291.4855504052175,420.4015625942231,477.26680319791535,-2.2670441700484965,0.904921875,0.04552369750081756,7.2675,none,,,,,,,,,,,,,,,
gate2E_family,N1600_noise0p5,1600,0.5,6,Estimate-then-optimise structured support top3,EtO,451.8545955072324,420.4015625942231,477.26680319791535,0.5531152700507002,0.0,0.6594558858706318,145.94484375,top3,,,,,,,,,,,,,,,
gate2E_family,N1600_noise0p5,1600,0.5,6,Estimate-then-optimise structured learned-transition,EtO,285.5143736592112,420.4015625942231,477.26680319791535,-2.372049911387409,0.910859375,0.0359640566121432,2.293359375,none,,,,,,,,,,,,,,,
gate2E_family,N1600_noise0p5,1600,0.5,6,Estimate-then-optimise structured learned-transition support top3,EtO,446.23628756615756,420.4015625942231,477.26680319791535,0.4543148801916265,0.0,0.7002267502530765,152.123984375,top3,,,,,,,,,,,,,,,
gate2E_family,N1600_noise0p5,1600,0.5,6,Estimate-then-optimise structured empirical-transition,EtO,279.83265357779936,420.4015625942231,477.26680319791535,-2.4719654313270696,0.885078125,0.05235414280162598,5.42640625,none,,,,,,,,,,,,,,,
gate2E_family,N1600_noise0p5,1600,0.5,6,Estimate-then-optimise structured empirical-transition support top3,EtO,457.14110200827935,420.4015625942231,477.26680319791535,0.646080787208887,0.0,0.5966657986778121,95.971484375,top3,,,,,,,,,,,,,,,
gate2E_family,N1600_noise0p5,1600,0.5,6,Estimate-then-optimise unconstrained,EtO,444.2206964177497,420.4015625942231,477.26680319791535,0.41886983279518625,0.540546875,0.42574534422201005,47.6040625,none,,,,,,,,,,,,,,,
gate2E_family,N1600_noise0p5,1600,0.5,6,Estimate-then-optimise unconstrained support top3,EtO,476.181341405739,420.4015625942231,477.26680319791535,0.9809116820635435,0.0,0.7458731024918842,107.795859375,top3,,,,,,,,,,,,,,,
gate2E_family,N1600_noise0p5,1600,0.5,6,Estimate-then-optimise unconstrained learned-transition,EtO,416.4213539023933,420.4015625942231,477.26680319791535,-0.06999370176886825,0.444140625,0.4985864436487347,71.598984375,none,,,,,,,,,,,,,,,
gate2E_family,N1600_noise0p5,1600,0.5,6,Estimate-then-optimise unconstrained learned-transition support top3,EtO,465.2108119506258,420.4015625942231,477.26680319791535,0.7879901479480107,0.0,0.7399193132650322,150.8946875,top3,,,,,,,,,,,,,,,
gate2E_family,N1600_noise0p5,1600,0.5,6,Estimate-then-optimise unconstrained empirical-transition,EtO,408.8270048658597,420.4015625942231,477.26680319791535,-0.20354363413371132,0.78671875,0.1490928572051439,16.29875,none,,,,,,,,,,,,,,,
gate2E_family,N1600_noise0p5,1600,0.5,6,Estimate-then-optimise unconstrained empirical-transition support top3,EtO,476.8918841716653,420.4015625942231,477.26680319791535,0.9934068857834799,0.0,0.7605295399465721,106.112578125,top3,,,,,,,,,,,,,,,
gate2E_family,N1600_noise0p5,1600,0.5,7,Behaviour cloning,BC,437.7439357875815,422.5603637349696,478.8785864087379,0.2696031822695297,0.0,0.8579838605962945,224.5759375,none,,,,,,,,,,,,,,,
gate2E_family,N1600_noise0p5,1600,0.5,7,Behaviour cloning support top3,BC,437.7439357875815,422.5603637349696,478.8785864087379,0.2696031822695297,0.0,0.8579838605962945,224.5759375,top3,,,,,,,,,,,,,,,
gate2E_family,N1600_noise0p5,1600,0.5,7,Estimate-then-optimise structured,EtO,292.05965738904627,422.5603637349696,478.8785864087379,-2.3172021443550905,0.88078125,0.06648030273545723,13.847421875,none,,,,,,,,,,,,,,,
gate2E_family,N1600_noise0p5,1600,0.5,7,Estimate-then-optimise structured support top3,EtO,456.4243794776362,422.5603637349696,478.8785864087379,0.6012976641473394,0.0,0.6500350946141404,163.9384375,top3,,,,,,,,,,,,,,,
gate2E_family,N1600_noise0p5,1600,0.5,7,Estimate-then-optimise structured learned-transition,EtO,296.29509796326914,422.5603637349696,478.8785864087379,-2.2419966358510792,0.918671875,0.0291586402093395,1.974140625,none,,,,,,,,,,,,,,,
gate2E_family,N1600_noise0p5,1600,0.5,7,Estimate-then-optimise structured learned-transition support top3,EtO,448.07769582880195,422.5603637349696,478.8785864087379,0.4530919280184908,0.0,0.6730852478398199,147.544375,top3,,,,,,,,,,,,,,,
gate2E_family,N1600_noise0p5,1600,0.5,7,Estimate-then-optimise structured empirical-transition,EtO,277.6593760401759,422.5603637349696,478.8785864087379,-2.5728970272047524,0.894765625,0.05001179961978906,4.95921875,none,,,,,,,,,,,,,,,
gate2E_family,N1600_noise0p5,1600,0.5,7,Estimate-then-optimise structured empirical-transition support top3,EtO,460.70714722662916,422.5603637349696,478.8785864087379,0.6773435254274714,0.0,0.5769166825195172,87.4875,top3,,,,,,,,,,,,,,,
gate2E_family,N1600_noise0p5,1600,0.5,7,Estimate-then-optimise unconstrained,EtO,409.26372756914844,422.5603637349696,478.8785864087379,-0.23609829171712163,0.86,0.2604269243932659,11.332734375,none,,,,,,,,,,,,,,,
gate2E_family,N1600_noise0p5,1600,0.5,7,Estimate-then-optimise unconstrained support top3,EtO,478.4897896345555,422.5603637349696,478.8785864087379,0.9930964303253224,0.0,0.7639221808882596,108.17484375,top3,,,,,,,,,,,,,,,
gate2E_family,N1600_noise0p5,1600,0.5,7,Estimate-then-optimise unconstrained learned-transition,EtO,389.2867272974399,422.5603637349696,478.8785864087379,-0.5908147462371501,0.790078125,0.29201023282695476,20.69453125,none,,,,,,,,,,,,,,,
gate2E_family,N1600_noise0p5,1600,0.5,7,Estimate-then-optimise unconstrained learned-transition support top3,EtO,470.97061676406264,422.5603637349696,478.8785864087379,0.8595841759694135,0.0,0.7890025168379381,132.247578125,top3,,,,,,,,,,,,,,,
gate2E_family,N1600_noise0p5,1600,0.5,7,Estimate-then-optimise unconstrained empirical-transition,EtO,410.87933753470264,422.5603637349696,478.8785864087379,-0.20741112992736022,0.710703125,0.14870524491221893,15.5909375,none,,,,,,,,,,,,,,,
gate2E_family,N1600_noise0p5,1600,0.5,7,Estimate-then-optimise unconstrained empirical-transition support top3,EtO,478.4897896345555,422.5603637349696,478.8785864087379,0.9930964303253224,0.0,0.7639221808882596,108.17484375,top3,,,,,,,,,,,,,,,
gate2E_family,N1600_noise0p5,1600,0.5,8,Behaviour cloning,BC,450.3829981686192,421.64695137411786,478.1010548050897,0.5090160864858622,0.0,0.8457842014852988,232.163671875,none,,,,,,,,,,,,,,,
gate2E_family,N1600_noise0p5,1600,0.5,8,Behaviour cloning support top3,BC,450.3829981686192,421.64695137411786,478.1010548050897,0.5090160864858622,0.0,0.8457842014852988,232.163671875,top3,,,,,,,,,,,,,,,
gate2E_family,N1600_noise0p5,1600,0.5,8,Estimate-then-optimise structured,EtO,277.35837154608066,421.64695137411786,478.1010548050897,-2.5558563693153555,0.900703125,0.0567663678000938,6.631015625,none,,,,,,,,,,,,,,,
gate2E_family,N1600_noise0p5,1600,0.5,8,Estimate-then-optimise structured support top3,EtO,455.2559138369652,421.64695137411786,478.1010548050897,0.5953324987959829,0.0,0.634086049872228,115.322109375,top3,,,,,,,,,,,,,,,
gate2E_family,N1600_noise0p5,1600,0.5,8,Estimate-then-optimise structured learned-transition,EtO,265.60953254138553,421.64695137411786,478.1010548050897,-2.7639694787381415,0.8965625,0.04088759935094991,3.41703125,none,,,,,,,,,,,,,,,
gate2E_family,N1600_noise0p5,1600,0.5,8,Estimate-then-optimise structured learned-transition support top3,EtO,447.3407027782897,421.64695137411786,478.1010548050897,0.4551263742163294,0.0,0.6801084979187838,151.51328125,top3,,,,,,,,,,,,,,,
gate2E_family,N1600_noise0p5,1600,0.5,8,Estimate-then-optimise structured empirical-transition,EtO,256.43252616773697,421.64695137411786,478.1010548050897,-2.9265264199686327,0.888671875,0.07822048024245612,8.34640625,none,,,,,,,,,,,,,,,
gate2E_family,N1600_noise0p5,1600,0.5,8,Estimate-then-optimise structured empirical-transition support top3,EtO,467.48539652044434,421.64695137411786,478.1010548050897,0.811959492056668,0.0,0.5940455430295464,108.75109375,top3,,,,,,,,,,,,,,,
gate2E_family,N1600_noise0p5,1600,0.5,8,Estimate-then-optimise unconstrained,EtO,462.5822428456747,421.64695137411786,478.1010548050897,0.7251074586918151,0.600390625,0.3476925091390524,41.857890625,none,,,,,,,,,,,,,,,
gate2E_family,N1600_noise0p5,1600,0.5,8,Estimate-then-optimise unconstrained support top3,EtO,477.74205305448095,421.64695137411786,478.1010548050897,0.9936408209715402,0.0,0.7656282921532681,108.25203125,top3,,,,,,,,,,,,,,,
gate2E_family,N1600_noise0p5,1600,0.5,8,Estimate-then-optimise unconstrained learned-transition,EtO,461.7860135552187,421.64695137411786,478.1010548050897,0.7110034477862197,0.41046875,0.48015584309428555,66.4709375,none,,,,,,,,,,,,,,,
gate2E_family,N1600_noise0p5,1600,0.5,8,Estimate-then-optimise unconstrained learned-transition support top3,EtO,475.9471055889597,421.64695137411786,478.1010548050897,0.9618460114460289,0.0,0.7288199018865962,108.85859375,top3,,,,,,,,,,,,,,,
gate2E_family,N1600_noise0p5,1600,0.5,8,Estimate-then-optimise unconstrained empirical-transition,EtO,411.55802820774164,421.64695137411786,478.1010548050897,-0.17871018319708604,0.58453125,0.2872368275784022,18.12015625,none,,,,,,,,,,,,,,,
gate2E_family,N1600_noise0p5,1600,0.5,8,Estimate-then-optimise unconstrained empirical-transition support top3,EtO,477.74205305448095,421.64695137411786,478.1010548050897,0.9936408209715402,0.0,0.7656282921532681,108.25203125,top3,,,,,,,,,,,,,,,
gate2E_family,N1600_noise0p5,1600,0.5,9,Behaviour cloning,BC,449.45119374289965,421.14554862217454,477.7638570902434,0.49993802157986933,0.0,0.8268503812172786,225.701796875,none,,,,,,,,,,,,,,,
gate2E_family,N1600_noise0p5,1600,0.5,9,Behaviour cloning support top3,BC,449.45119374289965,421.14554862217454,477.7638570902434,0.49993802157986933,0.0,0.8268503812172786,225.701796875,top3,,,,,,,,,,,,,,,
gate2E_family,N1600_noise0p5,1600,0.5,9,Estimate-then-optimise structured,EtO,273.762459149488,421.14554862217454,477.7638570902434,-2.603099482489953,0.893671875,0.04611199000240364,6.4228125,none,,,,,,,,,,,,,,,
gate2E_family,N1600_noise0p5,1600,0.5,9,Estimate-then-optimise structured support top3,EtO,453.97300839524615,421.14554862217454,477.7638570902434,0.5798029058318721,0.0,0.6581543782267946,169.78453125,top3,,,,,,,,,,,,,,,
gate2E_family,N1600_noise0p5,1600,0.5,9,Estimate-then-optimise structured learned-transition,EtO,283.7173733273383,421.14554862217454,477.7638570902434,-2.4272744808747144,0.906171875,0.03151649224595751,2.780703125,none,,,,,,,,,,,,,,,
gate2E_family,N1600_noise0p5,1600,0.5,9,Estimate-then-optimise structured learned-transition support top3,EtO,446.89551198774205,421.14554862217454,477.7638570902434,0.45479923477561635,0.0,0.6916326512225208,148.78734375,top3,,,,,,,,,,,,,,,
gate2E_family,N1600_noise0p5,1600,0.5,9,Estimate-then-optimise structured empirical-transition,EtO,271.18710771568203,421.14554862217454,477.7638570902434,-2.6485856777417665,0.88921875,0.06595326874402423,7.436796875,none,,,,,,,,,,,,,,,
gate2E_family,N1600_noise0p5,1600,0.5,9,Estimate-then-optimise structured empirical-transition support top3,EtO,459.4246271141725,421.14554862217454,477.7638570902434,0.6760901116215136,0.0,0.5773668597609246,97.385625,top3,,,,,,,,,,,,,,,
gate2E_family,N1600_noise0p5,1600,0.5,9,Estimate-then-optimise unconstrained,EtO,473.555031032459,421.14554862217454,477.7638570902434,0.9256631614107996,0.13640625,0.6680793563920249,86.6128125,none,,,,,,,,,,,,,,,
gate2E_family,N1600_noise0p5,1600,0.5,9,Estimate-then-optimise unconstrained support top3,EtO,476.3721584023678,421.14554862217454,477.7638570902434,0.9754196349991546,0.0,0.7387070607641936,108.738359375,top3,,,,,,,,,,,,,,,
gate2E_family,N1600_noise0p5,1600,0.5,9,Estimate-then-optimise unconstrained learned-transition,EtO,463.7675563243078,421.14554862217454,477.7638570902434,0.7527954976996688,0.468515625,0.4664594006365451,69.189453125,none,,,,,,,,,,,,,,,
gate2E_family,N1600_noise0p5,1600,0.5,9,Estimate-then-optimise unconstrained learned-transition support top3,EtO,474.1359873734858,421.14554862217454,477.7638570902434,0.9359240886045971,0.0,0.7197400257059411,106.2134375,top3,,,,,,,,,,,,,,,
gate2E_family,N1600_noise0p5,1600,0.5,9,Estimate-then-optimise unconstrained empirical-transition,EtO,413.01891542920146,421.14554862217454,477.7638570902434,-0.1435336627472063,0.61921875,0.2841909571395622,20.45984375,none,,,,,,,,,,,,,,,
gate2E_family,N1600_noise0p5,1600,0.5,9,Estimate-then-optimise unconstrained empirical-transition support top3,EtO,477.35590055546083,421.14554862217454,477.7638570902434,0.9927946181046254,0.0,0.7586967456712252,107.70125,top3,,,,,,,,,,,,,,,
gate2C_support_mask,N100_noise0p05,100,0.05,0,Structured DT,DT,458.9087118354264,425.0469525373324,482.2674723800636,0.5917765058961706,0.38375,0.5606426977177685,5.05875,none,739.2139892578125,,,,,,,,,,,,,,
gate2C_support_mask,N100_noise0p05,100,0.05,0,Structured DT support count>=1,DT,468.435234662372,425.0469525373324,482.2674723800636,0.7582643821533064,0.0,0.8211931416214504,10.21,count>=1,739.2139892578125,,,,,,,,,,,,,,
gate2C_support_mask,N100_noise0p05,100,0.05,0,Structured DT support top3,DT,468.435234662372,425.0469525373324,482.2674723800636,0.7582643821533064,0.0,0.8211931416214504,10.21,top3,739.2139892578125,,,,,,,,,,,,,,
gate2C_support_mask,N100_noise0p05,100,0.05,0,Vanilla DT,DT,460.10994383756,425.0469525373324,482.2674723800636,0.6127695343662923,0.26,0.6597397402334092,10.015,none,482.6824340820313,,,,,,,,,,,,,,
gate2C_support_mask,N100_noise0p05,100,0.05,0,Vanilla DT support top3,DT,460.891666049172,425.0469525373324,482.2674723800636,0.6264311056655503,0.0,0.8517454253263077,12.49375,top3,482.6824340820313,,,,,,,,,,,,,,
gate2A_fixed_value_guided_dt,N100_noise0p05,100,0.05,0,Q-DT fixed td denoised,Q-DT,462.1892084541191,425.0469525373324,482.2674723800636,0.6491072786278606,0.495,0.4960757781332984,5.11625,none,35736.85546875,td,True,2000.0,0.1,,,,,,,,,,
gate2A_fixed_value_guided_dt,N100_noise0p05,100,0.05,0,Q-DT fixed td denoised support top3,Q-DT,466.31861438765526,425.0469525373324,482.2674723800636,0.7212738011426102,0.0,0.8545957090295326,12.33125,top3,35736.85546875,td,True,2000.0,0.1,,,,,,,,,,
gate2A_fixed_value_guided_dt,N100_noise0p05,100,0.05,0,Q-DT fixed q_sa,Q-DT,457.3742961685904,425.0469525373324,482.2674723800636,0.56496067704573,0.51,0.4691686205476784,4.6025,none,32323.072265625,q_sa,False,2000.0,0.1,,,,,,,,,,
gate2A_fixed_value_guided_dt,N100_noise0p05,100,0.05,0,Q-DT fixed q_sa support top3,Q-DT,472.6445987085987,425.0469525373324,482.2674723800636,0.8318282724813928,0.0,0.8227438603063604,10.0,top3,32323.072265625,q_sa,False,2000.0,0.1,,,,,,,,,,
gate2B_iql,N100_noise0p05,100,0.05,0,IQL expectile0.7 beta3,IQL,467.2068005242692,425.0469525373324,482.2674723800636,0.7367959624067008,0.43625,0.4757879656160458,4.46625,none,,,,,,2000.0,0.7,3.0,20.0,79.94037742614746,60.4322006225586,0.7143393486738205,6.249637794494629,,
gate2B_iql,N100_noise0p05,100,0.05,0,IQL expectile0.7 beta3 support top3,IQL,479.8445501365202,425.0469525373324,482.2674723800636,0.9576564097949004,0.0,0.8026511405261405,8.4375,top3,,,,,,2000.0,0.7,3.0,20.0,79.94037742614746,60.4322006225586,0.7143393486738205,6.249637794494629,,
gate2C_support_mask,N100_noise0p05,100,0.05,1,Structured DT,DT,458.84103823870873,421.1367484506907,477.8449022706637,0.6648830414708071,0.23375,0.6036593614718615,5.33125,none,742.8942260742188,,,,,,,,,,,,,,
gate2C_support_mask,N100_noise0p05,100,0.05,1,Structured DT support count>=1,DT,469.6745609754456,421.1367484506907,477.8449022706637,0.8559229891144778,0.0,0.7680562094155845,8.22125,count>=1,742.8942260742188,,,,,,,,,,,,,,
gate2C_support_mask,N100_noise0p05,100,0.05,1,Structured DT support top3,DT,469.6745609754456,421.1367484506907,477.8449022706637,0.8559229891144778,0.0,0.7680562094155845,8.22125,top3,742.8942260742188,,,,,,,,,,,,,,
gate2C_support_mask,N100_noise0p05,100,0.05,1,Vanilla DT,DT,444.5106851239505,421.1367484506907,477.8449022706637,0.412179468008485,0.0975,0.7807615702730647,16.89875,none,471.8332824707031,,,,,,,,,,,,,,
gate2C_support_mask,N100_noise0p05,100,0.05,1,Vanilla DT support top3,DT,447.24040000788455,421.1367484506907,477.8449022706637,0.4603156653638044,0.0,0.8321354166666667,16.41625,top3,471.8332824707031,,,,,,,,,,,,,,
gate2A_fixed_value_guided_dt,N100_noise0p05,100,0.05,1,Q-DT fixed td denoised,Q-DT,463.7034744224852,421.1367484506907,477.8449022706637,0.7506279627252157,0.24,0.6080303030303031,5.76875,none,37083.62109375,td,True,2000.0,0.1,,,,,,,,,,
gate2A_fixed_value_guided_dt,N100_noise0p05,100,0.05,1,Q-DT fixed td denoised support top3,Q-DT,472.5928160670275,421.1367484506907,477.8449022706637,0.907383932470988,0.0,0.7690616206709957,7.945,top3,37083.62109375,td,True,2000.0,0.1,,,,,,,,,,
gate2A_fixed_value_guided_dt,N100_noise0p05,100,0.05,1,Q-DT fixed q_sa,Q-DT,440.307666729662,421.1367484506907,477.8449022706637,0.3380628179120721,0.635,0.3613460558318978,2.8475,none,33358.4921875,q_sa,False,2000.0,0.1,,,,,,,,,,
gate2A_fixed_value_guided_dt,N100_noise0p05,100,0.05,1,Q-DT fixed q_sa support top3,Q-DT,469.32692775405735,421.1367484506907,477.8449022706637,0.8497927732994495,0.0,0.7617418154761905,8.0825,top3,33358.4921875,q_sa,False,2000.0,0.1,,,,,,,,,,
gate2B_iql,N100_noise0p05,100,0.05,1,IQL expectile0.7 beta3,IQL,456.69148839346695,421.1367484506907,477.8449022706637,0.6269775605047756,0.35875,0.600170192297852,4.63625,none,,,,,,2000.0,0.7,3.0,20.0,229.37946548461915,165.52994918823242,0.9592132836580276,6.0824737548828125,,
gate2B_iql,N100_noise0p05,100,0.05,1,IQL expectile0.7 beta3 support top3,IQL,469.2775340759324,421.1367484506907,477.8449022706637,0.848921757849329,0.0,0.7199520427489177,6.5725,top3,,,,,,2000.0,0.7,3.0,20.0,229.37946548461915,165.52994918823242,0.9592132836580276,6.0824737548828125,,
gate2C_support_mask,N100_noise0p05,100,0.05,2,Structured DT,DT,462.9450789853301,428.2572553930546,483.61336583743207,0.6266304354445255,0.28375,0.6307949203574204,8.4175,none,730.340087890625,,,,,,,,,,,,,,
gate2C_support_mask,N100_noise0p05,100,0.05,2,Structured DT support count>=1,DT,467.3059259320937,428.2572553930546,483.61336583743207,0.7054084946643012,0.0,0.8269068869642718,11.3775,count>=1,730.340087890625,,,,,,,,,,,,,,
gate2C_support_mask,N100_noise0p05,100,0.05,2,Structured DT support top3,DT,467.3059259320937,428.2572553930546,483.61336583743207,0.7054084946643012,0.0,0.8269068869642718,11.3775,top3,730.340087890625,,,,,,,,,,,,,,
gate2C_support_mask,N100_noise0p05,100,0.05,2,Vanilla DT,DT,451.2255311908151,428.2572553930546,483.61336583743207,0.4149185268506052,0.15,0.7154159372489157,16.5925,none,480.0142211914063,,,,,,,,,,,,,,
gate2C_support_mask,N100_noise0p05,100,0.05,2,Vanilla DT support top3,DT,455.583184685059,428.2572553930546,483.61336583743207,0.4936388968199244,0.0,0.8173275553836615,16.24125,top3,480.0142211914063,,,,,,,,,,,,,,
gate2A_fixed_value_guided_dt,N100_noise0p05,100,0.05,2,Q-DT fixed td denoised,Q-DT,458.6190610055874,428.2572553930546,483.61336583743207,0.5484815563954902,0.3775,0.545006930807439,12.5425,none,33971.81640625,td,True,2000.0,0.1,,,,,,,,,,
gate2A_fixed_value_guided_dt,N100_noise0p05,100,0.05,2,Q-DT fixed td denoised support top3,Q-DT,459.86094912009247,428.2572553930546,483.61336583743207,0.5709160826751667,0.0,0.8537295660967337,14.8725,top3,33971.81640625,td,True,2000.0,0.1,,,,,,,,,,
gate2A_fixed_value_guided_dt,N100_noise0p05,100,0.05,2,Q-DT fixed q_sa,Q-DT,456.766405532887,428.2572553930546,483.61336583743207,0.5150136075488678,0.42875,0.5398822131348083,5.285,none,30740.693359375,q_sa,False,2000.0,0.1,,,,,,,,,,
gate2A_fixed_value_guided_dt,N100_noise0p05,100,0.05,2,Q-DT fixed q_sa support top3,Q-DT,466.9060753928537,428.2572553930546,483.61336583743207,0.6981852534352816,0.0,0.8359542611587049,11.8,top3,30740.693359375,q_sa,False,2000.0,0.1,,,,,,,,,,
gate2B_iql,N100_noise0p05,100,0.05,2,IQL expectile0.7 beta3,IQL,452.9825001445355,428.2572553930546,483.61336583743207,0.4466579127940199,0.48375,0.4224474988276745,6.125,none,,,,,,2000.0,0.7,3.0,20.0,133.5518543243408,135.25335960388185,1.0852715998888016,5.462640619277954,,
gate2B_iql,N100_noise0p05,100,0.05,2,IQL expectile0.7 beta3 support top3,IQL,475.36791532577166,428.2572553930546,483.61336583743207,0.8510471482647693,0.0,0.791186797271356,7.015,top3,,,,,,2000.0,0.7,3.0,20.0,133.5518543243408,135.25335960388185,1.0852715998888016,5.462640619277954,,
gate2C_support_mask,N100_noise0p05,100,0.05,3,Structured DT,DT,449.44179096245375,427.8075954406258,483.282798778634,0.3899795624003699,0.15625,0.7650627823735844,19.40875,none,699.8681030273438,,,,,,,,,,,,,,
gate2C_support_mask,N100_noise0p05,100,0.05,3,Structured DT support count>=1,DT,451.01172553250296,427.8075954406258,483.282798778634,0.4182793157240966,0.0,0.8743616990648241,15.93625,count>=1,699.8681030273438,,,,,,,,,,,,,,
gate2C_support_mask,N100_noise0p05,100,0.05,3,Structured DT support top3,DT,451.01172553250296,427.8075954406258,483.282798778634,0.4182793157240966,0.0,0.8743616990648241,15.93625,top3,699.8681030273438,,,,,,,,,,,,,,
gate2C_support_mask,N100_noise0p05,100,0.05,3,Vanilla DT,DT,448.9114249569032,427.8075954406258,483.282798778634,0.3804191466896044,0.1875,0.7245893621628917,18.975,none,490.3147277832031,,,,,,,,,,,,,,
gate2C_support_mask,N100_noise0p05,100,0.05,3,Vanilla DT support top3,DT,452.8636983030657,427.8075954406258,483.282798778634,0.4516631099082969,0.0,0.8497127655330781,15.72125,top3,490.3147277832031,,,,,,,,,,,,,,
gate2A_fixed_value_guided_dt,N100_noise0p05,100,0.05,3,Q-DT fixed td denoised,Q-DT,448.2608757649772,427.8075954406258,483.282798778634,0.3686923002288138,0.18,0.7468463780228486,19.7025,none,44821.83203125,td,True,2000.0,0.1,,,,,,,,,,
gate2A_fixed_value_guided_dt,N100_noise0p05,100,0.05,3,Q-DT fixed td denoised support top3,Q-DT,451.01172553250296,427.8075954406258,483.282798778634,0.4182793157240966,0.0,0.8743616990648241,15.93625,top3,44821.83203125,td,True,2000.0,0.1,,,,,,,,,,
gate2A_fixed_value_guided_dt,N100_noise0p05,100,0.05,3,Q-DT fixed q_sa,Q-DT,452.8064015569107,427.8075954406258,483.282798778634,0.4506302746466419,0.40375,0.5271206036266277,6.40625,none,40389.75,q_sa,False,2000.0,0.1,,,,,,,,,,
gate2A_fixed_value_guided_dt,N100_noise0p05,100,0.05,3,Q-DT fixed q_sa support top3,Q-DT,464.7664723786041,427.8075954406258,483.282798778634,0.6662233703370029,0.0,0.8140267631673882,8.38125,top3,40389.75,q_sa,False,2000.0,0.1,,,,,,,,,,
gate2B_iql,N100_noise0p05,100,0.05,3,IQL expectile0.7 beta3,IQL,406.9215344186501,427.8075954406258,483.282798778634,-0.3764936361696185,0.93,0.1055622009569378,0.25875,none,,,,,,2000.0,0.7,3.0,20.0,86.88522109985351,220.7921524047852,0.3304582566022873,5.070372724533081,,
gate2B_iql,N100_noise0p05,100,0.05,3,IQL expectile0.7 beta3 support top3,IQL,462.0285270374486,427.8075954406258,483.282798778634,0.6168689709583591,0.0,0.8265369656385282,12.89125,top3,,,,,,2000.0,0.7,3.0,20.0,86.88522109985351,220.7921524047852,0.3304582566022873,5.070372724533081,,
gate2C_support_mask,N100_noise0p05,100,0.05,4,Structured DT,DT,456.98643159132206,415.8730447844656,474.3155353853144,0.7034845090304779,0.22625,0.6188214285714285,8.61,none,712.996337890625,,,,,,,,,,,,,,
gate2C_support_mask,N100_noise0p05,100,0.05,4,Structured DT support count>=1,DT,462.2252592021689,415.8730447844656,474.3155353853144,0.7931252405767606,0.0,0.7636815476190476,9.44625,count>=1,712.996337890625,,,,,,,,,,,,,,
gate2C_support_mask,N100_noise0p05,100,0.05,4,Structured DT support top3,DT,462.2252592021689,415.8730447844656,474.3155353853144,0.7931252405767606,0.0,0.7636815476190476,9.44625,top3,712.996337890625,,,,,,,,,,,,,,
gate2C_support_mask,N100_noise0p05,100,0.05,4,Vanilla DT,DT,432.8317506524574,415.8730447844656,474.3155353853144,0.2901776719923959,0.26625,0.6479330797112303,12.0375,none,465.83782958984375,,,,,,,,,,,,,,
gate2C_support_mask,N100_noise0p05,100,0.05,4,Vanilla DT support top3,DT,445.2624012140542,415.8730447844656,474.3155353853144,0.5028765223288025,0.0,0.8524100877192983,13.97375,top3,465.83782958984375,,,,,,,,,,,,,,
gate2A_fixed_value_guided_dt,N100_noise0p05,100,0.05,4,Q-DT fixed td denoised,Q-DT,454.101693586852,415.8730447844656,474.3155353853144,0.6541242238199741,0.35,0.5147202380952381,5.1175,none,25548.916015625,td,True,2000.0,0.1,,,,,,,,,,
gate2A_fixed_value_guided_dt,N100_noise0p05,100,0.05,4,Q-DT fixed td denoised support top3,Q-DT,467.3232176097696,415.8730447844656,474.3155353853144,0.8803555819805662,0.0,0.7177291666666668,7.0525,top3,25548.916015625,td,True,2000.0,0.1,,,,,,,,,,
gate2A_fixed_value_guided_dt,N100_noise0p05,100,0.05,4,Q-DT fixed q_sa,Q-DT,444.88951232469975,415.8730447844656,474.3155353853144,0.496496080880795,0.53125,0.483831512402941,5.1425,none,23275.515625,q_sa,False,2000.0,0.1,,,,,,,,,,
gate2A_fixed_value_guided_dt,N100_noise0p05,100,0.05,4,Q-DT fixed q_sa support top3,Q-DT,463.2613987489403,415.8730447844656,474.3155353853144,0.8108544567021995,0.0,0.8037886904761905,9.79625,top3,23275.515625,q_sa,False,2000.0,0.1,,,,,,,,,,
gate2B_iql,N100_noise0p05,100,0.05,4,IQL expectile0.7 beta3,IQL,446.8428046863249,415.8730447844656,474.3155353853144,0.5299185504152601,0.50625,0.3629487179487179,1.885,none,,,,,,2000.0,0.7,3.0,20.0,257.3263236999512,576.0145965576172,0.2851091504096985,4.554415130615235,,
gate2B_iql,N100_noise0p05,100,0.05,4,IQL expectile0.7 beta3 support top3,IQL,464.6130677699172,415.8730447844656,474.3155353853144,0.8339826466044493,0.0,0.7050803571428571,9.44875,top3,,,,,,2000.0,0.7,3.0,20.0,257.3263236999512,576.0145965576172,0.2851091504096985,4.554415130615235,,
gate2C_support_mask,N100_noise0p05,100,0.05,5,Structured DT,DT,452.5840123491526,413.08161086848617,472.4205638661845,0.6657077599970235,0.3625,0.5920625236832133,8.0875,none,704.0098876953125,,,,,,,,,,,,,,
gate2C_support_mask,N100_noise0p05,100,0.05,5,Structured DT support count>=1,DT,454.7262764245539,413.08161086848617,472.4205638661845,0.7018099149420959,0.0,0.8284860157203908,12.10875,count>=1,704.0098876953125,,,,,,,,,,,,,,
gate2C_support_mask,N100_noise0p05,100,0.05,5,Structured DT support top3,DT,454.7262764245539,413.08161086848617,472.4205638661845,0.7018099149420959,0.0,0.8284860157203908,12.10875,top3,704.0098876953125,,,,,,,,,,,,,,
gate2C_support_mask,N100_noise0p05,100,0.05,5,Vanilla DT,DT,435.8548394020465,413.08161086848617,472.4205638661845,0.3837821091053569,0.155,0.7648058036735453,15.5075,none,465.2228393554688,,,,,,,,,,,,,,
gate2C_support_mask,N100_noise0p05,100,0.05,5,Vanilla DT support top3,DT,443.28227896929593,413.08161086848617,472.4205638661845,0.5089518195911072,0.0,0.8054215539894888,15.34625,top3,465.2228393554688,,,,,,,,,,,,,,
gate2A_fixed_value_guided_dt,N100_noise0p05,100,0.05,5,Q-DT fixed td denoised,Q-DT,455.3000861689091,413.08161086848617,472.4205638661845,0.7114799498073467,0.41125,0.4817301896415821,3.795,none,28734.654296875,td,True,2000.0,0.1,,,,,,,,,,
gate2A_fixed_value_guided_dt,N100_noise0p05,100,0.05,5,Q-DT fixed td denoised support top3,Q-DT,459.9952218255054,413.08161086848617,472.4205638661845,0.790603955530508,0.0,0.8076125585616074,9.27375,top3,28734.654296875,td,True,2000.0,0.1,,,,,,,,,,
gate2A_fixed_value_guided_dt,N100_noise0p05,100,0.05,5,Q-DT fixed q_sa,Q-DT,444.224434880831,413.08161086848617,472.4205638661845,0.5248293479925874,0.50875,0.5157001414427157,4.735,none,26470.2578125,q_sa,False,2000.0,0.1,,,,,,,,,,
gate2A_fixed_value_guided_dt,N100_noise0p05,100,0.05,5,Q-DT fixed q_sa support top3,Q-DT,447.67133510753285,413.08161086848617,472.4205638661845,0.5829176702930428,0.0,0.8754010449846048,15.25375,top3,26470.2578125,q_sa,False,2000.0,0.1,,,,,,,,,,
gate2B_iql,N100_noise0p05,100,0.05,5,IQL expectile0.7 beta3,IQL,429.1380146207243,413.08161086848617,472.4205638661845,0.2705879180723143,0.78875,0.2128919860627177,1.00625,none,,,,,,2000.0,0.7,3.0,20.0,180.40570602416992,305.8381774902344,0.3965171799063682,4.917858147621155,,
gate2B_iql,N100_noise0p05,100,0.05,5,IQL expectile0.7 beta3 support top3,IQL,460.1055958359117,413.08161086848617,472.4205638661845,0.7924640154882661,0.0,0.7411394620626959,9.95,top3,,,,,,2000.0,0.7,3.0,20.0,180.40570602416992,305.8381774902344,0.3965171799063682,4.917858147621155,,
gate2C_support_mask,N100_noise0p05,100,0.05,6,Structured DT,DT,450.64449065726143,413.5410294620784,472.2493846542733,0.63199626481983,0.2825,0.5689312945826104,8.07625,none,709.8717041015625,,,,,,,,,,,,,,
gate2C_support_mask,N100_noise0p05,100,0.05,6,Structured DT support count>=1,DT,456.341780502714,413.5410294620784,472.2493846542733,0.7290402005049847,0.0,0.8195851013752329,12.24375,count>=1,709.8717041015625,,,,,,,,,,,,,,
gate2C_support_mask,N100_noise0p05,100,0.05,6,Structured DT support top3,DT,456.341780502714,413.5410294620784,472.2493846542733,0.7290402005049847,0.0,0.8195851013752329,12.24375,top3,709.8717041015625,,,,,,,,,,,,,,
gate2C_support_mask,N100_noise0p05,100,0.05,6,Vanilla DT,DT,424.5578681971792,413.5410294620784,472.2493846542733,0.1876536772156999,0.22625,0.6938995702153599,13.735,none,460.2611083984375,,,,,,,,,,,,,,
gate2C_support_mask,N100_noise0p05,100,0.05,6,Vanilla DT support top3,DT,445.84905921046646,413.5410294620784,472.2493846542733,0.5503139994745303,0.0,0.831413744296639,17.03125,top3,460.2611083984375,,,,,,,,,,,,,,
gate2A_fixed_value_guided_dt,N100_noise0p05,100,0.05,6,Q-DT fixed td denoised,Q-DT,447.3306194586019,413.5410294620784,472.2493846542733,0.5755499346882701,0.15375,0.7166557820834137,13.58375,none,25205.72265625,td,True,2000.0,0.1,,,,,,,,,,
gate2A_fixed_value_guided_dt,N100_noise0p05,100,0.05,6,Q-DT fixed td denoised support top3,Q-DT,448.5035605114021,413.5410294620784,472.2493846542733,0.5955290509309292,0.0,0.8382761527215474,15.8675,top3,25205.72265625,td,True,2000.0,0.1,,,,,,,,,,
gate2A_fixed_value_guided_dt,N100_noise0p05,100,0.05,6,Q-DT fixed q_sa,Q-DT,448.2909374742425,413.5410294620784,472.2493846542733,0.5919073681829881,0.3975,0.5350836357365338,4.55,none,23197.306640625,q_sa,False,2000.0,0.1,,,,,,,,,,
gate2A_fixed_value_guided_dt,N100_noise0p05,100,0.05,6,Q-DT fixed q_sa support top3,Q-DT,461.73344827825537,413.5410294620784,472.2493846542733,0.8208783683073448,0.0,0.7881424675470728,8.60875,top3,23197.306640625,q_sa,False,2000.0,0.1,,,,,,,,,,
gate2B_iql,N100_noise0p05,100,0.05,6,IQL expectile0.7 beta3,IQL,459.73503013997725,413.5410294620784,472.2493846542733,0.7868386114152321,0.36125,0.4955371079892153,7.84625,none,,,,,,2000.0,0.7,3.0,20.0,212.3838088989258,122.10965538024902,1.4732863545417785,6.540255618095398,,
gate2B_iql,N100_noise0p05,100,0.05,6,IQL expectile0.7 beta3 support top3,IQL,468.2092766536758,413.5410294620784,472.2493846542733,0.9311834237670036,0.0,0.732235507840113,5.9075,top3,,,,,,2000.0,0.7,3.0,20.0,212.3838088989258,122.10965538024902,1.4732863545417785,6.540255618095398,,
gate2C_support_mask,N100_noise0p05,100,0.05,7,Structured DT,DT,454.36137890650747,422.9552853756405,480.1843549282328,0.5487786849654341,0.26625,0.6638916876015305,10.38625,none,690.3095092773438,,,,,,,,,,,,,,
gate2C_support_mask,N100_noise0p05,100,0.05,7,Structured DT support count>=1,DT,459.3208434118077,422.9552853756405,480.1843549282328,0.6354385685538373,0.0,0.8419715767387497,11.43875,count>=1,690.3095092773438,,,,,,,,,,,,,,
gate2C_support_mask,N100_noise0p05,100,0.05,7,Structured DT support top3,DT,459.3208434118077,422.9552853756405,480.1843549282328,0.6354385685538373,0.0,0.8419715767387497,11.43875,top3,690.3095092773438,,,,,,,,,,,,,,
gate2C_support_mask,N100_noise0p05,100,0.05,7,Vanilla DT,DT,446.0931069651381,422.9552853756405,480.1843549282328,0.4043019005967658,0.24625,0.6905603622424344,13.5875,none,473.5016174316406,,,,,,,,,,,,,,
gate2C_support_mask,N100_noise0p05,100,0.05,7,Vanilla DT support top3,DT,448.43768171492616,422.9552853756405,480.1843549282328,0.4452701492179227,0.0,0.870678998423532,14.01375,top3,473.5016174316406,,,,,,,,,,,,,,
gate2A_fixed_value_guided_dt,N100_noise0p05,100,0.05,7,Q-DT fixed td denoised,Q-DT,462.2475622149416,422.9552853756405,480.1843549282328,0.6865789911749723,0.15625,0.7412587646523577,9.06,none,24479.947265625,td,True,2000.0,0.1,,,,,,,,,,
gate2A_fixed_value_guided_dt,N100_noise0p05,100,0.05,7,Q-DT fixed td denoised support top3,Q-DT,460.1283949313911,422.9552853756405,480.1843549282328,0.6495494308463164,0.0,0.8455675075751992,10.43625,top3,24479.947265625,td,True,2000.0,0.1,,,,,,,,,,
gate2A_fixed_value_guided_dt,N100_noise0p05,100,0.05,7,Q-DT fixed q_sa,Q-DT,452.7548929458524,422.9552853756405,480.1843549282328,0.5207075320843134,0.465,0.5150666113219481,4.52375,none,22527.83984375,q_sa,False,2000.0,0.1,,,,,,,,,,
gate2A_fixed_value_guided_dt,N100_noise0p05,100,0.05,7,Q-DT fixed q_sa support top3,Q-DT,466.7921150210079,422.9552853756405,480.1843549282328,0.7659888582511771,0.0,0.8133654520520329,8.355,top3,22527.83984375,q_sa,False,2000.0,0.1,,,,,,,,,,
gate2B_iql,N100_noise0p05,100,0.05,7,IQL expectile0.7 beta3,IQL,453.2641993921268,422.9552853756405,480.1843549282328,0.5296069681620987,0.505,0.4040421410499684,2.94,none,,,,,,2000.0,0.7,3.0,20.0,181.18462524414065,178.17356719970704,0.7950585395097732,5.976703214645386,,
gate2B_iql,N100_noise0p05,100,0.05,7,IQL expectile0.7 beta3 support top3,IQL,468.6086313869319,422.9552853756405,480.1843549282328,0.7977300062398701,0.0,0.8342821187186996,8.36125,top3,,,,,,2000.0,0.7,3.0,20.0,181.18462524414065,178.17356719970704,0.7950585395097732,5.976703214645386,,
gate2C_support_mask,N100_noise0p05,100,0.05,8,Structured DT,DT,452.6866647515923,414.15142866616,472.41867197590335,0.6613533418868383,0.27875,0.6173570005175983,7.49375,none,697.8157348632812,,,,,,,,,,,,,,
gate2C_support_mask,N100_noise0p05,100,0.05,8,Structured DT support count>=1,DT,454.0635308138411,414.15142866616,472.41867197590335,0.6849835324371195,0.0,0.83025672509946,13.15,count>=1,697.8157348632812,,,,,,,,,,,,,,
gate2C_support_mask,N100_noise0p05,100,0.05,8,Structured DT support top3,DT,454.0635308138411,414.15142866616,472.41867197590335,0.6849835324371195,0.0,0.83025672509946,13.15,top3,697.8157348632812,,,,,,,,,,,,,,
gate2C_support_mask,N100_noise0p05,100,0.05,8,Vanilla DT,DT,428.830769616967,414.15142866616,472.41867197590335,0.2519312759104288,0.205,0.6783311823941509,13.25125,none,451.2416687011719,,,,,,,,,,,,,,
gate2C_support_mask,N100_noise0p05,100,0.05,8,Vanilla DT support top3,DT,443.5238804736936,414.15142866616,472.41867197590335,0.5040988750985232,0.0,0.8218138586956522,16.17875,top3,451.2416687011719,,,,,,,,,,,,,,
gate2A_fixed_value_guided_dt,N100_noise0p05,100,0.05,8,Q-DT fixed td denoised,Q-DT,450.0723625586366,414.15142866616,472.41867197590335,0.6164858993160909,0.36,0.5625859513118575,7.00375,none,32278.146484375,td,True,2000.0,0.1,,,,,,,,,,
gate2A_fixed_value_guided_dt,N100_noise0p05,100,0.05,8,Q-DT fixed td denoised support top3,Q-DT,455.3910183110787,414.15142866616,472.41867197590335,0.7077662731647149,0.0,0.8486595028772378,13.5775,top3,32278.146484375,td,True,2000.0,0.1,,,,,,,,,,
gate2A_fixed_value_guided_dt,N100_noise0p05,100,0.05,8,Q-DT fixed q_sa,Q-DT,440.4042492544648,414.15142866616,472.41867197590335,0.450558823398375,0.685,0.2916593368426275,2.3125,none,29230.474609375,q_sa,False,2000.0,0.1,,,,,,,,,,
gate2A_fixed_value_guided_dt,N100_noise0p05,100,0.05,8,Q-DT fixed q_sa support top3,Q-DT,455.184137137144,414.15142866616,472.41867197590335,0.7042157160732302,0.0,0.8460206139883489,13.5175,top3,29230.474609375,q_sa,False,2000.0,0.1,,,,,,,,,,
gate2B_iql,N100_noise0p05,100,0.05,8,IQL expectile0.7 beta3,IQL,449.892487707862,414.15142866616,472.41867197590335,0.6133988328863571,0.45875,0.4668785057882803,3.2175,none,,,,,,2000.0,0.7,3.0,20.0,177.17806396484374,259.0508331298828,0.5906146496534348,4.646300148963928,,
gate2B_iql,N100_noise0p05,100,0.05,8,IQL expectile0.7 beta3 support top3,IQL,465.1880675164073,414.15142866616,472.41867197590335,0.8759061858983308,0.0,0.7645839238775219,6.5175,top3,,,,,,2000.0,0.7,3.0,20.0,177.17806396484374,259.0508331298828,0.5906146496534348,4.646300148963928,,
gate2C_support_mask,N100_noise0p05,100,0.05,9,Structured DT,DT,463.14383102202936,420.6824583962237,477.90153050673655,0.7420842572175206,0.20375,0.6663589015151515,8.92,none,695.822998046875,,,,,,,,,,,,,,
gate2C_support_mask,N100_noise0p05,100,0.05,9,Structured DT support count>=1,DT,467.3087696159148,420.6824583962237,477.90153050673655,0.814873598957304,0.0,0.7891914682539682,8.89125,count>=1,695.822998046875,,,,,,,,,,,,,,
gate2C_support_mask,N100_noise0p05,100,0.05,9,Structured DT support top3,DT,467.3087696159148,420.6824583962237,477.90153050673655,0.814873598957304,0.0,0.7891914682539682,8.89125,top3,695.822998046875,,,,,,,,,,,,,,
gate2C_support_mask,N100_noise0p05,100,0.05,9,Vanilla DT,DT,454.3067828423061,420.6824583962237,477.90153050673655,0.5876419034048729,0.28375,0.6624604859040657,9.97625,none,472.3103637695313,,,,,,,,,,,,,,
gate2C_support_mask,N100_noise0p05,100,0.05,9,Vanilla DT support top3,DT,458.030794551034,420.6824583962237,477.90153050673655,0.6527253025473014,0.0,0.8157169913419913,10.31375,top3,472.3103637695313,,,,,,,,,,,,,,
gate2A_fixed_value_guided_dt,N100_noise0p05,100,0.05,9,Q-DT fixed td denoised,Q-DT,462.0726284636896,420.6824583962237,477.90153050673655,0.7233631819041912,0.29625,0.5852332384433552,6.94625,none,30251.072265625,td,True,2000.0,0.1,,,,,,,,,,
gate2A_fixed_value_guided_dt,N100_noise0p05,100,0.05,9,Q-DT fixed td denoised support top3,Q-DT,468.2274532969311,420.6824583962237,477.90153050673655,0.8309291490934889,0.0,0.7998379779942281,8.935,top3,30251.072265625,td,True,2000.0,0.1,,,,,,,,,,
gate2A_fixed_value_guided_dt,N100_noise0p05,100,0.05,9,Q-DT fixed q_sa,Q-DT,452.45097791572414,420.6824583962237,477.90153050673655,0.5552085755278028,0.465,0.4837957920215985,5.35125,none,27341.08203125,q_sa,False,2000.0,0.1,,,,,,,,,,
gate2A_fixed_value_guided_dt,N100_noise0p05,100,0.05,9,Q-DT fixed q_sa support top3,Q-DT,470.7640814671297,420.6824583962237,477.90153050673655,0.8752610139181988,0.0,0.796391369047619,8.8075,top3,27341.08203125,q_sa,False,2000.0,0.1,,,,,,,,,,
gate2B_iql,N100_noise0p05,100,0.05,9,IQL expectile0.7 beta3,IQL,455.6434900882726,420.6824583962237,477.90153050673655,0.6110031219053188,0.31375,0.5298726598077247,7.05375,none,,,,,,2000.0,0.7,3.0,20.0,205.41231689453124,344.7178665161133,0.7489737182855606,5.51730170249939,,
gate2B_iql,N100_noise0p05,100,0.05,9,IQL expectile0.7 beta3 support top3,IQL,471.9402304379987,420.6824583962237,477.90153050673655,0.8958162051767602,0.0,0.8011098935786436,8.0825,top3,,,,,,2000.0,0.7,3.0,20.0,205.41231689453124,344.7178665161133,0.7489737182855606,5.51730170249939,,
gate2C_support_mask,N100_noise0p2,100,0.2,0,Structured DT,DT,458.4780203103495,425.0469525373324,482.2674723800636,0.5842496339582612,0.38375,0.5610469954141841,5.3125,none,735.9463500976562,,,,,,,,,,,,,,
gate2C_support_mask,N100_noise0p2,100,0.2,0,Structured DT support count>=1,DT,468.435234662372,425.0469525373324,482.2674723800636,0.7582643821533064,0.0,0.8211931416214504,10.21,count>=1,735.9463500976562,,,,,,,,,,,,,,
gate2C_support_mask,N100_noise0p2,100,0.2,0,Structured DT support top3,DT,468.435234662372,425.0469525373324,482.2674723800636,0.7582643821533064,0.0,0.8211931416214504,10.21,top3,735.9463500976562,,,,,,,,,,,,,,
gate2C_support_mask,N100_noise0p2,100,0.2,0,Vanilla DT,DT,463.23403264157577,425.0469525373324,482.2674723800636,0.667366885327141,0.2325,0.6632637880113017,10.40875,none,487.80908203125,,,,,,,,,,,,,,
gate2C_support_mask,N100_noise0p2,100,0.2,0,Vanilla DT support top3,DT,460.891666049172,425.0469525373324,482.2674723800636,0.6264311056655503,0.0,0.8517454253263077,12.49375,top3,487.80908203125,,,,,,,,,,,,,,
gate2A_fixed_value_guided_dt,N100_noise0p2,100,0.2,0,Q-DT fixed td denoised,Q-DT,460.7743761766927,425.0469525373324,482.2674723800636,0.6243813187569083,0.525,0.4742954877939398,4.35875,none,36664.39453125,td,True,2000.0,0.1,,,,,,,,,,
gate2A_fixed_value_guided_dt,N100_noise0p2,100,0.2,0,Q-DT fixed td denoised support top3,Q-DT,466.31861438765526,425.0469525373324,482.2674723800636,0.7212738011426102,0.0,0.8545957090295326,12.33125,top3,36664.39453125,td,True,2000.0,0.1,,,,,,,,,,
gate2A_fixed_value_guided_dt,N100_noise0p2,100,0.2,0,Q-DT fixed q_sa,Q-DT,457.2897895139592,425.0469525373324,482.2674723800636,0.563483817785039,0.5175,0.464774283450754,4.5275,none,33118.24609375,q_sa,False,2000.0,0.1,,,,,,,,,,
gate2A_fixed_value_guided_dt,N100_noise0p2,100,0.2,0,Q-DT fixed q_sa support top3,Q-DT,472.6445987085987,425.0469525373324,482.2674723800636,0.8318282724813928,0.0,0.8227438603063604,10.0,top3,33118.24609375,q_sa,False,2000.0,0.1,,,,,,,,,,
gate2B_iql,N100_noise0p2,100,0.2,0,IQL expectile0.7 beta3,IQL,462.6892970777545,425.0469525373324,482.2674723800636,0.6578469514761655,0.5475,0.4111914533255162,3.285,none,,,,,,2000.0,0.7,3.0,20.0,219.92149124145507,64.88860492706299,0.6862078875303268,5.776725172996521,,
gate2B_iql,N100_noise0p2,100,0.2,0,IQL expectile0.7 beta3 support top3,IQL,480.53520287318594,425.0469525373324,482.2674723800636,0.9697264283575416,0.0,0.8079203712953713,8.3775,top3,,,,,,2000.0,0.7,3.0,20.0,219.92149124145507,64.88860492706299,0.6862078875303268,5.776725172996521,,
gate2C_support_mask,N100_noise0p2,100,0.2,1,Structured DT,DT,457.40290936961065,421.1367484506907,477.8449022706637,0.6395228635735757,0.2325,0.599958291079198,4.8,none,706.485595703125,,,,,,,,,,,,,,
gate2C_support_mask,N100_noise0p2,100,0.2,1,Structured DT support count>=1,DT,469.3185154845456,421.1367484506907,477.8449022706637,0.8496444300904917,0.0,0.7618062094155844,8.165,count>=1,706.485595703125,,,,,,,,,,,,,,
gate2C_support_mask,N100_noise0p2,100,0.2,1,Structured DT support top3,DT,469.3185154845456,421.1367484506907,477.8449022706637,0.8496444300904917,0.0,0.7618062094155844,8.165,top3,706.485595703125,,,,,,,,,,,,,,
gate2C_support_mask,N100_noise0p2,100,0.2,1,Vanilla DT,DT,448.0971808258026,421.1367484506907,477.8449022706637,0.4754242654539793,0.115,0.7523137781758472,15.3325,none,499.24407958984375,,,,,,,,,,,,,,
gate2C_support_mask,N100_noise0p2,100,0.2,1,Vanilla DT support top3,DT,450.0872144027601,421.1367484506907,477.8449022706637,0.5105168128727341,0.0,0.8011600378787879,14.7575,top3,499.24407958984375,,,,,,,,,,,,,,
gate2A_fixed_value_guided_dt,N100_noise0p2,100,0.2,1,Q-DT fixed td denoised,Q-DT,463.7034744224852,421.1367484506907,477.8449022706637,0.7506279627252157,0.24,0.6080303030303031,5.76875,none,37220.99609375,td,True,2000.0,0.1,,,,,,,,,,
gate2A_fixed_value_guided_dt,N100_noise0p2,100,0.2,1,Q-DT fixed td denoised support top3,Q-DT,472.5928160670275,421.1367484506907,477.8449022706637,0.907383932470988,0.0,0.7690616206709957,7.945,top3,37220.99609375,td,True,2000.0,0.1,,,,,,,,,,
gate2A_fixed_value_guided_dt,N100_noise0p2,100,0.2,1,Q-DT fixed q_sa,Q-DT,440.307666729662,421.1367484506907,477.8449022706637,0.3380628179120721,0.635,0.3613460558318978,2.8475,none,33486.15234375,q_sa,False,2000.0,0.1,,,,,,,,,,
gate2A_fixed_value_guided_dt,N100_noise0p2,100,0.2,1,Q-DT fixed q_sa support top3,Q-DT,469.32692775405735,421.1367484506907,477.8449022706637,0.8497927732994495,0.0,0.7617418154761905,8.0825,top3,33486.15234375,q_sa,False,2000.0,0.1,,,,,,,,,,
gate2B_iql,N100_noise0p2,100,0.2,1,IQL expectile0.7 beta3,IQL,459.38117402569264,421.1367484506907,477.8449022706637,0.6744078760950948,0.5425,0.480904241283154,2.79875,none,,,,,,2000.0,0.7,3.0,20.0,389.4237487792969,195.32188034057617,1.0355159103870393,6.013200497627258,,
gate2B_iql,N100_noise0p2,100,0.2,1,IQL expectile0.7 beta3 support top3,IQL,469.2775340759324,421.1367484506907,477.8449022706637,0.848921757849329,0.0,0.7199520427489177,6.5725,top3,,,,,,2000.0,0.7,3.0,20.0,389.4237487792969,195.32188034057617,1.0355159103870393,6.013200497627258,,
gate2C_support_mask,N100_noise0p2,100,0.2,2,Structured DT,DT,462.9447545531047,428.2572553930546,483.61336583743207,0.6266245746240524,0.26125,0.6541154331779332,8.67,none,730.6976318359375,,,,,,,,,,,,,,
gate2C_support_mask,N100_noise0p2,100,0.2,2,Structured DT support count>=1,DT,467.3059259320937,428.2572553930546,483.61336583743207,0.7054084946643012,0.0,0.8269068869642718,11.3775,count>=1,730.6976318359375,,,,,,,,,,,,,,
gate2C_support_mask,N100_noise0p2,100,0.2,2,Structured DT support top3,DT,467.3059259320937,428.2572553930546,483.61336583743207,0.7054084946643012,0.0,0.8269068869642718,11.3775,top3,730.6976318359375,,,,,,,,,,,,,,
gate2C_support_mask,N100_noise0p2,100,0.2,2,Vanilla DT,DT,450.9016880087669,428.2572553930546,483.61336583743207,0.4090683473591547,0.1025,0.7514858574262696,17.2475,none,486.8049926757813,,,,,,,,,,,,,,
gate2C_support_mask,N100_noise0p2,100,0.2,2,Vanilla DT support top3,DT,455.49230748014014,428.2572553930546,483.61336583743207,0.4919972134684511,0.0,0.8238736901152981,16.21125,top3,486.8049926757813,,,,,,,,,,,,,,
gate2A_fixed_value_guided_dt,N100_noise0p2,100,0.2,2,Q-DT fixed td denoised,Q-DT,458.6190610055874,428.2572553930546,483.61336583743207,0.5484815563954902,0.3775,0.545006930807439,12.5425,none,34056.48828125,td,True,2000.0,0.1,,,,,,,,,,
gate2A_fixed_value_guided_dt,N100_noise0p2,100,0.2,2,Q-DT fixed td denoised support top3,Q-DT,459.86094912009247,428.2572553930546,483.61336583743207,0.5709160826751667,0.0,0.8537295660967337,14.8725,top3,34056.48828125,td,True,2000.0,0.1,,,,,,,,,,
gate2A_fixed_value_guided_dt,N100_noise0p2,100,0.2,2,Q-DT fixed q_sa,Q-DT,456.766405532887,428.2572553930546,483.61336583743207,0.5150136075488678,0.42875,0.5398822131348083,5.285,none,30794.091796875,q_sa,False,2000.0,0.1,,,,,,,,,,
gate2A_fixed_value_guided_dt,N100_noise0p2,100,0.2,2,Q-DT fixed q_sa support top3,Q-DT,466.9060753928537,428.2572553930546,483.61336583743207,0.6981852534352816,0.0,0.8359542611587049,11.8,top3,30794.091796875,q_sa,False,2000.0,0.1,,,,,,,,,,
gate2B_iql,N100_noise0p2,100,0.2,2,IQL expectile0.7 beta3,IQL,454.4954900627733,428.2572553930546,483.61336583743207,0.4739898533167942,0.5525,0.3392057366113969,2.39375,none,,,,,,2000.0,0.7,3.0,20.0,279.97440338134766,151.89263153076172,1.591620647907257,5.843547320365905,,
gate2B_iql,N100_noise0p2,100,0.2,2,IQL expectile0.7 beta3 support top3,IQL,475.36791532577166,428.2572553930546,483.61336583743207,0.8510471482647693,0.0,0.791186797271356,7.015,top3,,,,,,2000.0,0.7,3.0,20.0,279.97440338134766,151.89263153076172,1.591620647907257,5.843547320365905,,
gate2C_support_mask,N100_noise0p2,100,0.2,3,Structured DT,DT,449.44179096245375,427.8075954406258,483.282798778634,0.3899795624003699,0.15625,0.7650627823735844,19.40875,none,697.80029296875,,,,,,,,,,,,,,
gate2C_support_mask,N100_noise0p2,100,0.2,3,Structured DT support count>=1,DT,451.01172553250296,427.8075954406258,483.282798778634,0.4182793157240966,0.0,0.8743616990648241,15.93625,count>=1,697.80029296875,,,,,,,,,,,,,,
gate2C_support_mask,N100_noise0p2,100,0.2,3,Structured DT support top3,DT,451.01172553250296,427.8075954406258,483.282798778634,0.4182793157240966,0.0,0.8743616990648241,15.93625,top3,697.80029296875,,,,,,,,,,,,,,
gate2C_support_mask,N100_noise0p2,100,0.2,3,Vanilla DT,DT,448.2608757649772,427.8075954406258,483.282798778634,0.3686923002288138,0.18,0.7468463780228486,19.7025,none,503.1365966796875,,,,,,,,,,,,,,
gate2C_support_mask,N100_noise0p2,100,0.2,3,Vanilla DT support top3,DT,451.0783209647854,427.8075954406258,483.282798778634,0.419479769769784,0.0,0.857329953033078,16.04625,top3,503.1365966796875,,,,,,,,,,,,,,
gate2A_fixed_value_guided_dt,N100_noise0p2,100,0.2,3,Q-DT fixed td denoised,Q-DT,448.2608757649772,427.8075954406258,483.282798778634,0.3686923002288138,0.18,0.7468463780228486,19.7025,none,45018.69921875,td,True,2000.0,0.1,,,,,,,,,,
gate2A_fixed_value_guided_dt,N100_noise0p2,100,0.2,3,Q-DT fixed td denoised support top3,Q-DT,451.01172553250296,427.8075954406258,483.282798778634,0.4182793157240966,0.0,0.8743616990648241,15.93625,top3,45018.69921875,td,True,2000.0,0.1,,,,,,,,,,
gate2A_fixed_value_guided_dt,N100_noise0p2,100,0.2,3,Q-DT fixed q_sa,Q-DT,452.8064015569107,427.8075954406258,483.282798778634,0.4506302746466419,0.40375,0.5271206036266277,6.40625,none,40589.140625,q_sa,False,2000.0,0.1,,,,,,,,,,
gate2A_fixed_value_guided_dt,N100_noise0p2,100,0.2,3,Q-DT fixed q_sa support top3,Q-DT,464.7664723786041,427.8075954406258,483.282798778634,0.6662233703370029,0.0,0.8140267631673882,8.38125,top3,40589.140625,q_sa,False,2000.0,0.1,,,,,,,,,,
gate2B_iql,N100_noise0p2,100,0.2,3,IQL expectile0.7 beta3,IQL,439.0188700542034,427.8075954406258,483.282798778634,0.2020952414589236,0.8,0.2710974284679464,0.90875,none,,,,,,2000.0,0.7,3.0,20.0,232.48340454101563,247.28046112060548,0.5989739447832108,5.202239775657654,,
gate2B_iql,N100_noise0p2,100,0.2,3,IQL expectile0.7 beta3 support top3,IQL,475.482614601531,427.8075954406258,483.282798778634,0.8593933197580774,0.0,0.7900848327020202,6.54375,top3,,,,,,2000.0,0.7,3.0,20.0,232.48340454101563,247.28046112060548,0.5989739447832108,5.202239775657654,,
gate2C_support_mask,N100_noise0p2,100,0.2,4,Structured DT,DT,455.53129947626985,415.8730447844656,474.3155353853144,0.6785859788670308,0.23875,0.6040238095238095,9.2275,none,700.6050415039062,,,,,,,,,,,,,,
gate2C_support_mask,N100_noise0p2,100,0.2,4,Structured DT support count>=1,DT,461.9695917376349,415.8730447844656,474.3155353853144,0.7887505559610732,0.0,0.7679315476190476,9.64625,count>=1,700.6050415039062,,,,,,,,,,,,,,
gate2C_support_mask,N100_noise0p2,100,0.2,4,Structured DT support top3,DT,461.9695917376349,415.8730447844656,474.3155353853144,0.7887505559610732,0.0,0.7679315476190476,9.64625,top3,700.6050415039062,,,,,,,,,,,,,,
gate2C_support_mask,N100_noise0p2,100,0.2,4,Vanilla DT,DT,438.95021584369647,415.8730447844656,474.3155353853144,0.3948697398412327,0.26625,0.6818674043599565,12.06125,none,476.3607482910156,,,,,,,,,,,,,,
gate2C_support_mask,N100_noise0p2,100,0.2,4,Vanilla DT support top3,DT,446.0972119051914,415.8730447844656,474.3155353853144,0.517160832982823,0.0,0.8453862781954888,13.67375,top3,476.3607482910156,,,,,,,,,,,,,,
gate2A_fixed_value_guided_dt,N100_noise0p2,100,0.2,4,Q-DT fixed td denoised,Q-DT,455.5947352213928,415.8730447844656,474.3155353853144,0.679671417637191,0.3875,0.4861488095238095,4.93,none,26500.146484375,td,True,2000.0,0.1,,,,,,,,,,
gate2A_fixed_value_guided_dt,N100_noise0p2,100,0.2,4,Q-DT fixed td denoised support top3,Q-DT,467.3232176097696,415.8730447844656,474.3155353853144,0.8803555819805662,0.0,0.7177291666666668,7.0525,top3,26500.146484375,td,True,2000.0,0.1,,,,,,,,,,
gate2A_fixed_value_guided_dt,N100_noise0p2,100,0.2,4,Q-DT fixed q_sa,Q-DT,446.193594767414,415.8730447844656,474.3155353853144,0.5188100245424524,0.5175,0.4846049783549784,5.2525,none,24242.400390625,q_sa,False,2000.0,0.1,,,,,,,,,,
gate2A_fixed_value_guided_dt,N100_noise0p2,100,0.2,4,Q-DT fixed q_sa support top3,Q-DT,463.2613987489403,415.8730447844656,474.3155353853144,0.8108544567021995,0.0,0.8037886904761905,9.79625,top3,24242.400390625,q_sa,False,2000.0,0.1,,,,,,,,,,
gate2B_iql,N100_noise0p2,100,0.2,4,IQL expectile0.7 beta3,IQL,446.8428046863249,415.8730447844656,474.3155353853144,0.5299185504152601,0.50625,0.3629487179487179,1.885,none,,,,,,2000.0,0.7,3.0,20.0,417.4782516479492,615.82919921875,0.2997547805309296,4.569094741344452,,
gate2B_iql,N100_noise0p2,100,0.2,4,IQL expectile0.7 beta3 support top3,IQL,464.6130677699172,415.8730447844656,474.3155353853144,0.8339826466044493,0.0,0.7050803571428571,9.44875,top3,,,,,,2000.0,0.7,3.0,20.0,417.4782516479492,615.82919921875,0.2997547805309296,4.569094741344452,,
gate2C_support_mask,N100_noise0p2,100,0.2,5,Structured DT,DT,454.0608793425423,413.08161086848617,472.4205638661845,0.6905964194488836,0.3425,0.613172792724517,9.045,none,696.6275024414062,,,,,,,,,,,,,,
gate2C_support_mask,N100_noise0p2,100,0.2,5,Structured DT support count>=1,DT,454.7262764245539,413.08161086848617,472.4205638661845,0.7018099149420959,0.0,0.8284860157203908,12.10875,count>=1,696.6275024414062,,,,,,,,,,,,,,
gate2C_support_mask,N100_noise0p2,100,0.2,5,Structured DT support top3,DT,454.7262764245539,413.08161086848617,472.4205638661845,0.7018099149420959,0.0,0.8284860157203908,12.10875,top3,696.6275024414062,,,,,,,,,,,,,,
gate2C_support_mask,N100_noise0p2,100,0.2,5,Vanilla DT,DT,439.3043095719513,413.08161086848617,472.4205638661845,0.4419137409533028,0.1425,0.752785710786637,16.62625,none,493.3849182128906,,,,,,,,,,,,,,
gate2C_support_mask,N100_noise0p2,100,0.2,5,Vanilla DT support top3,DT,443.2236592099697,413.08161086848617,472.4205638661845,0.5079639396848252,0.0,0.8053110467431119,15.38125,top3,493.3849182128906,,,,,,,,,,,,,,
gate2A_fixed_value_guided_dt,N100_noise0p2,100,0.2,5,Q-DT fixed td denoised,Q-DT,455.3000861689091,413.08161086848617,472.4205638661845,0.7114799498073467,0.41125,0.4817301896415821,3.795,none,29568.1875,td,True,2000.0,0.1,,,,,,,,,,
gate2A_fixed_value_guided_dt,N100_noise0p2,100,0.2,5,Q-DT fixed td denoised support top3,Q-DT,459.9952218255054,413.08161086848617,472.4205638661845,0.790603955530508,0.0,0.8076125585616074,9.27375,top3,29568.1875,td,True,2000.0,0.1,,,,,,,,,,
gate2A_fixed_value_guided_dt,N100_noise0p2,100,0.2,5,Q-DT fixed q_sa,Q-DT,444.224434880831,413.08161086848617,472.4205638661845,0.5248293479925874,0.50875,0.5157001414427157,4.735,none,27122.423828125,q_sa,False,2000.0,0.1,,,,,,,,,,
gate2A_fixed_value_guided_dt,N100_noise0p2,100,0.2,5,Q-DT fixed q_sa support top3,Q-DT,447.67133510753285,413.08161086848617,472.4205638661845,0.5829176702930428,0.0,0.8754010449846048,15.25375,top3,27122.423828125,q_sa,False,2000.0,0.1,,,,,,,,,,
gate2B_iql,N100_noise0p2,100,0.2,5,IQL expectile0.7 beta3,IQL,439.99532437384255,413.08161086848617,472.4205638661845,0.4535589548807899,0.70375,0.1880340809422378,1.21625,none,,,,,,2000.0,0.7,3.0,20.0,345.6327560424805,379.0069641113281,0.3245676010847091,4.874447011947632,,
gate2B_iql,N100_noise0p2,100,0.2,5,IQL expectile0.7 beta3 support top3,IQL,460.1055958359117,413.08161086848617,472.4205638661845,0.7924640154882661,0.0,0.7411394620626959,9.95,top3,,,,,,2000.0,0.7,3.0,20.0,345.6327560424805,379.0069641113281,0.3245676010847091,4.874447011947632,,
gate2C_support_mask,N100_noise0p2,100,0.2,6,Structured DT,DT,450.6333860983111,413.5410294620784,472.2493846542733,0.6318071169734297,0.285,0.5664312945826103,7.91375,none,717.1061401367188,,,,,,,,,,,,,,
gate2C_support_mask,N100_noise0p2,100,0.2,6,Structured DT support count>=1,DT,456.0168093872339,413.5410294620784,472.2493846542733,0.7235048535442963,0.0,0.8183213651114966,12.56875,count>=1,717.1061401367188,,,,,,,,,,,,,,
gate2C_support_mask,N100_noise0p2,100,0.2,6,Structured DT support top3,DT,456.0168093872339,413.5410294620784,472.2493846542733,0.7235048535442963,0.0,0.8183213651114966,12.56875,top3,717.1061401367188,,,,,,,,,,,,,,
gate2C_support_mask,N100_noise0p2,100,0.2,6,Vanilla DT,DT,444.0168413716973,413.5410294620784,472.2493846542733,0.5191051905618808,0.0925,0.8117166498904135,16.405,none,482.2481994628906,,,,,,,,,,,,,,
gate2C_support_mask,N100_noise0p2,100,0.2,6,Vanilla DT support top3,DT,446.2380799638187,413.5410294620784,472.2493846542733,0.5569403263760193,0.0,0.8641197882526831,16.65,top3,482.2481994628906,,,,,,,,,,,,,,
gate2A_fixed_value_guided_dt,N100_noise0p2,100,0.2,6,Q-DT fixed td denoised,Q-DT,448.8368981349808,413.5410294620784,472.2493846542733,0.6012069075577662,0.1675,0.7105287256603046,12.96125,none,26532.19140625,td,True,2000.0,0.1,,,,,,,,,,
gate2A_fixed_value_guided_dt,N100_noise0p2,100,0.2,6,Q-DT fixed td denoised support top3,Q-DT,448.5035605114021,413.5410294620784,472.2493846542733,0.5955290509309292,0.0,0.8382761527215474,15.8675,top3,26532.19140625,td,True,2000.0,0.1,,,,,,,,,,
gate2A_fixed_value_guided_dt,N100_noise0p2,100,0.2,6,Q-DT fixed q_sa,Q-DT,447.955872906777,413.5410294620784,472.2493846542733,0.5862000959153765,0.3825,0.5461257188842483,4.73,none,24252.08984375,q_sa,False,2000.0,0.1,,,,,,,,,,
gate2A_fixed_value_guided_dt,N100_noise0p2,100,0.2,6,Q-DT fixed q_sa support top3,Q-DT,461.73344827825537,413.5410294620784,472.2493846542733,0.8208783683073448,0.0,0.7881424675470728,8.60875,top3,24252.08984375,q_sa,False,2000.0,0.1,,,,,,,,,,
gate2B_iql,N100_noise0p2,100,0.2,6,IQL expectile0.7 beta3,IQL,457.0467825181617,413.5410294620784,472.2493846542733,0.7410487470421805,0.61,0.3388622115512872,1.57125,none,,,,,,2000.0,0.7,3.0,20.0,355.59747924804685,157.0482971191406,1.3545121878385544,5.911652660369873,,
gate2B_iql,N100_noise0p2,100,0.2,6,IQL expectile0.7 beta3 support top3,IQL,465.1045557240564,413.5410294620784,472.2493846542733,0.878299623506284,0.0,0.7400377056423109,6.2775,top3,,,,,,2000.0,0.7,3.0,20.0,355.59747924804685,157.0482971191406,1.3545121878385544,5.911652660369873,,
gate2C_support_mask,N100_noise0p2,100,0.2,7,Structured DT,DT,454.7025623504943,422.9552853756405,480.1843549282328,0.5547404006923208,0.24625,0.6846709083807511,10.70625,none,671.5224609375,,,,,,,,,,,,,,
gate2C_support_mask,N100_noise0p2,100,0.2,7,Structured DT support count>=1,DT,459.3208434118077,422.9552853756405,480.1843549282328,0.6354385685538373,0.0,0.8419715767387497,11.43875,count>=1,671.5224609375,,,,,,,,,,,,,,
gate2C_support_mask,N100_noise0p2,100,0.2,7,Structured DT support top3,DT,459.3208434118077,422.9552853756405,480.1843549282328,0.6354385685538373,0.0,0.8419715767387497,11.43875,top3,671.5224609375,,,,,,,,,,,,,,
gate2C_support_mask,N100_noise0p2,100,0.2,7,Vanilla DT,DT,445.4815094548903,422.9552853756405,480.1843549282328,0.3936150675759046,0.18125,0.7292261661906705,14.37875,none,476.3130187988281,,,,,,,,,,,,,,
gate2C_support_mask,N100_noise0p2,100,0.2,7,Vanilla DT support top3,DT,448.43768171492616,422.9552853756405,480.1843549282328,0.4452701492179227,0.0,0.870678998423532,14.01375,top3,476.3130187988281,,,,,,,,,,,,,,
gate2A_fixed_value_guided_dt,N100_noise0p2,100,0.2,7,Q-DT fixed td denoised,Q-DT,462.2475622149416,422.9552853756405,480.1843549282328,0.6865789911749723,0.15625,0.7412587646523577,9.06,none,24325.173828125,td,True,2000.0,0.1,,,,,,,,,,
gate2A_fixed_value_guided_dt,N100_noise0p2,100,0.2,7,Q-DT fixed td denoised support top3,Q-DT,460.1283949313911,422.9552853756405,480.1843549282328,0.6495494308463164,0.0,0.8455675075751992,10.43625,top3,24325.173828125,td,True,2000.0,0.1,,,,,,,,,,
gate2A_fixed_value_guided_dt,N100_noise0p2,100,0.2,7,Q-DT fixed q_sa,Q-DT,452.62942379989306,422.9552853756405,480.1843549282328,0.5185151297450792,0.46,0.5166875482570276,4.59875,none,22356.595703125,q_sa,False,2000.0,0.1,,,,,,,,,,
gate2A_fixed_value_guided_dt,N100_noise0p2,100,0.2,7,Q-DT fixed q_sa support top3,Q-DT,466.7921150210079,422.9552853756405,480.1843549282328,0.7659888582511771,0.0,0.8133654520520329,8.355,top3,22356.595703125,q_sa,False,2000.0,0.1,,,,,,,,,,
gate2B_iql,N100_noise0p2,100,0.2,7,IQL expectile0.7 beta3,IQL,453.2641993921268,422.9552853756405,480.1843549282328,0.5296069681620987,0.505,0.4040421410499684,2.94,none,,,,,,2000.0,0.7,3.0,20.0,312.306884765625,179.16228332519532,0.7441518425941467,5.993084740638733,,
gate2B_iql,N100_noise0p2,100,0.2,7,IQL expectile0.7 beta3 support top3,IQL,468.6086313869319,422.9552853756405,480.1843549282328,0.7977300062398701,0.0,0.8342821187186996,8.36125,top3,,,,,,2000.0,0.7,3.0,20.0,312.306884765625,179.16228332519532,0.7441518425941467,5.993084740638733,,
gate2C_support_mask,N100_noise0p2,100,0.2,8,Structured DT,DT,452.5169325871378,414.15142866616,472.41867197590335,0.6584403472982283,0.31,0.5855070005175983,6.5575,none,701.313232421875,,,,,,,,,,,,,,
gate2C_support_mask,N100_noise0p2,100,0.2,8,Structured DT support count>=1,DT,454.0635308138411,414.15142866616,472.41867197590335,0.6849835324371195,0.0,0.83025672509946,13.15,count>=1,701.313232421875,,,,,,,,,,,,,,
gate2C_support_mask,N100_noise0p2,100,0.2,8,Structured DT support top3,DT,454.0635308138411,414.15142866616,472.41867197590335,0.6849835324371195,0.0,0.83025672509946,13.15,top3,701.313232421875,,,,,,,,,,,,,,
gate2C_support_mask,N100_noise0p2,100,0.2,8,Vanilla DT,DT,446.3057139665587,414.15142866616,472.41867197590335,0.5518415403568943,0.1475,0.7269374688785806,14.92,none,477.2379455566406,,,,,,,,,,,,,,
gate2C_support_mask,N100_noise0p2,100,0.2,8,Vanilla DT support top3,DT,443.80871686641353,414.15142866616,472.41867197590335,0.5089873231619713,0.0,0.8257027475845411,16.26875,top3,477.2379455566406,,,,,,,,,,,,,,
gate2A_fixed_value_guided_dt,N100_noise0p2,100,0.2,8,Q-DT fixed td denoised,Q-DT,449.824009044656,414.15142866616,472.41867197590335,0.6122235814188733,0.365,0.5579188630329044,6.88125,none,32436.876953125,td,True,2000.0,0.1,,,,,,,,,,
gate2A_fixed_value_guided_dt,N100_noise0p2,100,0.2,8,Q-DT fixed td denoised support top3,Q-DT,455.3910183110787,414.15142866616,472.41867197590335,0.7077662731647149,0.0,0.8486595028772378,13.5775,top3,32436.876953125,td,True,2000.0,0.1,,,,,,,,,,
gate2A_fixed_value_guided_dt,N100_noise0p2,100,0.2,8,Q-DT fixed q_sa,Q-DT,440.4042492544648,414.15142866616,472.41867197590335,0.450558823398375,0.685,0.2916593368426275,2.3125,none,29344.708984375,q_sa,False,2000.0,0.1,,,,,,,,,,
gate2A_fixed_value_guided_dt,N100_noise0p2,100,0.2,8,Q-DT fixed q_sa support top3,Q-DT,455.184137137144,414.15142866616,472.41867197590335,0.7042157160732302,0.0,0.8460206139883489,13.5175,top3,29344.708984375,q_sa,False,2000.0,0.1,,,,,,,,,,
gate2B_iql,N100_noise0p2,100,0.2,8,IQL expectile0.7 beta3,IQL,454.6252787865051,414.15142866616,472.41867197590335,0.69462442053745,0.395,0.5342963350453364,3.7325,none,,,,,,2000.0,0.7,3.0,20.0,357.19188690185547,296.61419372558595,0.5627335697412491,4.479806637763977,,
gate2B_iql,N100_noise0p2,100,0.2,8,IQL expectile0.7 beta3 support top3,IQL,465.1880675164073,414.15142866616,472.41867197590335,0.8759061858983308,0.0,0.7645839238775219,6.5175,top3,,,,,,2000.0,0.7,3.0,20.0,357.19188690185547,296.61419372558595,0.5627335697412491,4.479806637763977,,
gate2C_support_mask,N100_noise0p2,100,0.2,9,Structured DT,DT,463.5702627213661,420.6824583962237,477.90153050673655,0.749536871942086,0.20375,0.6655255681818182,8.935,none,704.2943725585938,,,,,,,,,,,,,,
gate2C_support_mask,N100_noise0p2,100,0.2,9,Structured DT support count>=1,DT,467.3087696159148,420.6824583962237,477.90153050673655,0.814873598957304,0.0,0.7891914682539682,8.89125,count>=1,704.2943725585938,,,,,,,,,,,,,,
gate2C_support_mask,N100_noise0p2,100,0.2,9,Structured DT support top3,DT,467.3087696159148,420.6824583962237,477.90153050673655,0.814873598957304,0.0,0.7891914682539682,8.89125,top3,704.2943725585938,,,,,,,,,,,,,,
gate2C_support_mask,N100_noise0p2,100,0.2,9,Vanilla DT,DT,449.9567721984986,420.6824583962237,477.90153050673655,0.511618114773595,0.245,0.666093428375138,10.5125,none,495.9215087890625,,,,,,,,,,,,,,
gate2C_support_mask,N100_noise0p2,100,0.2,9,Vanilla DT support top3,DT,458.030794551034,420.6824583962237,477.90153050673655,0.6527253025473014,0.0,0.8157169913419913,10.31375,top3,495.9215087890625,,,,,,,,,,,,,,
gate2A_fixed_value_guided_dt,N100_noise0p2,100,0.2,9,Q-DT fixed td denoised,Q-DT,462.0726284636896,420.6824583962237,477.90153050673655,0.7233631819041912,0.29625,0.5852332384433552,6.94625,none,30772.48828125,td,True,2000.0,0.1,,,,,,,,,,
gate2A_fixed_value_guided_dt,N100_noise0p2,100,0.2,9,Q-DT fixed td denoised support top3,Q-DT,468.2274532969311,420.6824583962237,477.90153050673655,0.8309291490934889,0.0,0.7998379779942281,8.935,top3,30772.48828125,td,True,2000.0,0.1,,,,,,,,,,
gate2A_fixed_value_guided_dt,N100_noise0p2,100,0.2,9,Q-DT fixed q_sa,Q-DT,452.45097791572414,420.6824583962237,477.90153050673655,0.5552085755278028,0.465,0.4837957920215985,5.35125,none,27801.333984375,q_sa,False,2000.0,0.1,,,,,,,,,,
gate2A_fixed_value_guided_dt,N100_noise0p2,100,0.2,9,Q-DT fixed q_sa support top3,Q-DT,470.7640814671297,420.6824583962237,477.90153050673655,0.8752610139181988,0.0,0.796391369047619,8.8075,top3,27801.333984375,q_sa,False,2000.0,0.1,,,,,,,,,,
gate2B_iql,N100_noise0p2,100,0.2,9,IQL expectile0.7 beta3,IQL,460.9326668729381,420.6824583962237,477.90153050673655,0.7034404262791124,0.48375,0.4100653891562982,2.98,none,,,,,,2000.0,0.7,3.0,20.0,438.94115142822267,449.0728790283203,0.8499764829874039,4.927526867389679,,
gate2B_iql,N100_noise0p2,100,0.2,9,IQL expectile0.7 beta3 support top3,IQL,471.9402304379987,420.6824583962237,477.90153050673655,0.8958162051767602,0.0,0.8011098935786436,8.0825,top3,,,,,,2000.0,0.7,3.0,20.0,438.94115142822267,449.0728790283203,0.8499764829874039,4.927526867389679,,
gate2C_support_mask,N100_noise0p5,100,0.5,0,Structured DT,DT,457.3020035927065,425.0469525373324,482.2674723800636,0.5636972740552887,0.37875,0.5581792395201186,5.77125,none,739.2440185546875,,,,,,,,,,,,,,
gate2C_support_mask,N100_noise0p5,100,0.5,0,Structured DT support count>=1,DT,468.435234662372,425.0469525373324,482.2674723800636,0.7582643821533064,0.0,0.8211931416214504,10.21,count>=1,739.2440185546875,,,,,,,,,,,,,,
gate2C_support_mask,N100_noise0p5,100,0.5,0,Structured DT support top3,DT,468.435234662372,425.0469525373324,482.2674723800636,0.7582643821533064,0.0,0.8211931416214504,10.21,top3,739.2440185546875,,,,,,,,,,,,,,
gate2C_support_mask,N100_noise0p5,100,0.5,0,Vanilla DT,DT,464.0521191964954,425.0469525373324,482.2674723800636,0.6816639689112843,0.3425,0.5895517984910594,8.74,none,562.07666015625,,,,,,,,,,,,,,
gate2C_support_mask,N100_noise0p5,100,0.5,0,Vanilla DT support top3,DT,460.891666049172,425.0469525373324,482.2674723800636,0.6264311056655503,0.0,0.8517454253263077,12.49375,top3,562.07666015625,,,,,,,,,,,,,,
gate2A_fixed_value_guided_dt,N100_noise0p5,100,0.5,0,Q-DT fixed td denoised,Q-DT,460.7743761766927,425.0469525373324,482.2674723800636,0.6243813187569083,0.525,0.4742954877939398,4.35875,none,35904.61328125,td,True,2000.0,0.1,,,,,,,,,,
gate2A_fixed_value_guided_dt,N100_noise0p5,100,0.5,0,Q-DT fixed td denoised support top3,Q-DT,466.31861438765526,425.0469525373324,482.2674723800636,0.7212738011426102,0.0,0.8545957090295326,12.33125,top3,35904.61328125,td,True,2000.0,0.1,,,,,,,,,,
gate2A_fixed_value_guided_dt,N100_noise0p5,100,0.5,0,Q-DT fixed q_sa,Q-DT,456.43430257875696,425.0469525373324,482.2674723800636,0.5485331158768169,0.55,0.4168003295689349,4.0175,none,32383.068359375,q_sa,False,2000.0,0.1,,,,,,,,,,
gate2A_fixed_value_guided_dt,N100_noise0p5,100,0.5,0,Q-DT fixed q_sa support top3,Q-DT,472.6445987085987,425.0469525373324,482.2674723800636,0.8318282724813928,0.0,0.8227438603063604,10.0,top3,32383.068359375,q_sa,False,2000.0,0.1,,,,,,,,,,
gate2B_iql,N100_noise0p5,100,0.5,0,IQL expectile0.7 beta3,IQL,446.7210074974513,425.0469525373324,482.2674723800636,0.3787811613681485,0.71875,0.3211718888298813,2.3325,none,,,,,,2000.0,0.7,3.0,20.0,1344.351708984375,130.32156257629396,0.1446554005146026,5.771775102615356,,
gate2B_iql,N100_noise0p5,100,0.5,0,IQL expectile0.7 beta3 support top3,IQL,475.6137088953562,425.0469525373324,482.2674723800636,0.8837171786800426,0.0,0.816941864508041,10.22625,top3,,,,,,2000.0,0.7,3.0,20.0,1344.351708984375,130.32156257629396,0.1446554005146026,5.771775102615356,,
gate2C_support_mask,N100_noise0p5,100,0.5,1,Structured DT,DT,456.6458839639131,421.1367484506907,477.8449022706637,0.6261733652262863,0.2125,0.6195178666841136,5.7875,none,668.5712280273438,,,,,,,,,,,,,,
gate2C_support_mask,N100_noise0p5,100,0.5,1,Structured DT support count>=1,DT,468.0558611119612,421.1367484506907,477.8449022706637,0.8273785955053472,0.0,0.7456941964285714,8.42875,count>=1,668.5712280273438,,,,,,,,,,,,,,
gate2C_support_mask,N100_noise0p5,100,0.5,1,Structured DT support top3,DT,468.0558611119612,421.1367484506907,477.8449022706637,0.8273785955053472,0.0,0.7456941964285714,8.42875,top3,668.5712280273438,,,,,,,,,,,,,,
gate2C_support_mask,N100_noise0p5,100,0.5,1,Vanilla DT,DT,448.0971808258026,421.1367484506907,477.8449022706637,0.4754242654539793,0.115,0.7523137781758472,15.3325,none,585.3284912109375,,,,,,,,,,,,,,
gate2C_support_mask,N100_noise0p5,100,0.5,1,Vanilla DT support top3,DT,455.35842250498666,421.1367484506907,477.8449022706637,0.6034700787991946,0.0,0.7881892586580086,15.425,top3,585.3284912109375,,,,,,,,,,,,,,
gate2A_fixed_value_guided_dt,N100_noise0p5,100,0.5,1,Q-DT fixed td denoised,Q-DT,463.700283757003,421.1367484506907,477.8449022706637,0.7505716980566045,0.25,0.6015530303030303,5.72125,none,38825.31640625,td,True,2000.0,0.1,,,,,,,,,,
gate2A_fixed_value_guided_dt,N100_noise0p5,100,0.5,1,Q-DT fixed td denoised support top3,Q-DT,472.5928160670275,421.1367484506907,477.8449022706637,0.907383932470988,0.0,0.7690616206709957,7.945,top3,38825.31640625,td,True,2000.0,0.1,,,,,,,,,,
gate2A_fixed_value_guided_dt,N100_noise0p5,100,0.5,1,Q-DT fixed q_sa,Q-DT,440.307666729662,421.1367484506907,477.8449022706637,0.3380628179120721,0.635,0.3613460558318978,2.8475,none,34932.09375,q_sa,False,2000.0,0.1,,,,,,,,,,
gate2A_fixed_value_guided_dt,N100_noise0p5,100,0.5,1,Q-DT fixed q_sa support top3,Q-DT,469.32692775405735,421.1367484506907,477.8449022706637,0.8497927732994495,0.0,0.7617418154761905,8.0825,top3,34932.09375,q_sa,False,2000.0,0.1,,,,,,,,,,
gate2B_iql,N100_noise0p5,100,0.5,1,IQL expectile0.7 beta3,IQL,448.0176657036354,421.1367484506907,477.8449022706637,0.4740220839895705,0.48,0.3056550305486475,1.72,none,,,,,,2000.0,0.7,3.0,20.0,1710.6959838867188,409.9710266113281,0.4464333489537239,4.603552711009979,,
gate2B_iql,N100_noise0p5,100,0.5,1,IQL expectile0.7 beta3 support top3,IQL,471.5795207286761,421.1367484506907,477.8449022706637,0.8895153321006036,0.0,0.7155058847402597,6.9225,top3,,,,,,2000.0,0.7,3.0,20.0,1710.6959838867188,409.9710266113281,0.4464333489537239,4.603552711009979,,
gate2C_support_mask,N100_noise0p5,100,0.5,2,Structured DT,DT,462.9667160350377,428.2572553930546,483.61336583743207,0.627021305567696,0.23375,0.6828077408702409,8.9125,none,718.494140625,,,,,,,,,,,,,,
gate2C_support_mask,N100_noise0p5,100,0.5,2,Structured DT support count>=1,DT,466.4711152409565,428.2572553930546,483.61336583743207,0.6903277622133458,0.0,0.833574282069167,11.7775,count>=1,718.494140625,,,,,,,,,,,,,,
gate2C_support_mask,N100_noise0p5,100,0.5,2,Structured DT support top3,DT,466.4711152409565,428.2572553930546,483.61336583743207,0.6903277622133458,0.0,0.833574282069167,11.7775,top3,718.494140625,,,,,,,,,,,,,,
gate2C_support_mask,N100_noise0p5,100,0.5,2,Vanilla DT,DT,450.4439491569577,428.2572553930546,483.61336583743207,0.4007993622708842,0.11375,0.7474629726570018,17.2775,none,565.868408203125,,,,,,,,,,,,,,
gate2C_support_mask,N100_noise0p5,100,0.5,2,Vanilla DT support top3,DT,455.49230748014014,428.2572553930546,483.61336583743207,0.4919972134684511,0.0,0.8238736901152981,16.21125,top3,565.868408203125,,,,,,,,,,,,,,
gate2A_fixed_value_guided_dt,N100_noise0p5,100,0.5,2,Q-DT fixed td denoised,Q-DT,460.5756674290336,428.2572553930546,483.61336583743207,0.5838273638906217,0.3725,0.5473766511266511,12.33625,none,35495.7578125,td,True,2000.0,0.1,,,,,,,,,,
gate2A_fixed_value_guided_dt,N100_noise0p5,100,0.5,2,Q-DT fixed td denoised support top3,Q-DT,459.86094912009247,428.2572553930546,483.61336583743207,0.5709160826751667,0.0,0.8537295660967337,14.8725,top3,35495.7578125,td,True,2000.0,0.1,,,,,,,,,,
gate2A_fixed_value_guided_dt,N100_noise0p5,100,0.5,2,Q-DT fixed q_sa,Q-DT,456.766405532887,428.2572553930546,483.61336583743207,0.5150136075488678,0.42875,0.5398822131348083,5.285,none,32007.8125,q_sa,False,2000.0,0.1,,,,,,,,,,
gate2A_fixed_value_guided_dt,N100_noise0p5,100,0.5,2,Q-DT fixed q_sa support top3,Q-DT,466.9060753928537,428.2572553930546,483.61336583743207,0.6981852534352816,0.0,0.8359542611587049,11.8,top3,32007.8125,q_sa,False,2000.0,0.1,,,,,,,,,,
gate2B_iql,N100_noise0p5,100,0.5,2,IQL expectile0.7 beta3,IQL,453.7693947966192,428.2572553930546,483.61336583743207,0.4608730490412535,0.61625,0.2856377113452585,1.835,none,,,,,,2000.0,0.7,3.0,20.0,1552.577325439453,259.1743362426758,0.2374597363173961,4.694434797763824,,
gate2B_iql,N100_noise0p5,100,0.5,2,IQL expectile0.7 beta3 support top3,IQL,476.32164690840233,428.2572553930546,483.61336583743207,0.8682761691438463,0.0,0.7641570541386719,6.515,top3,,,,,,2000.0,0.7,3.0,20.0,1552.577325439453,259.1743362426758,0.2374597363173961,4.694434797763824,,
gate2C_support_mask,N100_noise0p5,100,0.5,3,Structured DT,DT,457.0286977506559,427.8075954406258,483.282798778634,0.5267416891108471,0.22,0.6778828482499245,13.1675,none,749.107666015625,,,,,,,,,,,,,,
gate2C_support_mask,N100_noise0p5,100,0.5,3,Structured DT support count>=1,DT,459.49515845926544,427.8075954406258,483.282798778634,0.5712022870032331,0.0,0.8327595165251416,11.87375,count>=1,749.107666015625,,,,,,,,,,,,,,
gate2C_support_mask,N100_noise0p5,100,0.5,3,Structured DT support top3,DT,459.49515845926544,427.8075954406258,483.282798778634,0.5712022870032331,0.0,0.8327595165251416,11.87375,top3,749.107666015625,,,,,,,,,,,,,,
gate2C_support_mask,N100_noise0p5,100,0.5,3,Vanilla DT,DT,446.31342240882856,427.8075954406258,483.282798778634,0.333587366150738,0.19125,0.7495833061274237,19.98375,none,601.791015625,,,,,,,,,,,,,,
gate2C_support_mask,N100_noise0p5,100,0.5,3,Vanilla DT support top3,DT,451.0783209647854,427.8075954406258,483.282798778634,0.419479769769784,0.0,0.857329953033078,16.04625,top3,601.791015625,,,,,,,,,,,,,,
gate2A_fixed_value_guided_dt,N100_noise0p5,100,0.5,3,Q-DT fixed td denoised,Q-DT,448.2608757649772,427.8075954406258,483.282798778634,0.3686923002288138,0.18,0.7468463780228486,19.7025,none,46252.05859375,td,True,2000.0,0.1,,,,,,,,,,
gate2A_fixed_value_guided_dt,N100_noise0p5,100,0.5,3,Q-DT fixed td denoised support top3,Q-DT,451.01172553250296,427.8075954406258,483.282798778634,0.4182793157240966,0.0,0.8743616990648241,15.93625,top3,46252.05859375,td,True,2000.0,0.1,,,,,,,,,,
gate2A_fixed_value_guided_dt,N100_noise0p5,100,0.5,3,Q-DT fixed q_sa,Q-DT,456.4067893706358,427.8075954406258,483.282798778634,0.5155311239826611,0.3875,0.5453142159853569,6.8125,none,41764.12109375,q_sa,False,2000.0,0.1,,,,,,,,,,
gate2A_fixed_value_guided_dt,N100_noise0p5,100,0.5,3,Q-DT fixed q_sa support top3,Q-DT,465.73718885449495,427.8075954406258,483.282798778634,0.6837215752552666,0.0,0.8162142631673882,8.17125,top3,41764.12109375,q_sa,False,2000.0,0.1,,,,,,,,,,
gate2B_iql,N100_noise0p5,100,0.5,3,IQL expectile0.7 beta3,IQL,405.4735483461278,427.8075954406258,483.282798778634,-0.4025951371177053,0.93,0.0922152560083594,0.25875,none,,,,,,2000.0,0.7,3.0,20.0,1409.2973571777345,435.6783126831055,0.5864513739943504,3.9551529765129088,,
gate2B_iql,N100_noise0p5,100,0.5,3,IQL expectile0.7 beta3 support top3,IQL,471.0242427218397,427.8075954406258,483.282798778634,0.779026388022349,0.0,0.7643209438131313,10.09625,top3,,,,,,2000.0,0.7,3.0,20.0,1409.2973571777345,435.6783126831055,0.5864513739943504,3.9551529765129088,,
gate2C_support_mask,N100_noise0p5,100,0.5,4,Structured DT,DT,452.1882811621792,415.8730447844656,474.3155353853144,0.6213841334336662,0.2675,0.5978232150363297,9.09875,none,686.9256591796875,,,,,,,,,,,,,,
gate2C_support_mask,N100_noise0p5,100,0.5,4,Structured DT support count>=1,DT,462.07989502211086,415.8730447844656,474.3155353853144,0.7906379376133935,0.0,0.7618690476190476,9.39,count>=1,686.9256591796875,,,,,,,,,,,,,,
gate2C_support_mask,N100_noise0p5,100,0.5,4,Structured DT support top3,DT,462.07989502211086,415.8730447844656,474.3155353853144,0.7906379376133935,0.0,0.7618690476190476,9.39,top3,686.9256591796875,,,,,,,,,,,,,,
gate2C_support_mask,N100_noise0p5,100,0.5,4,Vanilla DT,DT,449.650875471311,415.8730447844656,474.3155353853144,0.5779669952388168,0.205,0.7489094173697473,14.09125,none,572.156005859375,,,,,,,,,,,,,,
gate2C_support_mask,N100_noise0p5,100,0.5,4,Vanilla DT support top3,DT,448.1923212599468,415.8730447844656,474.3155353853144,0.5530099101391105,0.0,0.8585195802005012,14.3025,top3,572.156005859375,,,,,,,,,,,,,,
gate2A_fixed_value_guided_dt,N100_noise0p5,100,0.5,4,Q-DT fixed td denoised,Q-DT,453.0666594287579,415.8730447844656,474.3155353853144,0.6364139218213274,0.35,0.5245119047619048,5.28625,none,28098.990234375,td,True,2000.0,0.1,,,,,,,,,,
gate2A_fixed_value_guided_dt,N100_noise0p5,100,0.5,4,Q-DT fixed td denoised support top3,Q-DT,467.3232176097696,415.8730447844656,474.3155353853144,0.8803555819805662,0.0,0.7177291666666668,7.0525,top3,28098.990234375,td,True,2000.0,0.1,,,,,,,,,,
gate2A_fixed_value_guided_dt,N100_noise0p5,100,0.5,4,Q-DT fixed q_sa,Q-DT,444.8774378537889,415.8730447844656,474.3155353853144,0.4962894765628282,0.53125,0.4796784522106411,5.1425,none,25437.056640625,q_sa,False,2000.0,0.1,,,,,,,,,,
gate2A_fixed_value_guided_dt,N100_noise0p5,100,0.5,4,Q-DT fixed q_sa support top3,Q-DT,463.2613987489403,415.8730447844656,474.3155353853144,0.8108544567021995,0.0,0.8037886904761905,9.79625,top3,25437.056640625,q_sa,False,2000.0,0.1,,,,,,,,,,
gate2B_iql,N100_noise0p5,100,0.5,4,IQL expectile0.7 beta3,IQL,446.8428046863249,415.8730447844656,474.3155353853144,0.5299185504152601,0.50625,0.3629487179487179,1.885,none,,,,,,2000.0,0.7,3.0,20.0,1730.50888671875,972.079656982422,0.2873179063200951,4.447377371788025,,
gate2B_iql,N100_noise0p5,100,0.5,4,IQL expectile0.7 beta3 support top3,IQL,464.6130677699172,415.8730447844656,474.3155353853144,0.8339826466044493,0.0,0.7050803571428571,9.44875,top3,,,,,,2000.0,0.7,3.0,20.0,1730.50888671875,972.079656982422,0.2873179063200951,4.447377371788025,,
gate2C_support_mask,N100_noise0p5,100,0.5,5,Structured DT,DT,450.5431148720889,413.08161086848617,472.4205638661845,0.63131386907106,0.33375,0.6314925187806545,8.29125,none,701.1727905273438,,,,,,,,,,,,,,
gate2C_support_mask,N100_noise0p5,100,0.5,5,Structured DT support count>=1,DT,454.7262764245539,413.08161086848617,472.4205638661845,0.7018099149420959,0.0,0.8284860157203908,12.10875,count>=1,701.1727905273438,,,,,,,,,,,,,,
gate2C_support_mask,N100_noise0p5,100,0.5,5,Structured DT support top3,DT,454.7262764245539,413.08161086848617,472.4205638661845,0.7018099149420959,0.0,0.8284860157203908,12.10875,top3,701.1727905273438,,,,,,,,,,,,,,
gate2C_support_mask,N100_noise0p5,100,0.5,5,Vanilla DT,DT,439.3043095719513,413.08161086848617,472.4205638661845,0.4419137409533028,0.1425,0.752785710786637,16.62625,none,620.585205078125,,,,,,,,,,,,,,
gate2C_support_mask,N100_noise0p5,100,0.5,5,Vanilla DT support top3,DT,443.59977564310736,413.08161086848617,472.4205638661845,0.5143023803572155,0.0,0.80762255467962,15.43,top3,620.585205078125,,,,,,,,,,,,,,
gate2A_fixed_value_guided_dt,N100_noise0p5,100,0.5,5,Q-DT fixed td denoised,Q-DT,454.9187796512121,413.08161086848617,472.4205638661845,0.7050540440838031,0.44125,0.4845526741970257,3.9775,none,30624.328125,td,True,2000.0,0.1,,,,,,,,,,
gate2A_fixed_value_guided_dt,N100_noise0p5,100,0.5,5,Q-DT fixed td denoised support top3,Q-DT,459.9952218255054,413.08161086848617,472.4205638661845,0.790603955530508,0.0,0.8076125585616074,9.27375,top3,30624.328125,td,True,2000.0,0.1,,,,,,,,,,
gate2A_fixed_value_guided_dt,N100_noise0p5,100,0.5,5,Q-DT fixed q_sa,Q-DT,444.224434880831,413.08161086848617,472.4205638661845,0.5248293479925874,0.50875,0.5157001414427157,4.735,none,27535.349609375,q_sa,False,2000.0,0.1,,,,,,,,,,
gate2A_fixed_value_guided_dt,N100_noise0p5,100,0.5,5,Q-DT fixed q_sa support top3,Q-DT,446.4638803342927,413.08161086848617,472.4205638661845,0.5625692362165771,0.0,0.8731359836570435,15.51375,top3,27535.349609375,q_sa,False,2000.0,0.1,,,,,,,,,,
gate2B_iql,N100_noise0p5,100,0.5,5,IQL expectile0.7 beta3,IQL,439.99532437384255,413.08161086848617,472.4205638661845,0.4535589548807899,0.70375,0.1880340809422378,1.21625,none,,,,,,2000.0,0.7,3.0,20.0,1728.033642578125,701.6877746582031,0.3185494519770145,4.761269211769104,,
gate2B_iql,N100_noise0p5,100,0.5,5,IQL expectile0.7 beta3 support top3,IQL,460.1055958359117,413.08161086848617,472.4205638661845,0.7924640154882661,0.0,0.7411394620626959,9.95,top3,,,,,,2000.0,0.7,3.0,20.0,1728.033642578125,701.6877746582031,0.3185494519770145,4.761269211769104,,
gate2C_support_mask,N100_noise0p5,100,0.5,6,Structured DT,DT,450.0461244228728,413.5410294620784,472.2493846542733,0.621804082933116,0.3,0.5641037610050768,7.97375,none,739.500732421875,,,,,,,,,,,,,,
gate2C_support_mask,N100_noise0p5,100,0.5,6,Structured DT support count>=1,DT,456.0168093872339,413.5410294620784,472.2493846542733,0.7235048535442963,0.0,0.8183213651114966,12.56875,count>=1,739.500732421875,,,,,,,,,,,,,,
gate2C_support_mask,N100_noise0p5,100,0.5,6,Structured DT support top3,DT,456.0168093872339,413.5410294620784,472.2493846542733,0.7235048535442963,0.0,0.8183213651114966,12.56875,top3,739.500732421875,,,,,,,,,,,,,,
gate2C_support_mask,N100_noise0p5,100,0.5,6,Vanilla DT,DT,448.96042050544514,413.5410294620784,472.2493846542733,0.6033109074068501,0.14625,0.7681465406197591,15.02125,none,562.4609985351562,,,,,,,,,,,,,,
gate2C_support_mask,N100_noise0p5,100,0.5,6,Vanilla DT support top3,DT,447.0383960342715,413.5410294620784,472.2493846542733,0.5705723906338718,0.0,0.8513450629779576,16.6575,top3,562.4609985351562,,,,,,,,,,,,,,
gate2A_fixed_value_guided_dt,N100_noise0p5,100,0.5,6,Q-DT fixed td denoised,Q-DT,453.97208260382337,413.5410294620784,472.2493846542733,0.688676305261575,0.135,0.6842542092410514,11.32875,none,27447.736328125,td,True,2000.0,0.1,,,,,,,,,,
gate2A_fixed_value_guided_dt,N100_noise0p5,100,0.5,6,Q-DT fixed td denoised support top3,Q-DT,453.8776980785484,413.5410294620784,472.2493846542733,0.6870686205467508,0.0,0.8029507816014396,13.5025,top3,27447.736328125,td,True,2000.0,0.1,,,,,,,,,,
gate2A_fixed_value_guided_dt,N100_noise0p5,100,0.5,6,Q-DT fixed q_sa,Q-DT,446.4583095757059,413.5410294620784,472.2493846542733,0.5606915745785329,0.41375,0.5186309764594266,4.86875,none,24870.314453125,q_sa,False,2000.0,0.1,,,,,,,,,,
gate2A_fixed_value_guided_dt,N100_noise0p5,100,0.5,6,Q-DT fixed q_sa support top3,Q-DT,461.73344827825537,413.5410294620784,472.2493846542733,0.8208783683073448,0.0,0.7881424675470728,8.60875,top3,24870.314453125,q_sa,False,2000.0,0.1,,,,,,,,,,
gate2B_iql,N100_noise0p5,100,0.5,6,IQL expectile0.7 beta3,IQL,448.14059736778654,413.5410294620784,472.2493846542733,0.5893465724331529,0.24375,0.5489808627999584,4.39875,none,,,,,,2000.0,0.7,3.0,20.0,1617.4029357910156,366.2178726196289,1.154911184310913,5.556538772583008,,
gate2B_iql,N100_noise0p5,100,0.5,6,IQL expectile0.7 beta3 support top3,IQL,460.3798927408189,413.5410294620784,472.2493846542733,0.7978227822156324,0.0,0.7426708558254611,6.86125,top3,,,,,,2000.0,0.7,3.0,20.0,1617.4029357910156,366.2178726196289,1.154911184310913,5.556538772583008,,
gate2C_support_mask,N100_noise0p5,100,0.5,7,Structured DT,DT,454.1361419672048,422.9552853756405,480.1843549282328,0.5448429763987299,0.2525,0.6781774018872446,10.6875,none,656.16064453125,,,,,,,,,,,,,,
gate2C_support_mask,N100_noise0p5,100,0.5,7,Structured DT support count>=1,DT,459.3208434118077,422.9552853756405,480.1843549282328,0.6354385685538373,0.0,0.8419715767387497,11.43875,count>=1,656.16064453125,,,,,,,,,,,,,,
gate2C_support_mask,N100_noise0p5,100,0.5,7,Structured DT support top3,DT,459.3208434118077,422.9552853756405,480.1843549282328,0.6354385685538373,0.0,0.8419715767387497,11.43875,top3,656.16064453125,,,,,,,,,,,,,,
gate2C_support_mask,N100_noise0p5,100,0.5,7,Vanilla DT,DT,437.1660282406638,422.9552853756405,480.1843549282328,0.2483133654997471,0.16875,0.7607655502392344,15.35125,none,548.6424560546875,,,,,,,,,,,,,,
gate2C_support_mask,N100_noise0p5,100,0.5,7,Vanilla DT support top3,DT,441.4413656111221,422.9552853756405,480.1843549282328,0.3230190597191749,0.0,0.873178998423532,14.88875,top3,548.6424560546875,,,,,,,,,,,,,,
gate2A_fixed_value_guided_dt,N100_noise0p5,100,0.5,7,Q-DT fixed td denoised,Q-DT,462.0087459179382,422.9552853756405,480.1843549282328,0.6824060018380764,0.17125,0.7259721404485361,8.965,none,24929.78515625,td,True,2000.0,0.1,,,,,,,,,,
gate2A_fixed_value_guided_dt,N100_noise0p5,100,0.5,7,Q-DT fixed td denoised support top3,Q-DT,460.1283949313911,422.9552853756405,480.1843549282328,0.6495494308463164,0.0,0.8455675075751992,10.43625,top3,24929.78515625,td,True,2000.0,0.1,,,,,,,,,,
gate2A_fixed_value_guided_dt,N100_noise0p5,100,0.5,7,Q-DT fixed q_sa,Q-DT,452.50395465393376,422.9552853756405,480.1843549282328,0.516322727405845,0.455,0.5182912411821595,4.67375,none,22854.69921875,q_sa,False,2000.0,0.1,,,,,,,,,,
gate2A_fixed_value_guided_dt,N100_noise0p5,100,0.5,7,Q-DT fixed q_sa support top3,Q-DT,466.7921150210079,422.9552853756405,480.1843549282328,0.7659888582511771,0.0,0.8133654520520329,8.355,top3,22854.69921875,q_sa,False,2000.0,0.1,,,,,,,,,,
gate2B_iql,N100_noise0p5,100,0.5,7,IQL expectile0.7 beta3,IQL,449.16938696476393,422.9552853756405,480.1843549282328,0.4580557013081127,0.56,0.3633835388994307,2.335,none,,,,,,2000.0,0.7,3.0,20.0,1430.6953186035155,252.3256507873535,0.8438627749681473,4.782668471336365,,
gate2B_iql,N100_noise0p5,100,0.5,7,IQL expectile0.7 beta3 support top3,IQL,464.1962574757743,422.9552853756405,480.1843549282328,0.7206297852218998,0.0,0.8612106901472711,10.21375,top3,,,,,,2000.0,0.7,3.0,20.0,1430.6953186035155,252.3256507873535,0.8438627749681473,4.782668471336365,,
gate2C_support_mask,N100_noise0p5,100,0.5,8,Structured DT,DT,452.5058280281874,414.15142866616,472.41867197590335,0.6582497675089747,0.3125,0.5830070005175984,6.395,none,715.0392456054688,,,,,,,,,,,,,,
gate2C_support_mask,N100_noise0p5,100,0.5,8,Structured DT support count>=1,DT,454.33562452247,414.15142866616,472.41867197590335,0.6896532867136774,0.0,0.8341108917661267,13.24,count>=1,715.0392456054688,,,,,,,,,,,,,,
gate2C_support_mask,N100_noise0p5,100,0.5,8,Structured DT support top3,DT,454.33562452247,414.15142866616,472.41867197590335,0.6896532867136774,0.0,0.8341108917661267,13.24,top3,715.0392456054688,,,,,,,,,,,,,,
gate2C_support_mask,N100_noise0p5,100,0.5,8,Vanilla DT,DT,444.050932953072,414.15142866616,472.41867197590335,0.513144308680762,0.25125,0.6399389549441484,14.35625,none,540.3760986328125,,,,,,,,,,,,,,
gate2C_support_mask,N100_noise0p5,100,0.5,8,Vanilla DT support top3,DT,445.88422768473794,414.15142866616,472.41867197590335,0.5446078656903208,0.0,0.8440425531806927,15.56375,top3,540.3760986328125,,,,,,,,,,,,,,
gate2A_fixed_value_guided_dt,N100_noise0p5,100,0.5,8,Q-DT fixed td denoised,Q-DT,449.3954754879032,414.15142866616,472.41867197590335,0.6048689592948315,0.35,0.5695609095110165,7.06125,none,34092.74609375,td,True,2000.0,0.1,,,,,,,,,,
gate2A_fixed_value_guided_dt,N100_noise0p5,100,0.5,8,Q-DT fixed td denoised support top3,Q-DT,455.3910183110787,414.15142866616,472.41867197590335,0.7077662731647149,0.0,0.8486595028772378,13.5775,top3,34092.74609375,td,True,2000.0,0.1,,,,,,,,,,
gate2A_fixed_value_guided_dt,N100_noise0p5,100,0.5,8,Q-DT fixed q_sa,Q-DT,440.4042492544648,414.15142866616,472.41867197590335,0.450558823398375,0.685,0.2916593368426275,2.3125,none,30909.912109375,q_sa,False,2000.0,0.1,,,,,,,,,,
gate2A_fixed_value_guided_dt,N100_noise0p5,100,0.5,8,Q-DT fixed q_sa support top3,Q-DT,455.184137137144,414.15142866616,472.41867197590335,0.7042157160732302,0.0,0.8460206139883489,13.5175,top3,30909.912109375,q_sa,False,2000.0,0.1,,,,,,,,,,
gate2B_iql,N100_noise0p5,100,0.5,8,IQL expectile0.7 beta3,IQL,459.3590981717336,414.15142866616,472.41867197590335,0.7758676562962443,0.49375,0.4803239744693058,3.3675,none,,,,,,2000.0,0.7,3.0,20.0,1985.4781433105468,606.7181213378906,0.6171002104878426,4.505819797515869,,
gate2B_iql,N100_noise0p5,100,0.5,8,IQL expectile0.7 beta3 support top3,IQL,465.3559629249429,414.15142866616,472.41867197590335,0.8787876575279907,0.0,0.7590799029756831,6.51375,top3,,,,,,2000.0,0.7,3.0,20.0,1985.4781433105468,606.7181213378906,0.6171002104878426,4.505819797515869,,
gate2C_support_mask,N100_noise0p5,100,0.5,9,Structured DT,DT,465.08294212227474,420.6824583962237,477.90153050673655,0.7759735012881023,0.22,0.6463304924242423,8.32,none,757.4276733398438,,,,,,,,,,,,,,
gate2C_support_mask,N100_noise0p5,100,0.5,9,Structured DT support count>=1,DT,468.48757915524845,420.6824583962237,477.90153050673655,0.8354752881468265,0.0,0.7717685786435786,8.42625,count>=1,757.4276733398438,,,,,,,,,,,,,,
gate2C_support_mask,N100_noise0p5,100,0.5,9,Structured DT support top3,DT,468.48757915524845,420.6824583962237,477.90153050673655,0.8354752881468265,0.0,0.7717685786435786,8.42625,top3,757.4276733398438,,,,,,,,,,,,,,
gate2C_support_mask,N100_noise0p5,100,0.5,9,Vanilla DT,DT,443.8487402772746,420.6824583962237,477.90153050673655,0.4048699328137934,0.325,0.5480408332779513,9.22375,none,596.8884887695312,,,,,,,,,,,,,,
gate2C_support_mask,N100_noise0p5,100,0.5,9,Vanilla DT support top3,DT,456.5901882402692,420.6824583962237,477.90153050673655,0.6275482722735063,0.0,0.8365625636618285,12.875,top3,596.8884887695312,,,,,,,,,,,,,,
gate2A_fixed_value_guided_dt,N100_noise0p5,100,0.5,9,Q-DT fixed td denoised,Q-DT,462.0726284636896,420.6824583962237,477.90153050673655,0.7233631819041912,0.29625,0.5852332384433552,6.94625,none,32432.6640625,td,True,2000.0,0.1,,,,,,,,,,
gate2A_fixed_value_guided_dt,N100_noise0p5,100,0.5,9,Q-DT fixed td denoised support top3,Q-DT,468.2274532969311,420.6824583962237,477.90153050673655,0.8309291490934889,0.0,0.7998379779942281,8.935,top3,32432.6640625,td,True,2000.0,0.1,,,,,,,,,,
gate2A_fixed_value_guided_dt,N100_noise0p5,100,0.5,9,Q-DT fixed q_sa,Q-DT,452.45097791572414,420.6824583962237,477.90153050673655,0.5552085755278028,0.465,0.4837957920215985,5.35125,none,29241.728515625,q_sa,False,2000.0,0.1,,,,,,,,,,
gate2A_fixed_value_guided_dt,N100_noise0p5,100,0.5,9,Q-DT fixed q_sa support top3,Q-DT,470.7640814671297,420.6824583962237,477.90153050673655,0.8752610139181988,0.0,0.796391369047619,8.8075,top3,29241.728515625,q_sa,False,2000.0,0.1,,,,,,,,,,
gate2B_iql,N100_noise0p5,100,0.5,9,IQL expectile0.7 beta3,IQL,460.027480865516,420.6824583962237,477.90153050673655,0.6876207708035074,0.58375,0.3047396000226188,2.13,none,,,,,,2000.0,0.7,3.0,20.0,2047.213061523437,873.9294494628906,1.01576227247715,5.418695092201233,,
gate2B_iql,N100_noise0p5,100,0.5,9,IQL expectile0.7 beta3 support top3,IQL,471.9402304379987,420.6824583962237,477.90153050673655,0.8958162051767602,0.0,0.8011098935786436,8.0825,top3,,,,,,2000.0,0.7,3.0,20.0,2047.213061523437,873.9294494628906,1.01576227247715,5.418695092201233,,
gate2C_support_mask,N1600_noise0p05,1600,0.05,0,Structured DT,DT,460.66127558548703,420.6941057714956,478.158742618527,0.6955089600649955,0.113125,0.7440902602611511,146.13578125,none,567.7760009765625,,,,,,,,,,,,,,
gate2C_support_mask,N1600_noise0p05,1600,0.05,0,Structured DT support count>=1,DT,455.4407599659308,420.6941057714956,478.158742618527,0.604661511860406,0.0,0.8076411764774147,177.328125,count>=1,567.7760009765625,,,,,,,,,,,,,,
gate2C_support_mask,N1600_noise0p05,1600,0.05,0,Structured DT support top3,DT,455.4407599659308,420.6941057714956,478.158742618527,0.604661511860406,0.0,0.8076411764774147,177.328125,top3,567.7760009765625,,,,,,,,,,,,,,
gate2C_support_mask,N1600_noise0p05,1600,0.05,0,Vanilla DT,DT,450.1802438795386,420.6941057714956,478.158742618527,0.51311797526075,0.180703125,0.6265447188975709,93.77,none,477.0365295410156,,,,,,,,,,,,,,
gate2C_support_mask,N1600_noise0p05,1600,0.05,0,Vanilla DT support top3,DT,453.4877634927577,420.6941057714956,478.158742618527,0.5706754539936892,0.0,0.7502702567176754,114.323359375,top3,477.0365295410156,,,,,,,,,,,,,,
gate2A_fixed_value_guided_dt,N1600_noise0p05,1600,0.05,0,Q-DT fixed td denoised,Q-DT,462.1428965779292,420.6941057714956,478.158742618527,0.7212921386202892,0.313203125,0.5513792611620055,63.866875,none,26881.869140625,td,True,2000.0,0.1,,,,,,,,,,
gate2A_fixed_value_guided_dt,N1600_noise0p05,1600,0.05,0,Q-DT fixed td denoised support top3,Q-DT,471.51433760884674,420.6941057714956,478.158742618527,0.884374018975054,0.0,0.7529598217029246,114.6753125,top3,26881.869140625,td,True,2000.0,0.1,,,,,,,,,,
gate2A_fixed_value_guided_dt,N1600_noise0p05,1600,0.05,0,Q-DT fixed q_sa,Q-DT,464.825765143246,420.6941057714956,478.158742618527,0.7679794355827412,0.330546875,0.5033401061779904,60.52828125,none,24624.939453125,q_sa,False,2000.0,0.1,,,,,,,,,,
gate2A_fixed_value_guided_dt,N1600_noise0p05,1600,0.05,0,Q-DT fixed q_sa support top3,Q-DT,471.7790223560625,420.6941057714956,478.158742618527,0.8889800647405628,0.0,0.7814673951816349,130.788046875,top3,24624.939453125,q_sa,False,2000.0,0.1,,,,,,,,,,
gate2B_iql,N1600_noise0p05,1600,0.05,0,IQL expectile0.7 beta3,IQL,461.6206504288516,420.6941057714956,478.158742618527,0.7122040075934153,0.428671875,0.3456886260960423,42.66375,none,,,,,,2000.0,0.7,3.0,20.0,82.64488677978515,85.5146369934082,0.428710812330246,5.765343594551086,,
gate2B_iql,N1600_noise0p05,1600,0.05,0,IQL expectile0.7 beta3 support top3,IQL,470.2266493284067,420.6941057714956,478.158742618527,0.8619656587888095,0.0,0.6851143658310451,143.54515625,top3,,,,,,2000.0,0.7,3.0,20.0,82.64488677978515,85.5146369934082,0.428710812330246,5.765343594551086,,
gate2C_support_mask,N1600_noise0p05,1600,0.05,1,Structured DT,DT,461.002216960136,422.2408621751993,479.0817275720908,0.681927597588204,0.125625,0.7408940265115876,146.05390625,none,556.8601684570312,,,,,,,,,,,,,,
gate2C_support_mask,N1600_noise0p05,1600,0.05,1,Structured DT support count>=1,DT,459.0350409311529,422.2408621751993,479.0817275720908,0.6473191162562041,0.0,0.8167498585876993,198.5065625,count>=1,556.8601684570312,,,,,,,,,,,,,,
gate2C_support_mask,N1600_noise0p05,1600,0.05,1,Structured DT support top3,DT,459.0350409311529,422.2408621751993,479.0817275720908,0.6473191162562041,0.0,0.8167498585876993,198.5065625,top3,556.8601684570312,,,,,,,,,,,,,,
gate2C_support_mask,N1600_noise0p05,1600,0.05,1,Vanilla DT,DT,450.1047002583604,422.2408621751993,479.0817275720908,0.4902078441030367,0.172265625,0.6331295855847836,121.114609375,none,479.1344909667969,,,,,,,,,,,,,,
gate2C_support_mask,N1600_noise0p05,1600,0.05,1,Vanilla DT support top3,DT,451.6050609960546,422.2408621751993,479.0817275720908,0.5166036550608388,0.0,0.7661137284198322,147.133046875,top3,479.1344909667969,,,,,,,,,,,,,,
gate2A_fixed_value_guided_dt,N1600_noise0p05,1600,0.05,1,Q-DT fixed td denoised,Q-DT,464.4928810170777,422.2408621751993,479.0817275720908,0.7433387677484068,0.34,0.5558347606315752,122.286015625,none,36491.56640625,td,True,2000.0,0.1,,,,,,,,,,
gate2A_fixed_value_guided_dt,N1600_noise0p05,1600,0.05,1,Q-DT fixed td denoised support top3,Q-DT,469.1174278974167,422.2408621751993,479.0817275720908,0.8246983115915226,0.0,0.8054649712433547,168.20046875,top3,36491.56640625,td,True,2000.0,0.1,,,,,,,,,,
gate2A_fixed_value_guided_dt,N1600_noise0p05,1600,0.05,1,Q-DT fixed q_sa,Q-DT,467.0475300201487,422.2408621751993,479.0817275720908,0.788282647213176,0.25359375,0.5647688113465518,68.076640625,none,32760.341796875,q_sa,False,2000.0,0.1,,,,,,,,,,
gate2A_fixed_value_guided_dt,N1600_noise0p05,1600,0.05,1,Q-DT fixed q_sa support top3,Q-DT,472.14501445945626,422.2408621751993,479.0817275720908,0.877962570340918,0.0,0.7718115438871079,129.746953125,top3,32760.341796875,q_sa,False,2000.0,0.1,,,,,,,,,,
gate2B_iql,N1600_noise0p05,1600,0.05,1,IQL expectile0.7 beta3,IQL,458.1853545024566,422.2408621751993,479.0817275720908,0.6323706030208165,0.559765625,0.37649697447707,49.8534375,none,,,,,,2000.0,0.7,3.0,20.0,239.2364074707031,267.9812461853027,0.6886813104152679,4.6479252576828,,
gate2B_iql,N1600_noise0p05,1600,0.05,1,IQL expectile0.7 beta3 support top3,IQL,477.04076092761375,422.2408621751993,479.0817275720908,0.9640933221155948,0.0,0.7474858795345226,111.316953125,top3,,,,,,2000.0,0.7,3.0,20.0,239.2364074707031,267.9812461853027,0.6886813104152679,4.6479252576828,,
gate2C_support_mask,N1600_noise0p05,1600,0.05,2,Structured DT,DT,459.0211574647885,420.7019605669336,477.9242309914933,0.6696553040196811,0.247109375,0.6278217728437,111.27828125,none,583.2024536132812,,,,,,,,,,,,,,
gate2C_support_mask,N1600_noise0p05,1600,0.05,2,Structured DT support count>=1,DT,460.649481897018,420.7019605669336,477.9242309914933,0.6981114351754023,0.0,0.7793376454010438,145.1109375,count>=1,583.2024536132812,,,,,,,,,,,,,,
gate2C_support_mask,N1600_noise0p05,1600,0.05,2,Structured DT support top3,DT,460.649481897018,420.7019605669336,477.9242309914933,0.6981114351754023,0.0,0.7793376454010438,145.1109375,top3,583.2024536132812,,,,,,,,,,,,,,
gate2C_support_mask,N1600_noise0p05,1600,0.05,2,Vanilla DT,DT,451.1850524367624,420.7019605669336,477.9242309914933,0.5327137781087671,0.166171875,0.6677221130814325,137.5790625,none,476.8245544433594,,,,,,,,,,,,,,
gate2C_support_mask,N1600_noise0p05,1600,0.05,2,Vanilla DT support top3,DT,456.6069234553759,420.7019605669336,477.9242309914933,0.6274648423078284,0.0,0.7846924540988891,172.006953125,top3,476.8245544433594,,,,,,,,,,,,,,
gate2A_fixed_value_guided_dt,N1600_noise0p05,1600,0.05,2,Q-DT fixed td denoised,Q-DT,466.8792419484844,420.7019605669336,477.9242309914933,0.8069809365993215,0.243203125,0.6428809547662699,83.24078125,none,35124.3828125,td,True,2000.0,0.1,,,,,,,,,,
gate2A_fixed_value_guided_dt,N1600_noise0p05,1600,0.05,2,Q-DT fixed td denoised support top3,Q-DT,477.0211619837453,420.7019605669336,477.9242309914933,0.9842182248091932,0.0,0.771344897092025,107.572421875,top3,35124.3828125,td,True,2000.0,0.1,,,,,,,,,,
gate2A_fixed_value_guided_dt,N1600_noise0p05,1600,0.05,2,Q-DT fixed q_sa,Q-DT,464.8438555332029,420.7019605669336,477.9242309914933,0.7714111068777806,0.305078125,0.5392042532253047,68.255,none,31876.919921875,q_sa,False,2000.0,0.1,,,,,,,,,,
gate2A_fixed_value_guided_dt,N1600_noise0p05,1600,0.05,2,Q-DT fixed q_sa support top3,Q-DT,469.9111913217789,420.7019605669336,477.9242309914933,0.8599664149943411,0.0,0.7979992485328024,143.961171875,top3,31876.919921875,q_sa,False,2000.0,0.1,,,,,,,,,,
gate2B_iql,N1600_noise0p05,1600,0.05,2,IQL expectile0.7 beta3,IQL,450.3488732951968,420.7019605669336,477.9242309914933,0.5181009510510233,0.265,0.4453800523651819,111.964765625,none,,,,,,2000.0,0.7,3.0,20.0,90.74204559326172,86.39601593017578,0.7588078588247299,5.0636413335800174,,
gate2B_iql,N1600_noise0p05,1600,0.05,2,IQL expectile0.7 beta3 support top3,IQL,468.8831182604091,420.7019605669336,477.9242309914933,0.8420001047843121,0.0,0.6805864062081934,98.227265625,top3,,,,,,2000.0,0.7,3.0,20.0,90.74204559326172,86.39601593017578,0.7588078588247299,5.0636413335800174,,
gate2C_support_mask,N1600_noise0p05,1600,0.05,3,Structured DT,DT,464.4104573036405,420.1985074854882,477.6588309814034,0.7694344049645869,0.165859375,0.6405551373014732,112.1821875,none,564.3758544921875,,,,,,,,,,,,,,
gate2C_support_mask,N1600_noise0p05,1600,0.05,3,Structured DT support count>=1,DT,462.8200222389773,420.1985074854882,477.6588309814034,0.7417555655863826,0.0,0.7810281605678752,157.1359375,count>=1,564.3758544921875,,,,,,,,,,,,,,
gate2C_support_mask,N1600_noise0p05,1600,0.05,3,Structured DT support top3,DT,462.8200222389773,420.1985074854882,477.6588309814034,0.7417555655863826,0.0,0.7810281605678752,157.1359375,top3,564.3758544921875,,,,,,,,,,,,,,
gate2C_support_mask,N1600_noise0p05,1600,0.05,3,Vanilla DT,DT,449.5399978202763,420.1985074854882,477.6588309814034,0.5106391427969236,0.116875,0.7157425685776851,157.1834375,none,474.1748352050781,,,,,,,,,,,,,,
gate2C_support_mask,N1600_noise0p05,1600,0.05,3,Vanilla DT support top3,DT,452.7079965305288,420.1985074854882,477.6588309814034,0.5657728162172909,0.0,0.7823456383623332,166.436953125,top3,474.1748352050781,,,,,,,,,,,,,,
gate2A_fixed_value_guided_dt,N1600_noise0p05,1600,0.05,3,Q-DT fixed td denoised,Q-DT,463.5995776775088,420.1985074854882,477.6588309814034,0.7553224129534504,0.289375,0.6075640113752151,58.7028125,none,39187.92578125,td,True,2000.0,0.1,,,,,,,,,,
gate2A_fixed_value_guided_dt,N1600_noise0p05,1600,0.05,3,Q-DT fixed td denoised support top3,Q-DT,475.01434318693714,420.1985074854882,477.6588309814034,0.9539771509526164,0.0,0.7527998712973417,108.121171875,top3,39187.92578125,td,True,2000.0,0.1,,,,,,,,,,
gate2A_fixed_value_guided_dt,N1600_noise0p05,1600,0.05,3,Q-DT fixed q_sa,Q-DT,463.7148631949788,420.1985074854882,477.6588309814034,0.7573287629086198,0.47046875,0.3934611644310306,44.8796875,none,35890.8046875,q_sa,False,2000.0,0.1,,,,,,,,,,
gate2A_fixed_value_guided_dt,N1600_noise0p05,1600,0.05,3,Q-DT fixed q_sa support top3,Q-DT,474.83264538080925,420.1985074854882,477.6588309814034,0.9508150071449716,0.0,0.7431728842718993,112.395,top3,35890.8046875,q_sa,False,2000.0,0.1,,,,,,,,,,
gate2B_iql,N1600_noise0p05,1600,0.05,3,IQL expectile0.7 beta3,IQL,451.626964852474,420.1985074854882,477.6588309814034,0.5469592834648755,0.2796875,0.4062517922906338,53.13734375,none,,,,,,2000.0,0.7,3.0,20.0,94.6951847076416,237.26184616088867,1.0804932445287705,5.873426222801209,,
gate2B_iql,N1600_noise0p05,1600,0.05,3,IQL expectile0.7 beta3 support top3,IQL,469.2971863508429,420.1985074854882,477.6588309814034,0.8544796805546178,0.0,0.7236408469252331,120.04546875,top3,,,,,,2000.0,0.7,3.0,20.0,94.6951847076416,237.26184616088867,1.0804932445287705,5.873426222801209,,
gate2C_support_mask,N1600_noise0p05,1600,0.05,4,Structured DT,DT,465.7073419141128,422.8141069914742,479.6367344894461,0.7548618712531298,0.170859375,0.6592597612500406,119.565078125,none,553.1521606445312,,,,,,,,,,,,,,
gate2C_support_mask,N1600_noise0p05,1600,0.05,4,Structured DT support count>=1,DT,464.1050627798897,422.8141069914742,479.6367344894461,0.7266639648067883,0.0,0.795733231435836,169.614140625,count>=1,553.1521606445312,,,,,,,,,,,,,,
gate2C_support_mask,N1600_noise0p05,1600,0.05,4,Structured DT support top3,DT,464.1050627798897,422.8141069914742,479.6367344894461,0.7266639648067883,0.0,0.795733231435836,169.614140625,top3,553.1521606445312,,,,,,,,,,,,,,
gate2C_support_mask,N1600_noise0p05,1600,0.05,4,Vanilla DT,DT,450.8315823417246,422.8141069914742,479.6367344894461,0.4930689864922275,0.21734375,0.6056151224538919,118.760546875,none,478.7153015136719,,,,,,,,,,,,,,
gate2C_support_mask,N1600_noise0p05,1600,0.05,4,Vanilla DT support top3,DT,456.9792473530521,422.8141069914742,479.6367344894461,0.6012594254427479,0.0,0.7582744274567017,124.4390625,top3,478.7153015136719,,,,,,,,,,,,,,
gate2A_fixed_value_guided_dt,N1600_noise0p05,1600,0.05,4,Q-DT fixed td denoised,Q-DT,467.2966212392376,422.8141069914742,479.6367344894461,0.7828309989598959,0.266171875,0.634470904786228,69.9946875,none,29634.716796875,td,True,2000.0,0.1,,,,,,,,,,
gate2A_fixed_value_guided_dt,N1600_noise0p05,1600,0.05,4,Q-DT fixed td denoised support top3,Q-DT,469.8215420730741,422.8141069914742,479.6367344894461,0.8272661288547013,0.0,0.7908882020997933,156.4665625,top3,29634.716796875,td,True,2000.0,0.1,,,,,,,,,,
gate2A_fixed_value_guided_dt,N1600_noise0p05,1600,0.05,4,Q-DT fixed q_sa,Q-DT,467.0637404502286,422.8141069914742,479.6367344894461,0.7787326177469306,0.293125,0.521732938206668,64.785625,none,27060.0703125,q_sa,False,2000.0,0.1,,,,,,,,,,
gate2A_fixed_value_guided_dt,N1600_noise0p05,1600,0.05,4,Q-DT fixed q_sa support top3,Q-DT,473.85038958390834,422.8141069914742,479.6367344894461,0.8981682973786405,0.0,0.7748412920126755,133.493046875,top3,27060.0703125,q_sa,False,2000.0,0.1,,,,,,,,,,
gate2B_iql,N1600_noise0p05,1600,0.05,4,IQL expectile0.7 beta3,IQL,455.3505879950704,422.8141069914742,479.6367344894461,0.5725972633834553,0.49390625,0.3476401470766724,34.13296875,none,,,,,,2000.0,0.7,3.0,20.0,297.1408004760742,662.496484375,0.3607296079397201,4.396549689769745,,
gate2B_iql,N1600_noise0p05,1600,0.05,4,IQL expectile0.7 beta3 support top3,IQL,471.53156559014445,422.8141069914742,479.6367344894461,0.8573601880766437,0.0,0.6792793654713297,145.960625,top3,,,,,,2000.0,0.7,3.0,20.0,297.1408004760742,662.496484375,0.3607296079397201,4.396549689769745,,
gate2C_support_mask,N1600_noise0p05,1600,0.05,5,Structured DT,DT,460.2736044224712,420.42955294452105,477.5980827412801,0.6969577776374614,0.116328125,0.726973100005888,140.23546875,none,565.6158447265625,,,,,,,,,,,,,,
gate2C_support_mask,N1600_noise0p05,1600,0.05,5,Structured DT support count>=1,DT,455.92334637224246,420.42955294452105,477.5980827412801,0.6208624492164847,0.0,0.813823777351248,204.428671875,count>=1,565.6158447265625,,,,,,,,,,,,,,
gate2C_support_mask,N1600_noise0p05,1600,0.05,5,Structured DT support top3,DT,455.92334637224246,420.42955294452105,477.5980827412801,0.6208624492164847,0.0,0.813823777351248,204.428671875,top3,565.6158447265625,,,,,,,,,,,,,,
gate2C_support_mask,N1600_noise0p05,1600,0.05,5,Vanilla DT,DT,442.6452157637136,420.42955294452105,477.5980827412801,0.3885995126719526,0.1178125,0.7308635333928816,151.006953125,none,473.753662109375,,,,,,,,,,,,,,
gate2C_support_mask,N1600_noise0p05,1600,0.05,5,Vanilla DT support top3,DT,445.66083420712073,420.42955294452105,477.5980827412801,0.4413491365319327,0.0,0.7882600723658512,146.239765625,top3,473.753662109375,,,,,,,,,,,,,,
gate2A_fixed_value_guided_dt,N1600_noise0p05,1600,0.05,5,Q-DT fixed td denoised,Q-DT,464.0914815348736,420.42955294452105,477.5980827412801,0.7637406234789649,0.35953125,0.4997010840603557,70.63734375,none,30275.837890625,td,True,2000.0,0.1,,,,,,,,,,
gate2A_fixed_value_guided_dt,N1600_noise0p05,1600,0.05,5,Q-DT fixed td denoised support top3,Q-DT,475.5877408677786,420.42955294452105,477.5980827412801,0.964834815926726,0.0,0.7676208936220493,110.365,top3,30275.837890625,td,True,2000.0,0.1,,,,,,,,,,
gate2A_fixed_value_guided_dt,N1600_noise0p05,1600,0.05,5,Q-DT fixed q_sa,Q-DT,464.24107670924127,420.42955294452105,477.5980827412801,0.7663573634038764,0.296953125,0.5320521515089848,64.2865625,none,27523.732421875,q_sa,False,2000.0,0.1,,,,,,,,,,
gate2A_fixed_value_guided_dt,N1600_noise0p05,1600,0.05,5,Q-DT fixed q_sa support top3,Q-DT,470.2025739670597,420.42955294452105,477.5980827412801,0.8706367156805973,0.0,0.7777786532322591,131.864609375,top3,27523.732421875,q_sa,False,2000.0,0.1,,,,,,,,,,
gate2B_iql,N1600_noise0p05,1600,0.05,5,IQL expectile0.7 beta3,IQL,458.54235858041807,420.42955294452105,477.5980827412801,0.6666745807770916,0.411328125,0.5050387990733745,55.04703125,none,,,,,,2000.0,0.7,3.0,20.0,188.3685752868652,325.97044830322267,0.6580200508236885,5.287812948226929,,
gate2B_iql,N1600_noise0p05,1600,0.05,5,IQL expectile0.7 beta3 support top3,IQL,474.1743198023042,420.42955294452105,477.5980827412801,0.9401110549606968,0.0,0.7025550268989779,99.848203125,top3,,,,,,2000.0,0.7,3.0,20.0,188.3685752868652,325.97044830322267,0.6580200508236885,5.287812948226929,,
gate2C_support_mask,N1600_noise0p05,1600,0.05,6,Structured DT,DT,456.8516442661811,420.4015625942231,477.26680319791535,0.6409905468612631,0.093359375,0.7449801956047085,179.116796875,none,567.6694946289062,,,,,,,,,,,,,,
gate2C_support_mask,N1600_noise0p05,1600,0.05,6,Structured DT support count>=1,DT,454.7191864601341,420.4015625942231,477.26680319791535,0.6034903484376142,0.0,0.8116992943672973,217.850703125,count>=1,567.6694946289062,,,,,,,,,,,,,,
gate2C_support_mask,N1600_noise0p05,1600,0.05,6,Structured DT support top3,DT,454.7191864601341,420.4015625942231,477.26680319791535,0.6034903484376142,0.0,0.8116992943672973,217.850703125,top3,567.6694946289062,,,,,,,,,,,,,,
gate2C_support_mask,N1600_noise0p05,1600,0.05,6,Vanilla DT,DT,448.71958584981473,420.4015625942231,477.26680319791535,0.497984761076575,0.19875,0.5922123354174713,84.2478125,none,473.726806640625,,,,,,,,,,,,,,
gate2C_support_mask,N1600_noise0p05,1600,0.05,6,Vanilla DT support top3,DT,447.7251473040436,420.4015625942231,477.26680319791535,0.4804971265354393,0.0,0.73733971662717,131.146171875,top3,473.726806640625,,,,,,,,,,,,,,
gate2A_fixed_value_guided_dt,N1600_noise0p05,1600,0.05,6,Q-DT fixed td denoised,Q-DT,464.2220332250175,420.4015625942231,477.26680319791535,0.7706020438072176,0.28515625,0.5782147819858559,64.59109375,none,28951.841796875,td,True,2000.0,0.1,,,,,,,,,,
gate2A_fixed_value_guided_dt,N1600_noise0p05,1600,0.05,6,Q-DT fixed td denoised support top3,Q-DT,473.34382689992543,420.4015625942231,477.26680319791535,0.9310127547805503,0.0,0.7484131992742227,114.29109375,top3,28951.841796875,td,True,2000.0,0.1,,,,,,,,,,
gate2A_fixed_value_guided_dt,N1600_noise0p05,1600,0.05,6,Q-DT fixed q_sa,Q-DT,455.41808092715206,420.4015625942231,477.26680319791535,0.6157807117526791,0.333359375,0.4849493213770883,49.617265625,none,26054.65625,q_sa,False,2000.0,0.1,,,,,,,,,,
gate2A_fixed_value_guided_dt,N1600_noise0p05,1600,0.05,6,Q-DT fixed q_sa support top3,Q-DT,472.7033883662002,420.4015625942231,477.26680319791535,0.9197503644885864,0.0,0.757427330512003,118.1446875,top3,26054.65625,q_sa,False,2000.0,0.1,,,,,,,,,,
gate2B_iql,N1600_noise0p05,1600,0.05,6,IQL expectile0.7 beta3,IQL,458.1006282789195,420.4015625942231,477.26680319791535,0.6629544742003359,0.45046875,0.401929116172101,45.135703125,none,,,,,,2000.0,0.7,3.0,20.0,239.8442825317383,167.16588973999023,1.444441443681717,5.7472353219985965,,
gate2B_iql,N1600_noise0p05,1600,0.05,6,IQL expectile0.7 beta3 support top3,IQL,475.5055606160253,420.4015625942231,477.26680319791535,0.9690277828214152,0.0,0.7420135542658304,101.509453125,top3,,,,,,2000.0,0.7,3.0,20.0,239.8442825317383,167.16588973999023,1.444441443681717,5.7472353219985965,,
gate2C_support_mask,N1600_noise0p05,1600,0.05,7,Structured DT,DT,458.5985024699362,422.5603637349696,478.8785864087379,0.6399019184913363,0.188046875,0.6672803803329398,145.476171875,none,562.9495239257812,,,,,,,,,,,,,,
gate2C_support_mask,N1600_noise0p05,1600,0.05,7,Structured DT support count>=1,DT,459.6322672142602,422.5603637349696,478.8785864087379,0.658257695631397,0.0,0.7919507476449258,158.00875,count>=1,562.9495239257812,,,,,,,,,,,,,,
gate2C_support_mask,N1600_noise0p05,1600,0.05,7,Structured DT support top3,DT,459.6322672142602,422.5603637349696,478.8785864087379,0.658257695631397,0.0,0.7919507476449258,158.00875,top3,562.9495239257812,,,,,,,,,,,,,,
gate2C_support_mask,N1600_noise0p05,1600,0.05,7,Vanilla DT,DT,447.5543180499541,422.5603637349696,478.8785864087379,0.4437987054343972,0.1590625,0.6356874314440879,98.476953125,none,474.2578125,,,,,,,,,,,,,,
gate2C_support_mask,N1600_noise0p05,1600,0.05,7,Vanilla DT support top3,DT,450.2429175303763,422.5603637349696,478.8785864087379,0.4915381288887974,0.0,0.7355291084195759,131.041796875,top3,474.2578125,,,,,,,,,,,,,,
gate2A_fixed_value_guided_dt,N1600_noise0p05,1600,0.05,7,Q-DT fixed td denoised,Q-DT,466.5233545601597,422.5603637349696,478.8785864087379,0.7806175113133861,0.296328125,0.5529618939757766,72.879453125,none,29056.826171875,td,True,2000.0,0.1,,,,,,,,,,
gate2A_fixed_value_guided_dt,N1600_noise0p05,1600,0.05,7,Q-DT fixed td denoised support top3,Q-DT,474.4948566133655,422.5603637349696,478.8785864087379,0.9221614321750572,0.0,0.7737556013123913,124.68515625,top3,29056.826171875,td,True,2000.0,0.1,,,,,,,,,,
gate2A_fixed_value_guided_dt,N1600_noise0p05,1600,0.05,7,Q-DT fixed q_sa,Q-DT,466.375327433842,422.5603637349696,478.8785864087379,0.7779891058117573,0.26125,0.5726774018041246,66.581640625,none,26310.912109375,q_sa,False,2000.0,0.1,,,,,,,,,,
gate2A_fixed_value_guided_dt,N1600_noise0p05,1600,0.05,7,Q-DT fixed q_sa support top3,Q-DT,469.8788715756547,422.5603637349696,478.8785864087379,0.8401988840234653,0.0,0.7723133372971382,135.2353125,top3,26310.912109375,q_sa,False,2000.0,0.1,,,,,,,,,,
gate2B_iql,N1600_noise0p05,1600,0.05,7,IQL expectile0.7 beta3,IQL,455.8889206300165,422.5603637349696,478.8785864087379,0.5917899271805427,0.737578125,0.2544023328146786,16.331171875,none,,,,,,2000.0,0.7,3.0,20.0,208.4082244873047,157.1989990234375,0.7259371846914291,5.831348848342896,,
gate2B_iql,N1600_noise0p05,1600,0.05,7,IQL expectile0.7 beta3 support top3,IQL,477.0546634311439,422.5603637349696,478.8785864087379,0.967613981922701,0.0,0.7507813236725692,108.756171875,top3,,,,,,2000.0,0.7,3.0,20.0,208.4082244873047,157.1989990234375,0.7259371846914291,5.831348848342896,,
gate2C_support_mask,N1600_noise0p05,1600,0.05,8,Structured DT,DT,463.6479473328301,421.64695137411786,478.1010548050897,0.7439848196343813,0.195078125,0.620156294007118,117.111328125,none,575.354248046875,,,,,,,,,,,,,,
gate2C_support_mask,N1600_noise0p05,1600,0.05,8,Structured DT support count>=1,DT,462.5801908064411,421.64695137411786,478.1010548050897,0.7250711098861679,0.0,0.7845710813697423,168.22671875,count>=1,575.354248046875,,,,,,,,,,,,,,
gate2C_support_mask,N1600_noise0p05,1600,0.05,8,Structured DT support top3,DT,462.5801908064411,421.64695137411786,478.1010548050897,0.7250711098861679,0.0,0.7845710813697423,168.22671875,top3,575.354248046875,,,,,,,,,,,,,,
gate2C_support_mask,N1600_noise0p05,1600,0.05,8,Vanilla DT,DT,444.7416910584776,421.64695137411786,478.1010548050897,0.4090887691201827,0.1934375,0.6598219690668558,146.713984375,none,477.54290771484375,,,,,,,,,,,,,,
gate2C_support_mask,N1600_noise0p05,1600,0.05,8,Vanilla DT support top3,DT,451.05003500365126,421.64695137411786,478.1010548050897,0.5208316462856496,0.0,0.7753997110084907,179.435,top3,477.54290771484375,,,,,,,,,,,,,,
gate2A_fixed_value_guided_dt,N1600_noise0p05,1600,0.05,8,Q-DT fixed td denoised,Q-DT,468.6478054176329,421.64695137411786,478.1010548050897,0.832549826975544,0.2278125,0.6482377909661906,77.33921875,none,32338.8828125,td,True,2000.0,0.1,,,,,,,,,,
gate2A_fixed_value_guided_dt,N1600_noise0p05,1600,0.05,8,Q-DT fixed td denoised support top3,Q-DT,473.9993806445541,421.64695137411786,478.1010548050897,0.9273449774018492,0.0,0.7459923509707784,115.196796875,top3,32338.8828125,td,True,2000.0,0.1,,,,,,,,,,
gate2A_fixed_value_guided_dt,N1600_noise0p05,1600,0.05,8,Q-DT fixed q_sa,Q-DT,462.6620031879592,421.64695137411786,478.1010548050897,0.7265202938523632,0.350625,0.4920061356237352,55.3390625,none,29415.91015625,q_sa,False,2000.0,0.1,,,,,,,,,,
gate2A_fixed_value_guided_dt,N1600_noise0p05,1600,0.05,8,Q-DT fixed q_sa support top3,Q-DT,472.88275729567954,421.64695137411786,478.1010548050897,0.9075656649867672,0.0,0.7725034205228942,127.4025,top3,29415.91015625,q_sa,False,2000.0,0.1,,,,,,,,,,
gate2B_iql,N1600_noise0p05,1600,0.05,8,IQL expectile0.7 beta3,IQL,453.08969176424944,421.64695137411786,478.1010548050897,0.5569611149449496,0.55453125,0.3999628771274177,42.18046875,none,,,,,,2000.0,0.7,3.0,20.0,133.0134750366211,200.23664016723632,0.9217358946800231,5.5533977270126345,,
gate2B_iql,N1600_noise0p05,1600,0.05,8,IQL expectile0.7 beta3 support top3,IQL,476.19330276055217,421.64695137411786,478.1010548050897,0.9662070260867718,0.0,0.7507260665318504,106.22078125,top3,,,,,,2000.0,0.7,3.0,20.0,133.0134750366211,200.23664016723632,0.9217358946800231,5.5533977270126345,,
gate2C_support_mask,N1600_noise0p05,1600,0.05,9,Structured DT,DT,464.1813267824251,421.14554862217454,477.7638570902434,0.7601035658725402,0.198671875,0.6147908476231811,83.07953125,none,562.0091552734375,,,,,,,,,,,,,,
gate2C_support_mask,N1600_noise0p05,1600,0.05,9,Structured DT support count>=1,DT,462.1599768793118,421.14554862217454,477.7638570902434,0.7244022184143534,0.0,0.7945585002676515,165.132109375,count>=1,562.0091552734375,,,,,,,,,,,,,,
gate2C_support_mask,N1600_noise0p05,1600,0.05,9,Structured DT support top3,DT,462.1599768793118,421.14554862217454,477.7638570902434,0.7244022184143534,0.0,0.7945585002676515,165.132109375,top3,562.0091552734375,,,,,,,,,,,,,,
gate2C_support_mask,N1600_noise0p05,1600,0.05,9,Vanilla DT,DT,447.8311837743438,421.14554862217454,477.7638570902434,0.4713251927549056,0.167578125,0.6224713590659384,90.356953125,none,476.0245971679688,,,,,,,,,,,,,,
gate2C_support_mask,N1600_noise0p05,1600,0.05,9,Vanilla DT support top3,DT,451.425494666867,421.14554862217454,477.7638570902434,0.5348083837893091,0.0,0.7591932451410685,130.535859375,top3,476.0245971679688,,,,,,,,,,,,,,
gate2A_fixed_value_guided_dt,N1600_noise0p05,1600,0.05,9,Q-DT fixed td denoised,Q-DT,463.01857361859976,421.14554862217454,477.7638570902434,0.7395668667855105,0.379453125,0.5075841612045348,50.90421875,none,28136.36328125,td,True,2000.0,0.1,,,,,,,,,,
gate2A_fixed_value_guided_dt,N1600_noise0p05,1600,0.05,9,Q-DT fixed td denoised support top3,Q-DT,475.7464197757399,421.14554862217454,477.7638570902434,0.9643677571956903,0.0,0.7662984346380591,110.916953125,top3,28136.36328125,td,True,2000.0,0.1,,,,,,,,,,
gate2A_fixed_value_guided_dt,N1600_noise0p05,1600,0.05,9,Q-DT fixed q_sa,Q-DT,461.2239601724335,421.14554862217454,477.7638570902434,0.7078701684078409,0.48015625,0.3885122370147364,56.533828125,none,25769.1328125,q_sa,False,2000.0,0.1,,,,,,,,,,
gate2A_fixed_value_guided_dt,N1600_noise0p05,1600,0.05,9,Q-DT fixed q_sa support top3,Q-DT,473.9716911472146,421.14554862217454,477.7638570902434,0.9330222670787236,0.0,0.7559325456008702,116.70390625,top3,25769.1328125,q_sa,False,2000.0,0.1,,,,,,,,,,
gate2B_iql,N1600_noise0p05,1600,0.05,9,IQL expectile0.7 beta3,IQL,465.3352075703773,421.14554862217454,477.7638570902434,0.7804835598916635,0.3671875,0.4578050048822457,46.795,none,,,,,,2000.0,0.7,3.0,20.0,240.39152603149407,323.78980560302733,4.145722749829292,5.11223669052124,,
gate2B_iql,N1600_noise0p05,1600,0.05,9,IQL expectile0.7 beta3 support top3,IQL,475.4706412421125,421.14554862217454,477.7638570902434,0.9594969205160164,0.0,0.7516285666806514,106.469921875,top3,,,,,,2000.0,0.7,3.0,20.0,240.39152603149407,323.78980560302733,4.145722749829292,5.11223669052124,,
gate2C_support_mask,N1600_noise0p2,1600,0.2,0,Structured DT,DT,456.604789204882,420.6941057714956,478.158742618527,0.6249179565683012,0.218984375,0.5519821060632801,101.482734375,none,566.9313354492188,,,,,,,,,,,,,,
gate2C_support_mask,N1600_noise0p2,1600,0.2,0,Structured DT support count>=1,DT,460.9137227315212,420.6941057714956,478.158742618527,0.6999020470117749,0.0,0.7372118088766989,146.52765625,count>=1,566.9313354492188,,,,,,,,,,,,,,
gate2C_support_mask,N1600_noise0p2,1600,0.2,0,Structured DT support top3,DT,460.9137227315212,420.6941057714956,478.158742618527,0.6999020470117749,0.0,0.7372118088766989,146.52765625,top3,566.9313354492188,,,,,,,,,,,,,,
gate2C_support_mask,N1600_noise0p2,1600,0.2,0,Vanilla DT,DT,452.40036209300473,420.6941057714956,478.158742618527,0.5517524874630277,0.005546875,0.8471452587500005,221.731015625,none,492.1125793457031,,,,,,,,,,,,,,
gate2C_support_mask,N1600_noise0p2,1600,0.2,0,Vanilla DT support top3,DT,452.08982447415946,420.6941057714956,478.158742618527,0.5463485097145576,0.0,0.8390069649055623,221.797578125,top3,492.1125793457031,,,,,,,,,,,,,,
gate2A_fixed_value_guided_dt,N1600_noise0p2,1600,0.2,0,Q-DT fixed td denoised,Q-DT,464.5653175108405,420.6941057714956,478.158742618527,0.763447124117888,0.301640625,0.575185787991504,72.58921875,none,27211.888671875,td,True,2000.0,0.1,,,,,,,,,,
gate2A_fixed_value_guided_dt,N1600_noise0p2,1600,0.2,0,Q-DT fixed td denoised support top3,Q-DT,475.596622414171,420.6941057714956,478.158742618527,0.9554139668336152,0.0,0.7533326848739408,106.884765625,top3,27211.888671875,td,True,2000.0,0.1,,,,,,,,,,
gate2A_fixed_value_guided_dt,N1600_noise0p2,1600,0.2,0,Q-DT fixed q_sa,Q-DT,466.1370903068317,420.6941057714956,478.158742618527,0.7907991249697359,0.28109375,0.553115996718212,70.168359375,none,24852.79296875,q_sa,False,2000.0,0.1,,,,,,,,,,
gate2A_fixed_value_guided_dt,N1600_noise0p2,1600,0.2,0,Q-DT fixed q_sa support top3,Q-DT,473.4908669678885,420.6941057714956,478.158742618527,0.9187695962812006,0.0,0.7677803278613089,120.858359375,top3,24852.79296875,q_sa,False,2000.0,0.1,,,,,,,,,,
gate2B_iql,N1600_noise0p2,1600,0.2,0,IQL expectile0.7 beta3,IQL,461.8993669707715,420.6941057714956,478.158742618527,0.7170542347454953,0.423828125,0.3478480945345805,42.7896875,none,,,,,,2000.0,0.7,3.0,20.0,234.7941650390625,102.62117462158204,0.411156390607357,5.826190853118897,,
gate2B_iql,N1600_noise0p2,1600,0.2,0,IQL expectile0.7 beta3 support top3,IQL,470.2266493284067,420.6941057714956,478.158742618527,0.8619656587888095,0.0,0.6851143658310451,143.54515625,top3,,,,,,2000.0,0.7,3.0,20.0,234.7941650390625,102.62117462158204,0.411156390607357,5.826190853118897,,
gate2C_support_mask,N1600_noise0p2,1600,0.2,1,Structured DT,DT,459.24266755317177,422.2408621751993,479.0817275720908,0.6509718865046703,0.125859375,0.74053584928146,134.87515625,none,564.6427612304688,,,,,,,,,,,,,,
gate2C_support_mask,N1600_noise0p2,1600,0.2,1,Structured DT support count>=1,DT,459.4071777904122,422.2408621751993,479.0817275720908,0.6538661112159191,0.0,0.82985616834185,206.114296875,count>=1,564.6427612304688,,,,,,,,,,,,,,
gate2C_support_mask,N1600_noise0p2,1600,0.2,1,Structured DT support top3,DT,459.4071777904122,422.2408621751993,479.0817275720908,0.6538661112159191,0.0,0.82985616834185,206.114296875,top3,564.6427612304688,,,,,,,,,,,,,,
gate2C_support_mask,N1600_noise0p2,1600,0.2,1,Vanilla DT,DT,456.49241186726994,422.2408621751993,479.0817275720908,0.6025867032971634,0.025703125,0.8168531137200996,209.56046875,none,491.1366882324219,,,,,,,,,,,,,,
gate2C_support_mask,N1600_noise0p2,1600,0.2,1,Vanilla DT support top3,DT,455.6005516778197,422.2408621751993,479.0817275720908,0.5868962280867178,0.0,0.8298880269714394,219.96171875,top3,491.1366882324219,,,,,,,,,,,,,,
gate2A_fixed_value_guided_dt,N1600_noise0p2,1600,0.2,1,Q-DT fixed td denoised,Q-DT,464.4928810170777,422.2408621751993,479.0817275720908,0.7433387677484068,0.34,0.5558347606315752,122.286015625,none,36668.80078125,td,True,2000.0,0.1,,,,,,,,,,
gate2A_fixed_value_guided_dt,N1600_noise0p2,1600,0.2,1,Q-DT fixed td denoised support top3,Q-DT,469.1174278974167,422.2408621751993,479.0817275720908,0.8246983115915226,0.0,0.8054649712433547,168.20046875,top3,36668.80078125,td,True,2000.0,0.1,,,,,,,,,,
gate2A_fixed_value_guided_dt,N1600_noise0p2,1600,0.2,1,Q-DT fixed q_sa,Q-DT,467.0475300201487,422.2408621751993,479.0817275720908,0.788282647213176,0.25359375,0.5647688113465518,68.076640625,none,32927.64453125,q_sa,False,2000.0,0.1,,,,,,,,,,
gate2A_fixed_value_guided_dt,N1600_noise0p2,1600,0.2,1,Q-DT fixed q_sa support top3,Q-DT,472.14501445945626,422.2408621751993,479.0817275720908,0.877962570340918,0.0,0.7718115438871079,129.746953125,top3,32927.64453125,q_sa,False,2000.0,0.1,,,,,,,,,,
gate2B_iql,N1600_noise0p2,1600,0.2,1,IQL expectile0.7 beta3,IQL,449.8271054946356,422.2408621751993,479.0817275720908,0.4853241259930735,0.55390625,0.3994640018017789,46.322109375,none,,,,,,2000.0,0.7,3.0,20.0,412.3639282226562,301.13518676757815,0.6799830600619317,4.682792925834656,,
gate2B_iql,N1600_noise0p2,1600,0.2,1,IQL expectile0.7 beta3 support top3,IQL,477.04076092761375,422.2408621751993,479.0817275720908,0.9640933221155948,0.0,0.7474858795345226,111.316953125,top3,,,,,,2000.0,0.7,3.0,20.0,412.3639282226562,301.13518676757815,0.6799830600619317,4.682792925834656,,
gate2C_support_mask,N1600_noise0p2,1600,0.2,2,Structured DT,DT,457.7796241862623,420.7019605669336,477.9242309914933,0.6479586242250017,0.100390625,0.7390472259227221,159.844609375,none,566.2874755859375,,,,,,,,,,,,,,
gate2C_support_mask,N1600_noise0p2,1600,0.2,2,Structured DT support count>=1,DT,459.0110270945734,420.7019605669336,477.9242309914933,0.6694782685728184,0.0,0.8092112802706987,180.253125,count>=1,566.2874755859375,,,,,,,,,,,,,,
gate2C_support_mask,N1600_noise0p2,1600,0.2,2,Structured DT support top3,DT,459.0110270945734,420.7019605669336,477.9242309914933,0.6694782685728184,0.0,0.8092112802706987,180.253125,top3,566.2874755859375,,,,,,,,,,,,,,
gate2C_support_mask,N1600_noise0p2,1600,0.2,2,Vanilla DT,DT,454.21091070590455,420.7019605669336,477.9242309914933,0.5855928101131228,0.04046875,0.8198503379602563,211.8053125,none,490.1085815429688,,,,,,,,,,,,,,
gate2C_support_mask,N1600_noise0p2,1600,0.2,2,Vanilla DT support top3,DT,453.8867570979996,420.7019605669336,477.9242309914933,0.5799279945526798,0.0,0.8443716833151924,224.5096875,top3,490.1085815429688,,,,,,,,,,,,,,
gate2A_fixed_value_guided_dt,N1600_noise0p2,1600,0.2,2,Q-DT fixed td denoised,Q-DT,466.8792419484844,420.7019605669336,477.9242309914933,0.8069809365993215,0.243203125,0.6428809547662699,83.24078125,none,35332.34375,td,True,2000.0,0.1,,,,,,,,,,
gate2A_fixed_value_guided_dt,N1600_noise0p2,1600,0.2,2,Q-DT fixed td denoised support top3,Q-DT,477.0211619837453,420.7019605669336,477.9242309914933,0.9842182248091932,0.0,0.771344897092025,107.572421875,top3,35332.34375,td,True,2000.0,0.1,,,,,,,,,,
gate2A_fixed_value_guided_dt,N1600_noise0p2,1600,0.2,2,Q-DT fixed q_sa,Q-DT,465.7835459869517,420.7019605669336,477.9242309914933,0.7878328679644476,0.2603125,0.5841701168366993,77.790078125,none,31916.486328125,q_sa,False,2000.0,0.1,,,,,,,,,,
gate2A_fixed_value_guided_dt,N1600_noise0p2,1600,0.2,2,Q-DT fixed q_sa support top3,Q-DT,469.9111913217789,420.7019605669336,477.9242309914933,0.8599664149943411,0.0,0.7979992485328024,143.961171875,top3,31916.486328125,q_sa,False,2000.0,0.1,,,,,,,,,,
gate2B_iql,N1600_noise0p2,1600,0.2,2,IQL expectile0.7 beta3,IQL,462.9733989062962,420.7019605669336,477.9242309914933,0.7387235428746599,0.49703125,0.4143079264148516,40.196796875,none,,,,,,2000.0,0.7,3.0,20.0,243.9786003112793,76.81476364135742,1.0080250352621078,5.596978068351746,,
gate2B_iql,N1600_noise0p2,1600,0.2,2,IQL expectile0.7 beta3 support top3,IQL,474.2412268703986,420.7019605669336,477.9242309914933,0.9356368754023788,0.0,0.7400260871274095,99.835546875,top3,,,,,,2000.0,0.7,3.0,20.0,243.9786003112793,76.81476364135742,1.0080250352621078,5.596978068351746,,
gate2C_support_mask,N1600_noise0p2,1600,0.2,3,Structured DT,DT,463.7643083020576,420.1985074854882,477.6588309814034,0.7581892715878347,0.10515625,0.724891506611917,126.266640625,none,552.7017211914062,,,,,,,,,,,,,,
gate2C_support_mask,N1600_noise0p2,1600,0.2,3,Structured DT support count>=1,DT,459.4109016363864,420.1985074854882,477.6588309814034,0.6824255723810143,0.0,0.7977514040311482,184.699609375,count>=1,552.7017211914062,,,,,,,,,,,,,,
gate2C_support_mask,N1600_noise0p2,1600,0.2,3,Structured DT support top3,DT,459.4109016363864,420.1985074854882,477.6588309814034,0.6824255723810143,0.0,0.7977514040311482,184.699609375,top3,552.7017211914062,,,,,,,,,,,,,,
gate2C_support_mask,N1600_noise0p2,1600,0.2,3,Vanilla DT,DT,454.05208264945946,420.1985074854882,477.6588309814034,0.5891643677637463,0.0,0.8236525542190742,212.852109375,none,488.0391845703125,,,,,,,,,,,,,,
gate2C_support_mask,N1600_noise0p2,1600,0.2,3,Vanilla DT support top3,DT,454.05208264945946,420.1985074854882,477.6588309814034,0.5891643677637463,0.0,0.8236525542190742,212.852109375,top3,488.0391845703125,,,,,,,,,,,,,,
gate2A_fixed_value_guided_dt,N1600_noise0p2,1600,0.2,3,Q-DT fixed td denoised,Q-DT,464.58832665345386,420.1985074854882,477.6588309814034,0.7725299209483433,0.283828125,0.6216756478409018,66.157734375,none,39388.765625,td,True,2000.0,0.1,,,,,,,,,,
gate2A_fixed_value_guided_dt,N1600_noise0p2,1600,0.2,3,Q-DT fixed td denoised support top3,Q-DT,475.51135172413495,420.1985074854882,477.6588309814034,0.9626267461334224,0.0,0.7563751261024714,109.82625,top3,39388.765625,td,True,2000.0,0.1,,,,,,,,,,
gate2A_fixed_value_guided_dt,N1600_noise0p2,1600,0.2,3,Q-DT fixed q_sa,Q-DT,463.7148631949788,420.1985074854882,477.6588309814034,0.7573287629086198,0.47046875,0.3934611644310306,44.8796875,none,36133.5625,q_sa,False,2000.0,0.1,,,,,,,,,,
gate2A_fixed_value_guided_dt,N1600_noise0p2,1600,0.2,3,Q-DT fixed q_sa support top3,Q-DT,474.83264538080925,420.1985074854882,477.6588309814034,0.9508150071449716,0.0,0.7431728842718993,112.395,top3,36133.5625,q_sa,False,2000.0,0.1,,,,,,,,,,
gate2B_iql,N1600_noise0p2,1600,0.2,3,IQL expectile0.7 beta3,IQL,453.4969479718564,420.1985074854882,477.6588309814034,0.5795031851628073,0.2665625,0.4159765953346784,55.80828125,none,,,,,,2000.0,0.7,3.0,20.0,249.4886596679688,255.6688041687012,1.039645606279373,5.947625350952149,,
gate2B_iql,N1600_noise0p2,1600,0.2,3,IQL expectile0.7 beta3 support top3,IQL,469.7250526532164,420.1985074854882,477.6588309814034,0.8619259717750964,0.0,0.7173837227153563,120.37359375,top3,,,,,,2000.0,0.7,3.0,20.0,249.4886596679688,255.6688041687012,1.039645606279373,5.947625350952149,,
gate2C_support_mask,N1600_noise0p2,1600,0.2,4,Structured DT,DT,465.75161945920337,422.8141069914742,479.6367344894461,0.7556410950771624,0.163125,0.6604033130628838,108.12296875,none,585.184326171875,,,,,,,,,,,,,,
gate2C_support_mask,N1600_noise0p2,1600,0.2,4,Structured DT support count>=1,DT,464.1906801666118,422.8141069914742,479.6367344894461,0.7281707129191518,0.0,0.7861489341848491,158.0678125,count>=1,585.184326171875,,,,,,,,,,,,,,
gate2C_support_mask,N1600_noise0p2,1600,0.2,4,Structured DT support top3,DT,464.1906801666118,422.8141069914742,479.6367344894461,0.7281707129191518,0.0,0.7861489341848491,158.0678125,top3,585.184326171875,,,,,,,,,,,,,,
gate2C_support_mask,N1600_noise0p2,1600,0.2,4,Vanilla DT,DT,456.94633429252593,422.8141069914742,479.6367344894461,0.6006802008983124,0.028515625,0.8234266877429699,214.93921875,none,494.8833923339844,,,,,,,,,,,,,,
gate2C_support_mask,N1600_noise0p2,1600,0.2,4,Vanilla DT support top3,DT,456.2300517462868,422.8141069914742,479.6367344894461,0.5880746143955639,0.0,0.8285304157025654,214.707421875,top3,494.8833923339844,,,,,,,,,,,,,,
gate2A_fixed_value_guided_dt,N1600_noise0p2,1600,0.2,4,Q-DT fixed td denoised,Q-DT,467.3611780147739,422.8141069914742,479.6367344894461,0.7839671093155565,0.25953125,0.6440143371867882,76.150546875,none,30226.94921875,td,True,2000.0,0.1,,,,,,,,,,
gate2A_fixed_value_guided_dt,N1600_noise0p2,1600,0.2,4,Q-DT fixed td denoised support top3,Q-DT,469.8215420730741,422.8141069914742,479.6367344894461,0.8272661288547013,0.0,0.7908882020997933,156.4665625,top3,30226.94921875,td,True,2000.0,0.1,,,,,,,,,,
gate2A_fixed_value_guided_dt,N1600_noise0p2,1600,0.2,4,Q-DT fixed q_sa,Q-DT,466.176389682036,422.8141069914742,479.6367344894461,0.7631164660963529,0.31375,0.5056315945997717,61.42890625,none,27532.703125,q_sa,False,2000.0,0.1,,,,,,,,,,
gate2A_fixed_value_guided_dt,N1600_noise0p2,1600,0.2,4,Q-DT fixed q_sa support top3,Q-DT,473.85038958390834,422.8141069914742,479.6367344894461,0.8981682973786405,0.0,0.7748412920126755,133.493046875,top3,27532.703125,q_sa,False,2000.0,0.1,,,,,,,,,,
gate2B_iql,N1600_noise0p2,1600,0.2,4,IQL expectile0.7 beta3,IQL,453.81878018733465,422.8141069914742,479.6367344894461,0.5456395552452598,0.49390625,0.3274615419542538,31.880390625,none,,,,,,2000.0,0.7,3.0,20.0,511.8055816650391,731.6690307617188,0.3618424646556377,4.6703603029251095,,
gate2B_iql,N1600_noise0p2,1600,0.2,4,IQL expectile0.7 beta3 support top3,IQL,471.01311087955503,422.8141069914742,479.6367344894461,0.848236099075164,0.0,0.6720470016099435,145.085625,top3,,,,,,2000.0,0.7,3.0,20.0,511.8055816650391,731.6690307617188,0.3618424646556377,4.6703603029251095,,
gate2C_support_mask,N1600_noise0p2,1600,0.2,5,Structured DT,DT,466.1703081738659,420.42955294452105,477.5980827412801,0.8001037527457625,0.148984375,0.6476640335024519,95.641640625,none,569.0307006835938,,,,,,,,,,,,,,
gate2C_support_mask,N1600_noise0p2,1600,0.2,5,Structured DT support count>=1,DT,463.9326349033047,420.42955294452105,477.5980827412801,0.7609620557576394,0.0,0.7532410589275509,139.220625,count>=1,569.0307006835938,,,,,,,,,,,,,,
gate2C_support_mask,N1600_noise0p2,1600,0.2,5,Structured DT support top3,DT,463.9326349033047,420.42955294452105,477.5980827412801,0.7609620557576394,0.0,0.7532410589275509,139.220625,top3,569.0307006835938,,,,,,,,,,,,,,
gate2C_support_mask,N1600_noise0p2,1600,0.2,5,Vanilla DT,DT,451.0911688537386,420.42955294452105,477.5980827412801,0.5363373173706456,0.0103125,0.8486663023364965,222.24703125,none,490.1236877441406,,,,,,,,,,,,,,
gate2C_support_mask,N1600_noise0p2,1600,0.2,5,Vanilla DT support top3,DT,450.4911189674684,420.42955294452105,477.5980827412801,0.5258411599846938,0.0,0.8457530713910002,226.97515625,top3,490.1236877441406,,,,,,,,,,,,,,
gate2A_fixed_value_guided_dt,N1600_noise0p2,1600,0.2,5,Q-DT fixed td denoised,Q-DT,464.0914815348736,420.42955294452105,477.5980827412801,0.7637406234789649,0.35953125,0.4997010840603557,70.63734375,none,30444.244140625,td,True,2000.0,0.1,,,,,,,,,,
gate2A_fixed_value_guided_dt,N1600_noise0p2,1600,0.2,5,Q-DT fixed td denoised support top3,Q-DT,475.5877408677786,420.42955294452105,477.5980827412801,0.964834815926726,0.0,0.7676208936220493,110.365,top3,30444.244140625,td,True,2000.0,0.1,,,,,,,,,,
gate2A_fixed_value_guided_dt,N1600_noise0p2,1600,0.2,5,Q-DT fixed q_sa,Q-DT,464.2103062573504,420.42955294452105,477.5980827412801,0.7658191223121382,0.29125,0.54027488788719,66.333984375,none,27746.33203125,q_sa,False,2000.0,0.1,,,,,,,,,,
gate2A_fixed_value_guided_dt,N1600_noise0p2,1600,0.2,5,Q-DT fixed q_sa support top3,Q-DT,470.2025739670597,420.42955294452105,477.5980827412801,0.8706367156805973,0.0,0.7777786532322591,131.864609375,top3,27746.33203125,q_sa,False,2000.0,0.1,,,,,,,,,,
gate2B_iql,N1600_noise0p2,1600,0.2,5,IQL expectile0.7 beta3,IQL,457.55908142899966,420.42955294452105,477.5980827412801,0.6494749579266514,0.4171875,0.5079761272131513,54.01578125,none,,,,,,2000.0,0.7,3.0,20.0,361.6277648925781,353.7163314819336,0.6469947248697281,5.343923306465149,,
gate2B_iql,N1600_noise0p2,1600,0.2,5,IQL expectile0.7 beta3 support top3,IQL,473.7744700629223,420.42955294452105,477.5980827412801,0.9331168268284808,0.0,0.7121448791757727,100.012265625,top3,,,,,,2000.0,0.7,3.0,20.0,361.6277648925781,353.7163314819336,0.6469947248697281,5.343923306465149,,
gate2C_support_mask,N1600_noise0p2,1600,0.2,6,Structured DT,DT,457.64809930710487,420.4015625942231,477.26680319791535,0.6549965553203579,0.158671875,0.7188528983676239,161.313359375,none,559.2594604492188,,,,,,,,,,,,,,
gate2C_support_mask,N1600_noise0p2,1600,0.2,6,Structured DT support count>=1,DT,457.85098751539607,420.4015625942231,477.26680319791535,0.6585644327466609,0.0,0.8114352868542127,199.680390625,count>=1,559.2594604492188,,,,,,,,,,,,,,
gate2C_support_mask,N1600_noise0p2,1600,0.2,6,Structured DT support top3,DT,457.85098751539607,420.4015625942231,477.26680319791535,0.6585644327466609,0.0,0.8114352868542127,199.680390625,top3,559.2594604492188,,,,,,,,,,,,,,
gate2C_support_mask,N1600_noise0p2,1600,0.2,6,Vanilla DT,DT,455.2134776043461,420.4015625942231,477.26680319791535,0.6121826732913301,0.005390625,0.8324380781970333,214.79125,none,487.4206237792969,,,,,,,,,,,,,,
gate2C_support_mask,N1600_noise0p2,1600,0.2,6,Vanilla DT support top3,DT,454.9116875240599,420.4015625942231,477.26680319791535,0.606875563410455,0.0,0.8258591192121051,215.5675,top3,487.4206237792969,,,,,,,,,,,,,,
gate2A_fixed_value_guided_dt,N1600_noise0p2,1600,0.2,6,Q-DT fixed td denoised,Q-DT,464.2220332250175,420.4015625942231,477.26680319791535,0.7706020438072176,0.28515625,0.5782147819858559,64.59109375,none,29409.775390625,td,True,2000.0,0.1,,,,,,,,,,
gate2A_fixed_value_guided_dt,N1600_noise0p2,1600,0.2,6,Q-DT fixed td denoised support top3,Q-DT,473.34382689992543,420.4015625942231,477.26680319791535,0.9310127547805503,0.0,0.7484131992742227,114.29109375,top3,29409.775390625,td,True,2000.0,0.1,,,,,,,,,,
gate2A_fixed_value_guided_dt,N1600_noise0p2,1600,0.2,6,Q-DT fixed q_sa,Q-DT,455.41808092715206,420.4015625942231,477.26680319791535,0.6157807117526791,0.333359375,0.4849493213770883,49.617265625,none,26448.828125,q_sa,False,2000.0,0.1,,,,,,,,,,
gate2A_fixed_value_guided_dt,N1600_noise0p2,1600,0.2,6,Q-DT fixed q_sa support top3,Q-DT,472.7033883662002,420.4015625942231,477.26680319791535,0.9197503644885864,0.0,0.757427330512003,118.1446875,top3,26448.828125,q_sa,False,2000.0,0.1,,,,,,,,,,
gate2B_iql,N1600_noise0p2,1600,0.2,6,IQL expectile0.7 beta3,IQL,454.60243409360936,420.4015625942231,477.26680319791535,0.6014372072693843,0.786015625,0.2211491077567366,13.207421875,none,,,,,,2000.0,0.7,3.0,20.0,461.4912979125976,226.0172813415528,1.9904864728450773,5.376817798614502,,
gate2B_iql,N1600_noise0p2,1600,0.2,6,IQL expectile0.7 beta3 support top3,IQL,475.5616735513529,420.4015625942231,477.26680319791535,0.9700145532057812,0.0,0.7451736323098592,104.771953125,top3,,,,,,2000.0,0.7,3.0,20.0,461.4912979125976,226.0172813415528,1.9904864728450773,5.376817798614502,,
gate2C_support_mask,N1600_noise0p2,1600,0.2,7,Structured DT,DT,466.7194398553657,422.5603637349696,478.8785864087379,0.7840992492997185,0.19359375,0.6068852864633382,103.09578125,none,612.102294921875,,,,,,,,,,,,,,
gate2C_support_mask,N1600_noise0p2,1600,0.2,7,Structured DT support count>=1,DT,464.5931098559432,422.5603637349696,478.8785864087379,0.7463436189109613,0.0,0.7860265061159225,157.25609375,count>=1,612.102294921875,,,,,,,,,,,,,,
gate2C_support_mask,N1600_noise0p2,1600,0.2,7,Structured DT support top3,DT,464.5931098559432,422.5603637349696,478.8785864087379,0.7463436189109613,0.0,0.7860265061159225,157.25609375,top3,612.102294921875,,,,,,,,,,,,,,
gate2C_support_mask,N1600_noise0p2,1600,0.2,7,Vanilla DT,DT,454.35666804607735,422.5603637349696,478.8785864087379,0.5645828792448333,0.032734375,0.8200323311005827,207.96859375,none,485.7826232910156,,,,,,,,,,,,,,
gate2C_support_mask,N1600_noise0p2,1600,0.2,7,Vanilla DT support top3,DT,454.7352671624498,422.5603637349696,478.8785864087379,0.5713053768379402,0.0,0.8490073898858015,215.906875,top3,485.7826232910156,,,,,,,,,,,,,,
gate2A_fixed_value_guided_dt,N1600_noise0p2,1600,0.2,7,Q-DT fixed td denoised,Q-DT,466.5233545601597,422.5603637349696,478.8785864087379,0.7806175113133861,0.296328125,0.5529618939757766,72.879453125,none,29148.318359375,td,True,2000.0,0.1,,,,,,,,,,
gate2A_fixed_value_guided_dt,N1600_noise0p2,1600,0.2,7,Q-DT fixed td denoised support top3,Q-DT,474.4948566133655,422.5603637349696,478.8785864087379,0.9221614321750572,0.0,0.7737556013123913,124.68515625,top3,29148.318359375,td,True,2000.0,0.1,,,,,,,,,,
gate2A_fixed_value_guided_dt,N1600_noise0p2,1600,0.2,7,Q-DT fixed q_sa,Q-DT,466.375327433842,422.5603637349696,478.8785864087379,0.7779891058117573,0.26125,0.5726774018041246,66.581640625,none,26436.310546875,q_sa,False,2000.0,0.1,,,,,,,,,,
gate2A_fixed_value_guided_dt,N1600_noise0p2,1600,0.2,7,Q-DT fixed q_sa support top3,Q-DT,472.4340350134144,422.5603637349696,478.8785864087379,0.8855689847910421,0.0,0.7769210604830699,128.35296875,top3,26436.310546875,q_sa,False,2000.0,0.1,,,,,,,,,,
gate2B_iql,N1600_noise0p2,1600,0.2,7,IQL expectile0.7 beta3,IQL,455.8889206300165,422.5603637349696,478.8785864087379,0.5917899271805427,0.737578125,0.2544023328146786,16.331171875,none,,,,,,2000.0,0.7,3.0,20.0,383.7575469970704,179.8808364868164,0.7141652181744576,5.5638113737106325,,
gate2B_iql,N1600_noise0p2,1600,0.2,7,IQL expectile0.7 beta3 support top3,IQL,477.0546634311439,422.5603637349696,478.8785864087379,0.967613981922701,0.0,0.7507813236725692,108.756171875,top3,,,,,,2000.0,0.7,3.0,20.0,383.7575469970704,179.8808364868164,0.7141652181744576,5.5638113737106325,,
gate2C_support_mask,N1600_noise0p2,1600,0.2,8,Structured DT,DT,463.2177983565493,421.64695137411786,478.1010548050897,0.7363653739229326,0.233828125,0.6069441355917181,109.660625,none,571.057373046875,,,,,,,,,,,,,,
gate2C_support_mask,N1600_noise0p2,1600,0.2,8,Structured DT support count>=1,DT,460.9517153837304,421.64695137411786,478.1010548050897,0.6962251035953779,0.0,0.7854757030470896,167.39859375,count>=1,571.057373046875,,,,,,,,,,,,,,
gate2C_support_mask,N1600_noise0p2,1600,0.2,8,Structured DT support top3,DT,460.9517153837304,421.64695137411786,478.1010548050897,0.6962251035953779,0.0,0.7854757030470896,167.39859375,top3,571.057373046875,,,,,,,,,,,,,,
gate2C_support_mask,N1600_noise0p2,1600,0.2,8,Vanilla DT,DT,457.5009330104789,421.64695137411786,478.1010548050897,0.6350996554254165,0.0065625,0.8231495332621489,202.37796875,none,488.6332702636719,,,,,,,,,,,,,,
gate2C_support_mask,N1600_noise0p2,1600,0.2,8,Vanilla DT support top3,DT,457.1037264429454,421.64695137411786,478.1010548050897,0.6280637352107031,0.0,0.8280518911751469,208.25140625,top3,488.6332702636719,,,,,,,,,,,,,,
gate2A_fixed_value_guided_dt,N1600_noise0p2,1600,0.2,8,Q-DT fixed td denoised,Q-DT,465.9986424129858,421.64695137411786,478.1010548050897,0.7856238668832662,0.4359375,0.4394182060870967,57.89015625,none,33276.23828125,td,True,2000.0,0.1,,,,,,,,,,
gate2A_fixed_value_guided_dt,N1600_noise0p2,1600,0.2,8,Q-DT fixed td denoised support top3,Q-DT,473.7280213351585,421.64695137411786,478.1010548050897,0.9225382531266614,0.0,0.7362771142843877,109.126484375,top3,33276.23828125,td,True,2000.0,0.1,,,,,,,,,,
gate2A_fixed_value_guided_dt,N1600_noise0p2,1600,0.2,8,Q-DT fixed q_sa,Q-DT,461.69614536424007,421.64695137411786,478.1010548050897,0.7094115672050587,0.369140625,0.4797619822834551,54.68484375,none,30118.365234375,q_sa,False,2000.0,0.1,,,,,,,,,,
gate2A_fixed_value_guided_dt,N1600_noise0p2,1600,0.2,8,Q-DT fixed q_sa support top3,Q-DT,472.88275729567954,421.64695137411786,478.1010548050897,0.9075656649867672,0.0,0.7725034205228942,127.4025,top3,30118.365234375,q_sa,False,2000.0,0.1,,,,,,,,,,
gate2B_iql,N1600_noise0p2,1600,0.2,8,IQL expectile0.7 beta3,IQL,450.9588713055868,421.64695137411786,478.1010548050897,0.5192168177342418,0.501953125,0.3719971624764375,32.326953125,none,,,,,,2000.0,0.7,3.0,20.0,287.0705924987793,252.18220977783204,0.4509773068130016,5.39724338054657,,
gate2B_iql,N1600_noise0p2,1600,0.2,8,IQL expectile0.7 beta3 support top3,IQL,474.83511470171,421.64695137411786,478.1010548050897,0.94214875615954,0.0,0.6936696436652121,98.319375,top3,,,,,,2000.0,0.7,3.0,20.0,287.0705924987793,252.18220977783204,0.4509773068130016,5.39724338054657,,
gate2C_support_mask,N1600_noise0p2,1600,0.2,9,Structured DT,DT,464.2250982299439,421.14554862217454,477.7638570902434,0.7608766629272399,0.283671875,0.5458592220604706,75.767109375,none,569.3482666015625,,,,,,,,,,,,,,
gate2C_support_mask,N1600_noise0p2,1600,0.2,9,Structured DT support count>=1,DT,464.677200946925,421.14554862217454,477.7638570902434,0.7688617604904442,0.0,0.798574134402348,160.60625,count>=1,569.3482666015625,,,,,,,,,,,,,,
gate2C_support_mask,N1600_noise0p2,1600,0.2,9,Structured DT support top3,DT,464.677200946925,421.14554862217454,477.7638570902434,0.7688617604904442,0.0,0.798574134402348,160.60625,top3,569.3482666015625,,,,,,,,,,,,,,
gate2C_support_mask,N1600_noise0p2,1600,0.2,9,Vanilla DT,DT,453.9962932299173,421.14554862217454,477.7638570902434,0.5802141656398955,0.0,0.831907587360165,217.138125,none,488.0377807617188,,,,,,,,,,,,,,
gate2C_support_mask,N1600_noise0p2,1600,0.2,9,Vanilla DT support top3,DT,453.9962932299173,421.14554862217454,477.7638570902434,0.5802141656398955,0.0,0.831907587360165,217.138125,top3,488.0377807617188,,,,,,,,,,,,,,
gate2A_fixed_value_guided_dt,N1600_noise0p2,1600,0.2,9,Q-DT fixed td denoised,Q-DT,463.01857361859976,421.14554862217454,477.7638570902434,0.7395668667855105,0.379453125,0.5075841612045348,50.90421875,none,27788.845703125,td,True,2000.0,0.1,,,,,,,,,,
gate2A_fixed_value_guided_dt,N1600_noise0p2,1600,0.2,9,Q-DT fixed td denoised support top3,Q-DT,475.7464197757399,421.14554862217454,477.7638570902434,0.9643677571956903,0.0,0.7662984346380591,110.916953125,top3,27788.845703125,td,True,2000.0,0.1,,,,,,,,,,
gate2A_fixed_value_guided_dt,N1600_noise0p2,1600,0.2,9,Q-DT fixed q_sa,Q-DT,461.2239601724335,421.14554862217454,477.7638570902434,0.7078701684078409,0.48015625,0.3885122370147364,56.533828125,none,25440.953125,q_sa,False,2000.0,0.1,,,,,,,,,,
gate2A_fixed_value_guided_dt,N1600_noise0p2,1600,0.2,9,Q-DT fixed q_sa support top3,Q-DT,473.9716911472146,421.14554862217454,477.7638570902434,0.9330222670787236,0.0,0.7559325456008702,116.70390625,top3,25440.953125,q_sa,False,2000.0,0.1,,,,,,,,,,
gate2B_iql,N1600_noise0p2,1600,0.2,9,IQL expectile0.7 beta3,IQL,462.6286947838008,421.14554862217454,477.7638570902434,0.7326807756014393,0.6084375,0.3392644160112771,31.04921875,none,,,,,,2000.0,0.7,3.0,20.0,390.1536209106445,353.1698883056641,4.042518791556359,5.295384335517883,,
gate2B_iql,N1600_noise0p2,1600,0.2,9,IQL expectile0.7 beta3 support top3,IQL,475.5543107299486,421.14554862217454,477.7638570902434,0.96097470199872,0.0,0.7445985991545999,102.74859375,top3,,,,,,2000.0,0.7,3.0,20.0,390.1536209106445,353.1698883056641,4.042518791556359,5.295384335517883,,
gate2C_support_mask,N1600_noise0p5,1600,0.5,0,Structured DT,DT,459.870423747192,420.6941057714956,478.158742618527,0.6817465510133162,0.2790625,0.5718238805052424,96.413046875,none,591.5737915039062,,,,,,,,,,,,,,
gate2C_support_mask,N1600_noise0p5,1600,0.5,0,Structured DT support count>=1,DT,466.60897086083975,420.6941057714956,478.158742618527,0.7990107935697515,0.0,0.7554699118855,136.67640625,count>=1,591.5737915039062,,,,,,,,,,,,,,
gate2C_support_mask,N1600_noise0p5,1600,0.5,0,Structured DT support top3,DT,466.60897086083975,420.6941057714956,478.158742618527,0.7990107935697515,0.0,0.7554699118855,136.67640625,top3,591.5737915039062,,,,,,,,,,,,,,
gate2C_support_mask,N1600_noise0p5,1600,0.5,0,Vanilla DT,DT,456.0974640350003,420.6941057714956,478.158742618527,0.6160894805225527,0.005546875,0.8341875497828096,208.3525,none,590.300537109375,,,,,,,,,,,,,,
gate2C_support_mask,N1600_noise0p5,1600,0.5,0,Vanilla DT support top3,DT,454.4188140622022,420.6941057714956,478.158742618527,0.5868776023153242,0.0,0.8418575737090633,209.800234375,top3,590.300537109375,,,,,,,,,,,,,,
gate2A_fixed_value_guided_dt,N1600_noise0p5,1600,0.5,0,Q-DT fixed td denoised,Q-DT,462.7664722483329,420.6941057714956,478.158742618527,0.7321436066642563,0.3453125,0.5309237240450905,67.195546875,none,28789.556640625,td,True,2000.0,0.1,,,,,,,,,,
gate2A_fixed_value_guided_dt,N1600_noise0p5,1600,0.5,0,Q-DT fixed td denoised support top3,Q-DT,467.45470745947233,420.6941057714956,478.158742618527,0.8137283075929219,0.0,0.7919416723394184,161.91390625,top3,28789.556640625,td,True,2000.0,0.1,,,,,,,,,,
gate2A_fixed_value_guided_dt,N1600_noise0p5,1600,0.5,0,Q-DT fixed q_sa,Q-DT,464.9654689260951,420.6941057714956,478.158742618527,0.7704105617590197,0.282421875,0.5483861059595904,67.1509375,none,25998.4765625,q_sa,False,2000.0,0.1,,,,,,,,,,
gate2A_fixed_value_guided_dt,N1600_noise0p5,1600,0.5,0,Q-DT fixed q_sa support top3,Q-DT,472.802725048944,420.6941057714956,478.158742618527,0.906794545942393,0.0,0.7775993215293482,127.468828125,top3,25998.4765625,q_sa,False,2000.0,0.1,,,,,,,,,,
gate2B_iql,N1600_noise0p5,1600,0.5,0,IQL expectile0.7 beta3,IQL,456.4668721120156,420.6941057714956,478.158742618527,0.6225179223832153,0.3915625,0.3361795691611968,47.953828125,none,,,,,,2000.0,0.7,3.0,20.0,1508.5920715332031,308.1164215087891,0.4753106862306595,6.158092427253723,,
gate2B_iql,N1600_noise0p5,1600,0.5,0,IQL expectile0.7 beta3 support top3,IQL,469.5199976070874,420.6941057714956,478.158742618527,0.8496685007435862,0.0,0.6756641707449974,147.061484375,top3,,,,,,2000.0,0.7,3.0,20.0,1508.5920715332031,308.1164215087891,0.4753106862306595,6.158092427253723,,
gate2C_support_mask,N1600_noise0p5,1600,0.5,1,Structured DT,DT,463.1656187192548,422.2408621751993,479.0817275720908,0.719988273547531,0.322890625,0.5457810414527946,122.87546875,none,586.4248046875,,,,,,,,,,,,,,
gate2C_support_mask,N1600_noise0p5,1600,0.5,1,Structured DT support count>=1,DT,465.1947432215231,422.2408621751993,479.0817275720908,0.7556866129042586,0.0,0.78373849604078,151.833515625,count>=1,586.4248046875,,,,,,,,,,,,,,
gate2C_support_mask,N1600_noise0p5,1600,0.5,1,Structured DT support top3,DT,465.1947432215231,422.2408621751993,479.0817275720908,0.7556866129042586,0.0,0.78373849604078,151.833515625,top3,586.4248046875,,,,,,,,,,,,,,
gate2C_support_mask,N1600_noise0p5,1600,0.5,1,Vanilla DT,DT,455.9959761345503,422.2408621751993,479.0817275720908,0.5938529211977305,0.006484375,0.8309012003177255,200.600390625,none,581.7576293945312,,,,,,,,,,,,,,
gate2C_support_mask,N1600_noise0p5,1600,0.5,1,Vanilla DT support top3,DT,455.6034982166303,422.2408621751993,479.0817275720908,0.5869480664742927,0.0,0.835038875763054,206.241796875,top3,581.7576293945312,,,,,,,,,,,,,,
gate2A_fixed_value_guided_dt,N1600_noise0p5,1600,0.5,1,Q-DT fixed td denoised,Q-DT,463.5918891191865,422.2408621751993,479.0817275720908,0.7274876386074269,0.328046875,0.5687808438255668,100.52796875,none,37492.9375,td,True,2000.0,0.1,,,,,,,,,,
gate2A_fixed_value_guided_dt,N1600_noise0p5,1600,0.5,1,Q-DT fixed td denoised support top3,Q-DT,469.1174278974167,422.2408621751993,479.0817275720908,0.8246983115915226,0.0,0.8054649712433547,168.20046875,top3,37492.9375,td,True,2000.0,0.1,,,,,,,,,,
gate2A_fixed_value_guided_dt,N1600_noise0p5,1600,0.5,1,Q-DT fixed q_sa,Q-DT,467.0475300201487,422.2408621751993,479.0817275720908,0.788282647213176,0.25359375,0.5647688113465518,68.076640625,none,33695.0703125,q_sa,False,2000.0,0.1,,,,,,,,,,
gate2A_fixed_value_guided_dt,N1600_noise0p5,1600,0.5,1,Q-DT fixed q_sa support top3,Q-DT,471.8856601024421,422.2408621751993,479.0817275720908,0.8733997552746223,0.0,0.7832318175875906,136.7815625,top3,33695.0703125,q_sa,False,2000.0,0.1,,,,,,,,,,
gate2B_iql,N1600_noise0p5,1600,0.5,1,IQL expectile0.7 beta3,IQL,446.057039807358,422.2408621751993,479.0817275720908,0.4189974495613712,0.54796875,0.3286560495908543,34.964921875,none,,,,,,2000.0,0.7,3.0,20.0,1962.1204345703125,579.4787124633789,0.5170191526412964,4.730195093154907,,
gate2B_iql,N1600_noise0p5,1600,0.5,1,IQL expectile0.7 beta3 support top3,IQL,470.7564054976929,422.2408621751993,479.0817275720908,0.853532805732878,0.0,0.763128576447225,160.034609375,top3,,,,,,2000.0,0.7,3.0,20.0,1962.1204345703125,579.4787124633789,0.5170191526412964,4.730195093154907,,
gate2C_support_mask,N1600_noise0p5,1600,0.5,2,Structured DT,DT,459.21856629120623,420.7019605669336,477.9242309914933,0.6731051640995596,0.221875,0.6069345016701513,120.77,none,593.5755615234375,,,,,,,,,,,,,,
gate2C_support_mask,N1600_noise0p5,1600,0.5,2,Structured DT support count>=1,DT,462.9697789693975,420.7019605669336,477.9242309914933,0.738660281894767,0.0,0.7874127428895739,154.3078125,count>=1,593.5755615234375,,,,,,,,,,,,,,
gate2C_support_mask,N1600_noise0p5,1600,0.5,2,Structured DT support top3,DT,462.9697789693975,420.7019605669336,477.9242309914933,0.738660281894767,0.0,0.7874127428895739,154.3078125,top3,593.5755615234375,,,,,,,,,,,,,,
gate2C_support_mask,N1600_noise0p5,1600,0.5,2,Vanilla DT,DT,452.7557966771649,420.7019605669336,477.9242309914933,0.5601636543326289,0.004765625,0.8337152568568112,208.11046875,none,581.6117553710938,,,,,,,,,,,,,,
gate2C_support_mask,N1600_noise0p5,1600,0.5,2,Vanilla DT support top3,DT,452.46734905074175,420.7019605669336,477.9242309914933,0.5551228262724524,0.0,0.8366875816304948,211.527421875,top3,581.6117553710938,,,,,,,,,,,,,,
gate2A_fixed_value_guided_dt,N1600_noise0p5,1600,0.5,2,Q-DT fixed td denoised,Q-DT,466.94344288700194,420.7019605669336,477.9242309914933,0.8081028938030669,0.221796875,0.6579353841506436,85.9609375,none,36532.3828125,td,True,2000.0,0.1,,,,,,,,,,
gate2A_fixed_value_guided_dt,N1600_noise0p5,1600,0.5,2,Q-DT fixed td denoised support top3,Q-DT,477.0211619837453,420.7019605669336,477.9242309914933,0.9842182248091932,0.0,0.771344897092025,107.572421875,top3,36532.3828125,td,True,2000.0,0.1,,,,,,,,,,
gate2A_fixed_value_guided_dt,N1600_noise0p5,1600,0.5,2,Q-DT fixed q_sa,Q-DT,465.7835459869517,420.7019605669336,477.9242309914933,0.7878328679644476,0.2603125,0.5841701168366993,77.790078125,none,32931.8984375,q_sa,False,2000.0,0.1,,,,,,,,,,
gate2A_fixed_value_guided_dt,N1600_noise0p5,1600,0.5,2,Q-DT fixed q_sa support top3,Q-DT,469.9111913217789,420.7019605669336,477.9242309914933,0.8599664149943411,0.0,0.7979992485328024,143.961171875,top3,32931.8984375,q_sa,False,2000.0,0.1,,,,,,,,,,
gate2B_iql,N1600_noise0p5,1600,0.5,2,IQL expectile0.7 beta3,IQL,467.4063672356158,420.7019605669336,477.9242309914933,0.8161928270612056,0.528203125,0.4425865829236442,39.410625,none,,,,,,2000.0,0.7,3.0,20.0,1530.0910888671874,138.04707107543945,1.0300829648971557,4.886905932426453,,
gate2B_iql,N1600_noise0p5,1600,0.5,2,IQL expectile0.7 beta3 support top3,IQL,475.9137693302528,420.7019605669336,477.9242309914933,0.9648657481375016,0.0,0.7720510524440937,112.095234375,top3,,,,,,2000.0,0.7,3.0,20.0,1530.0910888671874,138.04707107543945,1.0300829648971557,4.886905932426453,,
gate2C_support_mask,N1600_noise0p5,1600,0.5,3,Structured DT,DT,458.04788162946016,420.1985074854882,477.6588309814034,0.6587045084537784,0.2340625,0.5613755372477239,109.520625,none,538.7261352539062,,,,,,,,,,,,,,
gate2C_support_mask,N1600_noise0p5,1600,0.5,3,Structured DT support count>=1,DT,461.6527093045217,420.1985074854882,477.6588309814034,0.7214404531151026,0.0,0.7527349256375783,140.778359375,count>=1,538.7261352539062,,,,,,,,,,,,,,
gate2C_support_mask,N1600_noise0p5,1600,0.5,3,Structured DT support top3,DT,461.6527093045217,420.1985074854882,477.6588309814034,0.7214404531151026,0.0,0.7527349256375783,140.778359375,top3,538.7261352539062,,,,,,,,,,,,,,
gate2C_support_mask,N1600_noise0p5,1600,0.5,3,Vanilla DT,DT,451.4685674448821,420.1985074854882,477.6588309814034,0.5442026437880538,0.00671875,0.8268986194378468,203.10828125,none,579.6123657226562,,,,,,,,,,,,,,
gate2C_support_mask,N1600_noise0p5,1600,0.5,3,Vanilla DT support top3,DT,451.2286915354112,420.1985074854882,477.6588309814034,0.5400280082329993,0.0,0.8336173694378468,205.28515625,top3,579.6123657226562,,,,,,,,,,,,,,
gate2A_fixed_value_guided_dt,N1600_noise0p5,1600,0.5,3,Q-DT fixed td denoised,Q-DT,463.9368117493508,420.1985074854882,477.6588309814034,0.761191403090027,0.3628125,0.5245539747655192,60.6596875,none,42001.05078125,td,True,2000.0,0.1,,,,,,,,,,
gate2A_fixed_value_guided_dt,N1600_noise0p5,1600,0.5,3,Q-DT fixed td denoised support top3,Q-DT,473.1503529573943,420.1985074854882,477.6588309814034,0.9215375453928708,0.0,0.7637272144119561,114.906328125,top3,42001.05078125,td,True,2000.0,0.1,,,,,,,,,,
gate2A_fixed_value_guided_dt,N1600_noise0p5,1600,0.5,3,Q-DT fixed q_sa,Q-DT,463.3091798939649,420.1985074854882,477.6588309814034,0.7502685294060574,0.47046875,0.3899131101857475,44.443046875,none,38011.8984375,q_sa,False,2000.0,0.1,,,,,,,,,,
gate2A_fixed_value_guided_dt,N1600_noise0p5,1600,0.5,3,Q-DT fixed q_sa support top3,Q-DT,474.5991460323223,420.1985074854882,477.6588309814034,0.9467513448771542,0.0,0.7479538936815162,115.137578125,top3,38011.8984375,q_sa,False,2000.0,0.1,,,,,,,,,,
gate2B_iql,N1600_noise0p5,1600,0.5,3,IQL expectile0.7 beta3,IQL,445.9992241821614,420.1985074854882,477.6588309814034,0.4490179505952019,0.52390625,0.3448345745535626,41.718046875,none,,,,,,2000.0,0.7,3.0,20.0,1501.5671936035155,419.4722869873047,0.645140317082405,5.397483682632446,,
gate2B_iql,N1600_noise0p5,1600,0.5,3,IQL expectile0.7 beta3 support top3,IQL,469.4357164891498,420.1985074854882,477.6588309814034,0.8568905639238484,0.0,0.7571879753720316,154.125625,top3,,,,,,2000.0,0.7,3.0,20.0,1501.5671936035155,419.4722869873047,0.645140317082405,5.397483682632446,,
gate2C_support_mask,N1600_noise0p5,1600,0.5,4,Structured DT,DT,463.5930407358703,422.8141069914742,479.6367344894461,0.7176530818792484,0.19015625,0.6207809318159623,107.39078125,none,561.5589599609375,,,,,,,,,,,,,,
gate2C_support_mask,N1600_noise0p5,1600,0.5,4,Structured DT support count>=1,DT,462.939157493839,422.8141069914742,479.6367344894461,0.7061456372075882,0.0,0.7877869229446227,157.349375,count>=1,561.5589599609375,,,,,,,,,,,,,,
gate2C_support_mask,N1600_noise0p5,1600,0.5,4,Structured DT support top3,DT,462.939157493839,422.8141069914742,479.6367344894461,0.7061456372075882,0.0,0.7877869229446227,157.349375,top3,561.5589599609375,,,,,,,,,,,,,,
gate2C_support_mask,N1600_noise0p5,1600,0.5,4,Vanilla DT,DT,450.58304152432174,422.8141069914742,479.6367344894461,0.4886950103431712,0.02953125,0.8297918047553831,213.84640625,none,590.4321899414062,,,,,,,,,,,,,,
gate2C_support_mask,N1600_noise0p5,1600,0.5,4,Vanilla DT support top3,DT,449.9414146824612,422.8141069914742,479.6367344894461,0.4774032614376237,0.0,0.8500228633815928,216.369921875,top3,590.4321899414062,,,,,,,,,,,,,,
gate2A_fixed_value_guided_dt,N1600_noise0p5,1600,0.5,4,Q-DT fixed td denoised,Q-DT,461.8941657791071,422.8141069914742,479.6367344894461,0.6877552219673002,0.3253125,0.5574969202275087,100.49359375,none,31600.4375,td,True,2000.0,0.1,,,,,,,,,,
gate2A_fixed_value_guided_dt,N1600_noise0p5,1600,0.5,4,Q-DT fixed td denoised support top3,Q-DT,468.5530320814124,422.8141069914742,479.6367344894461,0.8049420997219932,0.0,0.7971108350605759,167.2915625,top3,31600.4375,td,True,2000.0,0.1,,,,,,,,,,
gate2A_fixed_value_guided_dt,N1600_noise0p5,1600,0.5,4,Q-DT fixed q_sa,Q-DT,466.1127693729752,422.8141069914742,479.6367344894461,0.7619968362611604,0.309140625,0.5208906486807501,62.9396875,none,28742.33203125,q_sa,False,2000.0,0.1,,,,,,,,,,
gate2A_fixed_value_guided_dt,N1600_noise0p5,1600,0.5,4,Q-DT fixed q_sa support top3,Q-DT,473.85038958390834,422.8141069914742,479.6367344894461,0.8981682973786405,0.0,0.7748412920126755,133.493046875,top3,28742.33203125,q_sa,False,2000.0,0.1,,,,,,,,,,
gate2B_iql,N1600_noise0p5,1600,0.5,4,IQL expectile0.7 beta3,IQL,460.79005182537554,422.8141069914742,479.6367344894461,0.668324336731116,0.574609375,0.3647710599275565,43.369375,none,,,,,,2000.0,0.7,3.0,20.0,2199.182299804688,1231.4781982421875,0.6430148631334305,4.829575872421264,,
gate2B_iql,N1600_noise0p5,1600,0.5,4,IQL expectile0.7 beta3 support top3,IQL,475.4362717782222,422.8141069914742,479.6367344894461,0.926077640260936,0.0,0.6950047515984826,103.3371875,top3,,,,,,2000.0,0.7,3.0,20.0,2199.182299804688,1231.4781982421875,0.6430148631334305,4.829575872421264,,
gate2C_support_mask,N1600_noise0p5,1600,0.5,5,Structured DT,DT,458.62653538822167,420.42955294452105,477.5980827412801,0.6681470133917288,0.301015625,0.5722242787800749,104.470546875,none,630.91064453125,,,,,,,,,,,,,,
gate2C_support_mask,N1600_noise0p5,1600,0.5,5,Structured DT support count>=1,DT,462.5553818025775,420.42955294452105,477.5980827412801,0.7368709499407938,0.0,0.7517039224728694,144.74125,count>=1,630.91064453125,,,,,,,,,,,,,,
gate2C_support_mask,N1600_noise0p5,1600,0.5,5,Structured DT support top3,DT,462.5553818025775,420.42955294452105,477.5980827412801,0.7368709499407938,0.0,0.7517039224728694,144.74125,top3,630.91064453125,,,,,,,,,,,,,,
gate2C_support_mask,N1600_noise0p5,1600,0.5,5,Vanilla DT,DT,451.7655306947976,420.42955294452105,477.5980827412801,0.548133349968588,0.0,0.840926960428102,219.270546875,none,590.8881225585938,,,,,,,,,,,,,,
gate2C_support_mask,N1600_noise0p5,1600,0.5,5,Vanilla DT support top3,DT,451.7655306947976,420.42955294452105,477.5980827412801,0.548133349968588,0.0,0.840926960428102,219.270546875,top3,590.8881225585938,,,,,,,,,,,,,,
gate2A_fixed_value_guided_dt,N1600_noise0p5,1600,0.5,5,Q-DT fixed td denoised,Q-DT,458.81624416161344,420.42955294452105,477.5980827412801,0.6714654260580367,0.39390625,0.4754223552403982,68.338125,none,31740.630859375,td,True,2000.0,0.1,,,,,,,,,,
gate2A_fixed_value_guided_dt,N1600_noise0p5,1600,0.5,5,Q-DT fixed td denoised support top3,Q-DT,475.5877408677786,420.42955294452105,477.5980827412801,0.964834815926726,0.0,0.7676208936220493,110.365,top3,31740.630859375,td,True,2000.0,0.1,,,,,,,,,,
gate2A_fixed_value_guided_dt,N1600_noise0p5,1600,0.5,5,Q-DT fixed q_sa,Q-DT,465.8702587632217,420.42955294452105,477.5980827412801,0.7948552460636613,0.278828125,0.5615111576691543,65.515234375,none,28859.833984375,q_sa,False,2000.0,0.1,,,,,,,,,,
gate2A_fixed_value_guided_dt,N1600_noise0p5,1600,0.5,5,Q-DT fixed q_sa support top3,Q-DT,472.7806658491834,420.42955294452105,477.5980827412801,0.9157330631166628,0.0,0.7881802089016245,130.535,top3,28859.833984375,q_sa,False,2000.0,0.1,,,,,,,,,,
gate2B_iql,N1600_noise0p5,1600,0.5,5,IQL expectile0.7 beta3,IQL,460.7255371302,420.42955294452105,477.5980827412801,0.704863048410304,0.5253125,0.4384464532875597,45.244609375,none,,,,,,2000.0,0.7,3.0,20.0,1863.5019287109376,657.779086303711,0.4855012223124504,5.23703920841217,,
gate2B_iql,N1600_noise0p5,1600,0.5,5,IQL expectile0.7 beta3 support top3,IQL,474.1743198023042,420.42955294452105,477.5980827412801,0.9401110549606968,0.0,0.7025550268989779,99.848203125,top3,,,,,,2000.0,0.7,3.0,20.0,1863.5019287109376,657.779086303711,0.4855012223124504,5.23703920841217,,
gate2C_support_mask,N1600_noise0p5,1600,0.5,6,Structured DT,DT,454.700691644991,420.4015625942231,477.26680319791535,0.6031651090656054,0.283359375,0.5607375913541786,124.384453125,none,545.4453735351562,,,,,,,,,,,,,,
gate2C_support_mask,N1600_noise0p5,1600,0.5,6,Structured DT support count>=1,DT,463.0939468506019,420.4015625942231,477.26680319791535,0.750764154044691,0.0,0.7492667413954706,162.386171875,count>=1,545.4453735351562,,,,,,,,,,,,,,
gate2C_support_mask,N1600_noise0p5,1600,0.5,6,Structured DT support top3,DT,463.0939468506019,420.4015625942231,477.26680319791535,0.750764154044691,0.0,0.7492667413954706,162.386171875,top3,545.4453735351562,,,,,,,,,,,,,,
gate2C_support_mask,N1600_noise0p5,1600,0.5,6,Vanilla DT,DT,454.6552612219288,420.4015625942231,477.26680319791535,0.602366195307747,0.005390625,0.8363151382909164,216.62328125,none,583.9093017578125,,,,,,,,,,,,,,
gate2C_support_mask,N1600_noise0p5,1600,0.5,6,Vanilla DT support top3,DT,454.35347114164256,420.4015625942231,477.26680319791535,0.5970590854268709,0.0,0.8297361793059881,217.39953125,top3,583.9093017578125,,,,,,,,,,,,,,
gate2A_fixed_value_guided_dt,N1600_noise0p5,1600,0.5,6,Q-DT fixed td denoised,Q-DT,463.22798249028506,420.4015625942231,477.26680319791535,0.7531212290919463,0.302265625,0.56131554230785,62.418203125,none,30457.12890625,td,True,2000.0,0.1,,,,,,,,,,
gate2A_fixed_value_guided_dt,N1600_noise0p5,1600,0.5,6,Q-DT fixed td denoised support top3,Q-DT,470.0187608312577,420.4015625942231,477.26680319791535,0.8725400211146376,0.0,0.7645214263479652,136.298046875,top3,30457.12890625,td,True,2000.0,0.1,,,,,,,,,,
gate2A_fixed_value_guided_dt,N1600_noise0p5,1600,0.5,6,Q-DT fixed q_sa,Q-DT,462.0992863585752,420.4015625942231,477.26680319791535,0.7332726164820736,0.37765625,0.4575094022393453,40.34796875,none,27698.037109375,q_sa,False,2000.0,0.1,,,,,,,,,,
gate2A_fixed_value_guided_dt,N1600_noise0p5,1600,0.5,6,Q-DT fixed q_sa support top3,Q-DT,470.9704326520539,420.4015625942231,477.26680319791535,0.8892755841878449,0.0,0.7608394553285696,133.236171875,top3,27698.037109375,q_sa,False,2000.0,0.1,,,,,,,,,,
gate2B_iql,N1600_noise0p5,1600,0.5,6,IQL expectile0.7 beta3,IQL,460.1642461075047,420.4015625942231,477.26680319791535,0.6992440916657225,0.419765625,0.4420714311635107,67.789921875,none,,,,,,2000.0,0.7,3.0,20.0,2112.861291503906,414.9066436767578,0.8571619331836701,4.821723008155823,,
gate2B_iql,N1600_noise0p5,1600,0.5,6,IQL expectile0.7 beta3 support top3,IQL,475.5616735513529,420.4015625942231,477.26680319791535,0.9700145532057812,0.0,0.7451736323098592,104.771953125,top3,,,,,,2000.0,0.7,3.0,20.0,2112.861291503906,414.9066436767578,0.8571619331836701,4.821723008155823,,
gate2C_support_mask,N1600_noise0p5,1600,0.5,7,Structured DT,DT,463.4670956033245,422.5603637349696,478.8785864087379,0.7263498371621783,0.206796875,0.6335108523978406,121.59359375,none,560.3675537109375,,,,,,,,,,,,,,
gate2C_support_mask,N1600_noise0p5,1600,0.5,7,Structured DT support count>=1,DT,463.7193682152831,422.5603637349696,478.8785864087379,0.7308292507512746,0.0,0.7714778750594792,151.672578125,count>=1,560.3675537109375,,,,,,,,,,,,,,
gate2C_support_mask,N1600_noise0p5,1600,0.5,7,Structured DT support top3,DT,463.7193682152831,422.5603637349696,478.8785864087379,0.7308292507512746,0.0,0.7714778750594792,151.672578125,top3,560.3675537109375,,,,,,,,,,,,,,
gate2C_support_mask,N1600_noise0p5,1600,0.5,7,Vanilla DT,DT,450.70607992669,422.5603637349696,478.8785864087379,0.4997621525586605,0.005390625,0.8518986714265998,216.77015625,none,581.0783081054688,,,,,,,,,,,,,,
gate2C_support_mask,N1600_noise0p5,1600,0.5,7,Vanilla DT support top3,DT,450.3798031033589,422.5603637349696,478.8785864087379,0.4939687022713331,0.0,0.8555864324773259,220.68375,top3,581.0783081054688,,,,,,,,,,,,,,
gate2A_fixed_value_guided_dt,N1600_noise0p5,1600,0.5,7,Q-DT fixed td denoised,Q-DT,466.5233545601597,422.5603637349696,478.8785864087379,0.7806175113133861,0.296328125,0.5529618939757766,72.879453125,none,30197.841796875,td,True,2000.0,0.1,,,,,,,,,,
gate2A_fixed_value_guided_dt,N1600_noise0p5,1600,0.5,7,Q-DT fixed td denoised support top3,Q-DT,473.2360261275491,422.5603637349696,478.8785864087379,0.8998093332264028,0.0,0.7874149368392963,123.670625,top3,30197.841796875,td,True,2000.0,0.1,,,,,,,,,,
gate2A_fixed_value_guided_dt,N1600_noise0p5,1600,0.5,7,Q-DT fixed q_sa,Q-DT,465.6177077805571,422.5603637349696,478.8785864087379,0.7645366277803832,0.2828125,0.5490069317215167,63.940234375,none,27386.087890625,q_sa,False,2000.0,0.1,,,,,,,,,,
gate2A_fixed_value_guided_dt,N1600_noise0p5,1600,0.5,7,Q-DT fixed q_sa support top3,Q-DT,472.4340350134144,422.5603637349696,478.8785864087379,0.8855689847910421,0.0,0.7769210604830699,128.35296875,top3,27386.087890625,q_sa,False,2000.0,0.1,,,,,,,,,,
gate2B_iql,N1600_noise0p5,1600,0.5,7,IQL expectile0.7 beta3,IQL,463.7837723619931,422.5603637349696,478.8785864087379,0.7319728263765755,0.416484375,0.439021641569237,64.8459375,none,,,,,,2000.0,0.7,3.0,20.0,1858.3073120117188,353.5736038208008,0.5327269867062568,5.328587317466736,,
gate2B_iql,N1600_noise0p5,1600,0.5,7,IQL expectile0.7 beta3 support top3,IQL,477.0546634311439,422.5603637349696,478.8785864087379,0.967613981922701,0.0,0.7507813236725692,108.756171875,top3,,,,,,2000.0,0.7,3.0,20.0,1858.3073120117188,353.5736038208008,0.5327269867062568,5.328587317466736,,
gate2C_support_mask,N1600_noise0p5,1600,0.5,8,Structured DT,DT,461.0550331203924,421.64695137411786,478.1010548050897,0.6980552227609109,0.240625,0.5961958503492597,109.618984375,none,564.5079956054688,,,,,,,,,,,,,,
gate2C_support_mask,N1600_noise0p5,1600,0.5,8,Structured DT support count>=1,DT,459.85180943690415,421.64695137411786,478.1010548050897,0.676741914952215,0.0,0.7753903068585213,159.26578125,count>=1,564.5079956054688,,,,,,,,,,,,,,
gate2C_support_mask,N1600_noise0p5,1600,0.5,8,Structured DT support top3,DT,459.85180943690415,421.64695137411786,478.1010548050897,0.676741914952215,0.0,0.7753903068585213,159.26578125,top3,564.5079956054688,,,,,,,,,,,,,,
gate2C_support_mask,N1600_noise0p5,1600,0.5,8,Vanilla DT,DT,450.3132556679512,421.64695137411786,478.1010548050897,0.5077807024051758,0.0065625,0.844309990381442,214.835703125,none,584.1258544921875,,,,,,,,,,,,,,
gate2C_support_mask,N1600_noise0p5,1600,0.5,8,Vanilla DT support top3,DT,449.9160491004176,421.64695137411786,478.1010548050897,0.5007447821904616,0.0,0.84921234829444,220.709140625,top3,584.1258544921875,,,,,,,,,,,,,,
gate2A_fixed_value_guided_dt,N1600_noise0p5,1600,0.5,8,Q-DT fixed td denoised,Q-DT,462.5037233788698,421.64695137411786,478.1010548050897,0.7237166037843246,0.57484375,0.3309017293822984,42.8834375,none,34608.28515625,td,True,2000.0,0.1,,,,,,,,,,
gate2A_fixed_value_guided_dt,N1600_noise0p5,1600,0.5,8,Q-DT fixed td denoised support top3,Q-DT,468.6856941183032,421.64695137411786,478.1010548050897,0.8332209686351856,0.0,0.7619923360119966,156.776796875,top3,34608.28515625,td,True,2000.0,0.1,,,,,,,,,,
gate2A_fixed_value_guided_dt,N1600_noise0p5,1600,0.5,8,Q-DT fixed q_sa,Q-DT,459.2423286886981,421.64695137411786,478.1010548050897,0.6659458751399576,0.404765625,0.4557734293375995,53.403359375,none,31255.111328125,q_sa,False,2000.0,0.1,,,,,,,,,,
gate2A_fixed_value_guided_dt,N1600_noise0p5,1600,0.5,8,Q-DT fixed q_sa support top3,Q-DT,472.88275729567954,421.64695137411786,478.1010548050897,0.9075656649867672,0.0,0.7725034205228942,127.4025,top3,31255.111328125,q_sa,False,2000.0,0.1,,,,,,,,,,
gate2B_iql,N1600_noise0p5,1600,0.5,8,IQL expectile0.7 beta3,IQL,444.3162359950441,421.64695137411786,478.1010548050897,0.4015524690538161,0.642109375,0.3923140318865246,27.468203125,none,,,,,,2000.0,0.7,3.0,20.0,1570.8474609375,604.9138092041015,0.3265167944133281,4.827806186676026,,
gate2B_iql,N1600_noise0p5,1600,0.5,8,IQL expectile0.7 beta3 support top3,IQL,474.83511470171,421.64695137411786,478.1010548050897,0.94214875615954,0.0,0.6936696436652121,98.319375,top3,,,,,,2000.0,0.7,3.0,20.0,1570.8474609375,604.9138092041015,0.3265167944133281,4.827806186676026,,
gate2C_support_mask,N1600_noise0p5,1600,0.5,9,Structured DT,DT,461.4774025996425,421.14554862217454,477.7638570902434,0.7123465018424918,0.318125,0.5027703228137091,118.11859375,none,576.823974609375,,,,,,,,,,,,,,
gate2C_support_mask,N1600_noise0p5,1600,0.5,9,Structured DT support count>=1,DT,463.38581051063954,421.14554862217454,477.7638570902434,0.7460530530029404,0.0,0.7769917017484179,156.473828125,count>=1,576.823974609375,,,,,,,,,,,,,,
gate2C_support_mask,N1600_noise0p5,1600,0.5,9,Structured DT support top3,DT,463.38581051063954,421.14554862217454,477.7638570902434,0.7460530530029404,0.0,0.7769917017484179,156.473828125,top3,576.823974609375,,,,,,,,,,,,,,
gate2C_support_mask,N1600_noise0p5,1600,0.5,9,Vanilla DT,DT,449.6438649224615,421.14554862217454,477.7638570902434,0.5033410052573224,0.0,0.8459480344927001,223.058359375,none,579.0443115234375,,,,,,,,,,,,,,
gate2C_support_mask,N1600_noise0p5,1600,0.5,9,Vanilla DT support top3,DT,449.6438649224615,421.14554862217454,477.7638570902434,0.5033410052573224,0.0,0.8459480344927001,223.058359375,top3,579.0443115234375,,,,,,,,,,,,,,
gate2A_fixed_value_guided_dt,N1600_noise0p5,1600,0.5,9,Q-DT fixed td denoised,Q-DT,460.8755574738399,421.14554862217454,477.7638570902434,0.7017166341886026,0.609375,0.3224390602177917,80.22921875,none,29794.955078125,td,True,2000.0,0.1,,,,,,,,,,
gate2A_fixed_value_guided_dt,N1600_noise0p5,1600,0.5,9,Q-DT fixed td denoised support top3,Q-DT,476.87322092645377,421.14554862217454,477.7638570902434,0.9842694671054696,0.0,0.7602737281469047,105.404453125,top3,29794.955078125,td,True,2000.0,0.1,,,,,,,,,,
gate2A_fixed_value_guided_dt,N1600_noise0p5,1600,0.5,9,Q-DT fixed q_sa,Q-DT,458.1361101047269,421.14554862217454,477.7638570902434,0.6533321549762305,0.55890625,0.3110300919918163,42.575234375,none,26968.3671875,q_sa,False,2000.0,0.1,,,,,,,,,,
gate2A_fixed_value_guided_dt,N1600_noise0p5,1600,0.5,9,Q-DT fixed q_sa support top3,Q-DT,474.5364850149263,421.14554862217454,477.7638570902434,0.9429977305461672,0.0,0.7616591342545249,115.10125,top3,26968.3671875,q_sa,False,2000.0,0.1,,,,,,,,,,
gate2B_iql,N1600_noise0p5,1600,0.5,9,IQL expectile0.7 beta3,IQL,461.18817016816536,421.14554862217454,477.7638570902434,0.7072380406520576,0.445390625,0.394583999408192,43.395859375,none,,,,,,2000.0,0.7,3.0,20.0,1973.46517944336,662.5537078857421,5.599285486340523,5.241374182701111,,
gate2B_iql,N1600_noise0p5,1600,0.5,9,IQL expectile0.7 beta3 support top3,IQL,476.0826672449628,421.14554862217454,477.7638570902434,0.9703066041574028,0.0,0.7485147807414202,106.6684375,top3,,,,,,2000.0,0.7,3.0,20.0,1973.46517944336,662.5537078857421,5.599285486340523,5.241374182701111,,
gate2C_support_mask,N400_noise0p05,400,0.05,0,Structured DT,DT,466.21012668124575,421.4891710594284,479.2131268458336,0.7747382349764353,0.2071875,0.5716660431856078,19.738125,none,676.7738037109375,,,,,,,,,,,,,,
gate2C_support_mask,N400_noise0p05,400,0.05,0,Structured DT support count>=1,DT,470.4229881156728,421.4891710594284,479.2131268458336,0.8477211305010555,0.0,0.7701044065414382,33.1890625,count>=1,676.7738037109375,,,,,,,,,,,,,,
gate2C_support_mask,N400_noise0p05,400,0.05,0,Structured DT support top3,DT,470.4229881156728,421.4891710594284,479.2131268458336,0.8477211305010555,0.0,0.7701044065414382,33.1890625,top3,676.7738037109375,,,,,,,,,,,,,,
gate2C_support_mask,N400_noise0p05,400,0.05,0,Vanilla DT,DT,445.55971078700367,421.4891710594284,479.2131268458336,0.4169939395117513,0.30125,0.6107976133021248,42.9234375,none,480.8289184570313,,,,,,,,,,,,,,
gate2C_support_mask,N400_noise0p05,400,0.05,0,Vanilla DT support top3,DT,459.1157043518052,421.4891710594284,479.2131268458336,0.6518356682207552,0.0,0.8235352065534761,46.288125,top3,480.8289184570313,,,,,,,,,,,,,,
gate2A_fixed_value_guided_dt,N400_noise0p05,400,0.05,0,Q-DT fixed td denoised,Q-DT,466.0034540316217,421.4891710594284,479.2131268458336,0.7711578731178542,0.320625,0.5151554264592214,16.000625,none,25292.029296875,td,True,2000.0,0.1,,,,,,,,,,
gate2A_fixed_value_guided_dt,N400_noise0p05,400,0.05,0,Q-DT fixed td denoised support top3,Q-DT,474.04778663695936,421.4891710594284,479.2131268458336,0.9105165240582708,0.0,0.7424646115372354,26.1053125,top3,25292.029296875,td,True,2000.0,0.1,,,,,,,,,,
gate2A_fixed_value_guided_dt,N400_noise0p05,400,0.05,0,Q-DT fixed q_sa,Q-DT,464.50262634692,421.4891710594284,479.2131268458336,0.7451577893700397,0.4040625,0.4521149763261285,16.7465625,none,23444.037109375,q_sa,False,2000.0,0.1,,,,,,,,,,
gate2A_fixed_value_guided_dt,N400_noise0p05,400,0.05,0,Q-DT fixed q_sa support top3,Q-DT,472.4673812721269,421.4891710594284,479.2131268458336,0.8831378501039006,0.0,0.7632824400309809,31.115625,top3,23444.037109375,q_sa,False,2000.0,0.1,,,,,,,,,,
gate2B_iql,N400_noise0p05,400,0.05,0,IQL expectile0.7 beta3,IQL,458.3720746398771,421.4891710594284,479.2131268458336,0.6389531534693459,0.3925,0.347715873540928,13.46125,none,,,,,,2000.0,0.7,3.0,20.0,84.48231811523438,91.3639419555664,0.688893049955368,6.243515276908875,,
gate2B_iql,N400_noise0p05,400,0.05,0,IQL expectile0.7 beta3 support top3,IQL,469.13949584093285,421.4891710594284,479.2131268458336,0.8254861284598027,0.0,0.6539706152396704,35.39375,top3,,,,,,2000.0,0.7,3.0,20.0,84.48231811523438,91.3639419555664,0.688893049955368,6.243515276908875,,
gate2C_support_mask,N400_noise0p05,400,0.05,1,Structured DT,DT,461.7756428485668,422.7909092428097,479.07216495487467,0.6926770398514756,0.3859375,0.4467623658553081,26.6840625,none,643.599365234375,,,,,,,,,,,,,,
gate2C_support_mask,N400_noise0p05,400,0.05,1,Structured DT support count>=1,DT,466.77914970311673,422.7909092428097,479.07216495487467,0.7815788738856676,0.0,0.7332839277257878,25.8909375,count>=1,643.599365234375,,,,,,,,,,,,,,
gate2C_support_mask,N400_noise0p05,400,0.05,1,Structured DT support top3,DT,466.77914970311673,422.7909092428097,479.07216495487467,0.7815788738856676,0.0,0.7332839277257878,25.8909375,top3,643.599365234375,,,,,,,,,,,,,,
gate2C_support_mask,N400_noise0p05,400,0.05,1,Vanilla DT,DT,446.9931565871132,422.7909092428097,479.07216495487467,0.4300232295477242,0.1365625,0.7634959039013556,60.953125,none,475.1024475097656,,,,,,,,,,,,,,
gate2C_support_mask,N400_noise0p05,400,0.05,1,Vanilla DT support top3,DT,453.54813196165554,422.7909092428097,479.07216495487467,0.5464914087240675,0.0,0.8216919742128641,57.2359375,top3,475.1024475097656,,,,,,,,,,,,,,
gate2A_fixed_value_guided_dt,N400_noise0p05,400,0.05,1,Q-DT fixed td denoised,Q-DT,461.8400141065853,422.7909092428097,479.07216495487467,0.6938207822432195,0.5290625,0.3581595413619742,10.650625,none,31978.291015625,td,True,2000.0,0.1,,,,,,,,,,
gate2A_fixed_value_guided_dt,N400_noise0p05,400,0.05,1,Q-DT fixed td denoised support top3,Q-DT,473.815781843242,422.7909092428097,479.07216495487467,0.9066050846746494,0.0,0.7575804645146093,26.4525,top3,31978.291015625,td,True,2000.0,0.1,,,,,,,,,,
gate2A_fixed_value_guided_dt,N400_noise0p05,400,0.05,1,Q-DT fixed q_sa,Q-DT,463.54554000473416,422.7909092428097,479.07216495487467,0.7241244042319392,0.34375,0.4951819331718228,14.8990625,none,28809.826171875,q_sa,False,2000.0,0.1,,,,,,,,,,
gate2A_fixed_value_guided_dt,N400_noise0p05,400,0.05,1,Q-DT fixed q_sa support top3,Q-DT,474.8155068363693,422.7909092428097,479.07216495487467,0.9243681032938847,0.0,0.7549447481767263,28.0190625,top3,28809.826171875,q_sa,False,2000.0,0.1,,,,,,,,,,
gate2B_iql,N400_noise0p05,400,0.05,1,IQL expectile0.7 beta3,IQL,459.54625976208285,422.7909092428097,479.07216495487467,0.6530655731512748,0.4903125,0.4171742398491995,13.00625,none,,,,,,2000.0,0.7,3.0,20.0,220.78929061889647,248.4886215209961,0.8031239926815033,4.047554564476013,,
gate2B_iql,N400_noise0p05,400,0.05,1,IQL expectile0.7 beta3 support top3,IQL,471.0345584236399,422.7909092428097,479.07216495487467,0.8571885714072333,0.0,0.7567785829687972,36.5353125,top3,,,,,,2000.0,0.7,3.0,20.0,220.78929061889647,248.4886215209961,0.8031239926815033,4.047554564476013,,
gate2C_support_mask,N400_noise0p05,400,0.05,2,Structured DT,DT,458.2970792201394,417.1824539201058,474.5590275047475,0.716575123458383,0.2640625,0.6241293928102047,25.785,none,615.15869140625,,,,,,,,,,,,,,
gate2C_support_mask,N400_noise0p05,400,0.05,2,Structured DT support count>=1,DT,463.2881119904689,417.1824539201058,474.5590275047475,0.80356241563202,0.0,0.7669252153197147,30.0584375,count>=1,615.15869140625,,,,,,,,,,,,,,
gate2C_support_mask,N400_noise0p05,400,0.05,2,Structured DT support top3,DT,463.2881119904689,417.1824539201058,474.5590275047475,0.80356241563202,0.0,0.7669252153197147,30.0584375,top3,615.15869140625,,,,,,,,,,,,,,
gate2C_support_mask,N400_noise0p05,400,0.05,2,Vanilla DT,DT,449.5517607642737,417.1824539201058,474.5590275047475,0.5641554526851768,0.276875,0.5994438313019882,39.19875,none,472.1125793457031,,,,,,,,,,,,,,
gate2C_support_mask,N400_noise0p05,400,0.05,2,Vanilla DT support top3,DT,452.8650105522088,417.1824539201058,474.5590275047475,0.621901141926229,0.0,0.759605117243529,48.53125,top3,472.1125793457031,,,,,,,,,,,,,,
gate2A_fixed_value_guided_dt,N400_noise0p05,400,0.05,2,Q-DT fixed td denoised,Q-DT,462.5484600131033,417.1824539201058,474.5590275047475,0.7906712314577957,0.311875,0.6088349621727139,18.9796875,none,30427.3359375,td,True,2000.0,0.1,,,,,,,,,,
gate2A_fixed_value_guided_dt,N400_noise0p05,400,0.05,2,Q-DT fixed td denoised support top3,Q-DT,469.4504525556996,417.1824539201058,474.5590275047475,0.9109640985878712,0.0,0.7496251395722937,26.4946875,top3,30427.3359375,td,True,2000.0,0.1,,,,,,,,,,
gate2A_fixed_value_guided_dt,N400_noise0p05,400,0.05,2,Q-DT fixed q_sa,Q-DT,460.8518013746882,417.1824539201058,474.5590275047475,0.7611006500791047,0.3059375,0.5250975332374131,13.365625,none,27727.095703125,q_sa,False,2000.0,0.1,,,,,,,,,,
gate2A_fixed_value_guided_dt,N400_noise0p05,400,0.05,2,Q-DT fixed q_sa support top3,Q-DT,469.4829900936868,417.1824539201058,474.5590275047475,0.9115311860933528,0.0,0.7566057413688887,27.5059375,top3,27727.095703125,q_sa,False,2000.0,0.1,,,,,,,,,,
gate2B_iql,N400_noise0p05,400,0.05,2,IQL expectile0.7 beta3,IQL,448.19334813158025,417.1824539201058,474.5590275047475,0.540480064842619,0.4009375,0.3413852814919533,8.916875,none,,,,,,2000.0,0.7,3.0,20.0,96.45344886779785,76.59862937927247,1.0419121503829956,5.5622796535491945,,
gate2B_iql,N400_noise0p05,400,0.05,2,IQL expectile0.7 beta3 support top3,IQL,465.6692336411477,417.1824539201058,474.5590275047475,0.8450623083916717,0.0,0.6819362660519832,24.989375,top3,,,,,,2000.0,0.7,3.0,20.0,96.45344886779785,76.59862937927247,1.0419121503829956,5.5622796535491945,,
gate2C_support_mask,N400_noise0p05,400,0.05,3,Structured DT,DT,456.5336595523879,423.1047405366476,479.3865548020198,0.5939559598793479,0.375,0.4931252009586412,23.1634375,none,619.1787719726562,,,,,,,,,,,,,,
gate2C_support_mask,N400_noise0p05,400,0.05,3,Structured DT support count>=1,DT,466.18885794834273,423.1047405366476,479.3865548020198,0.765506904389238,0.0,0.7420504785265933,35.7590625,count>=1,619.1787719726562,,,,,,,,,,,,,,
gate2C_support_mask,N400_noise0p05,400,0.05,3,Structured DT support top3,DT,466.18885794834273,423.1047405366476,479.3865548020198,0.765506904389238,0.0,0.7420504785265933,35.7590625,top3,619.1787719726562,,,,,,,,,,,,,,
gate2C_support_mask,N400_noise0p05,400,0.05,3,Vanilla DT,DT,441.6966813269982,423.1047405366476,479.3865548020198,0.3303365577855838,0.1821875,0.6494976864773344,34.766875,none,473.8318176269531,,,,,,,,,,,,,,
gate2C_support_mask,N400_noise0p05,400,0.05,3,Vanilla DT support top3,DT,451.3637315022877,423.1047405366476,479.3865548020198,0.5020980814939126,0.0,0.7629938931111515,36.286875,top3,473.8318176269531,,,,,,,,,,,,,,
gate2A_fixed_value_guided_dt,N400_noise0p05,400,0.05,3,Q-DT fixed td denoised,Q-DT,459.6341984708495,423.1047405366476,479.3865548020198,0.6490454938421725,0.5146875,0.3126530775688357,10.2265625,none,42736.9609375,td,True,2000.0,0.1,,,,,,,,,,
gate2A_fixed_value_guided_dt,N400_noise0p05,400,0.05,3,Q-DT fixed td denoised support top3,Q-DT,476.0266143353848,423.1047405366476,479.3865548020198,0.940301489735339,0.0,0.7351091542073113,25.8890625,top3,42736.9609375,td,True,2000.0,0.1,,,,,,,,,,
gate2A_fixed_value_guided_dt,N400_noise0p05,400,0.05,3,Q-DT fixed q_sa,Q-DT,460.745214783105,423.1047405366476,479.3865548020198,0.6687857301291017,0.4146875,0.4010918245948489,15.6721875,none,38749.83984375,q_sa,False,2000.0,0.1,,,,,,,,,,
gate2A_fixed_value_guided_dt,N400_noise0p05,400,0.05,3,Q-DT fixed q_sa support top3,Q-DT,474.1578009108765,423.1047405366476,479.3865548020198,0.9070969200372716,0.0,0.7718600479313997,32.48875,top3,38749.83984375,q_sa,False,2000.0,0.1,,,,,,,,,,
gate2B_iql,N400_noise0p05,400,0.05,3,IQL expectile0.7 beta3,IQL,428.8819937725435,423.1047405366476,479.3865548020198,0.1026486674479939,0.849375,0.1683348498635122,2.593125,none,,,,,,2000.0,0.7,3.0,20.0,92.00516700744627,273.89732971191404,0.6626410573720932,5.429310822486878,,
gate2B_iql,N400_noise0p05,400,0.05,3,IQL expectile0.7 beta3 support top3,IQL,475.70860041862807,423.1047405366476,479.3865548020198,0.934651104776936,0.0,0.6912677476006838,25.5334375,top3,,,,,,2000.0,0.7,3.0,20.0,92.00516700744627,273.89732971191404,0.6626410573720932,5.429310822486878,,
gate2C_support_mask,N400_noise0p05,400,0.05,4,Structured DT,DT,468.8011794085313,427.2545943129383,483.248496641775,0.7419840976898062,0.180625,0.6034757090160384,25.2003125,none,649.409423828125,,,,,,,,,,,,,,
gate2C_support_mask,N400_noise0p05,400,0.05,4,Structured DT support count>=1,DT,472.1968898759301,427.2545943129383,483.248496641775,0.8026283879815723,0.0,0.7239803431238605,29.465625,count>=1,649.409423828125,,,,,,,,,,,,,,
gate2C_support_mask,N400_noise0p05,400,0.05,4,Structured DT support top3,DT,472.1968898759301,427.2545943129383,483.248496641775,0.8026283879815723,0.0,0.7239803431238605,29.465625,top3,649.409423828125,,,,,,,,,,,,,,
gate2C_support_mask,N400_noise0p05,400,0.05,4,Vanilla DT,DT,447.966880045703,427.2545943129383,483.248496641775,0.3699025227984153,0.241875,0.647114350730022,43.49625,none,480.757080078125,,,,,,,,,,,,,,
gate2C_support_mask,N400_noise0p05,400,0.05,4,Vanilla DT support top3,DT,457.2897420026757,427.2545943129383,483.248496641775,0.5364003300457493,0.0,0.7643261491837094,44.86,top3,480.757080078125,,,,,,,,,,,,,,
gate2A_fixed_value_guided_dt,N400_noise0p05,400,0.05,4,Q-DT fixed td denoised,Q-DT,468.7891659107093,427.2545943129383,483.248496641775,0.7417695475812691,0.2790625,0.603028064191805,23.0446875,none,28252.419921875,td,True,2000.0,0.1,,,,,,,,,,
gate2A_fixed_value_guided_dt,N400_noise0p05,400,0.05,4,Q-DT fixed td denoised support top3,Q-DT,477.2165151777031,427.2545943129383,483.248496641775,0.8922743153594171,0.0,0.753362276200678,27.620625,top3,28252.419921875,td,True,2000.0,0.1,,,,,,,,,,
gate2A_fixed_value_guided_dt,N400_noise0p05,400,0.05,4,Q-DT fixed q_sa,Q-DT,472.20824456775,427.2545943129383,483.248496641775,0.8028311724160851,0.280625,0.5665589964511075,19.7890625,none,25650.904296875,q_sa,False,2000.0,0.1,,,,,,,,,,
gate2A_fixed_value_guided_dt,N400_noise0p05,400,0.05,4,Q-DT fixed q_sa support top3,Q-DT,475.97708475938816,427.2545943129383,483.248496641775,0.8701392190941825,0.0,0.7751948448102064,35.7890625,top3,25650.904296875,q_sa,False,2000.0,0.1,,,,,,,,,,
gate2B_iql,N400_noise0p05,400,0.05,4,IQL expectile0.7 beta3,IQL,456.4702678573505,427.2545943129383,483.248496641775,0.5217652695973335,0.3153125,0.3712191124543987,12.6584375,none,,,,,,2000.0,0.7,3.0,20.0,318.1351211547852,749.9773498535156,0.5996557489037514,4.795460414886475,,
gate2B_iql,N400_noise0p05,400,0.05,4,IQL expectile0.7 beta3 support top3,IQL,477.20908774675786,427.2545943129383,483.248496641775,0.8921416682204191,0.0,0.7163466444862704,27.8565625,top3,,,,,,2000.0,0.7,3.0,20.0,318.1351211547852,749.9773498535156,0.5996557489037514,4.795460414886475,,
gate2C_support_mask,N400_noise0p05,400,0.05,5,Structured DT,DT,465.3546236673143,420.5620190232593,478.5366511066638,0.7726242157020446,0.199375,0.616910686914124,24.03875,none,645.33837890625,,,,,,,,,,,,,,
gate2C_support_mask,N400_noise0p05,400,0.05,5,Structured DT support count>=1,DT,467.0161166544864,420.5620190232593,478.5366511066638,0.8012831813127588,0.0,0.7774735867814411,35.606875,count>=1,645.33837890625,,,,,,,,,,,,,,
gate2C_support_mask,N400_noise0p05,400,0.05,5,Structured DT support top3,DT,467.0161166544864,420.5620190232593,478.5366511066638,0.8012831813127588,0.0,0.7774735867814411,35.606875,top3,645.33837890625,,,,,,,,,,,,,,
gate2C_support_mask,N400_noise0p05,400,0.05,5,Vanilla DT,DT,445.9107996477682,420.5620190232593,478.5366511066638,0.4372391805443663,0.215,0.6222722188270574,32.08125,none,476.6051025390625,,,,,,,,,,,,,,
gate2C_support_mask,N400_noise0p05,400,0.05,5,Vanilla DT support top3,DT,455.8014595317784,420.5620190232593,478.5366511066638,0.6078424173149094,0.0,0.777575256323738,37.12625,top3,476.6051025390625,,,,,,,,,,,,,,
gate2A_fixed_value_guided_dt,N400_noise0p05,400,0.05,5,Q-DT fixed td denoised,Q-DT,460.60992662976633,420.5620190232593,478.5366511066638,0.6907832989589757,0.35,0.5497239645419557,18.1815625,none,36135.78515625,td,True,2000.0,0.1,,,,,,,,,,
gate2A_fixed_value_guided_dt,N400_noise0p05,400,0.05,5,Q-DT fixed td denoised support top3,Q-DT,474.4276897211429,420.5620190232593,478.5366511066638,0.929124838953535,0.0,0.7649236449186312,29.7575,top3,36135.78515625,td,True,2000.0,0.1,,,,,,,,,,
gate2A_fixed_value_guided_dt,N400_noise0p05,400,0.05,5,Q-DT fixed q_sa,Q-DT,459.4050576871364,420.5620190232593,478.5366511066638,0.6700006066100785,0.4009375,0.4571323723008654,17.6340625,none,32695.568359375,q_sa,False,2000.0,0.1,,,,,,,,,,
gate2A_fixed_value_guided_dt,N400_noise0p05,400,0.05,5,Q-DT fixed q_sa support top3,Q-DT,475.3239848322309,420.5620190232593,478.5366511066638,0.9445849648547832,0.0,0.7776420882545182,32.050625,top3,32695.568359375,q_sa,False,2000.0,0.1,,,,,,,,,,
gate2B_iql,N400_noise0p05,400,0.05,5,IQL expectile0.7 beta3,IQL,445.2945028459653,420.5620190232593,478.5366511066638,0.4266087240903043,0.6553125,0.3137110189481213,9.0403125,none,,,,,,2000.0,0.7,3.0,20.0,138.17585067749025,198.9228744506836,0.2612853407859802,4.019597446918487,,
gate2B_iql,N400_noise0p05,400,0.05,5,IQL expectile0.7 beta3 support top3,IQL,477.8839206510116,420.5620190232593,478.5366511066638,0.9887411022339364,0.0,0.7863407279935979,30.919375,top3,,,,,,2000.0,0.7,3.0,20.0,138.17585067749025,198.9228744506836,0.2612853407859802,4.019597446918487,,
gate2C_support_mask,N400_noise0p05,400,0.05,6,Structured DT,DT,467.3544432311709,421.9223253169368,478.3865908773132,0.8046171762502478,0.1990625,0.628842096953502,22.8646875,none,690.4227294921875,,,,,,,,,,,,,,
gate2C_support_mask,N400_noise0p05,400,0.05,6,Structured DT support count>=1,DT,471.5525638397547,421.9223253169368,478.3865908773132,0.8789672198914744,0.0,0.7813232288269623,32.3821875,count>=1,690.4227294921875,,,,,,,,,,,,,,
gate2C_support_mask,N400_noise0p05,400,0.05,6,Structured DT support top3,DT,471.5525638397547,421.9223253169368,478.3865908773132,0.8789672198914744,0.0,0.7813232288269623,32.3821875,top3,690.4227294921875,,,,,,,,,,,,,,
gate2C_support_mask,N400_noise0p05,400,0.05,6,Vanilla DT,DT,439.86824745654536,421.9223253169368,478.3865908773132,0.3178279565226838,0.289375,0.6362875345264266,34.2096875,none,478.6827697753906,,,,,,,,,,,,,,
gate2C_support_mask,N400_noise0p05,400,0.05,6,Vanilla DT support top3,DT,451.5349105785146,421.9223253169368,478.3865908773132,0.5244482500159952,0.0,0.7766499843592549,31.53625,top3,478.6827697753906,,,,,,,,,,,,,,
gate2A_fixed_value_guided_dt,N400_noise0p05,400,0.05,6,Q-DT fixed td denoised,Q-DT,466.20083606465727,421.9223253169368,478.3865908773132,0.7841864285009454,0.2096875,0.6490499782855885,22.5109375,none,32128.701171875,td,True,2000.0,0.1,,,,,,,,,,
gate2A_fixed_value_guided_dt,N400_noise0p05,400,0.05,6,Q-DT fixed td denoised support top3,Q-DT,475.60403668766753,421.9223253169368,478.3865908773132,0.9507200853135992,0.0,0.7544786564599185,27.9771875,top3,32128.701171875,td,True,2000.0,0.1,,,,,,,,,,
gate2A_fixed_value_guided_dt,N400_noise0p05,400,0.05,6,Q-DT fixed q_sa,Q-DT,457.19014213838136,421.9223253169368,478.3865908773132,0.6246041894184073,0.4234375,0.469674193653781,14.8128125,none,28888.263671875,q_sa,False,2000.0,0.1,,,,,,,,,,
gate2A_fixed_value_guided_dt,N400_noise0p05,400,0.05,6,Q-DT fixed q_sa support top3,Q-DT,475.5425479479582,421.9223253169368,478.3865908773132,0.9496311002874224,0.0,0.7641044578409065,29.67625,top3,28888.263671875,q_sa,False,2000.0,0.1,,,,,,,,,,
gate2B_iql,N400_noise0p05,400,0.05,6,IQL expectile0.7 beta3,IQL,459.3003584987327,421.9223253169368,478.3865908773132,0.661976788519956,0.3815625,0.4829364062862431,16.8478125,none,,,,,,2000.0,0.7,3.0,20.0,271.2549682617188,169.06688766479493,0.7657644510269165,5.4856713056564335,,
gate2B_iql,N400_noise0p05,400,0.05,6,IQL expectile0.7 beta3 support top3,IQL,476.64535917479066,421.9223253169368,478.3865908773132,0.9691622358806627,0.0,0.7653249172105803,28.114375,top3,,,,,,2000.0,0.7,3.0,20.0,271.2549682617188,169.06688766479493,0.7657644510269165,5.4856713056564335,,
gate2C_support_mask,N400_noise0p05,400,0.05,7,Structured DT,DT,457.3305544890955,418.644374990045,476.3341035189663,0.6705904237295236,0.2840625,0.6100953611455023,27.6284375,none,649.3828125,,,,,,,,,,,,,,
gate2C_support_mask,N400_noise0p05,400,0.05,7,Structured DT support count>=1,DT,462.2799649491888,418.644374990045,476.3341035189663,0.7563840404842286,0.0,0.7753160364471557,36.200625,count>=1,649.3828125,,,,,,,,,,,,,,
gate2C_support_mask,N400_noise0p05,400,0.05,7,Structured DT support top3,DT,462.2799649491888,418.644374990045,476.3341035189663,0.7563840404842286,0.0,0.7753160364471557,36.200625,top3,649.3828125,,,,,,,,,,,,,,
gate2C_support_mask,N400_noise0p05,400,0.05,7,Vanilla DT,DT,439.8716702648779,418.644374990045,476.3341035189663,0.3679562344307292,0.279375,0.5761997472722081,35.451875,none,473.3421325683594,,,,,,,,,,,,,,
gate2C_support_mask,N400_noise0p05,400,0.05,7,Vanilla DT support top3,DT,451.7044914141311,418.644374990045,476.3341035189663,0.5730676372920052,0.0,0.7377111981541101,34.5515625,top3,473.3421325683594,,,,,,,,,,,,,,
gate2A_fixed_value_guided_dt,N400_noise0p05,400,0.05,7,Q-DT fixed td denoised,Q-DT,464.8515406356113,418.644374990045,476.3341035189663,0.8009600118399153,0.2853125,0.5898333207706846,14.9315625,none,25690.734375,td,True,2000.0,0.1,,,,,,,,,,
gate2A_fixed_value_guided_dt,N400_noise0p05,400,0.05,7,Q-DT fixed td denoised support top3,Q-DT,473.2688346257521,418.644374990045,476.3341035189663,0.9468662971489364,0.0,0.7387469939891926,26.03375,top3,25690.734375,td,True,2000.0,0.1,,,,,,,,,,
gate2A_fixed_value_guided_dt,N400_noise0p05,400,0.05,7,Q-DT fixed q_sa,Q-DT,461.4929932665409,418.644374990045,476.3341035189663,0.7427425881370682,0.4946875,0.3891381197754026,12.863125,none,23576.8046875,q_sa,False,2000.0,0.1,,,,,,,,,,
gate2A_fixed_value_guided_dt,N400_noise0p05,400,0.05,7,Q-DT fixed q_sa support top3,Q-DT,469.09290812292426,418.644374990045,476.3341035189663,0.8744803350493868,0.0,0.7647769650922652,32.9065625,top3,23576.8046875,q_sa,False,2000.0,0.1,,,,,,,,,,
gate2B_iql,N400_noise0p05,400,0.05,7,IQL expectile0.7 beta3,IQL,458.4265400458959,418.644374990045,476.3341035189663,0.6895883560261009,0.5890625,0.4167450823033927,7.7109375,none,,,,,,2000.0,0.7,3.0,20.0,183.9998504638672,133.66618690490722,0.7903455257415771,5.731607508659363,,
gate2B_iql,N400_noise0p05,400,0.05,7,IQL expectile0.7 beta3 support top3,IQL,473.2296836379157,418.644374990045,476.3341035189663,0.9461876496871672,0.0,0.7477045706250738,26.788125,top3,,,,,,2000.0,0.7,3.0,20.0,183.9998504638672,133.66618690490722,0.7903455257415771,5.731607508659363,,
gate2C_support_mask,N400_noise0p05,400,0.05,8,Structured DT,DT,458.83303357474136,422.931340639083,479.9511404087543,0.6296355490668422,0.3790625,0.5333117815774706,35.7496875,none,624.277099609375,,,,,,,,,,,,,,
gate2C_support_mask,N400_noise0p05,400,0.05,8,Structured DT support count>=1,DT,465.0241408368238,422.931340639083,479.9511404087543,0.7382137497460993,0.0,0.8129304741550487,45.2903125,count>=1,624.277099609375,,,,,,,,,,,,,,
gate2C_support_mask,N400_noise0p05,400,0.05,8,Structured DT support top3,DT,465.0241408368238,422.931340639083,479.9511404087543,0.7382137497460993,0.0,0.8129304741550487,45.2903125,top3,624.277099609375,,,,,,,,,,,,,,
gate2C_support_mask,N400_noise0p05,400,0.05,8,Vanilla DT,DT,448.161786704716,422.931340639083,479.9511404087543,0.4424857008889918,0.341875,0.6215143203023179,32.8453125,none,480.2220764160156,,,,,,,,,,,,,,
gate2C_support_mask,N400_noise0p05,400,0.05,8,Vanilla DT support top3,DT,455.3155147833074,422.931340639083,479.9511404087543,0.5679461217864453,0.0,0.7998641683348751,46.8909375,top3,480.2220764160156,,,,,,,,,,,,,,
gate2A_fixed_value_guided_dt,N400_noise0p05,400,0.05,8,Q-DT fixed td denoised,Q-DT,465.55559007677135,422.931340639083,479.9511404087543,0.7475341830358394,0.415,0.4588127798394367,15.675,none,39040.5625,td,True,2000.0,0.1,,,,,,,,,,
gate2A_fixed_value_guided_dt,N400_noise0p05,400,0.05,8,Q-DT fixed td denoised support top3,Q-DT,476.6684285252174,422.931340639083,479.9511404087543,0.9424285617136988,0.0,0.7790820864464072,33.3296875,top3,39040.5625,td,True,2000.0,0.1,,,,,,,,,,
gate2A_fixed_value_guided_dt,N400_noise0p05,400,0.05,8,Q-DT fixed q_sa,Q-DT,452.8060922012375,422.931340639083,479.9511404087543,0.5239364515980788,0.465,0.3872528449360936,13.3815625,none,35034.19140625,q_sa,False,2000.0,0.1,,,,,,,,,,
gate2A_fixed_value_guided_dt,N400_noise0p05,400,0.05,8,Q-DT fixed q_sa support top3,Q-DT,476.137063701794,422.931340639083,479.9511404087543,0.9331096089013464,0.0,0.7914561560285471,33.053125,top3,35034.19140625,q_sa,False,2000.0,0.1,,,,,,,,,,
gate2B_iql,N400_noise0p05,400,0.05,8,IQL expectile0.7 beta3,IQL,465.63491465437454,422.931340639083,479.9511404087543,0.7489253590470428,0.248125,0.5318527631704553,23.83625,none,,,,,,2000.0,0.7,3.0,20.0,147.6714714050293,219.6897766113281,3.268882751464844,6.273882532119751,,
gate2B_iql,N400_noise0p05,400,0.05,8,IQL expectile0.7 beta3 support top3,IQL,473.3967075329448,422.931340639083,479.9511404087543,0.8850498791246946,0.0,0.7298763818266828,30.6575,top3,,,,,,2000.0,0.7,3.0,20.0,147.6714714050293,219.6897766113281,3.268882751464844,6.273882532119751,,
gate2C_support_mask,N400_noise0p05,400,0.05,9,Structured DT,DT,454.1859263125379,423.4552510574188,479.20761072352025,0.5511995445423987,0.4359375,0.4665422059361372,26.99875,none,606.96826171875,,,,,,,,,,,,,,
gate2C_support_mask,N400_noise0p05,400,0.05,9,Structured DT support count>=1,DT,463.323391547317,423.4552510574188,479.20761072352025,0.7150933292988283,0.0,0.7706842617088246,33.325,count>=1,606.96826171875,,,,,,,,,,,,,,
gate2C_support_mask,N400_noise0p05,400,0.05,9,Structured DT support top3,DT,463.323391547317,423.4552510574188,479.20761072352025,0.7150933292988283,0.0,0.7706842617088246,33.325,top3,606.96826171875,,,,,,,,,,,,,,
gate2C_support_mask,N400_noise0p05,400,0.05,9,Vanilla DT,DT,447.41552394971205,423.4552510574188,479.20761072352025,0.4297624896199972,0.2671875,0.6386244947456374,49.8040625,none,478.75,,,,,,,,,,,,,,
gate2C_support_mask,N400_noise0p05,400,0.05,9,Vanilla DT support top3,DT,457.9181031477898,423.4552510574188,479.20761072352025,0.6181415871322324,0.0,0.8094697383914172,44.671875,top3,478.75,,,,,,,,,,,,,,
gate2A_fixed_value_guided_dt,N400_noise0p05,400,0.05,9,Q-DT fixed td denoised,Q-DT,461.04937989170224,423.4552510574188,479.20761072352025,0.6743056089362517,0.4534375,0.4783376494991122,35.4903125,none,30288.60546875,td,True,2000.0,0.1,,,,,,,,,,
gate2A_fixed_value_guided_dt,N400_noise0p05,400,0.05,9,Q-DT fixed td denoised support top3,Q-DT,475.6929250025431,423.4552510574188,479.20761072352025,0.9369589782024208,0.0,0.7747839136118664,30.67,top3,30288.60546875,td,True,2000.0,0.1,,,,,,,,,,
gate2A_fixed_value_guided_dt,N400_noise0p05,400,0.05,9,Q-DT fixed q_sa,Q-DT,449.0653620391808,423.4552510574188,479.20761072352025,0.4593547454339124,0.6978125,0.2458308431505624,7.0828125,none,27425.775390625,q_sa,False,2000.0,0.1,,,,,,,,,,
gate2A_fixed_value_guided_dt,N400_noise0p05,400,0.05,9,Q-DT fixed q_sa support top3,Q-DT,477.27635758843405,423.4552510574188,479.20761072352025,0.9653601543207788,0.0,0.7616527466335066,30.0465625,top3,27425.775390625,q_sa,False,2000.0,0.1,,,,,,,,,,
gate2B_iql,N400_noise0p05,400,0.05,9,IQL expectile0.7 beta3,IQL,456.9050698913733,423.4552510574188,479.20761072352025,0.5999713560875998,0.299375,0.5298449391714468,32.3084375,none,,,,,,2000.0,0.7,3.0,20.0,255.06180877685543,376.07196350097655,1.2022270441055298,5.572402596473694,,
gate2B_iql,N400_noise0p05,400,0.05,9,IQL expectile0.7 beta3 support top3,IQL,476.1062095308154,423.4552510574188,479.20761072352025,0.9443718398417756,0.0,0.7675125118615119,29.2059375,top3,,,,,,2000.0,0.7,3.0,20.0,255.06180877685543,376.07196350097655,1.2022270441055298,5.572402596473694,,
gate2C_support_mask,N400_noise0p2,400,0.2,0,Structured DT,DT,466.7013093695416,421.4891710594284,479.2131268458336,0.7832474003931873,0.2178125,0.5682363135038799,19.3175,none,695.5692749023438,,,,,,,,,,,,,,
gate2C_support_mask,N400_noise0p2,400,0.2,0,Structured DT support count>=1,DT,470.9971535375877,421.4891710594284,479.2131268458336,0.8576678746923156,0.0,0.7658122663899232,32.3903125,count>=1,695.5692749023438,,,,,,,,,,,,,,
gate2C_support_mask,N400_noise0p2,400,0.2,0,Structured DT support top3,DT,470.9971535375877,421.4891710594284,479.2131268458336,0.8576678746923156,0.0,0.7658122663899232,32.3903125,top3,695.5692749023438,,,,,,,,,,,,,,
gate2C_support_mask,N400_noise0p2,400,0.2,0,Vanilla DT,DT,455.7112381542753,421.4891710594284,479.2131268458336,0.5928572743953675,0.0778125,0.7636739989491499,52.70375,none,491.3634338378906,,,,,,,,,,,,,,
gate2C_support_mask,N400_noise0p2,400,0.2,0,Vanilla DT support top3,DT,455.6096923531112,421.4891710594284,479.2131268458336,0.5910981121934579,0.0,0.8159088227539069,53.8390625,top3,491.3634338378906,,,,,,,,,,,,,,
gate2A_fixed_value_guided_dt,N400_noise0p2,400,0.2,0,Q-DT fixed td denoised,Q-DT,466.4487707683664,421.4891710594284,479.2131268458336,0.7788724645847401,0.3146875,0.5230265481459163,16.1728125,none,25591.58203125,td,True,2000.0,0.1,,,,,,,,,,
gate2A_fixed_value_guided_dt,N400_noise0p2,400,0.2,0,Q-DT fixed td denoised support top3,Q-DT,474.04778663695936,421.4891710594284,479.2131268458336,0.9105165240582708,0.0,0.7424646115372354,26.1053125,top3,25591.58203125,td,True,2000.0,0.1,,,,,,,,,,
gate2A_fixed_value_guided_dt,N400_noise0p2,400,0.2,0,Q-DT fixed q_sa,Q-DT,464.50262634692,421.4891710594284,479.2131268458336,0.7451577893700397,0.4040625,0.4521149763261285,16.7465625,none,23707.224609375,q_sa,False,2000.0,0.1,,,,,,,,,,
gate2A_fixed_value_guided_dt,N400_noise0p2,400,0.2,0,Q-DT fixed q_sa support top3,Q-DT,472.4673812721269,421.4891710594284,479.2131268458336,0.8831378501039006,0.0,0.7632824400309809,31.115625,top3,23707.224609375,q_sa,False,2000.0,0.1,,,,,,,,,,
gate2B_iql,N400_noise0p2,400,0.2,0,IQL expectile0.7 beta3,IQL,461.27798175425136,421.4891710594284,479.2131268458336,0.6892945944670302,0.2784375,0.3922176250056678,14.3753125,none,,,,,,2000.0,0.7,3.0,20.0,240.4806381225586,107.08003425598145,1.0966645538806916,6.299682044982911,,
gate2B_iql,N400_noise0p2,400,0.2,0,IQL expectile0.7 beta3 support top3,IQL,469.13949584093285,421.4891710594284,479.2131268458336,0.8254861284598027,0.0,0.6539706152396704,35.39375,top3,,,,,,2000.0,0.7,3.0,20.0,240.4806381225586,107.08003425598145,1.0966645538806916,6.299682044982911,,
gate2C_support_mask,N400_noise0p2,400,0.2,1,Structured DT,DT,462.4543229649816,422.7909092428097,479.07216495487467,0.7047357636277692,0.3728125,0.4604188143943516,26.9071875,none,650.6212158203125,,,,,,,,,,,,,,
gate2C_support_mask,N400_noise0p2,400,0.2,1,Structured DT support count>=1,DT,466.8335838415336,422.7909092428097,479.07216495487467,0.7825460544811993,0.0,0.7345030041656523,25.408125,count>=1,650.6212158203125,,,,,,,,,,,,,,
gate2C_support_mask,N400_noise0p2,400,0.2,1,Structured DT support top3,DT,466.8335838415336,422.7909092428097,479.07216495487467,0.7825460544811993,0.0,0.7345030041656523,25.408125,top3,650.6212158203125,,,,,,,,,,,,,,
gate2C_support_mask,N400_noise0p2,400,0.2,1,Vanilla DT,DT,451.141790774431,422.7909092428097,479.07216495487467,0.5037357673159335,0.0459375,0.7969889794935835,56.4084375,none,485.8995971679688,,,,,,,,,,,,,,
gate2C_support_mask,N400_noise0p2,400,0.2,1,Vanilla DT support top3,DT,453.3765912030966,422.7909092428097,479.07216495487467,0.5434434888369112,0.0,0.8197729241385413,54.889375,top3,485.8995971679688,,,,,,,,,,,,,,
gate2A_fixed_value_guided_dt,N400_noise0p2,400,0.2,1,Q-DT fixed td denoised,Q-DT,462.6316186189025,422.7909092428097,479.07216495487467,0.707885935948514,0.4834375,0.3909848885328224,13.916875,none,32090.298828125,td,True,2000.0,0.1,,,,,,,,,,
gate2A_fixed_value_guided_dt,N400_noise0p2,400,0.2,1,Q-DT fixed td denoised support top3,Q-DT,473.815781843242,422.7909092428097,479.07216495487467,0.9066050846746494,0.0,0.7575804645146093,26.4525,top3,32090.298828125,td,True,2000.0,0.1,,,,,,,,,,
gate2A_fixed_value_guided_dt,N400_noise0p2,400,0.2,1,Q-DT fixed q_sa,Q-DT,463.54554000473416,422.7909092428097,479.07216495487467,0.7241244042319392,0.34375,0.4951819331718228,14.8990625,none,28999.87890625,q_sa,False,2000.0,0.1,,,,,,,,,,
gate2A_fixed_value_guided_dt,N400_noise0p2,400,0.2,1,Q-DT fixed q_sa support top3,Q-DT,474.8155068363693,422.7909092428097,479.07216495487467,0.9243681032938847,0.0,0.7549447481767263,28.0190625,top3,28999.87890625,q_sa,False,2000.0,0.1,,,,,,,,,,
gate2B_iql,N400_noise0p2,400,0.2,1,IQL expectile0.7 beta3,IQL,443.6755263761322,422.7909092428097,479.07216495487467,0.3710758914152213,0.51,0.3342229117214031,10.49125,none,,,,,,2000.0,0.7,3.0,20.0,382.5615753173828,294.2177398681641,0.7250801891088485,4.435959529876709,,
gate2B_iql,N400_noise0p2,400,0.2,1,IQL expectile0.7 beta3 support top3,IQL,466.1212506378573,422.7909092428097,479.07216495487467,0.7698893858503397,0.0,0.7414827941987437,50.7778125,top3,,,,,,2000.0,0.7,3.0,20.0,382.5615753173828,294.2177398681641,0.7250801891088485,4.435959529876709,,
gate2C_support_mask,N400_noise0p2,400,0.2,2,Structured DT,DT,457.93381425895984,417.1824539201058,474.5590275047475,0.710243881655599,0.4146875,0.4443818974795658,16.625625,none,659.6668090820312,,,,,,,,,,,,,,
gate2C_support_mask,N400_noise0p2,400,0.2,2,Structured DT support count>=1,DT,463.8226479987811,417.1824539201058,474.5590275047475,0.8128786918562133,0.0,0.7512123553889869,31.156875,count>=1,659.6668090820312,,,,,,,,,,,,,,
gate2C_support_mask,N400_noise0p2,400,0.2,2,Structured DT support top3,DT,463.8226479987811,417.1824539201058,474.5590275047475,0.8128786918562133,0.0,0.7512123553889869,31.156875,top3,659.6668090820312,,,,,,,,,,,,,,
gate2C_support_mask,N400_noise0p2,400,0.2,2,Vanilla DT,DT,452.2129547948906,417.1824539201058,474.5590275047475,0.6105366473846323,0.0575,0.7452982416104522,54.1659375,none,481.9655456542969,,,,,,,,,,,,,,
gate2C_support_mask,N400_noise0p2,400,0.2,2,Vanilla DT support top3,DT,450.8047235625656,417.1824539201058,474.5590275047475,0.5859929853228407,0.0,0.7852233940780227,55.8790625,top3,481.9655456542969,,,,,,,,,,,,,,
gate2A_fixed_value_guided_dt,N400_noise0p2,400,0.2,2,Q-DT fixed td denoised,Q-DT,462.5484600131033,417.1824539201058,474.5590275047475,0.7906712314577957,0.311875,0.6088349621727139,18.9796875,none,30564.763671875,td,True,2000.0,0.1,,,,,,,,,,
gate2A_fixed_value_guided_dt,N400_noise0p2,400,0.2,2,Q-DT fixed td denoised support top3,Q-DT,469.4504525556996,417.1824539201058,474.5590275047475,0.9109640985878712,0.0,0.7496251395722937,26.4946875,top3,30564.763671875,td,True,2000.0,0.1,,,,,,,,,,
gate2A_fixed_value_guided_dt,N400_noise0p2,400,0.2,2,Q-DT fixed q_sa,Q-DT,460.8518013746882,417.1824539201058,474.5590275047475,0.7611006500791047,0.3059375,0.5250975332374131,13.365625,none,27766.966796875,q_sa,False,2000.0,0.1,,,,,,,,,,
gate2A_fixed_value_guided_dt,N400_noise0p2,400,0.2,2,Q-DT fixed q_sa support top3,Q-DT,469.4829900936868,417.1824539201058,474.5590275047475,0.9115311860933528,0.0,0.7566057413688887,27.5059375,top3,27766.966796875,q_sa,False,2000.0,0.1,,,,,,,,,,
gate2B_iql,N400_noise0p2,400,0.2,2,IQL expectile0.7 beta3,IQL,448.19334813158025,417.1824539201058,474.5590275047475,0.540480064842619,0.4009375,0.3413852814919533,8.916875,none,,,,,,2000.0,0.7,3.0,20.0,233.62383880615235,84.07612495422363,1.0238989919424055,5.258950424194336,,
gate2B_iql,N400_noise0p2,400,0.2,2,IQL expectile0.7 beta3 support top3,IQL,465.6692336411477,417.1824539201058,474.5590275047475,0.8450623083916717,0.0,0.6819362660519832,24.989375,top3,,,,,,2000.0,0.7,3.0,20.0,233.62383880615235,84.07612495422363,1.0238989919424055,5.258950424194336,,
gate2C_support_mask,N400_noise0p2,400,0.2,3,Structured DT,DT,465.0854648058358,423.1047405366476,479.3865548020198,0.7459021145133399,0.305,0.5883802024196682,25.033125,none,653.5397338867188,,,,,,,,,,,,,,
gate2C_support_mask,N400_noise0p2,400,0.2,3,Structured DT support count>=1,DT,467.83126465844447,423.1047405366476,479.3865548020198,0.7946887410364663,0.0,0.783387918721528,36.1528125,count>=1,653.5397338867188,,,,,,,,,,,,,,
gate2C_support_mask,N400_noise0p2,400,0.2,3,Structured DT support top3,DT,467.83126465844447,423.1047405366476,479.3865548020198,0.7946887410364663,0.0,0.783387918721528,36.1528125,top3,653.5397338867188,,,,,,,,,,,,,,
gate2C_support_mask,N400_noise0p2,400,0.2,3,Vanilla DT,DT,458.4528639601096,423.1047405366476,479.3865548020198,0.628055862890158,0.041875,0.7600044967010154,49.391875,none,491.9343872070313,,,,,,,,,,,,,,
gate2C_support_mask,N400_noise0p2,400,0.2,3,Vanilla DT support top3,DT,458.7013761349619,423.1047405366476,479.3865548020198,0.632471359762391,0.0,0.8101368076495334,51.6503125,top3,491.9343872070313,,,,,,,,,,,,,,
gate2A_fixed_value_guided_dt,N400_noise0p2,400,0.2,3,Q-DT fixed td denoised,Q-DT,459.6341984708495,423.1047405366476,479.3865548020198,0.6490454938421725,0.5146875,0.3126530775688357,10.2265625,none,43384.5078125,td,True,2000.0,0.1,,,,,,,,,,
gate2A_fixed_value_guided_dt,N400_noise0p2,400,0.2,3,Q-DT fixed td denoised support top3,Q-DT,476.0266143353848,423.1047405366476,479.3865548020198,0.940301489735339,0.0,0.7351091542073113,25.8890625,top3,43384.5078125,td,True,2000.0,0.1,,,,,,,,,,
gate2A_fixed_value_guided_dt,N400_noise0p2,400,0.2,3,Q-DT fixed q_sa,Q-DT,460.745214783105,423.1047405366476,479.3865548020198,0.6687857301291017,0.4146875,0.4010918245948489,15.6721875,none,39440.96484375,q_sa,False,2000.0,0.1,,,,,,,,,,
gate2A_fixed_value_guided_dt,N400_noise0p2,400,0.2,3,Q-DT fixed q_sa support top3,Q-DT,474.6579984549096,423.1047405366476,479.3865548020198,0.9159842942373032,0.0,0.76550204737932,32.5965625,top3,39440.96484375,q_sa,False,2000.0,0.1,,,,,,,,,,
gate2B_iql,N400_noise0p2,400,0.2,3,IQL expectile0.7 beta3,IQL,458.1036773972215,423.1047405366476,479.3865548020198,0.6218516108160932,0.6084375,0.3300637720943583,8.15625,none,,,,,,2000.0,0.7,3.0,20.0,255.4155075073242,328.5632949829102,0.4196686223149299,5.361319279670715,,
gate2B_iql,N400_noise0p2,400,0.2,3,IQL expectile0.7 beta3 support top3,IQL,479.0166742104837,423.1047405366476,479.3865548020198,0.9934280620416364,0.0,0.7718386935618892,28.233125,top3,,,,,,2000.0,0.7,3.0,20.0,255.4155075073242,328.5632949829102,0.4196686223149299,5.361319279670715,,
gate2C_support_mask,N400_noise0p2,400,0.2,4,Structured DT,DT,467.29995647003466,427.2545943129383,483.248496641775,0.7151736259052112,0.163125,0.6124869715613409,21.759375,none,647.4295654296875,,,,,,,,,,,,,,
gate2C_support_mask,N400_noise0p2,400,0.2,4,Structured DT support count>=1,DT,471.6992847340116,427.2545943129383,483.248496641775,0.7937416142218835,0.0,0.7187115992293636,29.881875,count>=1,647.4295654296875,,,,,,,,,,,,,,
gate2C_support_mask,N400_noise0p2,400,0.2,4,Structured DT support top3,DT,471.6992847340116,427.2545943129383,483.248496641775,0.7937416142218835,0.0,0.7187115992293636,29.881875,top3,647.4295654296875,,,,,,,,,,,,,,
gate2C_support_mask,N400_noise0p2,400,0.2,4,Vanilla DT,DT,456.7414978778239,427.2545943129383,483.248496641775,0.5266091902599888,0.066875,0.7744864922907067,49.1196875,none,495.4952392578125,,,,,,,,,,,,,,
gate2C_support_mask,N400_noise0p2,400,0.2,4,Vanilla DT support top3,DT,458.5219690148525,427.2545943129383,483.248496641775,0.5584067800506135,0.0,0.8006418173321547,49.58625,top3,495.4952392578125,,,,,,,,,,,,,,
gate2A_fixed_value_guided_dt,N400_noise0p2,400,0.2,4,Q-DT fixed td denoised,Q-DT,468.7891659107093,427.2545943129383,483.248496641775,0.7417695475812691,0.2790625,0.603028064191805,23.0446875,none,28312.6875,td,True,2000.0,0.1,,,,,,,,,,
gate2A_fixed_value_guided_dt,N400_noise0p2,400,0.2,4,Q-DT fixed td denoised support top3,Q-DT,477.2165151777031,427.2545943129383,483.248496641775,0.8922743153594171,0.0,0.753362276200678,27.620625,top3,28312.6875,td,True,2000.0,0.1,,,,,,,,,,
gate2A_fixed_value_guided_dt,N400_noise0p2,400,0.2,4,Q-DT fixed q_sa,Q-DT,472.20824456775,427.2545943129383,483.248496641775,0.8028311724160851,0.280625,0.5665589964511075,19.7890625,none,25770.625,q_sa,False,2000.0,0.1,,,,,,,,,,
gate2A_fixed_value_guided_dt,N400_noise0p2,400,0.2,4,Q-DT fixed q_sa support top3,Q-DT,475.97708475938816,427.2545943129383,483.248496641775,0.8701392190941825,0.0,0.7751948448102064,35.7890625,top3,25770.625,q_sa,False,2000.0,0.1,,,,,,,,,,
gate2B_iql,N400_noise0p2,400,0.2,4,IQL expectile0.7 beta3,IQL,467.2811665237573,427.2545943129383,483.248496641775,0.7148380546109117,0.33,0.4030196135715365,12.7346875,none,,,,,,2000.0,0.7,3.0,20.0,509.6956359863281,787.5264709472656,0.5662337124347687,4.578503274917603,,
gate2B_iql,N400_noise0p2,400,0.2,4,IQL expectile0.7 beta3 support top3,IQL,479.16965061445205,427.2545943129383,483.248496641775,0.9271555319833044,0.0,0.6873029794977826,25.87875,top3,,,,,,2000.0,0.7,3.0,20.0,509.6956359863281,787.5264709472656,0.5662337124347687,4.578503274917603,,
gate2C_support_mask,N400_noise0p2,400,0.2,5,Structured DT,DT,465.72339522733387,420.5620190232593,478.5366511066638,0.778985128169571,0.199375,0.6201367707360825,25.27125,none,651.4422607421875,,,,,,,,,,,,,,
gate2C_support_mask,N400_noise0p2,400,0.2,5,Structured DT support count>=1,DT,467.0161166544864,420.5620190232593,478.5366511066638,0.8012831813127588,0.0,0.7774735867814411,35.606875,count>=1,651.4422607421875,,,,,,,,,,,,,,
gate2C_support_mask,N400_noise0p2,400,0.2,5,Structured DT support top3,DT,467.0161166544864,420.5620190232593,478.5366511066638,0.8012831813127588,0.0,0.7774735867814411,35.606875,top3,651.4422607421875,,,,,,,,,,,,,,
gate2C_support_mask,N400_noise0p2,400,0.2,5,Vanilla DT,DT,458.2482469753398,420.5620190232593,478.5366511066638,0.6500468670135526,0.040625,0.7970094065842779,51.4496875,none,493.29595947265625,,,,,,,,,,,,,,
gate2C_support_mask,N400_noise0p2,400,0.2,5,Vanilla DT support top3,DT,457.6715389876155,420.5620190232593,478.5366511066638,0.6400992749892584,0.0,0.8272533007446147,51.0859375,top3,493.29595947265625,,,,,,,,,,,,,,
gate2A_fixed_value_guided_dt,N400_noise0p2,400,0.2,5,Q-DT fixed td denoised,Q-DT,460.60992662976633,420.5620190232593,478.5366511066638,0.6907832989589757,0.35,0.5497239645419557,18.1815625,none,36827.9609375,td,True,2000.0,0.1,,,,,,,,,,
gate2A_fixed_value_guided_dt,N400_noise0p2,400,0.2,5,Q-DT fixed td denoised support top3,Q-DT,474.4276897211429,420.5620190232593,478.5366511066638,0.929124838953535,0.0,0.7649236449186312,29.7575,top3,36827.9609375,td,True,2000.0,0.1,,,,,,,,,,
gate2A_fixed_value_guided_dt,N400_noise0p2,400,0.2,5,Q-DT fixed q_sa,Q-DT,457.8047765320541,420.5620190232593,478.5366511066638,0.6423974792149777,0.4146875,0.4431379929591914,17.1115625,none,33323.921875,q_sa,False,2000.0,0.1,,,,,,,,,,
gate2A_fixed_value_guided_dt,N400_noise0p2,400,0.2,5,Q-DT fixed q_sa support top3,Q-DT,475.3239848322309,420.5620190232593,478.5366511066638,0.9445849648547832,0.0,0.7776420882545182,32.050625,top3,33323.921875,q_sa,False,2000.0,0.1,,,,,,,,,,
gate2B_iql,N400_noise0p2,400,0.2,5,IQL expectile0.7 beta3,IQL,452.4341115511274,420.5620190232593,478.5366511066638,0.5497592892356047,0.6765625,0.2362217383882979,6.526875,none,,,,,,2000.0,0.7,3.0,20.0,312.4144683837891,251.39242935180664,0.3041227884590626,4.790808928012848,,
gate2B_iql,N400_noise0p2,400,0.2,5,IQL expectile0.7 beta3 support top3,IQL,477.8839206510116,420.5620190232593,478.5366511066638,0.9887411022339364,0.0,0.7863407279935979,30.919375,top3,,,,,,2000.0,0.7,3.0,20.0,312.4144683837891,251.39242935180664,0.3041227884590626,4.790808928012848,,
gate2C_support_mask,N400_noise0p2,400,0.2,6,Structured DT,DT,464.537652317887,421.9223253169368,478.3865908773132,0.7547309183607874,0.2409375,0.6020350187667328,21.014375,none,685.24365234375,,,,,,,,,,,,,,
gate2C_support_mask,N400_noise0p2,400,0.2,6,Structured DT support count>=1,DT,470.9465003388445,421.9223253169368,478.3865908773132,0.8682336436216808,0.0,0.7833624763532402,32.5721875,count>=1,685.24365234375,,,,,,,,,,,,,,
gate2C_support_mask,N400_noise0p2,400,0.2,6,Structured DT support top3,DT,470.9465003388445,421.9223253169368,478.3865908773132,0.8682336436216808,0.0,0.7833624763532402,32.5721875,top3,685.24365234375,,,,,,,,,,,,,,
gate2C_support_mask,N400_noise0p2,400,0.2,6,Vanilla DT,DT,458.1237204310817,421.9223253169368,478.3865908773132,0.6411381562279481,0.0453125,0.7981627875988891,52.5159375,none,490.0906066894531,,,,,,,,,,,,,,
gate2C_support_mask,N400_noise0p2,400,0.2,6,Vanilla DT support top3,DT,458.0889927975558,421.9223253169368,478.3865908773132,0.6405231188555277,0.0,0.8335197238935242,52.3196875,top3,490.0906066894531,,,,,,,,,,,,,,
gate2A_fixed_value_guided_dt,N400_noise0p2,400,0.2,6,Q-DT fixed td denoised,Q-DT,466.20083606465727,421.9223253169368,478.3865908773132,0.7841864285009454,0.2096875,0.6490499782855885,22.5109375,none,33091.76171875,td,True,2000.0,0.1,,,,,,,,,,
gate2A_fixed_value_guided_dt,N400_noise0p2,400,0.2,6,Q-DT fixed td denoised support top3,Q-DT,475.60403668766753,421.9223253169368,478.3865908773132,0.9507200853135992,0.0,0.7544786564599185,27.9771875,top3,33091.76171875,td,True,2000.0,0.1,,,,,,,,,,
gate2A_fixed_value_guided_dt,N400_noise0p2,400,0.2,6,Q-DT fixed q_sa,Q-DT,457.19014213838136,421.9223253169368,478.3865908773132,0.6246041894184073,0.4234375,0.469674193653781,14.8128125,none,29778.185546875,q_sa,False,2000.0,0.1,,,,,,,,,,
gate2A_fixed_value_guided_dt,N400_noise0p2,400,0.2,6,Q-DT fixed q_sa support top3,Q-DT,475.5425479479582,421.9223253169368,478.3865908773132,0.9496311002874224,0.0,0.7641044578409065,29.67625,top3,29778.185546875,q_sa,False,2000.0,0.1,,,,,,,,,,
gate2B_iql,N400_noise0p2,400,0.2,6,IQL expectile0.7 beta3,IQL,460.20842035594,421.9223253169368,478.3865908773132,0.6780588511872953,0.3646875,0.4884973951973625,17.4159375,none,,,,,,2000.0,0.7,3.0,20.0,510.2353118896484,228.4039764404297,0.7361493945121765,5.281307482719422,,
gate2B_iql,N400_noise0p2,400,0.2,6,IQL expectile0.7 beta3 support top3,IQL,476.64535917479066,421.9223253169368,478.3865908773132,0.9691622358806627,0.0,0.7653249172105803,28.114375,top3,,,,,,2000.0,0.7,3.0,20.0,510.2353118896484,228.4039764404297,0.7361493945121765,5.281307482719422,,
gate2C_support_mask,N400_noise0p2,400,0.2,7,Structured DT,DT,457.7223834915815,418.644374990045,476.3341035189663,0.6773824300793113,0.2690625,0.6187847281599179,28.4553125,none,648.0101318359375,,,,,,,,,,,,,,
gate2C_support_mask,N400_noise0p2,400,0.2,7,Structured DT support count>=1,DT,461.8242908928764,418.644374990045,476.3341035189663,0.7484853370593394,0.0,0.7783992953892366,36.66,count>=1,648.0101318359375,,,,,,,,,,,,,,
gate2C_support_mask,N400_noise0p2,400,0.2,7,Structured DT support top3,DT,461.8242908928764,418.644374990045,476.3341035189663,0.7484853370593394,0.0,0.7783992953892366,36.66,top3,648.0101318359375,,,,,,,,,,,,,,
gate2C_support_mask,N400_noise0p2,400,0.2,7,Vanilla DT,DT,452.4316120228645,418.644374990045,476.3341035189663,0.5856716246442566,0.089375,0.7372198027086015,51.500625,none,482.2167663574219,,,,,,,,,,,,,,
gate2C_support_mask,N400_noise0p2,400,0.2,7,Vanilla DT support top3,DT,449.966041944651,418.644374990045,476.3341035189663,0.5429331659777822,0.0,0.8157056022617791,53.23125,top3,482.2167663574219,,,,,,,,,,,,,,
gate2A_fixed_value_guided_dt,N400_noise0p2,400,0.2,7,Q-DT fixed td denoised,Q-DT,464.8515406356113,418.644374990045,476.3341035189663,0.8009600118399153,0.2853125,0.5898333207706846,14.9315625,none,25862.189453125,td,True,2000.0,0.1,,,,,,,,,,
gate2A_fixed_value_guided_dt,N400_noise0p2,400,0.2,7,Q-DT fixed td denoised support top3,Q-DT,473.2688346257521,418.644374990045,476.3341035189663,0.9468662971489364,0.0,0.7387469939891926,26.03375,top3,25862.189453125,td,True,2000.0,0.1,,,,,,,,,,
gate2A_fixed_value_guided_dt,N400_noise0p2,400,0.2,7,Q-DT fixed q_sa,Q-DT,461.4929932665409,418.644374990045,476.3341035189663,0.7427425881370682,0.4946875,0.3891381197754026,12.863125,none,23685.482421875,q_sa,False,2000.0,0.1,,,,,,,,,,
gate2A_fixed_value_guided_dt,N400_noise0p2,400,0.2,7,Q-DT fixed q_sa support top3,Q-DT,469.09290812292426,418.644374990045,476.3341035189663,0.8744803350493868,0.0,0.7647769650922652,32.9065625,top3,23685.482421875,q_sa,False,2000.0,0.1,,,,,,,,,,
gate2B_iql,N400_noise0p2,400,0.2,7,IQL expectile0.7 beta3,IQL,458.4265400458959,418.644374990045,476.3341035189663,0.6895883560261009,0.5890625,0.4167450823033927,7.7109375,none,,,,,,2000.0,0.7,3.0,20.0,346.96041717529295,154.47661895751952,0.7487720876932145,5.636524748802185,,
gate2B_iql,N400_noise0p2,400,0.2,7,IQL expectile0.7 beta3 support top3,IQL,473.2296836379157,418.644374990045,476.3341035189663,0.9461876496871672,0.0,0.7477045706250738,26.788125,top3,,,,,,2000.0,0.7,3.0,20.0,346.96041717529295,154.47661895751952,0.7487720876932145,5.636524748802185,,
gate2C_support_mask,N400_noise0p2,400,0.2,8,Structured DT,DT,458.2721745142036,422.931340639083,479.9511404087543,0.6197993331768646,0.3775,0.5473544874012284,39.93125,none,622.9425659179688,,,,,,,,,,,,,,
gate2C_support_mask,N400_noise0p2,400,0.2,8,Structured DT support count>=1,DT,465.0241408368238,422.931340639083,479.9511404087543,0.7382137497460993,0.0,0.8129304741550487,45.2903125,count>=1,622.9425659179688,,,,,,,,,,,,,,
gate2C_support_mask,N400_noise0p2,400,0.2,8,Structured DT support top3,DT,465.0241408368238,422.931340639083,479.9511404087543,0.7382137497460993,0.0,0.8129304741550487,45.2903125,top3,622.9425659179688,,,,,,,,,,,,,,
gate2C_support_mask,N400_noise0p2,400,0.2,8,Vanilla DT,DT,456.1086350291876,422.931340639083,479.9511404087543,0.5818556803798443,0.08125,0.7439576590217527,57.851875,none,493.18359375,,,,,,,,,,,,,,
gate2C_support_mask,N400_noise0p2,400,0.2,8,Vanilla DT support top3,DT,456.4931772665253,422.931340639083,479.9511404087543,0.5885996927911664,0.0,0.7996725208973214,57.6440625,top3,493.18359375,,,,,,,,,,,,,,
gate2A_fixed_value_guided_dt,N400_noise0p2,400,0.2,8,Q-DT fixed td denoised,Q-DT,465.55559007677135,422.931340639083,479.9511404087543,0.7475341830358394,0.415,0.4588127798394367,15.675,none,39370.98828125,td,True,2000.0,0.1,,,,,,,,,,
gate2A_fixed_value_guided_dt,N400_noise0p2,400,0.2,8,Q-DT fixed td denoised support top3,Q-DT,476.6684285252174,422.931340639083,479.9511404087543,0.9424285617136988,0.0,0.7790820864464072,33.3296875,top3,39370.98828125,td,True,2000.0,0.1,,,,,,,,,,
gate2A_fixed_value_guided_dt,N400_noise0p2,400,0.2,8,Q-DT fixed q_sa,Q-DT,452.8060922012375,422.931340639083,479.9511404087543,0.5239364515980788,0.465,0.3872528449360936,13.3815625,none,35315.875,q_sa,False,2000.0,0.1,,,,,,,,,,
gate2A_fixed_value_guided_dt,N400_noise0p2,400,0.2,8,Q-DT fixed q_sa support top3,Q-DT,476.137063701794,422.931340639083,479.9511404087543,0.9331096089013464,0.0,0.7914561560285471,33.053125,top3,35315.875,q_sa,False,2000.0,0.1,,,,,,,,,,
gate2B_iql,N400_noise0p2,400,0.2,8,IQL expectile0.7 beta3,IQL,457.07370856472977,422.931340639083,479.9511404087543,0.5987809158145632,0.5140625,0.3688008082265074,12.55625,none,,,,,,2000.0,0.7,3.0,20.0,297.7025619506836,176.73129272460938,1.4181362986564636,5.493444490432739,,
gate2B_iql,N400_noise0p2,400,0.2,8,IQL expectile0.7 beta3 support top3,IQL,474.8992654171883,422.931340639083,479.9511404087543,0.9114013901842384,0.0,0.7364715186288082,29.8890625,top3,,,,,,2000.0,0.7,3.0,20.0,297.7025619506836,176.73129272460938,1.4181362986564636,5.493444490432739,,
gate2C_support_mask,N400_noise0p2,400,0.2,9,Structured DT,DT,458.9610240445528,423.4552510574188,479.20761072352025,0.6368478966590212,0.465625,0.4496863162089575,22.591875,none,631.9380493164062,,,,,,,,,,,,,,
gate2C_support_mask,N400_noise0p2,400,0.2,9,Structured DT support count>=1,DT,465.4077766980627,423.4552510574188,479.20761072352025,0.7524798213366367,0.0,0.7652425283266078,31.9625,count>=1,631.9380493164062,,,,,,,,,,,,,,
gate2C_support_mask,N400_noise0p2,400,0.2,9,Structured DT support top3,DT,465.4077766980627,423.4552510574188,479.20761072352025,0.7524798213366367,0.0,0.7652425283266078,31.9625,top3,631.9380493164062,,,,,,,,,,,,,,
gate2C_support_mask,N400_noise0p2,400,0.2,9,Vanilla DT,DT,451.53298431401976,423.4552510574188,479.20761072352025,0.5036151550312372,0.03375,0.80577202344081,59.636875,none,493.0401916503906,,,,,,,,,,,,,,
gate2C_support_mask,N400_noise0p2,400,0.2,9,Vanilla DT support top3,DT,454.2998111121751,423.4552510574188,479.20761072352025,0.5532422347589064,0.0,0.8500913015051833,56.584375,top3,493.0401916503906,,,,,,,,,,,,,,
gate2A_fixed_value_guided_dt,N400_noise0p2,400,0.2,9,Q-DT fixed td denoised,Q-DT,461.04937989170224,423.4552510574188,479.20761072352025,0.6743056089362517,0.4534375,0.4783376494991122,35.4903125,none,29873.3203125,td,True,2000.0,0.1,,,,,,,,,,
gate2A_fixed_value_guided_dt,N400_noise0p2,400,0.2,9,Q-DT fixed td denoised support top3,Q-DT,475.6929250025431,423.4552510574188,479.20761072352025,0.9369589782024208,0.0,0.7747839136118664,30.67,top3,29873.3203125,td,True,2000.0,0.1,,,,,,,,,,
gate2A_fixed_value_guided_dt,N400_noise0p2,400,0.2,9,Q-DT fixed q_sa,Q-DT,449.0653620391808,423.4552510574188,479.20761072352025,0.4593547454339124,0.6978125,0.2458308431505624,7.0828125,none,27029.73828125,q_sa,False,2000.0,0.1,,,,,,,,,,
gate2A_fixed_value_guided_dt,N400_noise0p2,400,0.2,9,Q-DT fixed q_sa support top3,Q-DT,477.27635758843405,423.4552510574188,479.20761072352025,0.9653601543207788,0.0,0.7616527466335066,30.0465625,top3,27029.73828125,q_sa,False,2000.0,0.1,,,,,,,,,,
gate2B_iql,N400_noise0p2,400,0.2,9,IQL expectile0.7 beta3,IQL,455.66962822771416,423.4552510574188,479.20761072352025,0.5778119054193568,0.3978125,0.4834613355204166,27.2790625,none,,,,,,2000.0,0.7,3.0,20.0,455.8980712890625,441.5875640869141,1.0310569763183597,5.5970381736755375,,
gate2B_iql,N400_noise0p2,400,0.2,9,IQL expectile0.7 beta3 support top3,IQL,476.1062095308154,423.4552510574188,479.20761072352025,0.9443718398417756,0.0,0.7675125118615119,29.2059375,top3,,,,,,2000.0,0.7,3.0,20.0,455.8980712890625,441.5875640869141,1.0310569763183597,5.5970381736755375,,
gate2C_support_mask,N400_noise0p5,400,0.5,0,Structured DT,DT,465.2783847680676,421.4891710594284,479.2131268458336,0.7585968964197736,0.18875,0.614480042508264,18.780625,none,722.2866821289062,,,,,,,,,,,,,,
gate2C_support_mask,N400_noise0p5,400,0.5,0,Structured DT support count>=1,DT,469.6985977766443,421.4891710594284,479.2131268458336,0.8351719153760753,0.0,0.7690065585439192,31.5809375,count>=1,722.2866821289062,,,,,,,,,,,,,,
gate2C_support_mask,N400_noise0p5,400,0.5,0,Structured DT support top3,DT,469.6985977766443,421.4891710594284,479.2131268458336,0.8351719153760753,0.0,0.7690065585439192,31.5809375,top3,722.2866821289062,,,,,,,,,,,,,,
gate2C_support_mask,N400_noise0p5,400,0.5,0,Vanilla DT,DT,455.9546569237923,421.4891710594284,479.2131268458336,0.5970742197900616,0.0359375,0.7911608585991255,50.77,none,570.5255126953125,,,,,,,,,,,,,,
gate2C_support_mask,N400_noise0p5,400,0.5,0,Vanilla DT support top3,DT,457.0522022057181,421.4891710594284,479.2131268458336,0.6160879077290352,0.0,0.8191460304188785,52.0503125,top3,570.5255126953125,,,,,,,,,,,,,,
gate2A_fixed_value_guided_dt,N400_noise0p5,400,0.5,0,Q-DT fixed td denoised,Q-DT,469.60264110859794,421.4891710594284,479.2131268458336,0.8335095783664386,0.23875,0.5957193588092057,18.5403125,none,27319.662109375,td,True,2000.0,0.1,,,,,,,,,,
gate2A_fixed_value_guided_dt,N400_noise0p5,400,0.5,0,Q-DT fixed td denoised support top3,Q-DT,474.04778663695936,421.4891710594284,479.2131268458336,0.9105165240582708,0.0,0.7424646115372354,26.1053125,top3,27319.662109375,td,True,2000.0,0.1,,,,,,,,,,
gate2A_fixed_value_guided_dt,N400_noise0p5,400,0.5,0,Q-DT fixed q_sa,Q-DT,461.1820225733289,421.4891710594284,479.2131268458336,0.687632213924755,0.4825,0.3799622119650687,13.4359375,none,25115.1640625,q_sa,False,2000.0,0.1,,,,,,,,,,
gate2A_fixed_value_guided_dt,N400_noise0p5,400,0.5,0,Q-DT fixed q_sa support top3,Q-DT,474.2786233130267,421.4891710594284,479.2131268458336,0.9145154994043384,0.0,0.7515388799425015,29.0528125,top3,25115.1640625,q_sa,False,2000.0,0.1,,,,,,,,,,
gate2B_iql,N400_noise0p5,400,0.5,0,IQL expectile0.7 beta3,IQL,463.6240310174378,421.4891710594284,479.2131268458336,0.7299371531971957,0.4865625,0.3762808310985643,10.224375,none,,,,,,2000.0,0.7,3.0,20.0,1427.0705261230469,172.33141632080077,0.3508864283561707,5.695710158348083,,
gate2B_iql,N400_noise0p5,400,0.5,0,IQL expectile0.7 beta3 support top3,IQL,470.42863916443616,421.4891710594284,479.2131268458336,0.847819028309451,0.0,0.6480578913388522,35.6525,top3,,,,,,2000.0,0.7,3.0,20.0,1427.0705261230469,172.33141632080077,0.3508864283561707,5.695710158348083,,
gate2C_support_mask,N400_noise0p5,400,0.5,1,Structured DT,DT,459.909175925586,422.7909092428097,479.07216495487467,0.6595138330365876,0.3828125,0.4688527535857867,31.8728125,none,633.4935302734375,,,,,,,,,,,,,,
gate2C_support_mask,N400_noise0p5,400,0.5,1,Structured DT support count>=1,DT,466.4033472129775,422.7909092428097,479.07216495487467,0.7749016509739788,0.0,0.7393585553040919,25.23375,count>=1,633.4935302734375,,,,,,,,,,,,,,
gate2C_support_mask,N400_noise0p5,400,0.5,1,Structured DT support top3,DT,466.4033472129775,422.7909092428097,479.07216495487467,0.7749016509739788,0.0,0.7393585553040919,25.23375,top3,633.4935302734375,,,,,,,,,,,,,,
gate2C_support_mask,N400_noise0p5,400,0.5,1,Vanilla DT,DT,449.4011605834456,422.7909092428097,479.07216495487467,0.4728084155899789,0.0240625,0.8193008846224722,57.2284375,none,594.5242919921875,,,,,,,,,,,,,,
gate2C_support_mask,N400_noise0p5,400,0.5,1,Vanilla DT support top3,DT,452.2659300717765,422.7909092428097,479.07216495487467,0.5237093674626064,0.0,0.8239441292168803,56.4596875,top3,594.5242919921875,,,,,,,,,,,,,,
gate2A_fixed_value_guided_dt,N400_noise0p5,400,0.5,1,Q-DT fixed td denoised,Q-DT,463.2895043008359,422.7909092428097,479.07216495487467,0.719575186190179,0.4290625,0.4419138479714308,18.0796875,none,33058.77734375,td,True,2000.0,0.1,,,,,,,,,,
gate2A_fixed_value_guided_dt,N400_noise0p5,400,0.5,1,Q-DT fixed td denoised support top3,Q-DT,473.34753649477295,422.7909092428097,479.07216495487467,0.8982853458460678,0.0,0.7474852105039141,25.8115625,top3,33058.77734375,td,True,2000.0,0.1,,,,,,,,,,
gate2A_fixed_value_guided_dt,N400_noise0p5,400,0.5,1,Q-DT fixed q_sa,Q-DT,462.7141687134316,422.7909092428097,479.07216495487467,0.7093526781788477,0.3596875,0.4863710565484463,14.798125,none,30118.453125,q_sa,False,2000.0,0.1,,,,,,,,,,
gate2A_fixed_value_guided_dt,N400_noise0p5,400,0.5,1,Q-DT fixed q_sa support top3,Q-DT,474.8155068363693,422.7909092428097,479.07216495487467,0.9243681032938847,0.0,0.7549447481767263,28.0190625,top3,30118.453125,q_sa,False,2000.0,0.1,,,,,,,,,,
gate2B_iql,N400_noise0p5,400,0.5,1,IQL expectile0.7 beta3,IQL,447.0076485736233,422.7909092428097,479.07216495487467,0.4302807217860692,0.43875,0.4019085884098372,10.56125,none,,,,,,2000.0,0.7,3.0,20.0,1745.3579711914062,509.4521240234375,0.6761413171887398,4.745772194862366,,
gate2B_iql,N400_noise0p5,400,0.5,1,IQL expectile0.7 beta3 support top3,IQL,471.053479596588,422.7909092428097,479.07216495487467,0.8575247610090596,0.0,0.7509637590518511,33.9303125,top3,,,,,,2000.0,0.7,3.0,20.0,1745.3579711914062,509.4521240234375,0.6761413171887398,4.745772194862366,,
gate2C_support_mask,N400_noise0p5,400,0.5,2,Structured DT,DT,458.12990007324805,417.1824539201058,474.5590275047475,0.7136614056037475,0.40875,0.4573761246773061,16.75125,none,651.2802734375,,,,,,,,,,,,,,
gate2C_support_mask,N400_noise0p5,400,0.5,2,Structured DT support count>=1,DT,463.70687437101225,417.1824539201058,474.5590275047475,0.8108609061897674,0.0,0.762622301625546,30.8075,count>=1,651.2802734375,,,,,,,,,,,,,,
gate2C_support_mask,N400_noise0p5,400,0.5,2,Structured DT support top3,DT,463.70687437101225,417.1824539201058,474.5590275047475,0.8108609061897674,0.0,0.762622301625546,30.8075,top3,651.2802734375,,,,,,,,,,,,,,
gate2C_support_mask,N400_noise0p5,400,0.5,2,Vanilla DT,DT,452.0385889684765,417.1824539201058,474.5590275047475,0.6074976749343716,0.018125,0.7663684691883216,56.5190625,none,557.39306640625,,,,,,,,,,,,,,
gate2C_support_mask,N400_noise0p5,400,0.5,2,Vanilla DT support top3,DT,451.28538497528046,417.1824539201058,474.5590275047475,0.5943702965264411,0.0,0.7936608940780226,56.1153125,top3,557.39306640625,,,,,,,,,,,,,,
gate2A_fixed_value_guided_dt,N400_noise0p5,400,0.5,2,Q-DT fixed td denoised,Q-DT,462.5484600131033,417.1824539201058,474.5590275047475,0.7906712314577957,0.311875,0.6088349621727139,18.9796875,none,31954.498046875,td,True,2000.0,0.1,,,,,,,,,,
gate2A_fixed_value_guided_dt,N400_noise0p5,400,0.5,2,Q-DT fixed td denoised support top3,Q-DT,469.4504525556996,417.1824539201058,474.5590275047475,0.9109640985878712,0.0,0.7496251395722937,26.4946875,top3,31954.498046875,td,True,2000.0,0.1,,,,,,,,,,
gate2A_fixed_value_guided_dt,N400_noise0p5,400,0.5,2,Q-DT fixed q_sa,Q-DT,460.9977069170853,417.1824539201058,474.5590275047475,0.7636435963249597,0.295,0.5296351790573972,13.2278125,none,28935.86328125,q_sa,False,2000.0,0.1,,,,,,,,,,
gate2A_fixed_value_guided_dt,N400_noise0p5,400,0.5,2,Q-DT fixed q_sa support top3,Q-DT,468.560927691305,417.1824539201058,474.5590275047475,0.895460822445347,0.0,0.7613224324355755,29.6190625,top3,28935.86328125,q_sa,False,2000.0,0.1,,,,,,,,,,
gate2B_iql,N400_noise0p5,400,0.5,2,IQL expectile0.7 beta3,IQL,447.4936074508216,417.1824539201058,474.5590275047475,0.5282844833179333,0.46375,0.2964791152721142,6.9696875,none,,,,,,2000.0,0.7,3.0,20.0,1300.4143676757812,127.09260139465331,0.7108155161142349,4.534347259998322,,
gate2B_iql,N400_noise0p5,400,0.5,2,IQL expectile0.7 beta3 support top3,IQL,467.2963036425605,417.1824539201058,474.5590275047475,0.8734200491865719,0.0,0.7188483927264866,28.125625,top3,,,,,,2000.0,0.7,3.0,20.0,1300.4143676757812,127.09260139465331,0.7108155161142349,4.534347259998322,,
gate2C_support_mask,N400_noise0p5,400,0.5,3,Structured DT,DT,464.6038462489772,423.1047405366476,479.3865548020198,0.7373448467147629,0.354375,0.5269414025943917,28.4378125,none,668.9330444335938,,,,,,,,,,,,,,
gate2C_support_mask,N400_noise0p5,400,0.5,3,Structured DT support count>=1,DT,471.22453478744274,423.1047405366476,479.3865548020198,0.8549794436957442,0.0,0.7591350996988149,30.0334375,count>=1,668.9330444335938,,,,,,,,,,,,,,
gate2C_support_mask,N400_noise0p5,400,0.5,3,Structured DT support top3,DT,471.22453478744274,423.1047405366476,479.3865548020198,0.8549794436957442,0.0,0.7591350996988149,30.0334375,top3,668.9330444335938,,,,,,,,,,,,,,
gate2C_support_mask,N400_noise0p5,400,0.5,3,Vanilla DT,DT,458.1628584556892,423.1047405366476,479.3865548020198,0.6229031238001754,0.0378125,0.7719615786712286,50.9321875,none,591.7789306640625,,,,,,,,,,,,,,
gate2C_support_mask,N400_noise0p5,400,0.5,3,Vanilla DT support top3,DT,457.2058772973476,423.1047405366476,479.3865548020198,0.6058997423201584,0.0,0.8132065100552753,53.4515625,top3,591.7789306640625,,,,,,,,,,,,,,
gate2A_fixed_value_guided_dt,N400_noise0p5,400,0.5,3,Q-DT fixed td denoised,Q-DT,459.6341984708495,423.1047405366476,479.3865548020198,0.6490454938421725,0.5146875,0.3126530775688357,10.2265625,none,44818.18359375,td,True,2000.0,0.1,,,,,,,,,,
gate2A_fixed_value_guided_dt,N400_noise0p5,400,0.5,3,Q-DT fixed td denoised support top3,Q-DT,475.9019357337705,423.1047405366476,479.3865548020198,0.938086234181807,0.0,0.7361716542073111,25.7775,top3,44818.18359375,td,True,2000.0,0.1,,,,,,,,,,
gate2A_fixed_value_guided_dt,N400_noise0p5,400,0.5,3,Q-DT fixed q_sa,Q-DT,459.6108598890071,423.1047405366476,479.3865548020198,0.6486308202544947,0.4259375,0.3974413181231779,15.6440625,none,40451.16015625,q_sa,False,2000.0,0.1,,,,,,,,,,
gate2A_fixed_value_guided_dt,N400_noise0p5,400,0.5,3,Q-DT fixed q_sa support top3,Q-DT,474.6579984549096,423.1047405366476,479.3865548020198,0.9159842942373032,0.0,0.76550204737932,32.5965625,top3,40451.16015625,q_sa,False,2000.0,0.1,,,,,,,,,,
gate2B_iql,N400_noise0p5,400,0.5,3,IQL expectile0.7 beta3,IQL,436.6831734976336,423.1047405366476,479.3865548020198,0.2412579114269991,0.7975,0.1428330661970571,2.1215625,none,,,,,,2000.0,0.7,3.0,20.0,1576.3507446289063,568.8877609252929,0.3087496295571327,5.241326189041137,,
gate2B_iql,N400_noise0p5,400,0.5,3,IQL expectile0.7 beta3 support top3,IQL,477.62439840274567,423.1047405366476,479.3865548020198,0.9686904833777128,0.0,0.7206511935618891,26.071875,top3,,,,,,2000.0,0.7,3.0,20.0,1576.3507446289063,568.8877609252929,0.3087496295571327,5.241326189041137,,
gate2C_support_mask,N400_noise0p5,400,0.5,4,Structured DT,DT,466.7701210790443,427.2545943129383,483.248496641775,0.7057112493078672,0.163125,0.6158295973591552,22.383125,none,628.6167602539062,,,,,,,,,,,,,,
gate2C_support_mask,N400_noise0p5,400,0.5,4,Structured DT support count>=1,DT,470.8927641261323,427.2545943129383,483.248496641775,0.7793378921318813,0.0,0.7262684261994059,29.290625,count>=1,628.6167602539062,,,,,,,,,,,,,,
gate2C_support_mask,N400_noise0p5,400,0.5,4,Structured DT support top3,DT,470.8927641261323,427.2545943129383,483.248496641775,0.7793378921318813,0.0,0.7262684261994059,29.290625,top3,628.6167602539062,,,,,,,,,,,,,,
gate2C_support_mask,N400_noise0p5,400,0.5,4,Vanilla DT,DT,453.2087387376535,427.2545943129383,483.248496641775,0.4635173357322673,0.0346875,0.8205088075267531,52.3015625,none,584.234619140625,,,,,,,,,,,,,,
gate2C_support_mask,N400_noise0p5,400,0.5,4,Vanilla DT support top3,DT,455.6890268812455,427.2545943129383,483.248496641775,0.5078130186626341,0.0,0.8287719815748347,53.029375,top3,584.234619140625,,,,,,,,,,,,,,
gate2A_fixed_value_guided_dt,N400_noise0p5,400,0.5,4,Q-DT fixed td denoised,Q-DT,463.01017103840985,427.2545943129383,483.248496641775,0.6385619726142495,0.3484375,0.5790678095198499,24.464375,none,29791.044921875,td,True,2000.0,0.1,,,,,,,,,,
gate2A_fixed_value_guided_dt,N400_noise0p5,400,0.5,4,Q-DT fixed td denoised support top3,Q-DT,477.87998870026087,427.2545943129383,483.248496641775,0.9041233470389982,0.0,0.7603872680600072,27.065625,top3,29791.044921875,td,True,2000.0,0.1,,,,,,,,,,
gate2A_fixed_value_guided_dt,N400_noise0p5,400,0.5,4,Q-DT fixed q_sa,Q-DT,469.7459066095391,427.2545943129383,483.248496641775,0.7588560634167106,0.341875,0.5150740466808656,17.2696875,none,27046.595703125,q_sa,False,2000.0,0.1,,,,,,,,,,
gate2A_fixed_value_guided_dt,N400_noise0p5,400,0.5,4,Q-DT fixed q_sa support top3,Q-DT,476.5230078466973,427.2545943129383,483.248496641775,0.8798889072674253,0.0,0.7774941772752015,34.5590625,top3,27046.595703125,q_sa,False,2000.0,0.1,,,,,,,,,,
gate2B_iql,N400_noise0p5,400,0.5,4,IQL expectile0.7 beta3,IQL,468.73784671183,427.2545943129383,483.248496641775,0.7408530335191155,0.4753125,0.4767044565390485,14.1978125,none,,,,,,2000.0,0.7,3.0,20.0,1979.0389099121087,1243.040124511719,0.5877191856503486,4.85923216342926,,
gate2B_iql,N400_noise0p5,400,0.5,4,IQL expectile0.7 beta3 support top3,IQL,480.2397135839534,427.2545943129383,483.248496641775,0.9462658801640254,0.0,0.761787023256101,27.799375,top3,,,,,,2000.0,0.7,3.0,20.0,1979.0389099121087,1243.040124511719,0.5877191856503486,4.85923216342926,,
gate2C_support_mask,N400_noise0p5,400,0.5,5,Structured DT,DT,467.8004543416022,420.5620190232593,478.5366511066638,0.8148121621605788,0.229375,0.5969021157834055,24.4234375,none,711.250244140625,,,,,,,,,,,,,,
gate2C_support_mask,N400_noise0p5,400,0.5,5,Structured DT support count>=1,DT,473.2503578400346,420.5620190232593,478.5366511066638,0.908817131275208,0.0,0.7780481652258489,31.4615625,count>=1,711.250244140625,,,,,,,,,,,,,,
gate2C_support_mask,N400_noise0p5,400,0.5,5,Structured DT support top3,DT,473.2503578400346,420.5620190232593,478.5366511066638,0.908817131275208,0.0,0.7780481652258489,31.4615625,top3,711.250244140625,,,,,,,,,,,,,,
gate2C_support_mask,N400_noise0p5,400,0.5,5,Vanilla DT,DT,457.2808292664021,420.5620190232593,478.5366511066638,0.6333599528552032,0.0659375,0.7763648181549251,49.19625,none,598.1510009765625,,,,,,,,,,,,,,
gate2C_support_mask,N400_noise0p5,400,0.5,5,Vanilla DT support top3,DT,458.3217785339388,420.5620190232593,478.5366511066638,0.6513152072505926,0.0,0.8288998683538347,51.7990625,top3,598.1510009765625,,,,,,,,,,,,,,
gate2A_fixed_value_guided_dt,N400_noise0p5,400,0.5,5,Q-DT fixed td denoised,Q-DT,459.5665071069558,420.5620190232593,478.5366511066638,0.6727854353190746,0.4025,0.4884575972953129,16.3965625,none,38321.921875,td,True,2000.0,0.1,,,,,,,,,,
gate2A_fixed_value_guided_dt,N400_noise0p5,400,0.5,5,Q-DT fixed td denoised support top3,Q-DT,475.8619044609093,420.5620190232593,478.5366511066638,0.9538634994370206,0.0,0.7693067211744702,29.063125,top3,38321.921875,td,True,2000.0,0.1,,,,,,,,,,
gate2A_fixed_value_guided_dt,N400_noise0p5,400,0.5,5,Q-DT fixed q_sa,Q-DT,456.3653034920055,420.5620190232593,478.5366511066638,0.6175681187116152,0.4259375,0.4332757639197819,16.7290625,none,34487.85546875,q_sa,False,2000.0,0.1,,,,,,,,,,
gate2A_fixed_value_guided_dt,N400_noise0p5,400,0.5,5,Q-DT fixed q_sa support top3,Q-DT,475.3239848322309,420.5620190232593,478.5366511066638,0.9445849648547832,0.0,0.7776420882545182,32.050625,top3,34487.85546875,q_sa,False,2000.0,0.1,,,,,,,,,,
gate2B_iql,N400_noise0p5,400,0.5,5,IQL expectile0.7 beta3,IQL,458.2338917225463,420.5620190232593,478.5366511066638,0.649799254354746,0.5675,0.2981780958909159,7.3734375,none,,,,,,2000.0,0.7,3.0,20.0,1993.4303466796875,351.2358703613281,0.4461374804377556,4.973947477340698,,
gate2B_iql,N400_noise0p5,400,0.5,5,IQL expectile0.7 beta3 support top3,IQL,476.3011404322776,420.5620190232593,478.5366511066638,0.9614398471529744,0.0,0.7788930282065669,30.8415625,top3,,,,,,2000.0,0.7,3.0,20.0,1993.4303466796875,351.2358703613281,0.4461374804377556,4.973947477340698,,
gate2C_support_mask,N400_noise0p5,400,0.5,6,Structured DT,DT,464.480226944741,421.9223253169368,478.3865908773132,0.7537138968414935,0.25875,0.5976242871294676,20.7409375,none,718.8403930664062,,,,,,,,,,,,,,
gate2C_support_mask,N400_noise0p5,400,0.5,6,Structured DT support count>=1,DT,472.6942228322503,421.9223253169368,478.3865908773132,0.899186361700284,0.0,0.775266308146414,29.6765625,count>=1,718.8403930664062,,,,,,,,,,,,,,
gate2C_support_mask,N400_noise0p5,400,0.5,6,Structured DT support top3,DT,472.6942228322503,421.9223253169368,478.3865908773132,0.899186361700284,0.0,0.775266308146414,29.6765625,top3,718.8403930664062,,,,,,,,,,,,,,
gate2C_support_mask,N400_noise0p5,400,0.5,6,Vanilla DT,DT,454.785846648012,421.9223253169368,478.3865908773132,0.5820233559211836,0.08,0.7575828797818701,53.0290625,none,593.7530517578125,,,,,,,,,,,,,,
gate2C_support_mask,N400_noise0p5,400,0.5,6,Vanilla DT support top3,DT,455.343352708924,421.9223253169368,478.3865908773132,0.5918969645722322,0.0,0.8249052562165486,54.970625,top3,593.7530517578125,,,,,,,,,,,,,,
gate2A_fixed_value_guided_dt,N400_noise0p5,400,0.5,6,Q-DT fixed td denoised,Q-DT,466.20083606465727,421.9223253169368,478.3865908773132,0.7841864285009454,0.2096875,0.6490499782855885,22.5109375,none,34117.3515625,td,True,2000.0,0.1,,,,,,,,,,
gate2A_fixed_value_guided_dt,N400_noise0p5,400,0.5,6,Q-DT fixed td denoised support top3,Q-DT,475.4573559798861,421.9223253169368,478.3865908773132,0.9481223235907524,0.0,0.7507286564599185,27.9084375,top3,34117.3515625,td,True,2000.0,0.1,,,,,,,,,,
gate2A_fixed_value_guided_dt,N400_noise0p5,400,0.5,6,Q-DT fixed q_sa,Q-DT,455.6706983738856,421.9223253169368,478.3865908773132,0.597694359822358,0.4353125,0.4586712544006569,14.450625,none,30573.70703125,q_sa,False,2000.0,0.1,,,,,,,,,,
gate2A_fixed_value_guided_dt,N400_noise0p5,400,0.5,6,Q-DT fixed q_sa support top3,Q-DT,475.5425479479582,421.9223253169368,478.3865908773132,0.9496311002874224,0.0,0.7641044578409065,29.67625,top3,30573.70703125,q_sa,False,2000.0,0.1,,,,,,,,,,
gate2B_iql,N400_noise0p5,400,0.5,6,IQL expectile0.7 beta3,IQL,451.900448923368,421.9223253169368,478.3865908773132,0.5309220497055093,0.6915625,0.2614981389373084,9.6828125,none,,,,,,2000.0,0.7,3.0,20.0,2222.551544189453,474.4380935668945,0.6086191520094871,5.063781189918518,,
gate2B_iql,N400_noise0p5,400,0.5,6,IQL expectile0.7 beta3 support top3,IQL,476.64535917479066,421.9223253169368,478.3865908773132,0.9691622358806627,0.0,0.7653249172105803,28.114375,top3,,,,,,2000.0,0.7,3.0,20.0,2222.551544189453,474.4380935668945,0.6086191520094871,5.063781189918518,,
gate2C_support_mask,N400_noise0p5,400,0.5,7,Structured DT,DT,457.4201571373035,418.644374990045,476.3341035189663,0.6721436057342378,0.2571875,0.6285624077419921,28.739375,none,630.6114501953125,,,,,,,,,,,,,,
gate2C_support_mask,N400_noise0p5,400,0.5,7,Structured DT support count>=1,DT,462.0279178752277,418.644374990045,476.3341035189663,0.7520150292167433,0.0,0.7876914580895255,37.26375,count>=1,630.6114501953125,,,,,,,,,,,,,,
gate2C_support_mask,N400_noise0p5,400,0.5,7,Structured DT support top3,DT,462.0279178752277,418.644374990045,476.3341035189663,0.7520150292167433,0.0,0.7876914580895255,37.26375,top3,630.6114501953125,,,,,,,,,,,,,,
gate2C_support_mask,N400_noise0p5,400,0.5,7,Vanilla DT,DT,447.8738175066374,418.644374990045,476.3341035189663,0.5066663210581581,0.02625,0.8136336049401391,57.4809375,none,580.7210083007812,,,,,,,,,,,,,,
gate2C_support_mask,N400_noise0p5,400,0.5,7,Vanilla DT support top3,DT,447.0880196594467,418.644374990045,476.3341035189663,0.4930452161018955,0.0,0.8315558540683807,58.1184375,top3,580.7210083007812,,,,,,,,,,,,,,
gate2A_fixed_value_guided_dt,N400_noise0p5,400,0.5,7,Q-DT fixed td denoised,Q-DT,462.6184131649576,418.644374990045,476.3341035189663,0.7622507384978822,0.3153125,0.5896906673303585,15.0521875,none,26911.248046875,td,True,2000.0,0.1,,,,,,,,,,
gate2A_fixed_value_guided_dt,N400_noise0p5,400,0.5,7,Q-DT fixed td denoised support top3,Q-DT,473.2688346257521,418.644374990045,476.3341035189663,0.9468662971489364,0.0,0.7387469939891926,26.03375,top3,26911.248046875,td,True,2000.0,0.1,,,,,,,,,,
gate2A_fixed_value_guided_dt,N400_noise0p5,400,0.5,7,Q-DT fixed q_sa,Q-DT,460.5187761835932,418.644374990045,476.3341035189663,0.7258554037493096,0.4903125,0.3906245209029045,12.609375,none,24282.97265625,q_sa,False,2000.0,0.1,,,,,,,,,,
gate2A_fixed_value_guided_dt,N400_noise0p5,400,0.5,7,Q-DT fixed q_sa support top3,Q-DT,469.09290812292426,418.644374990045,476.3341035189663,0.8744803350493868,0.0,0.7647769650922652,32.9065625,top3,24282.97265625,q_sa,False,2000.0,0.1,,,,,,,,,,
gate2B_iql,N400_noise0p5,400,0.5,7,IQL expectile0.7 beta3,IQL,462.8034152589694,418.644374990045,476.3341035189663,0.7654575848244175,0.5290625,0.4189254365701862,8.375,none,,,,,,2000.0,0.7,3.0,20.0,1755.432440185547,326.2066284179688,0.4840700775384903,5.128554797172546,,
gate2B_iql,N400_noise0p5,400,0.5,7,IQL expectile0.7 beta3 support top3,IQL,474.0245226026564,418.644374990045,476.3341035189663,0.9599654743538604,0.0,0.7383842236074005,26.256875,top3,,,,,,2000.0,0.7,3.0,20.0,1755.432440185547,326.2066284179688,0.4840700775384903,5.128554797172546,,
gate2C_support_mask,N400_noise0p5,400,0.5,8,Structured DT,DT,461.0732290950835,422.931340639083,479.9511404087543,0.6689235776006373,0.278125,0.6244474975357343,40.32875,none,615.0625610351562,,,,,,,,,,,,,,
gate2C_support_mask,N400_noise0p5,400,0.5,8,Structured DT support count>=1,DT,465.0241408368238,422.931340639083,479.9511404087543,0.7382137497460993,0.0,0.8129304741550487,45.2903125,count>=1,615.0625610351562,,,,,,,,,,,,,,
gate2C_support_mask,N400_noise0p5,400,0.5,8,Structured DT support top3,DT,465.0241408368238,422.931340639083,479.9511404087543,0.7382137497460993,0.0,0.8129304741550487,45.2903125,top3,615.0625610351562,,,,,,,,,,,,,,
gate2C_support_mask,N400_noise0p5,400,0.5,8,Vanilla DT,DT,454.7303487661913,422.931340639083,479.9511404087543,0.5576836161396369,0.0390625,0.7756523365161179,60.355,none,587.1320190429688,,,,,,,,,,,,,,
gate2C_support_mask,N400_noise0p5,400,0.5,8,Vanilla DT support top3,DT,456.4931772665253,422.931340639083,479.9511404087543,0.5885996927911664,0.0,0.7996725208973214,57.6440625,top3,587.1320190429688,,,,,,,,,,,,,,
gate2A_fixed_value_guided_dt,N400_noise0p5,400,0.5,8,Q-DT fixed td denoised,Q-DT,469.8089805210332,422.931340639083,479.9511404087543,0.822129156386206,0.278125,0.5812602507323974,21.429375,none,39944.84375,td,True,2000.0,0.1,,,,,,,,,,
gate2A_fixed_value_guided_dt,N400_noise0p5,400,0.5,8,Q-DT fixed td denoised support top3,Q-DT,476.6684285252174,422.931340639083,479.9511404087543,0.9424285617136988,0.0,0.7790820864464072,33.3296875,top3,39944.84375,td,True,2000.0,0.1,,,,,,,,,,
gate2A_fixed_value_guided_dt,N400_noise0p5,400,0.5,8,Q-DT fixed q_sa,Q-DT,452.8060922012375,422.931340639083,479.9511404087543,0.5239364515980788,0.465,0.3872528449360936,13.3815625,none,35672.91015625,q_sa,False,2000.0,0.1,,,,,,,,,,
gate2A_fixed_value_guided_dt,N400_noise0p5,400,0.5,8,Q-DT fixed q_sa support top3,Q-DT,476.137063701794,422.931340639083,479.9511404087543,0.9331096089013464,0.0,0.7914561560285471,33.053125,top3,35672.91015625,q_sa,False,2000.0,0.1,,,,,,,,,,
gate2B_iql,N400_noise0p5,400,0.5,8,IQL expectile0.7 beta3,IQL,465.2458660725002,422.931340639083,479.9511404087543,0.742102315412273,0.42875,0.4265573191391673,14.5596875,none,,,,,,2000.0,0.7,3.0,20.0,1848.2897888183595,560.3455108642578,0.5467558078467846,4.942697310447693,,
gate2B_iql,N400_noise0p5,400,0.5,8,IQL expectile0.7 beta3 support top3,IQL,477.5691708387365,422.931340639083,479.9511404087543,0.9582255711237218,0.0,0.7758907985676194,31.090625,top3,,,,,,2000.0,0.7,3.0,20.0,1848.2897888183595,560.3455108642578,0.5467558078467846,4.942697310447693,,
gate2C_support_mask,N400_noise0p5,400,0.5,9,Structured DT,DT,462.6907920498203,423.4552510574188,479.20761072352025,0.7037467333648569,0.4115625,0.4581090228698818,17.9471875,none,666.7525634765625,,,,,,,,,,,,,,
gate2C_support_mask,N400_noise0p5,400,0.5,9,Structured DT support count>=1,DT,468.9532631436357,423.4552510574188,479.20761072352025,0.8160732991159942,0.0,0.747869870115558,30.2909375,count>=1,666.7525634765625,,,,,,,,,,,,,,
gate2C_support_mask,N400_noise0p5,400,0.5,9,Structured DT support top3,DT,468.9532631436357,423.4552510574188,479.20761072352025,0.8160732991159942,0.0,0.747869870115558,30.2909375,top3,666.7525634765625,,,,,,,,,,,,,,
gate2C_support_mask,N400_noise0p5,400,0.5,9,Vanilla DT,DT,454.0669637408906,423.4552510574188,479.20761072352025,0.5490657770685243,0.0534375,0.7922698215889189,55.84375,none,586.7346801757812,,,,,,,,,,,,,,
gate2C_support_mask,N400_noise0p5,400,0.5,9,Vanilla DT support top3,DT,454.8262591057357,423.4552510574188,479.20761072352025,0.5626848484296729,0.0,0.854182080885048,53.6953125,top3,586.7346801757812,,,,,,,,,,,,,,
gate2A_fixed_value_guided_dt,N400_noise0p5,400,0.5,9,Q-DT fixed td denoised,Q-DT,461.04937989170224,423.4552510574188,479.20761072352025,0.6743056089362517,0.4534375,0.4783376494991122,35.4903125,none,31443.3984375,td,True,2000.0,0.1,,,,,,,,,,
gate2A_fixed_value_guided_dt,N400_noise0p5,400,0.5,9,Q-DT fixed td denoised support top3,Q-DT,475.6929250025431,423.4552510574188,479.20761072352025,0.9369589782024208,0.0,0.7747839136118664,30.67,top3,31443.3984375,td,True,2000.0,0.1,,,,,,,,,,
gate2A_fixed_value_guided_dt,N400_noise0p5,400,0.5,9,Q-DT fixed q_sa,Q-DT,436.1480480857336,423.4552510574188,479.20761072352025,0.2276638532311717,0.6978125,0.2299359173409806,7.9821875,none,28437.716796875,q_sa,False,2000.0,0.1,,,,,,,,,,
gate2A_fixed_value_guided_dt,N400_noise0p5,400,0.5,9,Q-DT fixed q_sa support top3,Q-DT,475.9488912569061,423.4552510574188,479.20761072352025,0.9415501068272182,0.0,0.7614179118757929,30.679375,top3,28437.716796875,q_sa,False,2000.0,0.1,,,,,,,,,,
gate2B_iql,N400_noise0p5,400,0.5,9,IQL expectile0.7 beta3,IQL,460.22843804282064,423.4552510574188,479.20761072352025,0.6595808178458263,0.38875,0.3577525691733685,14.204375,none,,,,,,2000.0,0.7,3.0,20.0,2065.836773681641,756.5297485351563,0.6413555949926376,4.589824771881103,,
gate2B_iql,N400_noise0p5,400,0.5,9,IQL expectile0.7 beta3 support top3,IQL,470.4140985036368,423.4552510574188,479.20761072352025,0.8422755149280233,0.0,0.7028279460735763,40.1215625,top3,,,,,,2000.0,0.7,3.0,20.0,2065.836773681641,756.5297485351563,0.6413555949926376,4.589824771881103,,
gate2D_bandit,N100_noise0p05,100,0.05,0,Bandit DM,Bandit,322.9158468972171,425.0469525373324,482.2674723800636,-1.7848685387832812,0.98625,0.0067114093959731,0.0275,none,,,,,,,,,,,,,,2000.0,10.0
gate2D_bandit,N100_noise0p05,100,0.05,0,Bandit DM support top3,Bandit,435.71740320916456,425.0469525373324,482.2674723800636,0.1864794430592305,0.0,0.8518172348484847,8.51125,top3,,,,,,,,,,,,,,2000.0,10.0
gate2D_bandit,N100_noise0p05,100,0.05,0,Bandit IPS,Bandit,184.6213600892318,425.0469525373324,482.2674723800636,-4.201737298243758,1.0,0.0,0.0,none,,,,,,,,,,,,,,2000.0,10.0
gate2D_bandit,N100_noise0p05,100,0.05,0,Bandit IPS support top3,Bandit,444.51387041127816,425.0469525373324,482.2674723800636,0.3402086861050893,0.0,0.8503626893939394,9.1625,top3,,,,,,,,,,,,,,2000.0,10.0
gate2D_bandit,N100_noise0p05,100,0.05,0,Bandit DR,Bandit,322.9158468972171,425.0469525373324,482.2674723800636,-1.7848685387832812,0.98625,0.0067114093959731,0.0275,none,,,,,,,,,,,,,,2000.0,10.0
gate2D_bandit,N100_noise0p05,100,0.05,0,Bandit DR support top3,Bandit,435.71740320916456,425.0469525373324,482.2674723800636,0.1864794430592305,0.0,0.8518172348484847,8.51125,top3,,,,,,,,,,,,,,2000.0,10.0
gate2D_bandit,N100_noise0p05,100,0.05,0,"Bandit oracle (myopic, true R)",Bandit,425.0469525373324,425.0469525373324,482.2674723800636,0.0,0.08875,0.8110813830412796,8.09375,none,,,,,,,,,,,,,,,
gate2D_bandit,N100_noise0p05,100,0.05,1,Bandit DM,Bandit,315.31497107183964,421.1367484506907,477.8449022706637,-1.8660769263410544,0.985,0.0113636363636363,0.06,none,,,,,,,,,,,,,,2000.0,10.0
gate2D_bandit,N100_noise0p05,100,0.05,1,Bandit DM support top3,Bandit,431.13375524097415,421.1367484506907,477.8449022706637,0.1762887013042285,0.0,0.8191504329004329,8.34375,top3,,,,,,,,,,,,,,2000.0,10.0
gate2D_bandit,N100_noise0p05,100,0.05,1,Bandit IPS,Bandit,315.31497107183964,421.1367484506907,477.8449022706637,-1.8660769263410544,0.985,0.0113636363636363,0.06,none,,,,,,,,,,,,,,2000.0,10.0
gate2D_bandit,N100_noise0p05,100,0.05,1,Bandit IPS support top3,Bandit,433.0059537803536,421.1367484506907,477.8449022706637,0.2093033281835123,0.0,0.8458308982683982,8.91,top3,,,,,,,,,,,,,,2000.0,10.0
gate2D_bandit,N100_noise0p05,100,0.05,1,Bandit DR,Bandit,315.31497107183964,421.1367484506907,477.8449022706637,-1.8660769263410544,0.985,0.0113636363636363,0.06,none,,,,,,,,,,,,,,2000.0,10.0
gate2D_bandit,N100_noise0p05,100,0.05,1,Bandit DR support top3,Bandit,431.13375524097415,421.1367484506907,477.8449022706637,0.1762887013042285,0.0,0.8191504329004329,8.34375,top3,,,,,,,,,,,,,,2000.0,10.0
gate2D_bandit,N100_noise0p05,100,0.05,1,"Bandit oracle (myopic, true R)",Bandit,421.1367484506907,421.1367484506907,477.8449022706637,0.0,0.0925,0.8278454900478711,9.3525,none,,,,,,,,,,,,,,,
gate2D_bandit,N100_noise0p05,100,0.05,2,Bandit DM,Bandit,324.6977910627866,428.2572553930546,483.61336583743207,-1.8707865039456824,0.98625,0.0109034267912772,0.05375,none,,,,,,,,,,,,,,2000.0,10.0
gate2D_bandit,N100_noise0p05,100,0.05,2,Bandit DM support top3,Bandit,442.057355635503,428.2572553930546,483.61336583743207,0.2492967828062068,0.0,0.8241863528805663,6.865,top3,,,,,,,,,,,,,,2000.0,10.0
gate2D_bandit,N100_noise0p05,100,0.05,2,Bandit IPS,Bandit,286.9573070518091,428.2572553930546,483.61336583743207,-2.552562801232676,1.0,0.0,0.0,none,,,,,,,,,,,,,,2000.0,10.0
gate2D_bandit,N100_noise0p05,100,0.05,2,Bandit IPS support top3,Bandit,461.44376361766086,428.2572553930546,483.61336583743207,0.599509393962072,0.0,0.8123667657913981,8.1025,top3,,,,,,,,,,,,,,2000.0,10.0
gate2D_bandit,N100_noise0p05,100,0.05,2,Bandit DR,Bandit,324.6977910627866,428.2572553930546,483.61336583743207,-1.8707865039456824,0.98625,0.0109034267912772,0.05375,none,,,,,,,,,,,,,,2000.0,10.0
gate2D_bandit,N100_noise0p05,100,0.05,2,Bandit DR support top3,Bandit,442.057355635503,428.2572553930546,483.61336583743207,0.2492967828062068,0.0,0.8241863528805663,6.865,top3,,,,,,,,,,,,,,2000.0,10.0
gate2D_bandit,N100_noise0p05,100,0.05,2,"Bandit oracle (myopic, true R)",Bandit,428.2572553930546,428.2572553930546,483.61336583743207,0.0,0.01125,0.8455194964349377,7.97,none,,,,,,,,,,,,,,,
gate2D_bandit,N100_noise0p05,100,0.05,3,Bandit DM,Bandit,324.0958464694099,427.8075954406258,483.282798778634,-1.8695154362806827,0.98375,0.0110584518167456,0.0575,none,,,,,,,,,,,,,,2000.0,10.0
gate2D_bandit,N100_noise0p05,100,0.05,3,Bandit DM support top3,Bandit,441.7752245151394,427.8075954406258,483.282798778634,0.2517814849530058,0.0,0.8639088654401155,9.19,top3,,,,,,,,,,,,,,2000.0,10.0
gate2D_bandit,N100_noise0p05,100,0.05,3,Bandit IPS,Bandit,185.15088567115333,427.8075954406258,483.282798778634,-4.374147279658896,1.0,0.0,0.0,none,,,,,,,,,,,,,,2000.0,10.0
gate2D_bandit,N100_noise0p05,100,0.05,3,Bandit IPS support top3,Bandit,440.80583487751136,427.8075954406258,483.282798778634,0.2343071977165694,0.0,0.8707604166666666,9.83125,top3,,,,,,,,,,,,,,2000.0,10.0
gate2D_bandit,N100_noise0p05,100,0.05,3,Bandit DR,Bandit,324.0958464694099,427.8075954406258,483.282798778634,-1.8695154362806827,0.98375,0.0110584518167456,0.0575,none,,,,,,,,,,,,,,2000.0,10.0
gate2D_bandit,N100_noise0p05,100,0.05,3,Bandit DR support top3,Bandit,440.88144192343066,427.8075954406258,483.282798778634,0.2356700957569538,0.0,0.8665338654401153,9.15,top3,,,,,,,,,,,,,,2000.0,10.0
gate2D_bandit,N100_noise0p05,100,0.05,3,"Bandit oracle (myopic, true R)",Bandit,427.8075954406258,427.8075954406258,483.282798778634,0.0,0.03125,0.8639282124125874,8.695,none,,,,,,,,,,,,,,,
gate2D_bandit,N100_noise0p05,100,0.05,4,Bandit DM,Bandit,310.2534692527598,415.8730447844656,474.3155353853144,-1.8072394664537408,0.98375,0.0066115702479338,0.03375,none,,,,,,,,,,,,,,2000.0,10.0
gate2D_bandit,N100_noise0p05,100,0.05,4,Bandit DM support top3,Bandit,428.5292482387915,415.8730447844656,474.3155353853144,0.216558249386827,0.0,0.8716130952380952,11.8175,top3,,,,,,,,,,,,,,2000.0,10.0
gate2D_bandit,N100_noise0p05,100,0.05,4,Bandit IPS,Bandit,274.1601662629835,415.8730447844656,474.3155353853144,-2.4248261335978007,0.9825,0.0239808153477218,0.07375,none,,,,,,,,,,,,,,2000.0,10.0
gate2D_bandit,N100_noise0p05,100,0.05,4,Bandit IPS support top3,Bandit,427.4178068358323,415.8730447844656,474.3155353853144,0.1975405553848699,0.0,0.895845238095238,12.28,top3,,,,,,,,,,,,,,2000.0,10.0
gate2D_bandit,N100_noise0p05,100,0.05,4,Bandit DR,Bandit,310.2534692527598,415.8730447844656,474.3155353853144,-1.8072394664537408,0.98375,0.0066115702479338,0.03375,none,,,,,,,,,,,,,,2000.0,10.0
gate2D_bandit,N100_noise0p05,100,0.05,4,Bandit DR support top3,Bandit,426.9513127247599,415.8730447844656,474.3155353853144,0.1895584501344534,0.0,0.8689940476190475,11.63625,top3,,,,,,,,,,,,,,2000.0,10.0
gate2D_bandit,N100_noise0p05,100,0.05,4,"Bandit oracle (myopic, true R)",Bandit,415.8730447844656,415.8730447844656,474.3155353853144,0.0,0.16125,0.8447698566529638,11.135,none,,,,,,,,,,,,,,,
gate2D_bandit,N100_noise0p05,100,0.05,5,Bandit DM,Bandit,307.6763408438809,413.08161086848617,472.4205638661845,-1.7763250731554647,0.98625,0.0103448275862068,0.04125,none,,,,,,,,,,,,,,2000.0,10.0
gate2D_bandit,N100_noise0p05,100,0.05,5,Bandit DM support top3,Bandit,426.3448510445945,413.08161086848617,472.4205638661845,0.2235165857514002,0.0,0.8643651739263152,10.44375,top3,,,,,,,,,,,,,,2000.0,10.0
gate2D_bandit,N100_noise0p05,100,0.05,5,Bandit IPS,Bandit,221.6718749613678,413.08161086848617,472.4205638661845,-3.2257012676739136,1.0,0.0,0.0,none,,,,,,,,,,,,,,2000.0,10.0
gate2D_bandit,N100_noise0p05,100,0.05,5,Bandit IPS support top3,Bandit,430.7111942212953,413.08161086848617,472.4205638661845,0.2970996699839467,0.0,0.844603489807294,10.19,top3,,,,,,,,,,,,,,2000.0,10.0
gate2D_bandit,N100_noise0p05,100,0.05,5,Bandit DR,Bandit,307.6763408438809,413.08161086848617,472.4205638661845,-1.7763250731554647,0.98625,0.0103448275862068,0.04125,none,,,,,,,,,,,,,,2000.0,10.0
gate2D_bandit,N100_noise0p05,100,0.05,5,Bandit DR support top3,Bandit,426.3448510445945,413.08161086848617,472.4205638661845,0.2235165857514002,0.0,0.8643651739263152,10.44375,top3,,,,,,,,,,,,,,2000.0,10.0
gate2D_bandit,N100_noise0p05,100,0.05,5,"Bandit oracle (myopic, true R)",Bandit,413.08161086848617,413.08161086848617,472.4205638661845,0.0,0.0975,0.8628136660846941,10.64625,none,,,,,,,,,,,,,,,
gate2D_bandit,N100_noise0p05,100,0.05,6,Bandit DM,Bandit,307.3793326256101,413.5410294620784,472.2493846542733,-1.808289407681824,0.99625,0.001577287066246,0.00375,none,,,,,,,,,,,,,,2000.0,10.0
gate2D_bandit,N100_noise0p05,100,0.05,6,Bandit DM support top3,Bandit,430.5270459735502,413.5410294620784,472.2493846542733,0.289328775365351,0.0,0.8696739745999615,11.215,top3,,,,,,,,,,,,,,2000.0,10.0
gate2D_bandit,N100_noise0p05,100,0.05,6,Bandit IPS,Bandit,221.0611247716475,413.5410294620784,472.2493846542733,-3.2785777094300275,1.0,0.0,0.0,none,,,,,,,,,,,,,,2000.0,10.0
gate2D_bandit,N100_noise0p05,100,0.05,6,Bandit IPS support top3,Bandit,448.0040394541954,413.5410294620784,472.2493846542733,0.587020533607093,0.0,0.8472981431945249,10.19875,top3,,,,,,,,,,,,,,2000.0,10.0
gate2D_bandit,N100_noise0p05,100,0.05,6,Bandit DR,Bandit,307.3793326256101,413.5410294620784,472.2493846542733,-1.808289407681824,0.99625,0.001577287066246,0.00375,none,,,,,,,,,,,,,,2000.0,10.0
gate2D_bandit,N100_noise0p05,100,0.05,6,Bandit DR support top3,Bandit,430.5270459735502,413.5410294620784,472.2493846542733,0.289328775365351,0.0,0.8696739745999615,11.215,top3,,,,,,,,,,,,,,2000.0,10.0
gate2D_bandit,N100_noise0p05,100,0.05,6,"Bandit oracle (myopic, true R)",Bandit,413.5410294620784,413.5410294620784,472.2493846542733,0.0,0.2,0.811082995951417,11.98125,none,,,,,,,,,,,,,,,
gate2D_bandit,N100_noise0p05,100,0.05,7,Bandit DM,Bandit,317.4091942980453,422.9552853756405,480.1843549282328,-1.844274105847566,0.98625,0.0063091482649842,0.02625,none,,,,,,,,,,,,,,2000.0,10.0
gate2D_bandit,N100_noise0p05,100,0.05,7,Bandit DM support top3,Bandit,433.66392609909,422.9552853756405,480.1843549282328,0.1871189031582714,0.0,0.8801310637891521,11.37625,top3,,,,,,,,,,,,,,2000.0,10.0
gate2D_bandit,N100_noise0p05,100,0.05,7,Bandit IPS,Bandit,228.2155744451364,422.9552853756405,480.1843549282328,-3.402811061807368,1.0,0.0,0.0,none,,,,,,,,,,,,,,2000.0,10.0
gate2D_bandit,N100_noise0p05,100,0.05,7,Bandit IPS support top3,Bandit,451.3014507209822,422.9552853756405,480.1843549282328,0.4953106099216266,0.0,0.8379885143451321,7.955,top3,,,,,,,,,,,,,,2000.0,10.0
gate2D_bandit,N100_noise0p05,100,0.05,7,Bandit DR,Bandit,318.31871757759427,422.9552853756405,480.1843549282328,-1.8283814260144065,0.98625,0.0047694753577106,0.02,none,,,,,,,,,,,,,,2000.0,10.0
gate2D_bandit,N100_noise0p05,100,0.05,7,Bandit DR support top3,Bandit,435.3557556564479,422.9552853756405,480.1843549282328,0.2166813190875236,0.0,0.9040464850713013,11.9025,top3,,,,,,,,,,,,,,2000.0,10.0
gate2D_bandit,N100_noise0p05,100,0.05,7,"Bandit oracle (myopic, true R)",Bandit,422.9552853756405,422.9552853756405,480.1843549282328,0.0,0.04875,0.840601686248662,12.03875,none,,,,,,,,,,,,,,,
gate2D_bandit,N100_noise0p05,100,0.05,8,Bandit DM,Bandit,306.42556234847666,414.15142866616,472.41867197590335,-1.8488238021665515,0.9875,0.0063897763578274,0.025,none,,,,,,,,,,,,,,2000.0,10.0
gate2D_bandit,N100_noise0p05,100,0.05,8,Bandit DM support top3,Bandit,427.57373942659245,414.15142866616,472.41867197590335,0.2303577447294133,0.0,0.8878520149545324,13.0525,top3,,,,,,,,,,,,,,2000.0,10.0
gate2D_bandit,N100_noise0p05,100,0.05,8,Bandit IPS,Bandit,305.3341344130179,414.15142866616,472.41867197590335,-1.867555217511822,0.9875,0.0094936708860759,0.04,none,,,,,,,,,,,,,,2000.0,10.0
gate2D_bandit,N100_noise0p05,100,0.05,8,Bandit IPS support top3,Bandit,442.41753820159886,414.15142866616,472.41867197590335,0.4851114954105313,0.0,0.8465610914474485,11.965,top3,,,,,,,,,,,,,,2000.0,10.0
gate2D_bandit,N100_noise0p05,100,0.05,8,Bandit DR,Bandit,306.42556234847666,414.15142866616,472.41867197590335,-1.8488238021665515,0.9875,0.0063897763578274,0.025,none,,,,,,,,,,,,,,2000.0,10.0
gate2D_bandit,N100_noise0p05,100,0.05,8,Bandit DR support top3,Bandit,427.57373942659245,414.15142866616,472.41867197590335,0.2303577447294133,0.0,0.8878520149545324,13.0525,top3,,,,,,,,,,,,,,2000.0,10.0
gate2D_bandit,N100_noise0p05,100,0.05,8,"Bandit oracle (myopic, true R)",Bandit,414.15142866616,414.15142866616,472.41867197590335,0.0,0.19875,0.859053613096385,12.47,none,,,,,,,,,,,,,,,
gate2D_bandit,N100_noise0p05,100,0.05,9,Bandit DM,Bandit,317.0907775080625,420.6824583962237,477.90153050673655,-1.8104397199605784,0.99375,0.0030864197530864,0.0125,none,,,,,,,,,,,,,,2000.0,10.0
gate2D_bandit,N100_noise0p05,100,0.05,9,Bandit DM support top3,Bandit,436.1078782704046,420.6824583962237,477.90153050673655,0.2695852852067984,0.0,0.8675642586580088,10.07875,top3,,,,,,,,,,,,,,2000.0,10.0
gate2D_bandit,N100_noise0p05,100,0.05,9,Bandit IPS,Bandit,280.11140174820224,420.6824583962237,477.90153050673655,-2.4567168159686767,1.0,0.0,0.0,none,,,,,,,,,,,,,,2000.0,10.0
gate2D_bandit,N100_noise0p05,100,0.05,9,Bandit IPS support top3,Bandit,454.6392699171583,420.6824583962237,477.90153050673655,0.5934526770261228,0.0,0.846130275974026,9.6925,top3,,,,,,,,,,,,,,2000.0,10.0
gate2D_bandit,N100_noise0p05,100,0.05,9,Bandit DR,Bandit,317.0907775080625,420.6824583962237,477.90153050673655,-1.8104397199605784,0.99375,0.0030864197530864,0.0125,none,,,,,,,,,,,,,,2000.0,10.0
gate2D_bandit,N100_noise0p05,100,0.05,9,Bandit DR support top3,Bandit,436.7521313211617,420.6824583962237,477.90153050673655,0.2808446962212371,0.0,0.8744094967532468,10.08125,top3,,,,,,,,,,,,,,2000.0,10.0
gate2D_bandit,N100_noise0p05,100,0.05,9,"Bandit oracle (myopic, true R)",Bandit,420.6824583962237,420.6824583962237,477.90153050673655,0.0,0.08,0.8476970805774319,9.48,none,,,,,,,,,,,,,,,
gate2D_bandit,N100_noise0p2,100,0.2,0,Bandit DM,Bandit,322.9158468972171,425.0469525373324,482.2674723800636,-1.7848685387832812,0.98625,0.0067114093959731,0.0275,none,,,,,,,,,,,,,,2000.0,10.0
gate2D_bandit,N100_noise0p2,100,0.2,0,Bandit DM support top3,Bandit,435.71740320916456,425.0469525373324,482.2674723800636,0.1864794430592305,0.0,0.8518172348484847,8.51125,top3,,,,,,,,,,,,,,2000.0,10.0
gate2D_bandit,N100_noise0p2,100,0.2,0,Bandit IPS,Bandit,186.8819715869868,425.0469525373324,482.2674723800636,-4.162230290897999,0.99125,0.0198412698412698,0.04375,none,,,,,,,,,,,,,,2000.0,10.0
gate2D_bandit,N100_noise0p2,100,0.2,0,Bandit IPS support top3,Bandit,440.88528156555503,425.0469525373324,482.2674723800636,0.2767945672593291,0.0,0.8508626893939395,9.095,top3,,,,,,,,,,,,,,2000.0,10.0
gate2D_bandit,N100_noise0p2,100,0.2,0,Bandit DR,Bandit,322.9158468972171,425.0469525373324,482.2674723800636,-1.7848685387832812,0.98625,0.0067114093959731,0.0275,none,,,,,,,,,,,,,,2000.0,10.0
gate2D_bandit,N100_noise0p2,100,0.2,0,Bandit DR support top3,Bandit,435.71740320916456,425.0469525373324,482.2674723800636,0.1864794430592305,0.0,0.8518172348484847,8.51125,top3,,,,,,,,,,,,,,2000.0,10.0
gate2D_bandit,N100_noise0p2,100,0.2,0,"Bandit oracle (myopic, true R)",Bandit,425.0469525373324,425.0469525373324,482.2674723800636,0.0,0.08875,0.8110813830412796,8.09375,none,,,,,,,,,,,,,,,
gate2D_bandit,N100_noise0p2,100,0.2,1,Bandit DM,Bandit,315.31497107183964,421.1367484506907,477.8449022706637,-1.8660769263410544,0.985,0.0113636363636363,0.06,none,,,,,,,,,,,,,,2000.0,10.0
gate2D_bandit,N100_noise0p2,100,0.2,1,Bandit DM support top3,Bandit,431.13375524097415,421.1367484506907,477.8449022706637,0.1762887013042285,0.0,0.8191504329004329,8.34375,top3,,,,,,,,,,,,,,2000.0,10.0
gate2D_bandit,N100_noise0p2,100,0.2,1,Bandit IPS,Bandit,315.31497107183964,421.1367484506907,477.8449022706637,-1.8660769263410544,0.985,0.0113636363636363,0.06,none,,,,,,,,,,,,,,2000.0,10.0
gate2D_bandit,N100_noise0p2,100,0.2,1,Bandit IPS support top3,Bandit,433.0059537803536,421.1367484506907,477.8449022706637,0.2093033281835123,0.0,0.8458308982683982,8.91,top3,,,,,,,,,,,,,,2000.0,10.0
gate2D_bandit,N100_noise0p2,100,0.2,1,Bandit DR,Bandit,315.31497107183964,421.1367484506907,477.8449022706637,-1.8660769263410544,0.985,0.0113636363636363,0.06,none,,,,,,,,,,,,,,2000.0,10.0
gate2D_bandit,N100_noise0p2,100,0.2,1,Bandit DR support top3,Bandit,431.13375524097415,421.1367484506907,477.8449022706637,0.1762887013042285,0.0,0.8191504329004329,8.34375,top3,,,,,,,,,,,,,,2000.0,10.0
gate2D_bandit,N100_noise0p2,100,0.2,1,"Bandit oracle (myopic, true R)",Bandit,421.1367484506907,421.1367484506907,477.8449022706637,0.0,0.0925,0.8278454900478711,9.3525,none,,,,,,,,,,,,,,,
gate2D_bandit,N100_noise0p2,100,0.2,2,Bandit DM,Bandit,324.6977910627866,428.2572553930546,483.61336583743207,-1.8707865039456824,0.98625,0.0109034267912772,0.05375,none,,,,,,,,,,,,,,2000.0,10.0
gate2D_bandit,N100_noise0p2,100,0.2,2,Bandit DM support top3,Bandit,442.057355635503,428.2572553930546,483.61336583743207,0.2492967828062068,0.0,0.8241863528805663,6.865,top3,,,,,,,,,,,,,,2000.0,10.0
gate2D_bandit,N100_noise0p2,100,0.2,2,Bandit IPS,Bandit,286.9573070518091,428.2572553930546,483.61336583743207,-2.552562801232676,1.0,0.0,0.0,none,,,,,,,,,,,,,,2000.0,10.0
gate2D_bandit,N100_noise0p2,100,0.2,2,Bandit IPS support top3,Bandit,444.684947885022,428.2572553930546,483.61336583743207,0.296763850640737,0.0,0.8115489211786366,6.80875,top3,,,,,,,,,,,,,,2000.0,10.0
gate2D_bandit,N100_noise0p2,100,0.2,2,Bandit DR,Bandit,324.6977910627866,428.2572553930546,483.61336583743207,-1.8707865039456824,0.98625,0.0109034267912772,0.05375,none,,,,,,,,,,,,,,2000.0,10.0
gate2D_bandit,N100_noise0p2,100,0.2,2,Bandit DR support top3,Bandit,442.391861521467,428.2572553930546,483.61336583743207,0.2553395824768976,0.0,0.8162364211786367,6.80875,top3,,,,,,,,,,,,,,2000.0,10.0
gate2D_bandit,N100_noise0p2,100,0.2,2,"Bandit oracle (myopic, true R)",Bandit,428.2572553930546,428.2572553930546,483.61336583743207,0.0,0.01125,0.8455194964349377,7.97,none,,,,,,,,,,,,,,,
gate2D_bandit,N100_noise0p2,100,0.2,3,Bandit DM,Bandit,324.0958464694099,427.8075954406258,483.282798778634,-1.8695154362806827,0.98375,0.0110584518167456,0.0575,none,,,,,,,,,,,,,,2000.0,10.0
gate2D_bandit,N100_noise0p2,100,0.2,3,Bandit DM support top3,Bandit,432.8097713298321,427.8075954406258,483.282798778634,0.0901695818711691,0.0,0.8663067037129537,9.36625,top3,,,,,,,,,,,,,,2000.0,10.0
gate2D_bandit,N100_noise0p2,100,0.2,3,Bandit IPS,Bandit,185.15088567115333,427.8075954406258,483.282798778634,-4.374147279658896,1.0,0.0,0.0,none,,,,,,,,,,,,,,2000.0,10.0
gate2D_bandit,N100_noise0p2,100,0.2,3,Bandit IPS support top3,Bandit,440.80583487751136,427.8075954406258,483.282798778634,0.2343071977165694,0.0,0.8707604166666666,9.83125,top3,,,,,,,,,,,,,,2000.0,10.0
gate2D_bandit,N100_noise0p2,100,0.2,3,Bandit DR,Bandit,324.0958464694099,427.8075954406258,483.282798778634,-1.8695154362806827,0.98375,0.0110584518167456,0.0575,none,,,,,,,,,,,,,,2000.0,10.0
gate2D_bandit,N100_noise0p2,100,0.2,3,Bandit DR support top3,Bandit,440.88144192343066,427.8075954406258,483.282798778634,0.2356700957569538,0.0,0.8665338654401153,9.15,top3,,,,,,,,,,,,,,2000.0,10.0
gate2D_bandit,N100_noise0p2,100,0.2,3,"Bandit oracle (myopic, true R)",Bandit,427.8075954406258,427.8075954406258,483.282798778634,0.0,0.03125,0.8639282124125874,8.695,none,,,,,,,,,,,,,,,
gate2D_bandit,N100_noise0p2,100,0.2,4,Bandit DM,Bandit,310.2534692527598,415.8730447844656,474.3155353853144,-1.8072394664537408,0.98375,0.0066115702479338,0.03375,none,,,,,,,,,,,,,,2000.0,10.0
gate2D_bandit,N100_noise0p2,100,0.2,4,Bandit DM support top3,Bandit,428.5279939939238,415.8730447844656,474.3155353853144,0.216536788205847,0.0,0.8729880952380953,11.855,top3,,,,,,,,,,,,,,2000.0,10.0
gate2D_bandit,N100_noise0p2,100,0.2,4,Bandit IPS,Bandit,276.50875742185,415.8730447844656,474.3155353853144,-2.3846397703076585,1.0,0.0,0.0,none,,,,,,,,,,,,,,2000.0,10.0
gate2D_bandit,N100_noise0p2,100,0.2,4,Bandit IPS support top3,Bandit,428.35922627441033,415.8730447844656,474.3155353853144,0.2136490310658214,0.0,0.889470238095238,11.83875,top3,,,,,,,,,,,,,,2000.0,10.0
gate2D_bandit,N100_noise0p2,100,0.2,4,Bandit DR,Bandit,310.2534692527598,415.8730447844656,474.3155353853144,-1.8072394664537408,0.98375,0.0066115702479338,0.03375,none,,,,,,,,,,,,,,2000.0,10.0
gate2D_bandit,N100_noise0p2,100,0.2,4,Bandit DR support top3,Bandit,426.9513127247599,415.8730447844656,474.3155353853144,0.1895584501344534,0.0,0.8689940476190475,11.63625,top3,,,,,,,,,,,,,,2000.0,10.0
gate2D_bandit,N100_noise0p2,100,0.2,4,"Bandit oracle (myopic, true R)",Bandit,415.8730447844656,415.8730447844656,474.3155353853144,0.0,0.16125,0.8447698566529638,11.135,none,,,,,,,,,,,,,,,
gate2D_bandit,N100_noise0p2,100,0.2,5,Bandit DM,Bandit,307.6763408438809,413.08161086848617,472.4205638661845,-1.7763250731554647,0.98625,0.0103448275862068,0.04125,none,,,,,,,,,,,,,,2000.0,10.0
gate2D_bandit,N100_noise0p2,100,0.2,5,Bandit DM support top3,Bandit,426.3448510445945,413.08161086848617,472.4205638661845,0.2235165857514002,0.0,0.8643651739263152,10.44375,top3,,,,,,,,,,,,,,2000.0,10.0
gate2D_bandit,N100_noise0p2,100,0.2,5,Bandit IPS,Bandit,221.6718749613678,413.08161086848617,472.4205638661845,-3.2257012676739136,1.0,0.0,0.0,none,,,,,,,,,,,,,,2000.0,10.0
gate2D_bandit,N100_noise0p2,100,0.2,5,Bandit IPS support top3,Bandit,430.7111942212953,413.08161086848617,472.4205638661845,0.2970996699839467,0.0,0.844603489807294,10.19,top3,,,,,,,,,,,,,,2000.0,10.0
gate2D_bandit,N100_noise0p2,100,0.2,5,Bandit DR,Bandit,307.6763408438809,413.08161086848617,472.4205638661845,-1.7763250731554647,0.98625,0.0103448275862068,0.04125,none,,,,,,,,,,,,,,2000.0,10.0
gate2D_bandit,N100_noise0p2,100,0.2,5,Bandit DR support top3,Bandit,426.1771621193761,413.08161086848617,472.4205638661845,0.2206906355661165,0.0,0.8562093569172373,9.845,top3,,,,,,,,,,,,,,2000.0,10.0
gate2D_bandit,N100_noise0p2,100,0.2,5,"Bandit oracle (myopic, true R)",Bandit,413.08161086848617,413.08161086848617,472.4205638661845,0.0,0.0975,0.8628136660846941,10.64625,none,,,,,,,,,,,,,,,
gate2D_bandit,N100_noise0p2,100,0.2,6,Bandit DM,Bandit,307.3793326256101,413.5410294620784,472.2493846542733,-1.808289407681824,0.99625,0.001577287066246,0.00375,none,,,,,,,,,,,,,,2000.0,10.0
gate2D_bandit,N100_noise0p2,100,0.2,6,Bandit DM support top3,Bandit,430.5270459735502,413.5410294620784,472.2493846542733,0.289328775365351,0.0,0.8696739745999615,11.215,top3,,,,,,,,,,,,,,2000.0,10.0
gate2D_bandit,N100_noise0p2,100,0.2,6,Bandit IPS,Bandit,221.0611247716475,413.5410294620784,472.2493846542733,-3.2785777094300275,1.0,0.0,0.0,none,,,,,,,,,,,,,,2000.0,10.0
gate2D_bandit,N100_noise0p2,100,0.2,6,Bandit IPS support top3,Bandit,434.8510757598015,413.5410294620784,472.2493846542733,0.3629814909302074,0.0,0.8692893592153461,11.76,top3,,,,,,,,,,,,,,2000.0,10.0
gate2D_bandit,N100_noise0p2,100,0.2,6,Bandit DR,Bandit,307.3793326256101,413.5410294620784,472.2493846542733,-1.808289407681824,0.99625,0.001577287066246,0.00375,none,,,,,,,,,,,,,,2000.0,10.0
gate2D_bandit,N100_noise0p2,100,0.2,6,Bandit DR support top3,Bandit,427.9374683820606,413.5410294620784,472.2493846542733,0.2452195922173647,0.0,0.8739964153171391,11.7275,top3,,,,,,,,,,,,,,2000.0,10.0
gate2D_bandit,N100_noise0p2,100,0.2,6,"Bandit oracle (myopic, true R)",Bandit,413.5410294620784,413.5410294620784,472.2493846542733,0.0,0.2,0.811082995951417,11.98125,none,,,,,,,,,,,,,,,
gate2D_bandit,N100_noise0p2,100,0.2,7,Bandit DM,Bandit,405.2646195858576,422.9552853756405,480.1843549282328,-0.3091202762527112,0.925,0.0608606557377049,0.4775,none,,,,,,,,,,,,,,2000.0,10.0
gate2D_bandit,N100_noise0p2,100,0.2,7,Bandit DM support top3,Bandit,432.4012079825747,422.9552853756405,480.1843549282328,0.1650546248747514,0.0,0.8933880626114084,11.78875,top3,,,,,,,,,,,,,,2000.0,10.0
gate2D_bandit,N100_noise0p2,100,0.2,7,Bandit IPS,Bandit,231.0861151752344,422.9552853756405,480.1843549282328,-3.352652274454378,0.98,0.0294117647058823,0.0875,none,,,,,,,,,,,,,,2000.0,10.0
gate2D_bandit,N100_noise0p2,100,0.2,7,Bandit IPS support top3,Bandit,431.2395208648945,422.9552853756405,480.1843549282328,0.1447557256132038,0.0,0.8738476413292591,11.33125,top3,,,,,,,,,,,,,,2000.0,10.0
gate2D_bandit,N100_noise0p2,100,0.2,7,Bandit DR,Bandit,408.0373724261592,422.9552853756405,480.1843549282328,-0.260670199010873,0.96375,0.0267857142857142,0.13375,none,,,,,,,,,,,,,,2000.0,10.0
gate2D_bandit,N100_noise0p2,100,0.2,7,Bandit DR support top3,Bandit,431.2395208648945,422.9552853756405,480.1843549282328,0.1447557256132038,0.0,0.8738476413292591,11.33125,top3,,,,,,,,,,,,,,2000.0,10.0
gate2D_bandit,N100_noise0p2,100,0.2,7,"Bandit oracle (myopic, true R)",Bandit,422.9552853756405,422.9552853756405,480.1843549282328,0.0,0.04875,0.840601686248662,12.03875,none,,,,,,,,,,,,,,,
gate2D_bandit,N100_noise0p2,100,0.2,8,Bandit DM,Bandit,306.42556234847666,414.15142866616,472.41867197590335,-1.8488238021665515,0.9875,0.0063897763578274,0.025,none,,,,,,,,,,,,,,2000.0,10.0
gate2D_bandit,N100_noise0p2,100,0.2,8,Bandit DM support top3,Bandit,423.3585970157045,414.15142866616,472.41867197590335,0.1580161996097876,0.0,0.9035513755683432,15.9725,top3,,,,,,,,,,,,,,2000.0,10.0
gate2D_bandit,N100_noise0p2,100,0.2,8,Bandit IPS,Bandit,305.3341344130179,414.15142866616,472.41867197590335,-1.867555217511822,0.9875,0.0094936708860759,0.04,none,,,,,,,,,,,,,,2000.0,10.0
gate2D_bandit,N100_noise0p2,100,0.2,8,Bandit IPS support top3,Bandit,426.27048638193696,414.15142866616,472.41867197590335,0.2079909229848609,0.0,0.8891528042920066,13.31,top3,,,,,,,,,,,,,,2000.0,10.0
gate2D_bandit,N100_noise0p2,100,0.2,8,Bandit DR,Bandit,306.42556234847666,414.15142866616,472.41867197590335,-1.8488238021665515,0.9875,0.0063897763578274,0.025,none,,,,,,,,,,,,,,2000.0,10.0
gate2D_bandit,N100_noise0p2,100,0.2,8,Bandit DR support top3,Bandit,423.3585970157045,414.15142866616,472.41867197590335,0.1580161996097876,0.0,0.9035513755683432,15.9725,top3,,,,,,,,,,,,,,2000.0,10.0
gate2D_bandit,N100_noise0p2,100,0.2,8,"Bandit oracle (myopic, true R)",Bandit,414.15142866616,414.15142866616,472.41867197590335,0.0,0.19875,0.859053613096385,12.47,none,,,,,,,,,,,,,,,
gate2D_bandit,N100_noise0p2,100,0.2,9,Bandit DM,Bandit,317.0907775080625,420.6824583962237,477.90153050673655,-1.8104397199605784,0.99375,0.0030864197530864,0.0125,none,,,,,,,,,,,,,,2000.0,10.0
gate2D_bandit,N100_noise0p2,100,0.2,9,Bandit DM support top3,Bandit,436.1078782704046,420.6824583962237,477.90153050673655,0.2695852852067984,0.0,0.8675642586580088,10.07875,top3,,,,,,,,,,,,,,2000.0,10.0
gate2D_bandit,N100_noise0p2,100,0.2,9,Bandit IPS,Bandit,280.11140174820224,420.6824583962237,477.90153050673655,-2.4567168159686767,1.0,0.0,0.0,none,,,,,,,,,,,,,,2000.0,10.0
gate2D_bandit,N100_noise0p2,100,0.2,9,Bandit IPS support top3,Bandit,438.0150621831224,420.6824583962237,477.90153050673655,0.3029165477102217,0.0,0.864068722943723,9.9425,top3,,,,,,,,,,,,,,2000.0,10.0
gate2D_bandit,N100_noise0p2,100,0.2,9,Bandit DR,Bandit,317.0907775080625,420.6824583962237,477.90153050673655,-1.8104397199605784,0.99375,0.0030864197530864,0.0125,none,,,,,,,,,,,,,,2000.0,10.0
gate2D_bandit,N100_noise0p2,100,0.2,9,Bandit DR support top3,Bandit,436.7521313211617,420.6824583962237,477.90153050673655,0.2808446962212371,0.0,0.8744094967532468,10.08125,top3,,,,,,,,,,,,,,2000.0,10.0
gate2D_bandit,N100_noise0p2,100,0.2,9,"Bandit oracle (myopic, true R)",Bandit,420.6824583962237,420.6824583962237,477.90153050673655,0.0,0.08,0.8476970805774319,9.48,none,,,,,,,,,,,,,,,
gate2D_bandit,N100_noise0p5,100,0.5,0,Bandit DM,Bandit,322.9158468972171,425.0469525373324,482.2674723800636,-1.7848685387832812,0.98625,0.0067114093959731,0.0275,none,,,,,,,,,,,,,,2000.0,10.0
gate2D_bandit,N100_noise0p5,100,0.5,0,Bandit DM support top3,Bandit,432.6631495277806,425.0469525373324,482.2674723800636,0.1331025480261466,0.0,0.8817477904040405,9.21125,top3,,,,,,,,,,,,,,2000.0,10.0
gate2D_bandit,N100_noise0p5,100,0.5,0,Bandit IPS,Bandit,184.6213600892318,425.0469525373324,482.2674723800636,-4.201737298243758,1.0,0.0,0.0,none,,,,,,,,,,,,,,2000.0,10.0
gate2D_bandit,N100_noise0p5,100,0.5,0,Bandit IPS support top3,Bandit,435.71740320916456,425.0469525373324,482.2674723800636,0.1864794430592305,0.0,0.8518172348484847,8.51125,top3,,,,,,,,,,,,,,2000.0,10.0
gate2D_bandit,N100_noise0p5,100,0.5,0,Bandit DR,Bandit,322.9158468972171,425.0469525373324,482.2674723800636,-1.7848685387832812,0.98625,0.0067114093959731,0.0275,none,,,,,,,,,,,,,,2000.0,10.0
gate2D_bandit,N100_noise0p5,100,0.5,0,Bandit DR support top3,Bandit,435.71740320916456,425.0469525373324,482.2674723800636,0.1864794430592305,0.0,0.8518172348484847,8.51125,top3,,,,,,,,,,,,,,2000.0,10.0
gate2D_bandit,N100_noise0p5,100,0.5,0,"Bandit oracle (myopic, true R)",Bandit,425.0469525373324,425.0469525373324,482.2674723800636,0.0,0.08875,0.8110813830412796,8.09375,none,,,,,,,,,,,,,,,
gate2D_bandit,N100_noise0p5,100,0.5,1,Bandit DM,Bandit,315.31497107183964,421.1367484506907,477.8449022706637,-1.8660769263410544,0.985,0.0113636363636363,0.06,none,,,,,,,,,,,,,,2000.0,10.0
gate2D_bandit,N100_noise0p5,100,0.5,1,Bandit DM support top3,Bandit,431.13375524097415,421.1367484506907,477.8449022706637,0.1762887013042285,0.0,0.8191504329004329,8.34375,top3,,,,,,,,,,,,,,2000.0,10.0
gate2D_bandit,N100_noise0p5,100,0.5,1,Bandit IPS,Bandit,315.31497107183964,421.1367484506907,477.8449022706637,-1.8660769263410544,0.985,0.0113636363636363,0.06,none,,,,,,,,,,,,,,2000.0,10.0
gate2D_bandit,N100_noise0p5,100,0.5,1,Bandit IPS support top3,Bandit,433.0059537803536,421.1367484506907,477.8449022706637,0.2093033281835123,0.0,0.8458308982683982,8.91,top3,,,,,,,,,,,,,,2000.0,10.0
gate2D_bandit,N100_noise0p5,100,0.5,1,Bandit DR,Bandit,315.31497107183964,421.1367484506907,477.8449022706637,-1.8660769263410544,0.985,0.0113636363636363,0.06,none,,,,,,,,,,,,,,2000.0,10.0
gate2D_bandit,N100_noise0p5,100,0.5,1,Bandit DR support top3,Bandit,431.13375524097415,421.1367484506907,477.8449022706637,0.1762887013042285,0.0,0.8191504329004329,8.34375,top3,,,,,,,,,,,,,,2000.0,10.0
gate2D_bandit,N100_noise0p5,100,0.5,1,"Bandit oracle (myopic, true R)",Bandit,421.1367484506907,421.1367484506907,477.8449022706637,0.0,0.0925,0.8278454900478711,9.3525,none,,,,,,,,,,,,,,,
gate2D_bandit,N100_noise0p5,100,0.5,2,Bandit DM,Bandit,324.6977910627866,428.2572553930546,483.61336583743207,-1.8707865039456824,0.98625,0.0109034267912772,0.05375,none,,,,,,,,,,,,,,2000.0,10.0
gate2D_bandit,N100_noise0p5,100,0.5,2,Bandit DM support top3,Bandit,441.2835357221704,428.2572553930546,483.61336583743207,0.2353178397930385,0.0,0.8279339019001742,7.01375,top3,,,,,,,,,,,,,,2000.0,10.0
gate2D_bandit,N100_noise0p5,100,0.5,2,Bandit IPS,Bandit,286.9573070518091,428.2572553930546,483.61336583743207,-2.552562801232676,1.0,0.0,0.0,none,,,,,,,,,,,,,,2000.0,10.0
gate2D_bandit,N100_noise0p5,100,0.5,2,Bandit IPS support top3,Bandit,442.391861521467,428.2572553930546,483.61336583743207,0.2553395824768976,0.0,0.8162364211786367,6.80875,top3,,,,,,,,,,,,,,2000.0,10.0
gate2D_bandit,N100_noise0p5,100,0.5,2,Bandit DR,Bandit,324.6977910627866,428.2572553930546,483.61336583743207,-1.8707865039456824,0.98625,0.0109034267912772,0.05375,none,,,,,,,,,,,,,,2000.0,10.0
gate2D_bandit,N100_noise0p5,100,0.5,2,Bandit DR support top3,Bandit,441.3841759517786,428.2572553930546,483.61336583743207,0.2371358907507439,0.0,0.831522431736706,7.2275,top3,,,,,,,,,,,,,,2000.0,10.0
gate2D_bandit,N100_noise0p5,100,0.5,2,"Bandit oracle (myopic, true R)",Bandit,428.2572553930546,428.2572553930546,483.61336583743207,0.0,0.01125,0.8455194964349377,7.97,none,,,,,,,,,,,,,,,
gate2D_bandit,N100_noise0p5,100,0.5,3,Bandit DM,Bandit,324.0958464694099,427.8075954406258,483.282798778634,-1.8695154362806827,0.98375,0.0110584518167456,0.0575,none,,,,,,,,,,,,,,2000.0,10.0
gate2D_bandit,N100_noise0p5,100,0.5,3,Bandit DM support top3,Bandit,432.8097713298321,427.8075954406258,483.282798778634,0.0901695818711691,0.0,0.8663067037129537,9.36625,top3,,,,,,,,,,,,,,2000.0,10.0
gate2D_bandit,N100_noise0p5,100,0.5,3,Bandit IPS,Bandit,185.15088567115333,427.8075954406258,483.282798778634,-4.374147279658896,1.0,0.0,0.0,none,,,,,,,,,,,,,,2000.0,10.0
gate2D_bandit,N100_noise0p5,100,0.5,3,Bandit IPS support top3,Bandit,440.80583487751136,427.8075954406258,483.282798778634,0.2343071977165694,0.0,0.8707604166666666,9.83125,top3,,,,,,,,,,,,,,2000.0,10.0
gate2D_bandit,N100_noise0p5,100,0.5,3,Bandit DR,Bandit,324.0958464694099,427.8075954406258,483.282798778634,-1.8695154362806827,0.98375,0.0110584518167456,0.0575,none,,,,,,,,,,,,,,2000.0,10.0
gate2D_bandit,N100_noise0p5,100,0.5,3,Bandit DR support top3,Bandit,432.8690458848343,427.8075954406258,483.282798778634,0.091238069257165,0.0,0.8688378184315684,9.4575,top3,,,,,,,,,,,,,,2000.0,10.0
gate2D_bandit,N100_noise0p5,100,0.5,3,"Bandit oracle (myopic, true R)",Bandit,427.8075954406258,427.8075954406258,483.282798778634,0.0,0.03125,0.8639282124125874,8.695,none,,,,,,,,,,,,,,,
gate2D_bandit,N100_noise0p5,100,0.5,4,Bandit DM,Bandit,310.2534692527598,415.8730447844656,474.3155353853144,-1.8072394664537408,0.98375,0.0066115702479338,0.03375,none,,,,,,,,,,,,,,2000.0,10.0
gate2D_bandit,N100_noise0p5,100,0.5,4,Bandit DM support top3,Bandit,428.35922627441033,415.8730447844656,474.3155353853144,0.2136490310658214,0.0,0.889470238095238,11.83875,top3,,,,,,,,,,,,,,2000.0,10.0
gate2D_bandit,N100_noise0p5,100,0.5,4,Bandit IPS,Bandit,276.50875742185,415.8730447844656,474.3155353853144,-2.3846397703076585,1.0,0.0,0.0,none,,,,,,,,,,,,,,2000.0,10.0
gate2D_bandit,N100_noise0p5,100,0.5,4,Bandit IPS support top3,Bandit,428.35922627441033,415.8730447844656,474.3155353853144,0.2136490310658214,0.0,0.889470238095238,11.83875,top3,,,,,,,,,,,,,,2000.0,10.0
gate2D_bandit,N100_noise0p5,100,0.5,4,Bandit DR,Bandit,310.2534692527598,415.8730447844656,474.3155353853144,-1.8072394664537408,0.98375,0.0066115702479338,0.03375,none,,,,,,,,,,,,,,2000.0,10.0
gate2D_bandit,N100_noise0p5,100,0.5,4,Bandit DR support top3,Bandit,426.9513127247599,415.8730447844656,474.3155353853144,0.1895584501344534,0.0,0.8689940476190475,11.63625,top3,,,,,,,,,,,,,,2000.0,10.0
gate2D_bandit,N100_noise0p5,100,0.5,4,"Bandit oracle (myopic, true R)",Bandit,415.8730447844656,415.8730447844656,474.3155353853144,0.0,0.16125,0.8447698566529638,11.135,none,,,,,,,,,,,,,,,
gate2D_bandit,N100_noise0p5,100,0.5,5,Bandit DM,Bandit,307.6763408438809,413.08161086848617,472.4205638661845,-1.7763250731554647,0.98625,0.0103448275862068,0.04125,none,,,,,,,,,,,,,,2000.0,10.0
gate2D_bandit,N100_noise0p5,100,0.5,5,Bandit DM support top3,Bandit,426.1771621193761,413.08161086848617,472.4205638661845,0.2206906355661165,0.0,0.8562093569172373,9.845,top3,,,,,,,,,,,,,,2000.0,10.0
gate2D_bandit,N100_noise0p5,100,0.5,5,Bandit IPS,Bandit,221.6718749613678,413.08161086848617,472.4205638661845,-3.2257012676739136,1.0,0.0,0.0,none,,,,,,,,,,,,,,2000.0,10.0
gate2D_bandit,N100_noise0p5,100,0.5,5,Bandit IPS support top3,Bandit,426.1771621193761,413.08161086848617,472.4205638661845,0.2206906355661165,0.0,0.8562093569172373,9.845,top3,,,,,,,,,,,,,,2000.0,10.0
gate2D_bandit,N100_noise0p5,100,0.5,5,Bandit DR,Bandit,307.6763408438809,413.08161086848617,472.4205638661845,-1.7763250731554647,0.98625,0.0103448275862068,0.04125,none,,,,,,,,,,,,,,2000.0,10.0
gate2D_bandit,N100_noise0p5,100,0.5,5,Bandit DR support top3,Bandit,420.111089356814,413.08161086848617,472.4205638661845,0.1184631364931654,0.0,0.8462370368158412,10.675,top3,,,,,,,,,,,,,,2000.0,10.0
gate2D_bandit,N100_noise0p5,100,0.5,5,"Bandit oracle (myopic, true R)",Bandit,413.08161086848617,413.08161086848617,472.4205638661845,0.0,0.0975,0.8628136660846941,10.64625,none,,,,,,,,,,,,,,,
gate2D_bandit,N100_noise0p5,100,0.5,6,Bandit DM,Bandit,307.3793326256101,413.5410294620784,472.2493846542733,-1.808289407681824,0.99625,0.001577287066246,0.00375,none,,,,,,,,,,,,,,2000.0,10.0
gate2D_bandit,N100_noise0p5,100,0.5,6,Bandit DM support top3,Bandit,430.5270459735502,413.5410294620784,472.2493846542733,0.289328775365351,0.0,0.8696739745999615,11.215,top3,,,,,,,,,,,,,,2000.0,10.0
gate2D_bandit,N100_noise0p5,100,0.5,6,Bandit IPS,Bandit,221.0611247716475,413.5410294620784,472.2493846542733,-3.2785777094300275,1.0,0.0,0.0,none,,,,,,,,,,,,,,2000.0,10.0
gate2D_bandit,N100_noise0p5,100,0.5,6,Bandit IPS support top3,Bandit,430.5270459735502,413.5410294620784,472.2493846542733,0.289328775365351,0.0,0.8696739745999615,11.215,top3,,,,,,,,,,,,,,2000.0,10.0
gate2D_bandit,N100_noise0p5,100,0.5,6,Bandit DR,Bandit,307.3793326256101,413.5410294620784,472.2493846542733,-1.808289407681824,0.99625,0.001577287066246,0.00375,none,,,,,,,,,,,,,,2000.0,10.0
gate2D_bandit,N100_noise0p5,100,0.5,6,Bandit DR support top3,Bandit,420.4450162770977,413.5410294620784,472.2493846542733,0.1175980282945686,0.0,0.8293838502506264,12.23125,top3,,,,,,,,,,,,,,2000.0,10.0
gate2D_bandit,N100_noise0p5,100,0.5,6,"Bandit oracle (myopic, true R)",Bandit,413.5410294620784,413.5410294620784,472.2493846542733,0.0,0.2,0.811082995951417,11.98125,none,,,,,,,,,,,,,,,
gate2D_bandit,N100_noise0p5,100,0.5,7,Bandit DM,Bandit,405.2646195858576,422.9552853756405,480.1843549282328,-0.3091202762527112,0.925,0.0608606557377049,0.4775,none,,,,,,,,,,,,,,2000.0,10.0
gate2D_bandit,N100_noise0p5,100,0.5,7,Bandit DM support top3,Bandit,432.4012079825747,422.9552853756405,480.1843549282328,0.1650546248747514,0.0,0.8933880626114084,11.78875,top3,,,,,,,,,,,,,,2000.0,10.0
gate2D_bandit,N100_noise0p5,100,0.5,7,Bandit IPS,Bandit,325.98077385828407,422.9552853756405,480.1843549282328,-1.6944974341796528,1.0,0.0,0.0,none,,,,,,,,,,,,,,2000.0,10.0
gate2D_bandit,N100_noise0p5,100,0.5,7,Bandit IPS support top3,Bandit,434.1940685387677,422.9552853756405,480.1843549282328,0.196382419825976,0.0,0.8845060637891521,11.445,top3,,,,,,,,,,,,,,2000.0,10.0
gate2D_bandit,N100_noise0p5,100,0.5,7,Bandit DR,Bandit,405.2646195858576,422.9552853756405,480.1843549282328,-0.3091202762527112,0.925,0.0608606557377049,0.4775,none,,,,,,,,,,,,,,2000.0,10.0
gate2D_bandit,N100_noise0p5,100,0.5,7,Bandit DR support top3,Bandit,432.4012079825747,422.9552853756405,480.1843549282328,0.1650546248747514,0.0,0.8933880626114084,11.78875,top3,,,,,,,,,,,,,,2000.0,10.0
gate2D_bandit,N100_noise0p5,100,0.5,7,"Bandit oracle (myopic, true R)",Bandit,422.9552853756405,422.9552853756405,480.1843549282328,0.0,0.04875,0.840601686248662,12.03875,none,,,,,,,,,,,,,,,
gate2D_bandit,N100_noise0p5,100,0.5,8,Bandit DM,Bandit,409.3236741758072,414.15142866616,472.41867197590335,-0.0828553783587955,0.9275,0.0780419541663202,0.4425,none,,,,,,,,,,,,,,2000.0,10.0
gate2D_bandit,N100_noise0p5,100,0.5,8,Bandit DM support top3,Bandit,423.3585970157045,414.15142866616,472.41867197590335,0.1580161996097876,0.0,0.9035513755683432,15.9725,top3,,,,,,,,,,,,,,2000.0,10.0
gate2D_bandit,N100_noise0p5,100,0.5,8,Bandit IPS,Bandit,305.3341344130179,414.15142866616,472.41867197590335,-1.867555217511822,0.9875,0.0094936708860759,0.04,none,,,,,,,,,,,,,,2000.0,10.0
gate2D_bandit,N100_noise0p5,100,0.5,8,Bandit IPS support top3,Bandit,426.27048638193696,414.15142866616,472.41867197590335,0.2079909229848609,0.0,0.8891528042920066,13.31,top3,,,,,,,,,,,,,,2000.0,10.0
gate2D_bandit,N100_noise0p5,100,0.5,8,Bandit DR,Bandit,311.92884648117365,414.15142866616,472.41867197590335,-1.7543747803818408,0.9275,0.06551515574476,0.4425,none,,,,,,,,,,,,,,2000.0,10.0
gate2D_bandit,N100_noise0p5,100,0.5,8,Bandit DR support top3,Bandit,423.3585970157045,414.15142866616,472.41867197590335,0.1580161996097876,0.0,0.9035513755683432,15.9725,top3,,,,,,,,,,,,,,2000.0,10.0
gate2D_bandit,N100_noise0p5,100,0.5,8,"Bandit oracle (myopic, true R)",Bandit,414.15142866616,414.15142866616,472.41867197590335,0.0,0.19875,0.859053613096385,12.47,none,,,,,,,,,,,,,,,
gate2D_bandit,N100_noise0p5,100,0.5,9,Bandit DM,Bandit,317.0907775080625,420.6824583962237,477.90153050673655,-1.8104397199605784,0.99375,0.0030864197530864,0.0125,none,,,,,,,,,,,,,,2000.0,10.0
gate2D_bandit,N100_noise0p5,100,0.5,9,Bandit DM support top3,Bandit,436.1078782704046,420.6824583962237,477.90153050673655,0.2695852852067984,0.0,0.8675642586580088,10.07875,top3,,,,,,,,,,,,,,2000.0,10.0
gate2D_bandit,N100_noise0p5,100,0.5,9,Bandit IPS,Bandit,280.11140174820224,420.6824583962237,477.90153050673655,-2.4567168159686767,1.0,0.0,0.0,none,,,,,,,,,,,,,,2000.0,10.0
gate2D_bandit,N100_noise0p5,100,0.5,9,Bandit IPS support top3,Bandit,436.1078782704046,420.6824583962237,477.90153050673655,0.2695852852067984,0.0,0.8675642586580088,10.07875,top3,,,,,,,,,,,,,,2000.0,10.0
gate2D_bandit,N100_noise0p5,100,0.5,9,Bandit DR,Bandit,317.0907775080625,420.6824583962237,477.90153050673655,-1.8104397199605784,0.99375,0.0030864197530864,0.0125,none,,,,,,,,,,,,,,2000.0,10.0
gate2D_bandit,N100_noise0p5,100,0.5,9,Bandit DR support top3,Bandit,425.377299186434,420.6824583962237,477.90153050673655,0.0820502782908251,0.0,0.844089871933622,9.44375,top3,,,,,,,,,,,,,,2000.0,10.0
gate2D_bandit,N100_noise0p5,100,0.5,9,"Bandit oracle (myopic, true R)",Bandit,420.6824583962237,420.6824583962237,477.90153050673655,0.0,0.08,0.8476970805774319,9.48,none,,,,,,,,,,,,,,,
gate2D_bandit,N1600_noise0p05,1600,0.05,0,Bandit DM,Bandit,317.1858592632272,420.6941057714956,478.158742618527,-1.8012512074826674,0.987265625,0.0079280672918882,0.5225,none,,,,,,,,,,,,,,2000.0,10.0
gate2D_bandit,N1600_noise0p05,1600,0.05,0,Bandit DM support top3,Bandit,428.8207410437364,420.6941057714956,478.158742618527,0.1414197621029714,0.0,0.7302341252448475,121.30859375,top3,,,,,,,,,,,,,,2000.0,10.0
gate2D_bandit,N1600_noise0p05,1600,0.05,0,Bandit IPS,Bandit,317.1858592632272,420.6941057714956,478.158742618527,-1.8012512074826674,0.987265625,0.0079280672918882,0.5225,none,,,,,,,,,,,,,,2000.0,10.0
gate2D_bandit,N1600_noise0p05,1600,0.05,0,Bandit IPS support top3,Bandit,430.0036825688603,420.6941057714956,478.158742618527,0.1620053185430626,0.0,0.7590713183749884,126.076328125,top3,,,,,,,,,,,,,,2000.0,10.0
gate2D_bandit,N1600_noise0p05,1600,0.05,0,Bandit DR,Bandit,317.1858592632272,420.6941057714956,478.158742618527,-1.8012512074826674,0.987265625,0.0079280672918882,0.5225,none,,,,,,,,,,,,,,2000.0,10.0
gate2D_bandit,N1600_noise0p05,1600,0.05,0,Bandit DR support top3,Bandit,428.8207410437364,420.6941057714956,478.158742618527,0.1414197621029714,0.0,0.7302341252448475,121.30859375,top3,,,,,,,,,,,,,,2000.0,10.0
gate2D_bandit,N1600_noise0p05,1600,0.05,0,"Bandit oracle (myopic, true R)",Bandit,420.6941057714956,420.6941057714956,478.158742618527,0.0,0.0,0.8459761922012171,142.960078125,none,,,,,,,,,,,,,,,
gate2D_bandit,N1600_noise0p05,1600,0.05,1,Bandit DM,Bandit,404.3114263237824,422.2408621751993,479.0817275720908,-0.3154321407006132,0.93203125,0.031262946142365,3.023828125,none,,,,,,,,,,,,,,2000.0,10.0
gate2D_bandit,N1600_noise0p05,1600,0.05,1,Bandit DM support top3,Bandit,429.3098914089561,422.2408621751993,479.0817275720908,0.1243652640472172,0.0,0.7628119057590552,129.609921875,top3,,,,,,,,,,,,,,2000.0,10.0
gate2D_bandit,N1600_noise0p05,1600,0.05,1,Bandit IPS,Bandit,282.05780891069577,422.2408621751993,479.0817275720908,-2.4662371391722333,1.0,0.0,0.0,none,,,,,,,,,,,,,,2000.0,10.0
gate2D_bandit,N1600_noise0p05,1600,0.05,1,Bandit IPS support top3,Bandit,429.4483387980343,422.2408621751993,479.0817275720908,0.1268009656874285,0.0,0.774622702424584,127.3265625,top3,,,,,,,,,,,,,,2000.0,10.0
gate2D_bandit,N1600_noise0p05,1600,0.05,1,Bandit DR,Bandit,407.2144805258952,422.2408621751993,479.0817275720908,-0.264358776812816,0.93203125,0.0437711962970717,4.60015625,none,,,,,,,,,,,,,,2000.0,10.0
gate2D_bandit,N1600_noise0p05,1600,0.05,1,Bandit DR support top3,Bandit,429.3098914089561,422.2408621751993,479.0817275720908,0.1243652640472172,0.0,0.7628119057590552,129.609921875,top3,,,,,,,,,,,,,,2000.0,10.0
gate2D_bandit,N1600_noise0p05,1600,0.05,1,"Bandit oracle (myopic, true R)",Bandit,422.2408621751993,422.2408621751993,479.0817275720908,0.0,0.0,0.8518105537581425,146.903984375,none,,,,,,,,,,,,,,,
gate2D_bandit,N1600_noise0p05,1600,0.05,2,Bandit DM,Bandit,387.8245910777735,420.7019605669336,477.9242309914933,-0.5745554876663759,0.933359375,0.0635601606774993,6.80515625,none,,,,,,,,,,,,,,2000.0,10.0
gate2D_bandit,N1600_noise0p05,1600,0.05,2,Bandit DM support top3,Bandit,428.4175022453748,420.7019605669336,477.9242309914933,0.1348345953628867,0.0,0.7918465450339801,126.46609375,top3,,,,,,,,,,,,,,2000.0,10.0
gate2D_bandit,N1600_noise0p05,1600,0.05,2,Bandit IPS,Bandit,316.5598767635272,420.7019605669336,477.9242309914933,-1.819957212999869,0.985703125,0.0085048806417319,0.62859375,none,,,,,,,,,,,,,,2000.0,10.0
gate2D_bandit,N1600_noise0p05,1600,0.05,2,Bandit IPS support top3,Bandit,429.23359826509926,420.7019605669336,477.9242309914933,0.1490964555384695,0.0,0.803360732308035,138.733984375,top3,,,,,,,,,,,,,,2000.0,10.0
gate2D_bandit,N1600_noise0p05,1600,0.05,2,Bandit DR,Bandit,317.21085645459993,420.7019605669336,477.9242309914933,-1.808580878467128,0.985703125,0.0085048806417319,0.62859375,none,,,,,,,,,,,,,,2000.0,10.0
gate2D_bandit,N1600_noise0p05,1600,0.05,2,Bandit DR support top3,Bandit,428.0202765057925,420.7019605669336,477.9242309914933,0.1278927921692155,0.0,0.8011328908526414,128.3275,top3,,,,,,,,,,,,,,2000.0,10.0
gate2D_bandit,N1600_noise0p05,1600,0.05,2,"Bandit oracle (myopic, true R)",Bandit,420.7019605669336,420.7019605669336,477.9242309914933,0.0,0.0,0.8470534631522537,144.488359375,none,,,,,,,,,,,,,,,
gate2D_bandit,N1600_noise0p05,1600,0.05,3,Bandit DM,Bandit,312.6207114373159,420.1985074854882,477.6588309814034,-1.8722100660609724,0.9871875,0.0084729626808834,0.5690625,none,,,,,,,,,,,,,,2000.0,10.0
gate2D_bandit,N1600_noise0p05,1600,0.05,3,Bandit DM support top3,Bandit,428.4043673275035,420.1985074854882,477.6588309814034,0.1428091479958101,0.0,0.7612292285811617,124.86390625,top3,,,,,,,,,,,,,,2000.0,10.0
gate2D_bandit,N1600_noise0p05,1600,0.05,3,Bandit IPS,Bandit,316.4750228010731,420.1985074854882,477.6588309814034,-1.8051322786546549,0.9878125,0.0073444143795902,0.465,none,,,,,,,,,,,,,,2000.0,10.0
gate2D_bandit,N1600_noise0p05,1600,0.05,3,Bandit IPS support top3,Bandit,429.85528455909457,420.1985074854882,477.6588309814034,0.1680599148435499,0.0,0.7493048783990435,129.581640625,top3,,,,,,,,,,,,,,2000.0,10.0
gate2D_bandit,N1600_noise0p05,1600,0.05,3,Bandit DR,Bandit,316.4750228010731,420.1985074854882,477.6588309814034,-1.8051322786546549,0.9878125,0.0073444143795902,0.465,none,,,,,,,,,,,,,,2000.0,10.0
gate2D_bandit,N1600_noise0p05,1600,0.05,3,Bandit DR support top3,Bandit,427.9483663071468,420.1985074854882,477.6588309814034,0.134873219469596,0.0,0.7653450275044956,126.694375,top3,,,,,,,,,,,,,,2000.0,10.0
gate2D_bandit,N1600_noise0p05,1600,0.05,3,"Bandit oracle (myopic, true R)",Bandit,420.1985074854882,420.1985074854882,477.6588309814034,0.0,0.0,0.8475514782955645,148.700859375,none,,,,,,,,,,,,,,,
gate2D_bandit,N1600_noise0p05,1600,0.05,4,Bandit DM,Bandit,319.155423006098,422.8141069914742,479.6367344894461,-1.8242501015827888,0.98640625,0.0068751815628933,0.482421875,none,,,,,,,,,,,,,,2000.0,10.0
gate2D_bandit,N1600_noise0p05,1600,0.05,4,Bandit DM support top3,Bandit,430.7568245727557,422.8141069914742,479.6367344894461,0.1397808924193973,0.0,0.7875307220894828,123.955703125,top3,,,,,,,,,,,,,,2000.0,10.0
gate2D_bandit,N1600_noise0p05,1600,0.05,4,Bandit IPS,Bandit,316.9650909610955,422.8141069914742,479.6367344894461,-1.862796929518204,0.981171875,0.0161889343872012,1.0515625,none,,,,,,,,,,,,,,2000.0,10.0
gate2D_bandit,N1600_noise0p05,1600,0.05,4,Bandit IPS support top3,Bandit,429.5392919651377,422.8141069914742,479.6367344894461,0.1183539950507132,0.0,0.8013563985225147,125.37546875,top3,,,,,,,,,,,,,,2000.0,10.0
gate2D_bandit,N1600_noise0p05,1600,0.05,4,Bandit DR,Bandit,319.155423006098,422.8141069914742,479.6367344894461,-1.8242501015827888,0.98640625,0.0068751815628933,0.482421875,none,,,,,,,,,,,,,,2000.0,10.0
gate2D_bandit,N1600_noise0p05,1600,0.05,4,Bandit DR support top3,Bandit,430.3456610879249,422.8141069914742,479.6367344894461,0.1325449812527501,0.0,0.7952452553315419,125.670390625,top3,,,,,,,,,,,,,,2000.0,10.0
gate2D_bandit,N1600_noise0p05,1600,0.05,4,"Bandit oracle (myopic, true R)",Bandit,422.8141069914742,422.8141069914742,479.6367344894461,0.0,0.0,0.8512508910708994,146.170859375,none,,,,,,,,,,,,,,,
gate2D_bandit,N1600_noise0p05,1600,0.05,5,Bandit DM,Bandit,316.22695352528456,420.42955294452105,477.5980827412801,-1.8227265908304648,0.987109375,0.0073401583928916,0.49421875,none,,,,,,,,,,,,,,2000.0,10.0
gate2D_bandit,N1600_noise0p05,1600,0.05,5,Bandit DM support top3,Bandit,428.41634174390856,420.42955294452105,477.5980827412801,0.1397060380559286,0.0,0.7660073366074772,129.7909375,top3,,,,,,,,,,,,,,2000.0,10.0
gate2D_bandit,N1600_noise0p05,1600,0.05,5,Bandit IPS,Bandit,226.38175609618685,420.42955294452105,477.5980827412801,-3.39431147762934,1.0,0.0,0.0,none,,,,,,,,,,,,,,2000.0,10.0
gate2D_bandit,N1600_noise0p05,1600,0.05,5,Bandit IPS support top3,Bandit,428.43762913880494,420.42955294452105,477.5980827412801,0.1400784001749485,0.0,0.7576910198649293,125.946953125,top3,,,,,,,,,,,,,,2000.0,10.0
gate2D_bandit,N1600_noise0p05,1600,0.05,5,Bandit DR,Bandit,316.22695352528456,420.42955294452105,477.5980827412801,-1.8227265908304648,0.987109375,0.0073401583928916,0.49421875,none,,,,,,,,,,,,,,2000.0,10.0
gate2D_bandit,N1600_noise0p05,1600,0.05,5,Bandit DR support top3,Bandit,428.41634174390856,420.42955294452105,477.5980827412801,0.1397060380559286,0.0,0.7660073366074772,129.7909375,top3,,,,,,,,,,,,,,2000.0,10.0
gate2D_bandit,N1600_noise0p05,1600,0.05,5,"Bandit oracle (myopic, true R)",Bandit,420.42955294452105,420.42955294452105,477.5980827412801,0.0,0.0,0.8464086031330261,152.087578125,none,,,,,,,,,,,,,,,
gate2D_bandit,N1600_noise0p05,1600,0.05,6,Bandit DM,Bandit,330.08016840423574,420.4015625942231,477.26680319791535,-1.5883410187157951,0.93546875,0.0497151329667669,4.478125,none,,,,,,,,,,,,,,2000.0,10.0
gate2D_bandit,N1600_noise0p05,1600,0.05,6,Bandit DM support top3,Bandit,427.1879475483891,420.4015625942231,477.26680319791535,0.1193415324039861,0.0,0.7857931445192189,144.187890625,top3,,,,,,,,,,,,,,2000.0,10.0
gate2D_bandit,N1600_noise0p05,1600,0.05,6,Bandit IPS,Bandit,315.6294966795768,420.4015625942231,477.26680319791535,-1.8424623689685653,0.9878125,0.007813253593132,0.494296875,none,,,,,,,,,,,,,,2000.0,10.0
gate2D_bandit,N1600_noise0p05,1600,0.05,6,Bandit IPS support top3,Bandit,428.8127994239856,420.4015625942231,477.26680319791535,0.1479152596642019,0.0,0.8006689115126082,145.208046875,top3,,,,,,,,,,,,,,2000.0,10.0
gate2D_bandit,N1600_noise0p05,1600,0.05,6,Bandit DR,Bandit,315.6294966795768,420.4015625942231,477.26680319791535,-1.8424623689685653,0.9878125,0.007813253593132,0.494296875,none,,,,,,,,,,,,,,2000.0,10.0
gate2D_bandit,N1600_noise0p05,1600,0.05,6,Bandit DR support top3,Bandit,427.1879475483891,420.4015625942231,477.26680319791535,0.1193415324039861,0.0,0.7857931445192189,144.187890625,top3,,,,,,,,,,,,,,2000.0,10.0
gate2D_bandit,N1600_noise0p05,1600,0.05,6,"Bandit oracle (myopic, true R)",Bandit,420.4015625942231,420.4015625942231,477.26680319791535,0.0,0.0,0.8532773322005833,156.089921875,none,,,,,,,,,,,,,,,
gate2D_bandit,N1600_noise0p05,1600,0.05,7,Bandit DM,Bandit,318.0531873656473,422.5603637349696,478.8785864087379,-1.8556547314125256,0.98703125,0.0072540864687107,0.485546875,none,,,,,,,,,,,,,,2000.0,10.0
gate2D_bandit,N1600_noise0p05,1600,0.05,7,Bandit DM support top3,Bandit,429.9747838702177,422.5603637349696,478.8785864087379,0.131652239421639,0.0,0.7579827771832922,135.377734375,top3,,,,,,,,,,,,,,2000.0,10.0
gate2D_bandit,N1600_noise0p05,1600,0.05,7,Bandit IPS,Bandit,318.0531873656473,422.5603637349696,478.8785864087379,-1.8556547314125256,0.98703125,0.0072540864687107,0.485546875,none,,,,,,,,,,,,,,2000.0,10.0
gate2D_bandit,N1600_noise0p05,1600,0.05,7,Bandit IPS support top3,Bandit,431.0784691533683,422.5603637349696,478.8785864087379,0.1512495425812903,0.0,0.785217157299929,139.33109375,top3,,,,,,,,,,,,,,2000.0,10.0
gate2D_bandit,N1600_noise0p05,1600,0.05,7,Bandit DR,Bandit,318.0531873656473,422.5603637349696,478.8785864087379,-1.8556547314125256,0.98703125,0.0072540864687107,0.485546875,none,,,,,,,,,,,,,,2000.0,10.0
gate2D_bandit,N1600_noise0p05,1600,0.05,7,Bandit DR support top3,Bandit,429.4939316591445,422.5603637349696,478.8785864087379,0.1231141111170813,0.0,0.7688347535442887,137.89515625,top3,,,,,,,,,,,,,,2000.0,10.0
gate2D_bandit,N1600_noise0p05,1600,0.05,7,"Bandit oracle (myopic, true R)",Bandit,422.5603637349696,422.5603637349696,478.8785864087379,0.0,0.0,0.8483130136257404,150.515078125,none,,,,,,,,,,,,,,,
gate2D_bandit,N1600_noise0p05,1600,0.05,8,Bandit DM,Bandit,316.91452847862104,421.64695137411786,478.1010548050897,-1.855178216115971,0.98828125,0.0073373238076848,0.44625,none,,,,,,,,,,,,,,2000.0,10.0
gate2D_bandit,N1600_noise0p05,1600,0.05,8,Bandit DM support top3,Bandit,429.94661520793,421.64695137411786,478.1010548050897,0.14701613043878,0.0,0.7313522233549239,127.1571875,top3,,,,,,,,,,,,,,2000.0,10.0
gate2D_bandit,N1600_noise0p05,1600,0.05,8,Bandit IPS,Bandit,316.91452847862104,421.64695137411786,478.1010548050897,-1.855178216115971,0.98828125,0.0073373238076848,0.44625,none,,,,,,,,,,,,,,2000.0,10.0
gate2D_bandit,N1600_noise0p05,1600,0.05,8,Bandit IPS support top3,Bandit,445.53644822579554,421.64695137411786,478.1010548050897,0.4231667035663422,0.0,0.6022178490174456,73.30984375,top3,,,,,,,,,,,,,,2000.0,10.0
gate2D_bandit,N1600_noise0p05,1600,0.05,8,Bandit DR,Bandit,316.91452847862104,421.64695137411786,478.1010548050897,-1.855178216115971,0.98828125,0.0073373238076848,0.44625,none,,,,,,,,,,,,,,2000.0,10.0
gate2D_bandit,N1600_noise0p05,1600,0.05,8,Bandit DR support top3,Bandit,429.2468448442816,421.64695137411786,478.1010548050897,0.1346207451413407,0.0,0.7490155871770099,131.75140625,top3,,,,,,,,,,,,,,2000.0,10.0
gate2D_bandit,N1600_noise0p05,1600,0.05,8,"Bandit oracle (myopic, true R)",Bandit,421.64695137411786,421.64695137411786,478.1010548050897,0.0,0.0,0.8464664695536328,154.06328125,none,,,,,,,,,,,,,,,
gate2D_bandit,N1600_noise0p05,1600,0.05,9,Bandit DM,Bandit,316.7721443333552,421.14554862217454,477.7638570902434,-1.843456774193158,0.988671875,0.0068506368197607,0.404296875,none,,,,,,,,,,,,,,2000.0,10.0
gate2D_bandit,N1600_noise0p05,1600,0.05,9,Bandit DM support top3,Bandit,428.79693051878377,421.14554862217454,477.7638570902434,0.1351397119347779,0.0,0.7884223316924865,127.684453125,top3,,,,,,,,,,,,,,2000.0,10.0
gate2D_bandit,N1600_noise0p05,1600,0.05,9,Bandit IPS,Bandit,280.70050222826234,421.14554862217454,477.7638570902434,-2.480558854440509,1.0,0.0,0.0,none,,,,,,,,,,,,,,2000.0,10.0
gate2D_bandit,N1600_noise0p05,1600,0.05,9,Bandit IPS support top3,Bandit,431.1053921716721,421.14554862217454,477.7638570902434,0.1759120648246609,0.0,0.7877840432629294,128.745,top3,,,,,,,,,,,,,,2000.0,10.0
gate2D_bandit,N1600_noise0p05,1600,0.05,9,Bandit DR,Bandit,316.7721443333552,421.14554862217454,477.7638570902434,-1.843456774193158,0.988671875,0.0068506368197607,0.404296875,none,,,,,,,,,,,,,,2000.0,10.0
gate2D_bandit,N1600_noise0p05,1600,0.05,9,Bandit DR support top3,Bandit,429.60104481547575,421.14554862217454,477.7638570902434,0.1493420842494767,0.0,0.7976192591882441,139.393828125,top3,,,,,,,,,,,,,,2000.0,10.0
gate2D_bandit,N1600_noise0p05,1600,0.05,9,"Bandit oracle (myopic, true R)",Bandit,421.14554862217454,421.14554862217454,477.7638570902434,0.0,0.0,0.8482297729564207,150.22140625,none,,,,,,,,,,,,,,,
gate2D_bandit,N1600_noise0p2,1600,0.2,0,Bandit DM,Bandit,317.1858592632272,420.6941057714956,478.158742618527,-1.8012512074826674,0.987265625,0.0079280672918882,0.5225,none,,,,,,,,,,,,,,2000.0,10.0
gate2D_bandit,N1600_noise0p2,1600,0.2,0,Bandit DM support top3,Bandit,428.8207410437364,420.6941057714956,478.158742618527,0.1414197621029714,0.0,0.7302341252448475,121.30859375,top3,,,,,,,,,,,,,,2000.0,10.0
gate2D_bandit,N1600_noise0p2,1600,0.2,0,Bandit IPS,Bandit,317.1858592632272,420.6941057714956,478.158742618527,-1.8012512074826674,0.987265625,0.0079280672918882,0.5225,none,,,,,,,,,,,,,,2000.0,10.0
gate2D_bandit,N1600_noise0p2,1600,0.2,0,Bandit IPS support top3,Bandit,428.8207410437364,420.6941057714956,478.158742618527,0.1414197621029714,0.0,0.7302341252448475,121.30859375,top3,,,,,,,,,,,,,,2000.0,10.0
gate2D_bandit,N1600_noise0p2,1600,0.2,0,Bandit DR,Bandit,317.1858592632272,420.6941057714956,478.158742618527,-1.8012512074826674,0.987265625,0.0079280672918882,0.5225,none,,,,,,,,,,,,,,2000.0,10.0
gate2D_bandit,N1600_noise0p2,1600,0.2,0,Bandit DR support top3,Bandit,428.8207410437364,420.6941057714956,478.158742618527,0.1414197621029714,0.0,0.7302341252448475,121.30859375,top3,,,,,,,,,,,,,,2000.0,10.0
gate2D_bandit,N1600_noise0p2,1600,0.2,0,"Bandit oracle (myopic, true R)",Bandit,420.6941057714956,420.6941057714956,478.158742618527,0.0,0.0,0.8459761922012171,142.960078125,none,,,,,,,,,,,,,,,
gate2D_bandit,N1600_noise0p2,1600,0.2,1,Bandit DM,Bandit,407.2144805258952,422.2408621751993,479.0817275720908,-0.264358776812816,0.93203125,0.0437711962970717,4.60015625,none,,,,,,,,,,,,,,2000.0,10.0
gate2D_bandit,N1600_noise0p2,1600,0.2,1,Bandit DM support top3,Bandit,429.3098914089561,422.2408621751993,479.0817275720908,0.1243652640472172,0.0,0.7628119057590552,129.609921875,top3,,,,,,,,,,,,,,2000.0,10.0
gate2D_bandit,N1600_noise0p2,1600,0.2,1,Bandit IPS,Bandit,282.05780891069577,422.2408621751993,479.0817275720908,-2.4662371391722333,1.0,0.0,0.0,none,,,,,,,,,,,,,,2000.0,10.0
gate2D_bandit,N1600_noise0p2,1600,0.2,1,Bandit IPS support top3,Bandit,429.4483387980343,422.2408621751993,479.0817275720908,0.1268009656874285,0.0,0.774622702424584,127.3265625,top3,,,,,,,,,,,,,,2000.0,10.0
gate2D_bandit,N1600_noise0p2,1600,0.2,1,Bandit DR,Bandit,407.2144805258952,422.2408621751993,479.0817275720908,-0.264358776812816,0.93203125,0.0437711962970717,4.60015625,none,,,,,,,,,,,,,,2000.0,10.0
gate2D_bandit,N1600_noise0p2,1600,0.2,1,Bandit DR support top3,Bandit,429.3098914089561,422.2408621751993,479.0817275720908,0.1243652640472172,0.0,0.7628119057590552,129.609921875,top3,,,,,,,,,,,,,,2000.0,10.0
gate2D_bandit,N1600_noise0p2,1600,0.2,1,"Bandit oracle (myopic, true R)",Bandit,422.2408621751993,422.2408621751993,479.0817275720908,0.0,0.0,0.8518105537581425,146.903984375,none,,,,,,,,,,,,,,,
gate2D_bandit,N1600_noise0p2,1600,0.2,2,Bandit DM,Bandit,406.132700274738,420.7019605669336,477.9242309914933,-0.254608217816232,0.952109375,0.0354467179637209,4.060234375,none,,,,,,,,,,,,,,2000.0,10.0
gate2D_bandit,N1600_noise0p2,1600,0.2,2,Bandit DM support top3,Bandit,428.4175022453748,420.7019605669336,477.9242309914933,0.1348345953628867,0.0,0.7918465450339801,126.46609375,top3,,,,,,,,,,,,,,2000.0,10.0
gate2D_bandit,N1600_noise0p2,1600,0.2,2,Bandit IPS,Bandit,316.5598767635272,420.7019605669336,477.9242309914933,-1.819957212999869,0.985703125,0.0085048806417319,0.62859375,none,,,,,,,,,,,,,,2000.0,10.0
gate2D_bandit,N1600_noise0p2,1600,0.2,2,Bandit IPS support top3,Bandit,429.23359826509926,420.7019605669336,477.9242309914933,0.1490964555384695,0.0,0.803360732308035,138.733984375,top3,,,,,,,,,,,,,,2000.0,10.0
gate2D_bandit,N1600_noise0p2,1600,0.2,2,Bandit DR,Bandit,403.8864191836112,420.7019605669336,477.9242309914933,-0.293863582457665,0.93546875,0.044420659299552,4.5134375,none,,,,,,,,,,,,,,2000.0,10.0
gate2D_bandit,N1600_noise0p2,1600,0.2,2,Bandit DR support top3,Bandit,428.0202765057925,420.7019605669336,477.9242309914933,0.1278927921692155,0.0,0.8011328908526414,128.3275,top3,,,,,,,,,,,,,,2000.0,10.0
gate2D_bandit,N1600_noise0p2,1600,0.2,2,"Bandit oracle (myopic, true R)",Bandit,420.7019605669336,420.7019605669336,477.9242309914933,0.0,0.0,0.8470534631522537,144.488359375,none,,,,,,,,,,,,,,,
gate2D_bandit,N1600_noise0p2,1600,0.2,3,Bandit DM,Bandit,316.4750228010731,420.1985074854882,477.6588309814034,-1.8051322786546549,0.9878125,0.0073444143795902,0.465,none,,,,,,,,,,,,,,2000.0,10.0
gate2D_bandit,N1600_noise0p2,1600,0.2,3,Bandit DM support top3,Bandit,428.4043673275035,420.1985074854882,477.6588309814034,0.1428091479958101,0.0,0.7612292285811617,124.86390625,top3,,,,,,,,,,,,,,2000.0,10.0
gate2D_bandit,N1600_noise0p2,1600,0.2,3,Bandit IPS,Bandit,316.4750228010731,420.1985074854882,477.6588309814034,-1.8051322786546549,0.9878125,0.0073444143795902,0.465,none,,,,,,,,,,,,,,2000.0,10.0
gate2D_bandit,N1600_noise0p2,1600,0.2,3,Bandit IPS support top3,Bandit,429.85528455909457,420.1985074854882,477.6588309814034,0.1680599148435499,0.0,0.7493048783990435,129.581640625,top3,,,,,,,,,,,,,,2000.0,10.0
gate2D_bandit,N1600_noise0p2,1600,0.2,3,Bandit DR,Bandit,316.4750228010731,420.1985074854882,477.6588309814034,-1.8051322786546549,0.9878125,0.0073444143795902,0.465,none,,,,,,,,,,,,,,2000.0,10.0
gate2D_bandit,N1600_noise0p2,1600,0.2,3,Bandit DR support top3,Bandit,428.8071753898062,420.1985074854882,477.6588309814034,0.1498193428188752,0.0,0.7396067858867664,121.068671875,top3,,,,,,,,,,,,,,2000.0,10.0
gate2D_bandit,N1600_noise0p2,1600,0.2,3,"Bandit oracle (myopic, true R)",Bandit,420.1985074854882,420.1985074854882,477.6588309814034,0.0,0.0,0.8475514782955645,148.700859375,none,,,,,,,,,,,,,,,
gate2D_bandit,N1600_noise0p2,1600,0.2,4,Bandit DM,Bandit,319.155423006098,422.8141069914742,479.6367344894461,-1.8242501015827888,0.98640625,0.0068751815628933,0.482421875,none,,,,,,,,,,,,,,2000.0,10.0
gate2D_bandit,N1600_noise0p2,1600,0.2,4,Bandit DM support top3,Bandit,431.6509879019686,422.8141069914742,479.6367344894461,0.1555169357631309,0.0,0.7995565511163898,135.960390625,top3,,,,,,,,,,,,,,2000.0,10.0
gate2D_bandit,N1600_noise0p2,1600,0.2,4,Bandit IPS,Bandit,316.9650909610955,422.8141069914742,479.6367344894461,-1.862796929518204,0.981171875,0.0161889343872012,1.0515625,none,,,,,,,,,,,,,,2000.0,10.0
gate2D_bandit,N1600_noise0p2,1600,0.2,4,Bandit IPS support top3,Bandit,429.7617420472011,422.8141069914742,479.6367344894461,0.1222688101843735,0.0,0.8081630391475148,126.35828125,top3,,,,,,,,,,,,,,2000.0,10.0
gate2D_bandit,N1600_noise0p2,1600,0.2,4,Bandit DR,Bandit,319.155423006098,422.8141069914742,479.6367344894461,-1.8242501015827888,0.98640625,0.0068751815628933,0.482421875,none,,,,,,,,,,,,,,2000.0,10.0
gate2D_bandit,N1600_noise0p2,1600,0.2,4,Bandit DR support top3,Bandit,430.3456610879249,422.8141069914742,479.6367344894461,0.1325449812527501,0.0,0.7952452553315419,125.670390625,top3,,,,,,,,,,,,,,2000.0,10.0
gate2D_bandit,N1600_noise0p2,1600,0.2,4,"Bandit oracle (myopic, true R)",Bandit,422.8141069914742,422.8141069914742,479.6367344894461,0.0,0.0,0.8512508910708994,146.170859375,none,,,,,,,,,,,,,,,
gate2D_bandit,N1600_noise0p2,1600,0.2,5,Bandit DM,Bandit,404.3218470651354,420.42955294452105,477.5980827412801,-0.2817582669460012,0.93625,0.0415421880710663,4.165234375,none,,,,,,,,,,,,,,2000.0,10.0
gate2D_bandit,N1600_noise0p2,1600,0.2,5,Bandit DM support top3,Bandit,427.8473515742992,420.42955294452105,477.5980827412801,0.1297531816219404,0.0,0.7475436055260972,123.895390625,top3,,,,,,,,,,,,,,2000.0,10.0
gate2D_bandit,N1600_noise0p2,1600,0.2,5,Bandit IPS,Bandit,226.38175609618685,420.42955294452105,477.5980827412801,-3.39431147762934,1.0,0.0,0.0,none,,,,,,,,,,,,,,2000.0,10.0
gate2D_bandit,N1600_noise0p2,1600,0.2,5,Bandit IPS support top3,Bandit,428.43762913880494,420.42955294452105,477.5980827412801,0.1400784001749485,0.0,0.7576910198649293,125.946953125,top3,,,,,,,,,,,,,,2000.0,10.0
gate2D_bandit,N1600_noise0p2,1600,0.2,5,Bandit DR,Bandit,404.3218470651354,420.42955294452105,477.5980827412801,-0.2817582669460012,0.93625,0.0415421880710663,4.165234375,none,,,,,,,,,,,,,,2000.0,10.0
gate2D_bandit,N1600_noise0p2,1600,0.2,5,Bandit DR support top3,Bandit,429.275150826568,420.42955294452105,477.5980827412801,0.1547284478627332,0.0,0.743066562508219,124.0703125,top3,,,,,,,,,,,,,,2000.0,10.0
gate2D_bandit,N1600_noise0p2,1600,0.2,5,"Bandit oracle (myopic, true R)",Bandit,420.42955294452105,420.42955294452105,477.5980827412801,0.0,0.0,0.8464086031330261,152.087578125,none,,,,,,,,,,,,,,,
gate2D_bandit,N1600_noise0p2,1600,0.2,6,Bandit DM,Bandit,404.37331416578456,420.4015625942231,477.26680319791535,-0.2818637230455649,0.93546875,0.0453468953311927,4.478125,none,,,,,,,,,,,,,,2000.0,10.0
gate2D_bandit,N1600_noise0p2,1600,0.2,6,Bandit DM support top3,Bandit,425.9298380728701,420.4015625942231,477.26680319791535,0.0972171298311185,0.0,0.802073495582656,140.411875,top3,,,,,,,,,,,,,,2000.0,10.0
gate2D_bandit,N1600_noise0p2,1600,0.2,6,Bandit IPS,Bandit,226.03706815468257,420.4015625942231,477.26680319791535,-3.417984209266151,1.0,0.0,0.0,none,,,,,,,,,,,,,,2000.0,10.0
gate2D_bandit,N1600_noise0p2,1600,0.2,6,Bandit IPS support top3,Bandit,427.0385500548544,420.4015625942231,477.26680319791535,0.1167143124722902,0.0,0.796748453180131,138.84828125,top3,,,,,,,,,,,,,,2000.0,10.0
gate2D_bandit,N1600_noise0p2,1600,0.2,6,Bandit DR,Bandit,404.37331416578456,420.4015625942231,477.26680319791535,-0.2818637230455649,0.93546875,0.0453468953311927,4.478125,none,,,,,,,,,,,,,,2000.0,10.0
gate2D_bandit,N1600_noise0p2,1600,0.2,6,Bandit DR support top3,Bandit,427.1879475483891,420.4015625942231,477.26680319791535,0.1193415324039861,0.0,0.7857931445192189,144.187890625,top3,,,,,,,,,,,,,,2000.0,10.0
gate2D_bandit,N1600_noise0p2,1600,0.2,6,"Bandit oracle (myopic, true R)",Bandit,420.4015625942231,420.4015625942231,477.26680319791535,0.0,0.0,0.8532773322005833,156.089921875,none,,,,,,,,,,,,,,,
gate2D_bandit,N1600_noise0p2,1600,0.2,7,Bandit DM,Bandit,318.0531873656473,422.5603637349696,478.8785864087379,-1.8556547314125256,0.98703125,0.0072540864687107,0.485546875,none,,,,,,,,,,,,,,2000.0,10.0
gate2D_bandit,N1600_noise0p2,1600,0.2,7,Bandit DM support top3,Bandit,429.9747838702177,422.5603637349696,478.8785864087379,0.131652239421639,0.0,0.7579827771832922,135.377734375,top3,,,,,,,,,,,,,,2000.0,10.0
gate2D_bandit,N1600_noise0p2,1600,0.2,7,Bandit IPS,Bandit,318.0531873656473,422.5603637349696,478.8785864087379,-1.8556547314125256,0.98703125,0.0072540864687107,0.485546875,none,,,,,,,,,,,,,,2000.0,10.0
gate2D_bandit,N1600_noise0p2,1600,0.2,7,Bandit IPS support top3,Bandit,431.0784691533683,422.5603637349696,478.8785864087379,0.1512495425812903,0.0,0.785217157299929,139.33109375,top3,,,,,,,,,,,,,,2000.0,10.0
gate2D_bandit,N1600_noise0p2,1600,0.2,7,Bandit DR,Bandit,318.0531873656473,422.5603637349696,478.8785864087379,-1.8556547314125256,0.98703125,0.0072540864687107,0.485546875,none,,,,,,,,,,,,,,2000.0,10.0
gate2D_bandit,N1600_noise0p2,1600,0.2,7,Bandit DR support top3,Bandit,429.4939316591445,422.5603637349696,478.8785864087379,0.1231141111170813,0.0,0.7688347535442887,137.89515625,top3,,,,,,,,,,,,,,2000.0,10.0
gate2D_bandit,N1600_noise0p2,1600,0.2,7,"Bandit oracle (myopic, true R)",Bandit,422.5603637349696,422.5603637349696,478.8785864087379,0.0,0.0,0.8483130136257404,150.515078125,none,,,,,,,,,,,,,,,
gate2D_bandit,N1600_noise0p2,1600,0.2,8,Bandit DM,Bandit,316.91452847862104,421.64695137411786,478.1010548050897,-1.855178216115971,0.98828125,0.0073373238076848,0.44625,none,,,,,,,,,,,,,,2000.0,10.0
gate2D_bandit,N1600_noise0p2,1600,0.2,8,Bandit DM support top3,Bandit,429.94661520793,421.64695137411786,478.1010548050897,0.14701613043878,0.0,0.7313522233549239,127.1571875,top3,,,,,,,,,,,,,,2000.0,10.0
gate2D_bandit,N1600_noise0p2,1600,0.2,8,Bandit IPS,Bandit,316.91452847862104,421.64695137411786,478.1010548050897,-1.855178216115971,0.98828125,0.0073373238076848,0.44625,none,,,,,,,,,,,,,,2000.0,10.0
gate2D_bandit,N1600_noise0p2,1600,0.2,8,Bandit IPS support top3,Bandit,435.4279015727405,421.64695137411786,478.1010548050897,0.2441089196549365,0.0,0.7401171846342529,126.24421875,top3,,,,,,,,,,,,,,2000.0,10.0
gate2D_bandit,N1600_noise0p2,1600,0.2,8,Bandit DR,Bandit,316.91452847862104,421.64695137411786,478.1010548050897,-1.855178216115971,0.98828125,0.0073373238076848,0.44625,none,,,,,,,,,,,,,,2000.0,10.0
gate2D_bandit,N1600_noise0p2,1600,0.2,8,Bandit DR support top3,Bandit,429.2468448442816,421.64695137411786,478.1010548050897,0.1346207451413407,0.0,0.7490155871770099,131.75140625,top3,,,,,,,,,,,,,,2000.0,10.0
gate2D_bandit,N1600_noise0p2,1600,0.2,8,"Bandit oracle (myopic, true R)",Bandit,421.64695137411786,421.64695137411786,478.1010548050897,0.0,0.0,0.8464664695536328,154.06328125,none,,,,,,,,,,,,,,,
gate2D_bandit,N1600_noise0p2,1600,0.2,9,Bandit DM,Bandit,316.7721443333552,421.14554862217454,477.7638570902434,-1.843456774193158,0.988671875,0.0068506368197607,0.404296875,none,,,,,,,,,,,,,,2000.0,10.0
gate2D_bandit,N1600_noise0p2,1600,0.2,9,Bandit DM support top3,Bandit,429.60104481547575,421.14554862217454,477.7638570902434,0.1493420842494767,0.0,0.7976192591882441,139.393828125,top3,,,,,,,,,,,,,,2000.0,10.0
gate2D_bandit,N1600_noise0p2,1600,0.2,9,Bandit IPS,Bandit,280.70050222826234,421.14554862217454,477.7638570902434,-2.480558854440509,1.0,0.0,0.0,none,,,,,,,,,,,,,,2000.0,10.0
gate2D_bandit,N1600_noise0p2,1600,0.2,9,Bandit IPS support top3,Bandit,429.2203611900409,421.14554862217454,477.7638570902434,0.1426184000608266,0.0,0.793361130694245,138.628515625,top3,,,,,,,,,,,,,,2000.0,10.0
gate2D_bandit,N1600_noise0p2,1600,0.2,9,Bandit DR,Bandit,316.7721443333552,421.14554862217454,477.7638570902434,-1.843456774193158,0.988671875,0.0068506368197607,0.404296875,none,,,,,,,,,,,,,,2000.0,10.0
gate2D_bandit,N1600_noise0p2,1600,0.2,9,Bandit DR support top3,Bandit,429.60104481547575,421.14554862217454,477.7638570902434,0.1493420842494767,0.0,0.7976192591882441,139.393828125,top3,,,,,,,,,,,,,,2000.0,10.0
gate2D_bandit,N1600_noise0p2,1600,0.2,9,"Bandit oracle (myopic, true R)",Bandit,421.14554862217454,421.14554862217454,477.7638570902434,0.0,0.0,0.8482297729564207,150.22140625,none,,,,,,,,,,,,,,,
gate2D_bandit,N1600_noise0p5,1600,0.5,0,Bandit DM,Bandit,317.1858592632272,420.6941057714956,478.158742618527,-1.8012512074826674,0.987265625,0.0079280672918882,0.5225,none,,,,,,,,,,,,,,2000.0,10.0
gate2D_bandit,N1600_noise0p5,1600,0.5,0,Bandit DM support top3,Bandit,430.0036825688603,420.6941057714956,478.158742618527,0.1620053185430626,0.0,0.7590713183749884,126.076328125,top3,,,,,,,,,,,,,,2000.0,10.0
gate2D_bandit,N1600_noise0p5,1600,0.5,0,Bandit IPS,Bandit,317.1858592632272,420.6941057714956,478.158742618527,-1.8012512074826674,0.987265625,0.0079280672918882,0.5225,none,,,,,,,,,,,,,,2000.0,10.0
gate2D_bandit,N1600_noise0p5,1600,0.5,0,Bandit IPS support top3,Bandit,428.8207410437364,420.6941057714956,478.158742618527,0.1414197621029714,0.0,0.7302341252448475,121.30859375,top3,,,,,,,,,,,,,,2000.0,10.0
gate2D_bandit,N1600_noise0p5,1600,0.5,0,Bandit DR,Bandit,317.1858592632272,420.6941057714956,478.158742618527,-1.8012512074826674,0.987265625,0.0079280672918882,0.5225,none,,,,,,,,,,,,,,2000.0,10.0
gate2D_bandit,N1600_noise0p5,1600,0.5,0,Bandit DR support top3,Bandit,430.0036825688603,420.6941057714956,478.158742618527,0.1620053185430626,0.0,0.7590713183749884,126.076328125,top3,,,,,,,,,,,,,,2000.0,10.0
gate2D_bandit,N1600_noise0p5,1600,0.5,0,"Bandit oracle (myopic, true R)",Bandit,420.6941057714956,420.6941057714956,478.158742618527,0.0,0.0,0.8459761922012171,142.960078125,none,,,,,,,,,,,,,,,
gate2D_bandit,N1600_noise0p5,1600,0.5,1,Bandit DM,Bandit,385.2463847457541,422.2408621751993,479.0817275720908,-0.6508429660796193,0.96171875,0.0269976445008153,1.8984375,none,,,,,,,,,,,,,,2000.0,10.0
gate2D_bandit,N1600_noise0p5,1600,0.5,1,Bandit DM support top3,Bandit,429.4483387980343,422.2408621751993,479.0817275720908,0.1268009656874285,0.0,0.774622702424584,127.3265625,top3,,,,,,,,,,,,,,2000.0,10.0
gate2D_bandit,N1600_noise0p5,1600,0.5,1,Bandit IPS,Bandit,282.05780891069577,422.2408621751993,479.0817275720908,-2.4662371391722333,1.0,0.0,0.0,none,,,,,,,,,,,,,,2000.0,10.0
gate2D_bandit,N1600_noise0p5,1600,0.5,1,Bandit IPS support top3,Bandit,431.0792896816648,422.2408621751993,479.0817275720908,0.1554942459927584,0.0,0.7812551282692743,132.2625,top3,,,,,,,,,,,,,,2000.0,10.0
gate2D_bandit,N1600_noise0p5,1600,0.5,1,Bandit DR,Bandit,407.2144805258952,422.2408621751993,479.0817275720908,-0.264358776812816,0.93203125,0.0437711962970717,4.60015625,none,,,,,,,,,,,,,,2000.0,10.0
gate2D_bandit,N1600_noise0p5,1600,0.5,1,Bandit DR support top3,Bandit,429.839525728399,422.2408621751993,479.0817275720908,0.1336831080973522,0.0,0.7521121311262684,127.003359375,top3,,,,,,,,,,,,,,2000.0,10.0
gate2D_bandit,N1600_noise0p5,1600,0.5,1,"Bandit oracle (myopic, true R)",Bandit,422.2408621751993,422.2408621751993,479.0817275720908,0.0,0.0,0.8518105537581425,146.903984375,none,,,,,,,,,,,,,,,
gate2D_bandit,N1600_noise0p5,1600,0.5,2,Bandit DM,Bandit,406.9650072680578,420.7019605669336,477.9242309914933,-0.2400630593116053,0.94578125,0.0430958562085805,3.763984375,none,,,,,,,,,,,,,,2000.0,10.0
gate2D_bandit,N1600_noise0p5,1600,0.5,2,Bandit DM support top3,Bandit,428.4175022453748,420.7019605669336,477.9242309914933,0.1348345953628867,0.0,0.7918465450339801,126.46609375,top3,,,,,,,,,,,,,,2000.0,10.0
gate2D_bandit,N1600_noise0p5,1600,0.5,2,Bandit IPS,Bandit,316.5598767635272,420.7019605669336,477.9242309914933,-1.819957212999869,0.985703125,0.0085048806417319,0.62859375,none,,,,,,,,,,,,,,2000.0,10.0
gate2D_bandit,N1600_noise0p5,1600,0.5,2,Bandit IPS support top3,Bandit,428.4175022453748,420.7019605669336,477.9242309914933,0.1348345953628867,0.0,0.7918465450339801,126.46609375,top3,,,,,,,,,,,,,,2000.0,10.0
gate2D_bandit,N1600_noise0p5,1600,0.5,2,Bandit DR,Bandit,403.8864191836112,420.7019605669336,477.9242309914933,-0.293863582457665,0.93546875,0.044420659299552,4.5134375,none,,,,,,,,,,,,,,2000.0,10.0
gate2D_bandit,N1600_noise0p5,1600,0.5,2,Bandit DR support top3,Bandit,428.0202765057925,420.7019605669336,477.9242309914933,0.1278927921692155,0.0,0.8011328908526414,128.3275,top3,,,,,,,,,,,,,,2000.0,10.0
gate2D_bandit,N1600_noise0p5,1600,0.5,2,"Bandit oracle (myopic, true R)",Bandit,420.7019605669336,420.7019605669336,477.9242309914933,0.0,0.0,0.8470534631522537,144.488359375,none,,,,,,,,,,,,,,,
gate2D_bandit,N1600_noise0p5,1600,0.5,3,Bandit DM,Bandit,316.4750228010731,420.1985074854882,477.6588309814034,-1.8051322786546549,0.9878125,0.0073444143795902,0.465,none,,,,,,,,,,,,,,2000.0,10.0
gate2D_bandit,N1600_noise0p5,1600,0.5,3,Bandit DM support top3,Bandit,429.2631764101629,420.1985074854882,477.6588309814034,0.1577552713450893,0.0,0.7354909869634324,119.238203125,top3,,,,,,,,,,,,,,2000.0,10.0
gate2D_bandit,N1600_noise0p5,1600,0.5,3,Bandit IPS,Bandit,280.5347299408496,420.1985074854882,477.6588309814034,-2.430612447814832,1.0,0.0,0.0,none,,,,,,,,,,,,,,2000.0,10.0
gate2D_bandit,N1600_noise0p5,1600,0.5,3,Bandit IPS support top3,Bandit,428.7103335368517,420.1985074854882,477.6588309814034,0.1481339737317796,0.0,0.8029421890051042,137.26046875,top3,,,,,,,,,,,,,,2000.0,10.0
gate2D_bandit,N1600_noise0p5,1600,0.5,3,Bandit DR,Bandit,316.4750228010731,420.1985074854882,477.6588309814034,-1.8051322786546549,0.9878125,0.0073444143795902,0.465,none,,,,,,,,,,,,,,2000.0,10.0
gate2D_bandit,N1600_noise0p5,1600,0.5,3,Bandit DR support top3,Bandit,428.8071753898062,420.1985074854882,477.6588309814034,0.1498193428188752,0.0,0.7396067858867664,121.068671875,top3,,,,,,,,,,,,,,2000.0,10.0
gate2D_bandit,N1600_noise0p5,1600,0.5,3,"Bandit oracle (myopic, true R)",Bandit,420.1985074854882,420.1985074854882,477.6588309814034,0.0,0.0,0.8475514782955645,148.700859375,none,,,,,,,,,,,,,,,
gate2D_bandit,N1600_noise0p5,1600,0.5,4,Bandit DM,Bandit,337.8587967822012,422.8141069914742,479.6367344894461,-1.495096477407794,0.9634375,0.0253118121790168,1.687109375,none,,,,,,,,,,,,,,2000.0,10.0
gate2D_bandit,N1600_noise0p5,1600,0.5,4,Bandit DM support top3,Bandit,429.7617420472011,422.8141069914742,479.6367344894461,0.1222688101843735,0.0,0.8081630391475148,126.35828125,top3,,,,,,,,,,,,,,2000.0,10.0
gate2D_bandit,N1600_noise0p5,1600,0.5,4,Bandit IPS,Bandit,319.155423006098,422.8141069914742,479.6367344894461,-1.8242501015827888,0.98640625,0.0068751815628933,0.482421875,none,,,,,,,,,,,,,,2000.0,10.0
gate2D_bandit,N1600_noise0p5,1600,0.5,4,Bandit IPS support top3,Bandit,431.6509879019686,422.8141069914742,479.6367344894461,0.1555169357631309,0.0,0.7995565511163898,135.960390625,top3,,,,,,,,,,,,,,2000.0,10.0
gate2D_bandit,N1600_noise0p5,1600,0.5,4,Bandit DR,Bandit,339.5526384384198,422.8141069914742,479.6367344894461,-1.465287196654645,0.930625,0.056402292908569,5.377421875,none,,,,,,,,,,,,,,2000.0,10.0
gate2D_bandit,N1600_noise0p5,1600,0.5,4,Bandit DR support top3,Bandit,430.7568245727557,422.8141069914742,479.6367344894461,0.1397808924193973,0.0,0.7875307220894828,123.955703125,top3,,,,,,,,,,,,,,2000.0,10.0
gate2D_bandit,N1600_noise0p5,1600,0.5,4,"Bandit oracle (myopic, true R)",Bandit,422.8141069914742,422.8141069914742,479.6367344894461,0.0,0.0,0.8512508910708994,146.170859375,none,,,,,,,,,,,,,,,
gate2D_bandit,N1600_noise0p5,1600,0.5,5,Bandit DM,Bandit,404.3218470651354,420.42955294452105,477.5980827412801,-0.2817582669460012,0.93625,0.0415421880710663,4.165234375,none,,,,,,,,,,,,,,2000.0,10.0
gate2D_bandit,N1600_noise0p5,1600,0.5,5,Bandit DM support top3,Bandit,427.8473515742992,420.42955294452105,477.5980827412801,0.1297531816219404,0.0,0.7475436055260972,123.895390625,top3,,,,,,,,,,,,,,2000.0,10.0
gate2D_bandit,N1600_noise0p5,1600,0.5,5,Bandit IPS,Bandit,226.38175609618685,420.42955294452105,477.5980827412801,-3.39431147762934,1.0,0.0,0.0,none,,,,,,,,,,,,,,2000.0,10.0
gate2D_bandit,N1600_noise0p5,1600,0.5,5,Bandit IPS support top3,Bandit,428.43762913880494,420.42955294452105,477.5980827412801,0.1400784001749485,0.0,0.7576910198649293,125.946953125,top3,,,,,,,,,,,,,,2000.0,10.0
gate2D_bandit,N1600_noise0p5,1600,0.5,5,Bandit DR,Bandit,404.3218470651354,420.42955294452105,477.5980827412801,-0.2817582669460012,0.93625,0.0415421880710663,4.165234375,none,,,,,,,,,,,,,,2000.0,10.0
gate2D_bandit,N1600_noise0p5,1600,0.5,5,Bandit DR support top3,Bandit,427.8473515742992,420.42955294452105,477.5980827412801,0.1297531816219404,0.0,0.7475436055260972,123.895390625,top3,,,,,,,,,,,,,,2000.0,10.0
gate2D_bandit,N1600_noise0p5,1600,0.5,5,"Bandit oracle (myopic, true R)",Bandit,420.42955294452105,420.42955294452105,477.5980827412801,0.0,0.0,0.8464086031330261,152.087578125,none,,,,,,,,,,,,,,,
gate2D_bandit,N1600_noise0p5,1600,0.5,6,Bandit DM,Bandit,404.37331416578456,420.4015625942231,477.26680319791535,-0.2818637230455649,0.93546875,0.0453468953311927,4.478125,none,,,,,,,,,,,,,,2000.0,10.0
gate2D_bandit,N1600_noise0p5,1600,0.5,6,Bandit DM support top3,Bandit,425.9298380728701,420.4015625942231,477.26680319791535,0.0972171298311185,0.0,0.802073495582656,140.411875,top3,,,,,,,,,,,,,,2000.0,10.0
gate2D_bandit,N1600_noise0p5,1600,0.5,6,Bandit IPS,Bandit,226.03706815468257,420.4015625942231,477.26680319791535,-3.417984209266151,1.0,0.0,0.0,none,,,,,,,,,,,,,,2000.0,10.0
gate2D_bandit,N1600_noise0p5,1600,0.5,6,Bandit IPS support top3,Bandit,427.0385500548544,420.4015625942231,477.26680319791535,0.1167143124722902,0.0,0.796748453180131,138.84828125,top3,,,,,,,,,,,,,,2000.0,10.0
gate2D_bandit,N1600_noise0p5,1600,0.5,6,Bandit DR,Bandit,404.37331416578456,420.4015625942231,477.26680319791535,-0.2818637230455649,0.93546875,0.0453468953311927,4.478125,none,,,,,,,,,,,,,,2000.0,10.0
gate2D_bandit,N1600_noise0p5,1600,0.5,6,Bandit DR support top3,Bandit,425.9298380728701,420.4015625942231,477.26680319791535,0.0972171298311185,0.0,0.802073495582656,140.411875,top3,,,,,,,,,,,,,,2000.0,10.0
gate2D_bandit,N1600_noise0p5,1600,0.5,6,"Bandit oracle (myopic, true R)",Bandit,420.4015625942231,420.4015625942231,477.26680319791535,0.0,0.0,0.8532773322005833,156.089921875,none,,,,,,,,,,,,,,,
gate2D_bandit,N1600_noise0p5,1600,0.5,7,Bandit DM,Bandit,318.0531873656473,422.5603637349696,478.8785864087379,-1.8556547314125256,0.98703125,0.0072540864687107,0.485546875,none,,,,,,,,,,,,,,2000.0,10.0
gate2D_bandit,N1600_noise0p5,1600,0.5,7,Bandit DM support top3,Bandit,431.0784691533683,422.5603637349696,478.8785864087379,0.1512495425812903,0.0,0.785217157299929,139.33109375,top3,,,,,,,,,,,,,,2000.0,10.0
gate2D_bandit,N1600_noise0p5,1600,0.5,7,Bandit IPS,Bandit,318.0531873656473,422.5603637349696,478.8785864087379,-1.8556547314125256,0.98703125,0.0072540864687107,0.485546875,none,,,,,,,,,,,,,,2000.0,10.0
gate2D_bandit,N1600_noise0p5,1600,0.5,7,Bandit IPS support top3,Bandit,429.9747838702177,422.5603637349696,478.8785864087379,0.131652239421639,0.0,0.7579827771832922,135.377734375,top3,,,,,,,,,,,,,,2000.0,10.0
gate2D_bandit,N1600_noise0p5,1600,0.5,7,Bandit DR,Bandit,318.0531873656473,422.5603637349696,478.8785864087379,-1.8556547314125256,0.98703125,0.0072540864687107,0.485546875,none,,,,,,,,,,,,,,2000.0,10.0
gate2D_bandit,N1600_noise0p5,1600,0.5,7,Bandit DR support top3,Bandit,429.9747838702177,422.5603637349696,478.8785864087379,0.131652239421639,0.0,0.7579827771832922,135.377734375,top3,,,,,,,,,,,,,,2000.0,10.0
gate2D_bandit,N1600_noise0p5,1600,0.5,7,"Bandit oracle (myopic, true R)",Bandit,422.5603637349696,422.5603637349696,478.8785864087379,0.0,0.0,0.8483130136257404,150.515078125,none,,,,,,,,,,,,,,,
gate2D_bandit,N1600_noise0p5,1600,0.5,8,Bandit DM,Bandit,316.91452847862104,421.64695137411786,478.1010548050897,-1.855178216115971,0.98828125,0.0073373238076848,0.44625,none,,,,,,,,,,,,,,2000.0,10.0
gate2D_bandit,N1600_noise0p5,1600,0.5,8,Bandit DM support top3,Bandit,429.94661520793,421.64695137411786,478.1010548050897,0.14701613043878,0.0,0.7313522233549239,127.1571875,top3,,,,,,,,,,,,,,2000.0,10.0
gate2D_bandit,N1600_noise0p5,1600,0.5,8,Bandit IPS,Bandit,316.91452847862104,421.64695137411786,478.1010548050897,-1.855178216115971,0.98828125,0.0073373238076848,0.44625,none,,,,,,,,,,,,,,2000.0,10.0
gate2D_bandit,N1600_noise0p5,1600,0.5,8,Bandit IPS support top3,Bandit,429.94661520793,421.64695137411786,478.1010548050897,0.14701613043878,0.0,0.7313522233549239,127.1571875,top3,,,,,,,,,,,,,,2000.0,10.0
gate2D_bandit,N1600_noise0p5,1600,0.5,8,Bandit DR,Bandit,316.91452847862104,421.64695137411786,478.1010548050897,-1.855178216115971,0.98828125,0.0073373238076848,0.44625,none,,,,,,,,,,,,,,2000.0,10.0
gate2D_bandit,N1600_noise0p5,1600,0.5,8,Bandit DR support top3,Bandit,429.2468448442816,421.64695137411786,478.1010548050897,0.1346207451413407,0.0,0.7490155871770099,131.75140625,top3,,,,,,,,,,,,,,2000.0,10.0
gate2D_bandit,N1600_noise0p5,1600,0.5,8,"Bandit oracle (myopic, true R)",Bandit,421.64695137411786,421.64695137411786,478.1010548050897,0.0,0.0,0.8464664695536328,154.06328125,none,,,,,,,,,,,,,,,
gate2D_bandit,N1600_noise0p5,1600,0.5,9,Bandit DM,Bandit,384.0851249727828,421.14554862217454,477.7638570902434,-0.6545660697421373,0.96390625,0.0227868704222804,1.49734375,none,,,,,,,,,,,,,,2000.0,10.0
gate2D_bandit,N1600_noise0p5,1600,0.5,9,Bandit DM support top3,Bandit,428.0104466910232,421.14554862217454,477.7638570902434,0.1212487312778036,0.0,0.8041138028967396,128.89265625,top3,,,,,,,,,,,,,,2000.0,10.0
gate2D_bandit,N1600_noise0p5,1600,0.5,9,Bandit IPS,Bandit,280.70050222826234,421.14554862217454,477.7638570902434,-2.480558854440509,1.0,0.0,0.0,none,,,,,,,,,,,,,,2000.0,10.0
gate2D_bandit,N1600_noise0p5,1600,0.5,9,Bandit IPS support top3,Bandit,428.0104466910232,421.14554862217454,477.7638570902434,0.1212487312778036,0.0,0.8041138028967396,128.89265625,top3,,,,,,,,,,,,,,2000.0,10.0
gate2D_bandit,N1600_noise0p5,1600,0.5,9,Bandit DR,Bandit,384.0851249727828,421.14554862217454,477.7638570902434,-0.6545660697421373,0.96390625,0.0227868704222804,1.49734375,none,,,,,,,,,,,,,,2000.0,10.0
gate2D_bandit,N1600_noise0p5,1600,0.5,9,Bandit DR support top3,Bandit,428.0104466910232,421.14554862217454,477.7638570902434,0.1212487312778036,0.0,0.8041138028967396,128.89265625,top3,,,,,,,,,,,,,,2000.0,10.0
gate2D_bandit,N1600_noise0p5,1600,0.5,9,"Bandit oracle (myopic, true R)",Bandit,421.14554862217454,421.14554862217454,477.7638570902434,0.0,0.0,0.8482297729564207,150.22140625,none,,,,,,,,,,,,,,,
gate2D_bandit,N400_noise0p05,400,0.05,0,Bandit DM,Bandit,318.59157473907965,421.4891710594284,479.2131268458336,-1.7825804714614288,0.9846875,0.0085403726708074,0.18875,none,,,,,,,,,,,,,,2000.0,10.0
gate2D_bandit,N400_noise0p05,400,0.05,0,Bandit DM support top3,Bandit,430.39662047468255,421.4891710594284,479.2131268458336,0.1543111398708395,0.0,0.7700403859663729,30.5028125,top3,,,,,,,,,,,,,,2000.0,10.0
gate2D_bandit,N400_noise0p05,400,0.05,0,Bandit IPS,Bandit,182.81563033515465,421.4891710594284,479.2131268458336,-4.134739857528699,1.0,0.0,0.0,none,,,,,,,,,,,,,,2000.0,10.0
gate2D_bandit,N400_noise0p05,400,0.05,0,Bandit IPS support top3,Bandit,448.3491283022663,421.4891710594284,479.2131268458336,0.4653173344915456,0.0,0.8457814574410579,40.4534375,top3,,,,,,,,,,,,,,2000.0,10.0
gate2D_bandit,N400_noise0p05,400,0.05,0,Bandit DR,Bandit,318.59157473907965,421.4891710594284,479.2131268458336,-1.7825804714614288,0.9846875,0.0085403726708074,0.18875,none,,,,,,,,,,,,,,2000.0,10.0
gate2D_bandit,N400_noise0p05,400,0.05,0,Bandit DR support top3,Bandit,430.39662047468255,421.4891710594284,479.2131268458336,0.1543111398708395,0.0,0.7700403859663729,30.5028125,top3,,,,,,,,,,,,,,2000.0,10.0
gate2D_bandit,N400_noise0p05,400,0.05,0,"Bandit oracle (myopic, true R)",Bandit,421.4891710594284,421.4891710594284,479.2131268458336,0.0,0.0,0.8602517238392546,37.2453125,none,,,,,,,,,,,,,,,
gate2D_bandit,N400_noise0p05,400,0.05,1,Bandit DM,Bandit,405.8162686838022,422.7909092428097,479.07216495487467,-0.3016037994221338,0.93625,0.0433192933192933,1.0046875,none,,,,,,,,,,,,,,2000.0,10.0
gate2D_bandit,N400_noise0p05,400,0.05,1,Bandit DM support top3,Bandit,430.7201325519166,422.7909092428097,479.07216495487467,0.1408856858075955,0.0,0.7857354329855621,35.81625,top3,,,,,,,,,,,,,,2000.0,10.0
gate2D_bandit,N400_noise0p05,400,0.05,1,Bandit IPS,Bandit,282.2020643609203,422.7909092428097,479.07216495487467,-2.4979692279991434,1.0,0.0,0.0,none,,,,,,,,,,,,,,2000.0,10.0
gate2D_bandit,N400_noise0p05,400,0.05,1,Bandit IPS support top3,Bandit,440.2101360638403,422.7909092428097,479.07216495487467,0.3095031658523653,0.0,0.7095066985016227,25.149375,top3,,,,,,,,,,,,,,2000.0,10.0
gate2D_bandit,N400_noise0p05,400,0.05,1,Bandit DR,Bandit,405.8162686838022,422.7909092428097,479.07216495487467,-0.3016037994221338,0.93625,0.0433192933192933,1.0046875,none,,,,,,,,,,,,,,2000.0,10.0
gate2D_bandit,N400_noise0p05,400,0.05,1,Bandit DR support top3,Bandit,430.7201325519166,422.7909092428097,479.07216495487467,0.1408856858075955,0.0,0.7857354329855621,35.81625,top3,,,,,,,,,,,,,,2000.0,10.0
gate2D_bandit,N400_noise0p05,400,0.05,1,"Bandit oracle (myopic, true R)",Bandit,422.7909092428097,422.7909092428097,479.07216495487467,0.0,0.0,0.8535035002881634,41.3390625,none,,,,,,,,,,,,,,,
gate2D_bandit,N400_noise0p05,400,0.05,2,Bandit DM,Bandit,311.9296144627662,417.1824539201058,474.5590275047475,-1.8344218359792943,0.9871875,0.0084550345887778,0.1546875,none,,,,,,,,,,,,,,2000.0,10.0
gate2D_bandit,N400_noise0p05,400,0.05,2,Bandit DM support top3,Bandit,424.28759044199774,417.1824539201058,474.5590275047475,0.1238334058308741,0.0,0.7982619425613219,34.4828125,top3,,,,,,,,,,,,,,2000.0,10.0
gate2D_bandit,N400_noise0p05,400,0.05,2,Bandit IPS,Bandit,276.926803637312,417.1824539201058,474.5590275047475,-2.444475881361042,1.0,0.0,0.0,none,,,,,,,,,,,,,,2000.0,10.0
gate2D_bandit,N400_noise0p05,400,0.05,2,Bandit IPS support top3,Bandit,423.7407570511517,417.1824539201058,474.5590275047475,0.1143028020202556,0.0,0.8128826444813303,34.6934375,top3,,,,,,,,,,,,,,2000.0,10.0
gate2D_bandit,N400_noise0p05,400,0.05,2,Bandit DR,Bandit,311.9296144627662,417.1824539201058,474.5590275047475,-1.8344218359792943,0.9871875,0.0084550345887778,0.1546875,none,,,,,,,,,,,,,,2000.0,10.0
gate2D_bandit,N400_noise0p05,400,0.05,2,Bandit DR support top3,Bandit,424.28759044199774,417.1824539201058,474.5590275047475,0.1238334058308741,0.0,0.7982619425613219,34.4828125,top3,,,,,,,,,,,,,,2000.0,10.0
gate2D_bandit,N400_noise0p05,400,0.05,2,"Bandit oracle (myopic, true R)",Bandit,417.1824539201058,417.1824539201058,474.5590275047475,0.0,0.0,0.8500428343098188,39.466875,none,,,,,,,,,,,,,,,
gate2D_bandit,N400_noise0p05,400,0.05,3,Bandit DM,Bandit,318.4295502706789,423.1047405366476,479.3865548020198,-1.8598403699713493,0.9871875,0.0084942084942084,0.143125,none,,,,,,,,,,,,,,2000.0,10.0
gate2D_bandit,N400_noise0p05,400,0.05,3,Bandit DM support top3,Bandit,429.9706126499771,423.1047405366476,479.3865548020198,0.1219909521920621,0.0,0.8182153477606394,33.72125,top3,,,,,,,,,,,,,,2000.0,10.0
gate2D_bandit,N400_noise0p05,400,0.05,3,Bandit IPS,Bandit,182.747133964268,423.1047405366476,479.3865548020198,-4.270608716326709,1.0,0.0,0.0,none,,,,,,,,,,,,,,2000.0,10.0
gate2D_bandit,N400_noise0p05,400,0.05,3,Bandit IPS support top3,Bandit,429.26863298831086,423.1047405366476,479.3865548020198,0.1095183680931135,0.0,0.8266633317457587,33.970625,top3,,,,,,,,,,,,,,2000.0,10.0
gate2D_bandit,N400_noise0p05,400,0.05,3,Bandit DR,Bandit,318.4295502706789,423.1047405366476,479.3865548020198,-1.8598403699713493,0.9871875,0.0084942084942084,0.143125,none,,,,,,,,,,,,,,2000.0,10.0
gate2D_bandit,N400_noise0p05,400,0.05,3,Bandit DR support top3,Bandit,430.0020741157867,423.1047405366476,479.3865548020198,0.1225499509773753,0.0,0.8126916990827562,33.6321875,top3,,,,,,,,,,,,,,2000.0,10.0
gate2D_bandit,N400_noise0p05,400,0.05,3,"Bandit oracle (myopic, true R)",Bandit,423.1047405366476,423.1047405366476,479.3865548020198,0.0,0.0,0.8626718124914622,38.355625,none,,,,,,,,,,,,,,,
gate2D_bandit,N400_noise0p05,400,0.05,4,Bandit DM,Bandit,324.1854524023641,427.2545943129383,483.248496641775,-1.840720821800872,0.9825,0.0086136177194421,0.1875,none,,,,,,,,,,,,,,2000.0,10.0
gate2D_bandit,N400_noise0p05,400,0.05,4,Bandit DM support top3,Bandit,437.4890402165005,427.2545943129383,483.248496641775,0.1827778646942332,0.0,0.8071210306774828,30.59375,top3,,,,,,,,,,,,,,2000.0,10.0
gate2D_bandit,N400_noise0p05,400,0.05,4,Bandit IPS,Bandit,185.4949393600912,427.2545943129383,483.248496641775,-4.317606826776591,1.0,0.0,0.0,none,,,,,,,,,,,,,,2000.0,10.0
gate2D_bandit,N400_noise0p05,400,0.05,4,Bandit IPS support top3,Bandit,435.6791574766848,427.2545943129383,483.248496641775,0.1504550105165274,0.0,0.8245507467946989,30.89375,top3,,,,,,,,,,,,,,2000.0,10.0
gate2D_bandit,N400_noise0p05,400,0.05,4,Bandit DR,Bandit,324.1854524023641,427.2545943129383,483.248496641775,-1.840720821800872,0.9825,0.0086136177194421,0.1875,none,,,,,,,,,,,,,,2000.0,10.0
gate2D_bandit,N400_noise0p05,400,0.05,4,Bandit DR support top3,Bandit,438.3008001116557,427.2545943129383,483.248496641775,0.1972751556740254,0.0,0.8205592090223868,32.389375,top3,,,,,,,,,,,,,,2000.0,10.0
gate2D_bandit,N400_noise0p05,400,0.05,4,"Bandit oracle (myopic, true R)",Bandit,427.2545943129383,427.2545943129383,483.248496641775,0.0,0.0,0.8511436474708333,34.138125,none,,,,,,,,,,,,,,,
gate2D_bandit,N400_noise0p05,400,0.05,5,Bandit DM,Bandit,317.2239584906732,420.5620190232593,478.5366511066638,-1.7824703119102194,0.98625,0.0069551777434312,0.129375,none,,,,,,,,,,,,,,2000.0,10.0
gate2D_bandit,N400_noise0p05,400,0.05,5,Bandit DM support top3,Bandit,429.0940438314926,420.5620190232593,478.5366511066638,0.1471682441375189,0.0,0.7515863934892633,25.7125,top3,,,,,,,,,,,,,,2000.0,10.0
gate2D_bandit,N400_noise0p05,400,0.05,5,Bandit IPS,Bandit,227.40794946048965,420.5620190232593,478.5366511066638,-3.331699790434048,1.0,0.0,0.0,none,,,,,,,,,,,,,,2000.0,10.0
gate2D_bandit,N400_noise0p05,400,0.05,5,Bandit IPS support top3,Bandit,438.8390929721709,420.5620190232593,478.5366511066638,0.3152598523198479,0.0,0.7503242499947139,24.4746875,top3,,,,,,,,,,,,,,2000.0,10.0
gate2D_bandit,N400_noise0p05,400,0.05,5,Bandit DR,Bandit,317.2239584906732,420.5620190232593,478.5366511066638,-1.7824703119102194,0.98625,0.0069551777434312,0.129375,none,,,,,,,,,,,,,,2000.0,10.0
gate2D_bandit,N400_noise0p05,400,0.05,5,Bandit DR support top3,Bandit,429.0940438314926,420.5620190232593,478.5366511066638,0.1471682441375189,0.0,0.7515863934892633,25.7125,top3,,,,,,,,,,,,,,2000.0,10.0
gate2D_bandit,N400_noise0p05,400,0.05,5,"Bandit oracle (myopic, true R)",Bandit,420.5620190232593,420.5620190232593,478.5366511066638,0.0,0.0,0.8376482239745919,30.66875,none,,,,,,,,,,,,,,,
gate2D_bandit,N400_noise0p05,400,0.05,6,Bandit DM,Bandit,316.8689109319449,421.9223253169368,478.3865908773132,-1.860529192089816,0.9871875,0.0081049787726746,0.1340625,none,,,,,,,,,,,,,,2000.0,10.0
gate2D_bandit,N400_noise0p05,400,0.05,6,Bandit DM support top3,Bandit,432.322905340244,421.9223253169368,478.3865908773132,0.1841975614149444,0.0,0.8203458667616252,34.8003125,top3,,,,,,,,,,,,,,2000.0,10.0
gate2D_bandit,N400_noise0p05,400,0.05,6,Bandit IPS,Bandit,181.9877689301002,421.9223253169368,478.3865908773132,-4.249316873346706,1.0,0.0,0.0,none,,,,,,,,,,,,,,2000.0,10.0
gate2D_bandit,N400_noise0p05,400,0.05,6,Bandit IPS support top3,Bandit,429.5866333863426,421.9223253169368,478.3865908773132,0.1357373197604164,0.0,0.8094683595370988,33.058125,top3,,,,,,,,,,,,,,2000.0,10.0
gate2D_bandit,N400_noise0p05,400,0.05,6,Bandit DR,Bandit,316.8689109319449,421.9223253169368,478.3865908773132,-1.860529192089816,0.9871875,0.0081049787726746,0.1340625,none,,,,,,,,,,,,,,2000.0,10.0
gate2D_bandit,N400_noise0p05,400,0.05,6,Bandit DR support top3,Bandit,432.322905340244,421.9223253169368,478.3865908773132,0.1841975614149444,0.0,0.8203458667616252,34.8003125,top3,,,,,,,,,,,,,,2000.0,10.0
gate2D_bandit,N400_noise0p05,400,0.05,6,"Bandit oracle (myopic, true R)",Bandit,421.9223253169368,421.9223253169368,478.3865908773132,0.0,0.00625,0.8388147106899086,37.094375,none,,,,,,,,,,,,,,,
gate2D_bandit,N400_noise0p05,400,0.05,7,Bandit DM,Bandit,306.9508382863462,418.644374990045,476.3341035189663,-1.936107857531415,0.931875,0.0499478584729981,1.321875,none,,,,,,,,,,,,,,2000.0,10.0
gate2D_bandit,N400_noise0p05,400,0.05,7,Bandit DM support top3,Bandit,429.3357425155615,418.644374990045,476.3341035189663,0.1853253221699017,0.0,0.8217515778713096,39.5890625,top3,,,,,,,,,,,,,,2000.0,10.0
gate2D_bandit,N400_noise0p05,400,0.05,7,Bandit IPS,Bandit,278.3094294742509,418.644374990045,476.3341035189663,-2.4325811386933576,1.0,0.0,0.0,none,,,,,,,,,,,,,,2000.0,10.0
gate2D_bandit,N400_noise0p05,400,0.05,7,Bandit IPS support top3,Bandit,425.9664805815035,418.644374990045,476.3341035189663,0.1269221710375664,0.0,0.7936605130333697,35.8484375,top3,,,,,,,,,,,,,,2000.0,10.0
gate2D_bandit,N400_noise0p05,400,0.05,7,Bandit DR,Bandit,314.634755371246,418.644374990045,476.3341035189663,-1.802914006895636,0.988125,0.0071599045346062,0.110625,none,,,,,,,,,,,,,,2000.0,10.0
gate2D_bandit,N400_noise0p05,400,0.05,7,Bandit DR support top3,Bandit,429.3357425155615,418.644374990045,476.3341035189663,0.1853253221699017,0.0,0.8217515778713096,39.5890625,top3,,,,,,,,,,,,,,2000.0,10.0
gate2D_bandit,N400_noise0p05,400,0.05,7,"Bandit oracle (myopic, true R)",Bandit,418.644374990045,418.644374990045,476.3341035189663,0.0,0.0,0.8449389487741874,41.111875,none,,,,,,,,,,,,,,,
gate2D_bandit,N400_noise0p05,400,0.05,8,Bandit DM,Bandit,319.8053000477908,422.931340639083,479.9511404087543,-1.808600538898151,0.9884375,0.0071884984025559,0.105,none,,,,,,,,,,,,,,2000.0,10.0
gate2D_bandit,N400_noise0p05,400,0.05,8,Bandit DM support top3,Bandit,433.41895845761945,422.931340639083,479.9511404087543,0.1839294045384357,0.0,0.8217630400527396,31.353125,top3,,,,,,,,,,,,,,2000.0,10.0
gate2D_bandit,N400_noise0p05,400,0.05,8,Bandit IPS,Bandit,182.92296482339225,422.931340639083,479.9511404087543,-4.209211129909135,1.0,0.0,0.0,none,,,,,,,,,,,,,,2000.0,10.0
gate2D_bandit,N400_noise0p05,400,0.05,8,Bandit IPS support top3,Bandit,430.2690226559778,422.931340639083,479.9511404087543,0.1286865623263324,0.0,0.814142633700987,27.90875,top3,,,,,,,,,,,,,,2000.0,10.0
gate2D_bandit,N400_noise0p05,400,0.05,8,Bandit DR,Bandit,319.8053000477908,422.931340639083,479.9511404087543,-1.808600538898151,0.9884375,0.0071884984025559,0.105,none,,,,,,,,,,,,,,2000.0,10.0
gate2D_bandit,N400_noise0p05,400,0.05,8,Bandit DR support top3,Bandit,432.8614486476795,422.931340639083,479.9511404087543,0.1741519270272553,0.0,0.8299531669689562,32.028125,top3,,,,,,,,,,,,,,2000.0,10.0
gate2D_bandit,N400_noise0p05,400,0.05,8,"Bandit oracle (myopic, true R)",Bandit,422.931340639083,422.931340639083,479.9511404087543,0.0,0.0053125,0.8543474763481043,32.015625,none,,,,,,,,,,,,,,,
gate2D_bandit,N400_noise0p05,400,0.05,9,Bandit DM,Bandit,319.811686716071,423.4552510574188,479.20761072352025,-1.858998703589672,0.990625,0.0051566838556128,0.06125,none,,,,,,,,,,,,,,2000.0,10.0
gate2D_bandit,N400_noise0p05,400,0.05,9,Bandit DM support top3,Bandit,435.2352842861315,423.4552510574188,479.20761072352025,0.2112921013435639,0.0,0.8363748216437342,36.838125,top3,,,,,,,,,,,,,,2000.0,10.0
gate2D_bandit,N400_noise0p05,400,0.05,9,Bandit IPS,Bandit,282.24891295897964,423.4552510574188,479.20761072352025,-2.532741913420668,1.0,0.0,0.0,none,,,,,,,,,,,,,,2000.0,10.0
gate2D_bandit,N400_noise0p05,400,0.05,9,Bandit IPS support top3,Bandit,454.77495840758303,423.4552510574188,479.20761072352025,0.5617646954808131,0.0,0.7751607914529647,28.0371875,top3,,,,,,,,,,,,,,2000.0,10.0
gate2D_bandit,N400_noise0p05,400,0.05,9,Bandit DR,Bandit,319.811686716071,423.4552510574188,479.20761072352025,-1.858998703589672,0.990625,0.0051566838556128,0.06125,none,,,,,,,,,,,,,,2000.0,10.0
gate2D_bandit,N400_noise0p05,400,0.05,9,Bandit DR support top3,Bandit,435.2352842861315,423.4552510574188,479.20761072352025,0.2112921013435639,0.0,0.8363748216437342,36.838125,top3,,,,,,,,,,,,,,2000.0,10.0
gate2D_bandit,N400_noise0p05,400,0.05,9,"Bandit oracle (myopic, true R)",Bandit,423.4552510574188,423.4552510574188,479.20761072352025,0.0,0.01,0.8459834450771005,36.55625,none,,,,,,,,,,,,,,,
gate2D_bandit,N400_noise0p2,400,0.2,0,Bandit DM,Bandit,318.59157473907965,421.4891710594284,479.2131268458336,-1.7825804714614288,0.9846875,0.0085403726708074,0.18875,none,,,,,,,,,,,,,,2000.0,10.0
gate2D_bandit,N400_noise0p2,400,0.2,0,Bandit DM support top3,Bandit,430.39662047468255,421.4891710594284,479.2131268458336,0.1543111398708395,0.0,0.7700403859663729,30.5028125,top3,,,,,,,,,,,,,,2000.0,10.0
gate2D_bandit,N400_noise0p2,400,0.2,0,Bandit IPS,Bandit,182.81563033515465,421.4891710594284,479.2131268458336,-4.134739857528699,1.0,0.0,0.0,none,,,,,,,,,,,,,,2000.0,10.0
gate2D_bandit,N400_noise0p2,400,0.2,0,Bandit IPS support top3,Bandit,428.7031371239335,421.4891710594284,479.2131268458336,0.124973522105774,0.0,0.8300806165691035,33.31,top3,,,,,,,,,,,,,,2000.0,10.0
gate2D_bandit,N400_noise0p2,400,0.2,0,Bandit DR,Bandit,318.59157473907965,421.4891710594284,479.2131268458336,-1.7825804714614288,0.9846875,0.0085403726708074,0.18875,none,,,,,,,,,,,,,,2000.0,10.0
gate2D_bandit,N400_noise0p2,400,0.2,0,Bandit DR support top3,Bandit,430.39662047468255,421.4891710594284,479.2131268458336,0.1543111398708395,0.0,0.7700403859663729,30.5028125,top3,,,,,,,,,,,,,,2000.0,10.0
gate2D_bandit,N400_noise0p2,400,0.2,0,"Bandit oracle (myopic, true R)",Bandit,421.4891710594284,421.4891710594284,479.2131268458336,0.0,0.0,0.8602517238392546,37.2453125,none,,,,,,,,,,,,,,,
gate2D_bandit,N400_noise0p2,400,0.2,1,Bandit DM,Bandit,405.8162686838022,422.7909092428097,479.07216495487467,-0.3016037994221338,0.93625,0.0433192933192933,1.0046875,none,,,,,,,,,,,,,,2000.0,10.0
gate2D_bandit,N400_noise0p2,400,0.2,1,Bandit DM support top3,Bandit,430.7201325519166,422.7909092428097,479.07216495487467,0.1408856858075955,0.0,0.7857354329855621,35.81625,top3,,,,,,,,,,,,,,2000.0,10.0
gate2D_bandit,N400_noise0p2,400,0.2,1,Bandit IPS,Bandit,282.2020643609203,422.7909092428097,479.07216495487467,-2.4979692279991434,1.0,0.0,0.0,none,,,,,,,,,,,,,,2000.0,10.0
gate2D_bandit,N400_noise0p2,400,0.2,1,Bandit IPS support top3,Bandit,441.15500687125706,422.7909092428097,479.07216495487467,0.3262915405156939,0.0,0.6905637892057723,24.604375,top3,,,,,,,,,,,,,,2000.0,10.0
gate2D_bandit,N400_noise0p2,400,0.2,1,Bandit DR,Bandit,405.8162686838022,422.7909092428097,479.07216495487467,-0.3016037994221338,0.93625,0.0433192933192933,1.0046875,none,,,,,,,,,,,,,,2000.0,10.0
gate2D_bandit,N400_noise0p2,400,0.2,1,Bandit DR support top3,Bandit,430.7201325519166,422.7909092428097,479.07216495487467,0.1408856858075955,0.0,0.7857354329855621,35.81625,top3,,,,,,,,,,,,,,2000.0,10.0
gate2D_bandit,N400_noise0p2,400,0.2,1,"Bandit oracle (myopic, true R)",Bandit,422.7909092428097,422.7909092428097,479.07216495487467,0.0,0.0,0.8535035002881634,41.3390625,none,,,,,,,,,,,,,,,
gate2D_bandit,N400_noise0p2,400,0.2,2,Bandit DM,Bandit,311.9296144627662,417.1824539201058,474.5590275047475,-1.8344218359792943,0.9871875,0.0084550345887778,0.1546875,none,,,,,,,,,,,,,,2000.0,10.0
gate2D_bandit,N400_noise0p2,400,0.2,2,Bandit DM support top3,Bandit,424.28759044199774,417.1824539201058,474.5590275047475,0.1238334058308741,0.0,0.7982619425613219,34.4828125,top3,,,,,,,,,,,,,,2000.0,10.0
gate2D_bandit,N400_noise0p2,400,0.2,2,Bandit IPS,Bandit,276.926803637312,417.1824539201058,474.5590275047475,-2.444475881361042,1.0,0.0,0.0,none,,,,,,,,,,,,,,2000.0,10.0
gate2D_bandit,N400_noise0p2,400,0.2,2,Bandit IPS support top3,Bandit,425.0563382369357,417.1824539201058,474.5590275047475,0.1372316927432826,0.0,0.8096416311288739,37.7934375,top3,,,,,,,,,,,,,,2000.0,10.0
gate2D_bandit,N400_noise0p2,400,0.2,2,Bandit DR,Bandit,311.9296144627662,417.1824539201058,474.5590275047475,-1.8344218359792943,0.9871875,0.0084550345887778,0.1546875,none,,,,,,,,,,,,,,2000.0,10.0
gate2D_bandit,N400_noise0p2,400,0.2,2,Bandit DR support top3,Bandit,424.28759044199774,417.1824539201058,474.5590275047475,0.1238334058308741,0.0,0.7982619425613219,34.4828125,top3,,,,,,,,,,,,,,2000.0,10.0
gate2D_bandit,N400_noise0p2,400,0.2,2,"Bandit oracle (myopic, true R)",Bandit,417.1824539201058,417.1824539201058,474.5590275047475,0.0,0.0,0.8500428343098188,39.466875,none,,,,,,,,,,,,,,,
gate2D_bandit,N400_noise0p2,400,0.2,3,Bandit DM,Bandit,318.4295502706789,423.1047405366476,479.3865548020198,-1.8598403699713493,0.9871875,0.0084942084942084,0.143125,none,,,,,,,,,,,,,,2000.0,10.0
gate2D_bandit,N400_noise0p2,400,0.2,3,Bandit DM support top3,Bandit,429.9706126499771,423.1047405366476,479.3865548020198,0.1219909521920621,0.0,0.8182153477606394,33.72125,top3,,,,,,,,,,,,,,2000.0,10.0
gate2D_bandit,N400_noise0p2,400,0.2,3,Bandit IPS,Bandit,182.747133964268,423.1047405366476,479.3865548020198,-4.270608716326709,1.0,0.0,0.0,none,,,,,,,,,,,,,,2000.0,10.0
gate2D_bandit,N400_noise0p2,400,0.2,3,Bandit IPS support top3,Bandit,429.26863298831086,423.1047405366476,479.3865548020198,0.1095183680931135,0.0,0.8266633317457587,33.970625,top3,,,,,,,,,,,,,,2000.0,10.0
gate2D_bandit,N400_noise0p2,400,0.2,3,Bandit DR,Bandit,318.4295502706789,423.1047405366476,479.3865548020198,-1.8598403699713493,0.9871875,0.0084942084942084,0.143125,none,,,,,,,,,,,,,,2000.0,10.0
gate2D_bandit,N400_noise0p2,400,0.2,3,Bandit DR support top3,Bandit,430.0020741157867,423.1047405366476,479.3865548020198,0.1225499509773753,0.0,0.8126916990827562,33.6321875,top3,,,,,,,,,,,,,,2000.0,10.0
gate2D_bandit,N400_noise0p2,400,0.2,3,"Bandit oracle (myopic, true R)",Bandit,423.1047405366476,423.1047405366476,479.3865548020198,0.0,0.0,0.8626718124914622,38.355625,none,,,,,,,,,,,,,,,
gate2D_bandit,N400_noise0p2,400,0.2,4,Bandit DM,Bandit,321.4096994199544,427.2545943129383,483.248496641775,-1.8902932371347512,0.976875,0.0217391304347826,0.41375,none,,,,,,,,,,,,,,2000.0,10.0
gate2D_bandit,N400_noise0p2,400,0.2,4,Bandit DM support top3,Bandit,435.6791574766848,427.2545943129383,483.248496641775,0.1504550105165274,0.0,0.8245507467946989,30.89375,top3,,,,,,,,,,,,,,2000.0,10.0
gate2D_bandit,N400_noise0p2,400,0.2,4,Bandit IPS,Bandit,286.0207219203093,427.2545943129383,483.248496641775,-2.5223080821051087,0.99,0.0116618075801749,0.2,none,,,,,,,,,,,,,,2000.0,10.0
gate2D_bandit,N400_noise0p2,400,0.2,4,Bandit IPS support top3,Bandit,435.6791574766848,427.2545943129383,483.248496641775,0.1504550105165274,0.0,0.8245507467946989,30.89375,top3,,,,,,,,,,,,,,2000.0,10.0
gate2D_bandit,N400_noise0p2,400,0.2,4,Bandit DR,Bandit,324.1854524023641,427.2545943129383,483.248496641775,-1.840720821800872,0.9825,0.0086136177194421,0.1875,none,,,,,,,,,,,,,,2000.0,10.0
gate2D_bandit,N400_noise0p2,400,0.2,4,Bandit DR support top3,Bandit,438.5516795261288,427.2545943129383,483.248496641775,0.2017556330838637,0.0,0.8148483939689407,32.029375,top3,,,,,,,,,,,,,,2000.0,10.0
gate2D_bandit,N400_noise0p2,400,0.2,4,"Bandit oracle (myopic, true R)",Bandit,427.2545943129383,427.2545943129383,483.248496641775,0.0,0.0,0.8511436474708333,34.138125,none,,,,,,,,,,,,,,,
gate2D_bandit,N400_noise0p2,400,0.2,5,Bandit DM,Bandit,317.2239584906732,420.5620190232593,478.5366511066638,-1.7824703119102194,0.98625,0.0069551777434312,0.129375,none,,,,,,,,,,,,,,2000.0,10.0
gate2D_bandit,N400_noise0p2,400,0.2,5,Bandit DM support top3,Bandit,428.5851199306573,420.5620190232593,478.5366511066638,0.1383898546498,0.0,0.7637061441039229,26.27125,top3,,,,,,,,,,,,,,2000.0,10.0
gate2D_bandit,N400_noise0p2,400,0.2,5,Bandit IPS,Bandit,227.40794946048965,420.5620190232593,478.5366511066638,-3.331699790434048,1.0,0.0,0.0,none,,,,,,,,,,,,,,2000.0,10.0
gate2D_bandit,N400_noise0p2,400,0.2,5,Bandit IPS support top3,Bandit,427.1955595939291,420.5620190232593,478.5366511066638,0.1144214345530732,0.0,0.7823422423785571,27.2840625,top3,,,,,,,,,,,,,,2000.0,10.0
gate2D_bandit,N400_noise0p2,400,0.2,5,Bandit DR,Bandit,317.2239584906732,420.5620190232593,478.5366511066638,-1.7824703119102194,0.98625,0.0069551777434312,0.129375,none,,,,,,,,,,,,,,2000.0,10.0
gate2D_bandit,N400_noise0p2,400,0.2,5,Bandit DR support top3,Bandit,429.0940438314926,420.5620190232593,478.5366511066638,0.1471682441375189,0.0,0.7515863934892633,25.7125,top3,,,,,,,,,,,,,,2000.0,10.0
gate2D_bandit,N400_noise0p2,400,0.2,5,"Bandit oracle (myopic, true R)",Bandit,420.5620190232593,420.5620190232593,478.5366511066638,0.0,0.0,0.8376482239745919,30.66875,none,,,,,,,,,,,,,,,
gate2D_bandit,N400_noise0p2,400,0.2,6,Bandit DM,Bandit,316.8689109319449,421.9223253169368,478.3865908773132,-1.860529192089816,0.9871875,0.0081049787726746,0.1340625,none,,,,,,,,,,,,,,2000.0,10.0
gate2D_bandit,N400_noise0p2,400,0.2,6,Bandit DM support top3,Bandit,432.322905340244,421.9223253169368,478.3865908773132,0.1841975614149444,0.0,0.8203458667616252,34.8003125,top3,,,,,,,,,,,,,,2000.0,10.0
gate2D_bandit,N400_noise0p2,400,0.2,6,Bandit IPS,Bandit,226.92959100827235,421.9223253169368,478.3865908773132,-3.4533829914100584,1.0,0.0,0.0,none,,,,,,,,,,,,,,2000.0,10.0
gate2D_bandit,N400_noise0p2,400,0.2,6,Bandit IPS support top3,Bandit,431.0457023764004,421.9223253169368,478.3865908773132,0.1615778930075365,0.0,0.8150218603498125,32.6553125,top3,,,,,,,,,,,,,,2000.0,10.0
gate2D_bandit,N400_noise0p2,400,0.2,6,Bandit DR,Bandit,316.8689109319449,421.9223253169368,478.3865908773132,-1.860529192089816,0.9871875,0.0081049787726746,0.1340625,none,,,,,,,,,,,,,,2000.0,10.0
gate2D_bandit,N400_noise0p2,400,0.2,6,Bandit DR support top3,Bandit,432.322905340244,421.9223253169368,478.3865908773132,0.1841975614149444,0.0,0.8203458667616252,34.8003125,top3,,,,,,,,,,,,,,2000.0,10.0
gate2D_bandit,N400_noise0p2,400,0.2,6,"Bandit oracle (myopic, true R)",Bandit,421.9223253169368,421.9223253169368,478.3865908773132,0.0,0.00625,0.8388147106899086,37.094375,none,,,,,,,,,,,,,,,
gate2D_bandit,N400_noise0p2,400,0.2,7,Bandit DM,Bandit,403.3432664384919,418.644374990045,476.3341035189663,-0.2652310721809391,0.931875,0.0487318313953488,1.321875,none,,,,,,,,,,,,,,2000.0,10.0
gate2D_bandit,N400_noise0p2,400,0.2,7,Bandit DM support top3,Bandit,426.8781367939527,418.644374990045,476.3341035189663,0.1427249185230596,0.0,0.8142635884301952,37.4671875,top3,,,,,,,,,,,,,,2000.0,10.0
gate2D_bandit,N400_noise0p2,400,0.2,7,Bandit IPS,Bandit,225.51216832234687,418.644374990045,476.3341035189663,-3.3477745795055363,1.0,0.0,0.0,none,,,,,,,,,,,,,,2000.0,10.0
gate2D_bandit,N400_noise0p2,400,0.2,7,Bandit IPS support top3,Bandit,425.9664805815035,418.644374990045,476.3341035189663,0.1269221710375664,0.0,0.7936605130333697,35.8484375,top3,,,,,,,,,,,,,,2000.0,10.0
gate2D_bandit,N400_noise0p2,400,0.2,7,Bandit DR,Bandit,403.3432664384919,418.644374990045,476.3341035189663,-0.2652310721809391,0.931875,0.0487318313953488,1.321875,none,,,,,,,,,,,,,,2000.0,10.0
gate2D_bandit,N400_noise0p2,400,0.2,7,Bandit DR support top3,Bandit,426.8781367939527,418.644374990045,476.3341035189663,0.1427249185230596,0.0,0.8142635884301952,37.4671875,top3,,,,,,,,,,,,,,2000.0,10.0
gate2D_bandit,N400_noise0p2,400,0.2,7,"Bandit oracle (myopic, true R)",Bandit,418.644374990045,418.644374990045,476.3341035189663,0.0,0.0,0.8449389487741874,41.111875,none,,,,,,,,,,,,,,,
gate2D_bandit,N400_noise0p2,400,0.2,8,Bandit DM,Bandit,408.1304102747692,422.931340639083,479.9511404087543,-0.2595752777824794,0.9303125,0.0464175554393088,1.2621875,none,,,,,,,,,,,,,,2000.0,10.0
gate2D_bandit,N400_noise0p2,400,0.2,8,Bandit DM support top3,Bandit,433.41895845761945,422.931340639083,479.9511404087543,0.1839294045384357,0.0,0.8217630400527396,31.353125,top3,,,,,,,,,,,,,,2000.0,10.0
gate2D_bandit,N400_noise0p2,400,0.2,8,Bandit IPS,Bandit,182.92296482339225,422.931340639083,479.9511404087543,-4.209211129909135,1.0,0.0,0.0,none,,,,,,,,,,,,,,2000.0,10.0
gate2D_bandit,N400_noise0p2,400,0.2,8,Bandit IPS support top3,Bandit,430.2690226559778,422.931340639083,479.9511404087543,0.1286865623263324,0.0,0.814142633700987,27.90875,top3,,,,,,,,,,,,,,2000.0,10.0
gate2D_bandit,N400_noise0p2,400,0.2,8,Bandit DR,Bandit,408.1304102747692,422.931340639083,479.9511404087543,-0.2595752777824794,0.9303125,0.0464175554393088,1.2621875,none,,,,,,,,,,,,,,2000.0,10.0
gate2D_bandit,N400_noise0p2,400,0.2,8,Bandit DR support top3,Bandit,437.684521329274,422.931340639083,479.9511404087543,0.258737855092192,0.0,0.8179192835419897,32.35125,top3,,,,,,,,,,,,,,2000.0,10.0
gate2D_bandit,N400_noise0p2,400,0.2,8,"Bandit oracle (myopic, true R)",Bandit,422.931340639083,422.931340639083,479.9511404087543,0.0,0.0053125,0.8543474763481043,32.015625,none,,,,,,,,,,,,,,,
gate2D_bandit,N400_noise0p2,400,0.2,9,Bandit DM,Bandit,319.811686716071,423.4552510574188,479.20761072352025,-1.858998703589672,0.990625,0.0051566838556128,0.06125,none,,,,,,,,,,,,,,2000.0,10.0
gate2D_bandit,N400_noise0p2,400,0.2,9,Bandit DM support top3,Bandit,435.2352842861315,423.4552510574188,479.20761072352025,0.2112921013435639,0.0,0.8363748216437342,36.838125,top3,,,,,,,,,,,,,,2000.0,10.0
gate2D_bandit,N400_noise0p2,400,0.2,9,Bandit IPS,Bandit,282.24891295897964,423.4552510574188,479.20761072352025,-2.532741913420668,1.0,0.0,0.0,none,,,,,,,,,,,,,,2000.0,10.0
gate2D_bandit,N400_noise0p2,400,0.2,9,Bandit IPS support top3,Bandit,440.24690101517706,423.4552510574188,479.20761072352025,0.3011827671209393,0.0,0.8449852685604452,38.8515625,top3,,,,,,,,,,,,,,2000.0,10.0
gate2D_bandit,N400_noise0p2,400,0.2,9,Bandit DR,Bandit,319.811686716071,423.4552510574188,479.20761072352025,-1.858998703589672,0.990625,0.0051566838556128,0.06125,none,,,,,,,,,,,,,,2000.0,10.0
gate2D_bandit,N400_noise0p2,400,0.2,9,Bandit DR support top3,Bandit,428.10607542601065,423.4552510574188,479.20761072352025,0.0834193278355476,0.0,0.8443556733396937,38.2921875,top3,,,,,,,,,,,,,,2000.0,10.0
gate2D_bandit,N400_noise0p2,400,0.2,9,"Bandit oracle (myopic, true R)",Bandit,423.4552510574188,423.4552510574188,479.20761072352025,0.0,0.01,0.8459834450771005,36.55625,none,,,,,,,,,,,,,,,
gate2D_bandit,N400_noise0p5,400,0.5,0,Bandit DM,Bandit,397.8813380147389,421.4891710594284,479.2131268458336,-0.4089780875732979,0.9625,0.0254268071195059,0.4525,none,,,,,,,,,,,,,,2000.0,10.0
gate2D_bandit,N400_noise0p5,400,0.5,0,Bandit DM support top3,Bandit,429.7697075502331,421.4891710594284,479.2131268458336,0.1434506069099796,0.0,0.7820351620236488,31.3275,top3,,,,,,,,,,,,,,2000.0,10.0
gate2D_bandit,N400_noise0p5,400,0.5,0,Bandit IPS,Bandit,182.81563033515465,421.4891710594284,479.2131268458336,-4.134739857528699,1.0,0.0,0.0,none,,,,,,,,,,,,,,2000.0,10.0
gate2D_bandit,N400_noise0p5,400,0.5,0,Bandit IPS support top3,Bandit,428.7031371239335,421.4891710594284,479.2131268458336,0.124973522105774,0.0,0.8300806165691035,33.31,top3,,,,,,,,,,,,,,2000.0,10.0
gate2D_bandit,N400_noise0p5,400,0.5,0,Bandit DR,Bandit,404.7343192181575,421.4891710594284,479.2131268458336,-0.2902582058524997,0.931875,0.0537212490479817,1.2134375,none,,,,,,,,,,,,,,2000.0,10.0
gate2D_bandit,N400_noise0p5,400,0.5,0,Bandit DR support top3,Bandit,429.1074364917427,421.4891710594284,479.2131268458336,0.1319775356440226,0.0,0.7793520118404987,30.7975,top3,,,,,,,,,,,,,,2000.0,10.0
gate2D_bandit,N400_noise0p5,400,0.5,0,"Bandit oracle (myopic, true R)",Bandit,421.4891710594284,421.4891710594284,479.2131268458336,0.0,0.0,0.8602517238392546,37.2453125,none,,,,,,,,,,,,,,,
gate2D_bandit,N400_noise0p5,400,0.5,1,Bandit DM,Bandit,405.8162686838022,422.7909092428097,479.07216495487467,-0.3016037994221338,0.93625,0.0433192933192933,1.0046875,none,,,,,,,,,,,,,,2000.0,10.0
gate2D_bandit,N400_noise0p5,400,0.5,1,Bandit DM support top3,Bandit,430.7201325519166,422.7909092428097,479.07216495487467,0.1408856858075955,0.0,0.7857354329855621,35.81625,top3,,,,,,,,,,,,,,2000.0,10.0
gate2D_bandit,N400_noise0p5,400,0.5,1,Bandit IPS,Bandit,282.2020643609203,422.7909092428097,479.07216495487467,-2.4979692279991434,1.0,0.0,0.0,none,,,,,,,,,,,,,,2000.0,10.0
gate2D_bandit,N400_noise0p5,400,0.5,1,Bandit IPS support top3,Bandit,431.2218913808626,422.7909092428097,479.07216495487467,0.1498008889706706,0.0,0.7769775953176121,35.158125,top3,,,,,,,,,,,,,,2000.0,10.0
gate2D_bandit,N400_noise0p5,400,0.5,1,Bandit DR,Bandit,405.8162686838022,422.7909092428097,479.07216495487467,-0.3016037994221338,0.93625,0.0433192933192933,1.0046875,none,,,,,,,,,,,,,,2000.0,10.0
gate2D_bandit,N400_noise0p5,400,0.5,1,Bandit DR support top3,Bandit,430.7201325519166,422.7909092428097,479.07216495487467,0.1408856858075955,0.0,0.7857354329855621,35.81625,top3,,,,,,,,,,,,,,2000.0,10.0
gate2D_bandit,N400_noise0p5,400,0.5,1,"Bandit oracle (myopic, true R)",Bandit,422.7909092428097,422.7909092428097,479.07216495487467,0.0,0.0,0.8535035002881634,41.3390625,none,,,,,,,,,,,,,,,
gate2D_bandit,N400_noise0p5,400,0.5,2,Bandit DM,Bandit,311.9296144627662,417.1824539201058,474.5590275047475,-1.8344218359792943,0.9871875,0.0084550345887778,0.1546875,none,,,,,,,,,,,,,,2000.0,10.0
gate2D_bandit,N400_noise0p5,400,0.5,2,Bandit DM support top3,Bandit,424.47597330193634,417.1824539201058,474.5590275047475,0.1271166771761156,0.0,0.815110289792192,38.390625,top3,,,,,,,,,,,,,,2000.0,10.0
gate2D_bandit,N400_noise0p5,400,0.5,2,Bandit IPS,Bandit,276.926803637312,417.1824539201058,474.5590275047475,-2.444475881361042,1.0,0.0,0.0,none,,,,,,,,,,,,,,2000.0,10.0
gate2D_bandit,N400_noise0p5,400,0.5,2,Bandit IPS support top3,Bandit,425.0563382369357,417.1824539201058,474.5590275047475,0.1372316927432826,0.0,0.8096416311288739,37.7934375,top3,,,,,,,,,,,,,,2000.0,10.0
gate2D_bandit,N400_noise0p5,400,0.5,2,Bandit DR,Bandit,311.9296144627662,417.1824539201058,474.5590275047475,-1.8344218359792943,0.9871875,0.0084550345887778,0.1546875,none,,,,,,,,,,,,,,2000.0,10.0
gate2D_bandit,N400_noise0p5,400,0.5,2,Bandit DR support top3,Bandit,424.1521356363999,417.1824539201058,474.5590275047475,0.1214726025075805,0.0,0.8139917382048906,35.34125,top3,,,,,,,,,,,,,,2000.0,10.0
gate2D_bandit,N400_noise0p5,400,0.5,2,"Bandit oracle (myopic, true R)",Bandit,417.1824539201058,417.1824539201058,474.5590275047475,0.0,0.0,0.8500428343098188,39.466875,none,,,,,,,,,,,,,,,
gate2D_bandit,N400_noise0p5,400,0.5,3,Bandit DM,Bandit,318.4295502706789,423.1047405366476,479.3865548020198,-1.8598403699713493,0.9871875,0.0084942084942084,0.143125,none,,,,,,,,,,,,,,2000.0,10.0
gate2D_bandit,N400_noise0p5,400,0.5,3,Bandit DM support top3,Bandit,430.4166204979292,423.1047405366476,479.3865548020198,0.1299154985801563,0.0,0.8083874004402222,33.19625,top3,,,,,,,,,,,,,,2000.0,10.0
gate2D_bandit,N400_noise0p5,400,0.5,3,Bandit IPS,Bandit,182.747133964268,423.1047405366476,479.3865548020198,-4.270608716326709,1.0,0.0,0.0,none,,,,,,,,,,,,,,2000.0,10.0
gate2D_bandit,N400_noise0p5,400,0.5,3,Bandit IPS support top3,Bandit,431.0131080671765,423.1047405366476,479.3865548020198,0.1405137278134017,0.0,0.8244862452395547,35.5753125,top3,,,,,,,,,,,,,,2000.0,10.0
gate2D_bandit,N400_noise0p5,400,0.5,3,Bandit DR,Bandit,318.4295502706789,423.1047405366476,479.3865548020198,-1.8598403699713493,0.9871875,0.0084942084942084,0.143125,none,,,,,,,,,,,,,,2000.0,10.0
gate2D_bandit,N400_noise0p5,400,0.5,3,Bandit DR support top3,Bandit,430.0020741157867,423.1047405366476,479.3865548020198,0.1225499509773753,0.0,0.8126916990827562,33.6321875,top3,,,,,,,,,,,,,,2000.0,10.0
gate2D_bandit,N400_noise0p5,400,0.5,3,"Bandit oracle (myopic, true R)",Bandit,423.1047405366476,423.1047405366476,479.3865548020198,0.0,0.0,0.8626718124914622,38.355625,none,,,,,,,,,,,,,,,
gate2D_bandit,N400_noise0p5,400,0.5,4,Bandit DM,Bandit,390.9883289198951,427.2545943129383,483.248496641775,-0.6476824062031149,0.9615625,0.0277271068952936,0.5415625,none,,,,,,,,,,,,,,2000.0,10.0
gate2D_bandit,N400_noise0p5,400,0.5,4,Bandit DM support top3,Bandit,435.6791574766848,427.2545943129383,483.248496641775,0.1504550105165274,0.0,0.8245507467946989,30.89375,top3,,,,,,,,,,,,,,2000.0,10.0
gate2D_bandit,N400_noise0p5,400,0.5,4,Bandit IPS,Bandit,286.0207219203093,427.2545943129383,483.248496641775,-2.5223080821051087,0.99,0.0116618075801749,0.2,none,,,,,,,,,,,,,,2000.0,10.0
gate2D_bandit,N400_noise0p5,400,0.5,4,Bandit IPS support top3,Bandit,435.6791574766848,427.2545943129383,483.248496641775,0.1504550105165274,0.0,0.8245507467946989,30.89375,top3,,,,,,,,,,,,,,2000.0,10.0
gate2D_bandit,N400_noise0p5,400,0.5,4,Bandit DR,Bandit,390.9883289198951,427.2545943129383,483.248496641775,-0.6476824062031149,0.9615625,0.0277271068952936,0.5415625,none,,,,,,,,,,,,,,2000.0,10.0
gate2D_bandit,N400_noise0p5,400,0.5,4,Bandit DR support top3,Bandit,435.6791574766848,427.2545943129383,483.248496641775,0.1504550105165274,0.0,0.8245507467946989,30.89375,top3,,,,,,,,,,,,,,2000.0,10.0
gate2D_bandit,N400_noise0p5,400,0.5,4,"Bandit oracle (myopic, true R)",Bandit,427.2545943129383,427.2545943129383,483.248496641775,0.0,0.0,0.8511436474708333,34.138125,none,,,,,,,,,,,,,,,
gate2D_bandit,N400_noise0p5,400,0.5,5,Bandit DM,Bandit,317.2239584906732,420.5620190232593,478.5366511066638,-1.7824703119102194,0.98625,0.0069551777434312,0.129375,none,,,,,,,,,,,,,,2000.0,10.0
gate2D_bandit,N400_noise0p5,400,0.5,5,Bandit DM support top3,Bandit,428.5851199306573,420.5620190232593,478.5366511066638,0.1383898546498,0.0,0.7637061441039229,26.27125,top3,,,,,,,,,,,,,,2000.0,10.0
gate2D_bandit,N400_noise0p5,400,0.5,5,Bandit IPS,Bandit,227.40794946048965,420.5620190232593,478.5366511066638,-3.331699790434048,1.0,0.0,0.0,none,,,,,,,,,,,,,,2000.0,10.0
gate2D_bandit,N400_noise0p5,400,0.5,5,Bandit IPS support top3,Bandit,429.89948407101184,420.5620190232593,478.5366511066638,0.1610612212996762,0.0,0.7644623707267294,28.578125,top3,,,,,,,,,,,,,,2000.0,10.0
gate2D_bandit,N400_noise0p5,400,0.5,5,Bandit DR,Bandit,317.2239584906732,420.5620190232593,478.5366511066638,-1.7824703119102194,0.98625,0.0069551777434312,0.129375,none,,,,,,,,,,,,,,2000.0,10.0
gate2D_bandit,N400_noise0p5,400,0.5,5,Bandit DR support top3,Bandit,422.5939699078181,420.5620190232593,478.5366511066638,0.035048965582663,0.0,0.774303974105188,27.5628125,top3,,,,,,,,,,,,,,2000.0,10.0
gate2D_bandit,N400_noise0p5,400,0.5,5,"Bandit oracle (myopic, true R)",Bandit,420.5620190232593,420.5620190232593,478.5366511066638,0.0,0.0,0.8376482239745919,30.66875,none,,,,,,,,,,,,,,,
gate2D_bandit,N400_noise0p5,400,0.5,6,Bandit DM,Bandit,316.8689109319449,421.9223253169368,478.3865908773132,-1.860529192089816,0.9871875,0.0081049787726746,0.1340625,none,,,,,,,,,,,,,,2000.0,10.0
gate2D_bandit,N400_noise0p5,400,0.5,6,Bandit DM support top3,Bandit,432.322905340244,421.9223253169368,478.3865908773132,0.1841975614149444,0.0,0.8203458667616252,34.8003125,top3,,,,,,,,,,,,,,2000.0,10.0
gate2D_bandit,N400_noise0p5,400,0.5,6,Bandit IPS,Bandit,226.92959100827235,421.9223253169368,478.3865908773132,-3.4533829914100584,1.0,0.0,0.0,none,,,,,,,,,,,,,,2000.0,10.0
gate2D_bandit,N400_noise0p5,400,0.5,6,Bandit IPS support top3,Bandit,431.0457023764004,421.9223253169368,478.3865908773132,0.1615778930075365,0.0,0.8150218603498125,32.6553125,top3,,,,,,,,,,,,,,2000.0,10.0
gate2D_bandit,N400_noise0p5,400,0.5,6,Bandit DR,Bandit,316.8689109319449,421.9223253169368,478.3865908773132,-1.860529192089816,0.9871875,0.0081049787726746,0.1340625,none,,,,,,,,,,,,,,2000.0,10.0
gate2D_bandit,N400_noise0p5,400,0.5,6,Bandit DR support top3,Bandit,431.0457023764004,421.9223253169368,478.3865908773132,0.1615778930075365,0.0,0.8150218603498125,32.6553125,top3,,,,,,,,,,,,,,2000.0,10.0
gate2D_bandit,N400_noise0p5,400,0.5,6,"Bandit oracle (myopic, true R)",Bandit,421.9223253169368,421.9223253169368,478.3865908773132,0.0,0.00625,0.8388147106899086,37.094375,none,,,,,,,,,,,,,,,
gate2D_bandit,N400_noise0p5,400,0.5,7,Bandit DM,Bandit,379.4624285600708,418.644374990045,476.3341035189663,-0.679184101383513,0.96625,0.019985465116279,0.3428125,none,,,,,,,,,,,,,,2000.0,10.0
gate2D_bandit,N400_noise0p5,400,0.5,7,Bandit DM support top3,Bandit,425.9664805815035,418.644374990045,476.3341035189663,0.1269221710375664,0.0,0.7936605130333697,35.8484375,top3,,,,,,,,,,,,,,2000.0,10.0
gate2D_bandit,N400_noise0p5,400,0.5,7,Bandit IPS,Bandit,302.8643912882201,418.644374990045,476.3341035189663,-2.00694277220912,1.0,0.0,0.0,none,,,,,,,,,,,,,,2000.0,10.0
gate2D_bandit,N400_noise0p5,400,0.5,7,Bandit IPS support top3,Bandit,425.9664805815035,418.644374990045,476.3341035189663,0.1269221710375664,0.0,0.7936605130333697,35.8484375,top3,,,,,,,,,,,,,,2000.0,10.0
gate2D_bandit,N400_noise0p5,400,0.5,7,Bandit DR,Bandit,379.4624285600708,418.644374990045,476.3341035189663,-0.679184101383513,0.96625,0.019985465116279,0.3428125,none,,,,,,,,,,,,,,2000.0,10.0
gate2D_bandit,N400_noise0p5,400,0.5,7,Bandit DR support top3,Bandit,425.9664805815035,418.644374990045,476.3341035189663,0.1269221710375664,0.0,0.7936605130333697,35.8484375,top3,,,,,,,,,,,,,,2000.0,10.0
gate2D_bandit,N400_noise0p5,400,0.5,7,"Bandit oracle (myopic, true R)",Bandit,418.644374990045,418.644374990045,476.3341035189663,0.0,0.0,0.8449389487741874,41.111875,none,,,,,,,,,,,,,,,
gate2D_bandit,N400_noise0p5,400,0.5,8,Bandit DM,Bandit,408.1304102747692,422.931340639083,479.9511404087543,-0.2595752777824794,0.9303125,0.0464175554393088,1.2621875,none,,,,,,,,,,,,,,2000.0,10.0
gate2D_bandit,N400_noise0p5,400,0.5,8,Bandit DM support top3,Bandit,431.38449189288593,422.931340639083,479.9511404087543,0.148249402627667,0.0,0.8258083682761478,29.658125,top3,,,,,,,,,,,,,,2000.0,10.0
gate2D_bandit,N400_noise0p5,400,0.5,8,Bandit IPS,Bandit,319.8053000477908,422.931340639083,479.9511404087543,-1.808600538898151,0.9884375,0.0071884984025559,0.105,none,,,,,,,,,,,,,,2000.0,10.0
gate2D_bandit,N400_noise0p5,400,0.5,8,Bandit IPS support top3,Bandit,433.41895845761945,422.931340639083,479.9511404087543,0.1839294045384357,0.0,0.8217630400527396,31.353125,top3,,,,,,,,,,,,,,2000.0,10.0
gate2D_bandit,N400_noise0p5,400,0.5,8,Bandit DR,Bandit,408.1304102747692,422.931340639083,479.9511404087543,-0.2595752777824794,0.9303125,0.0464175554393088,1.2621875,none,,,,,,,,,,,,,,2000.0,10.0
gate2D_bandit,N400_noise0p5,400,0.5,8,Bandit DR support top3,Bandit,436.2075645744805,422.931340639083,479.9511404087543,0.2328353306926047,0.0,0.8137744848491815,29.98125,top3,,,,,,,,,,,,,,2000.0,10.0
gate2D_bandit,N400_noise0p5,400,0.5,8,"Bandit oracle (myopic, true R)",Bandit,422.931340639083,422.931340639083,479.9511404087543,0.0,0.0053125,0.8543474763481043,32.015625,none,,,,,,,,,,,,,,,
gate2D_bandit,N400_noise0p5,400,0.5,9,Bandit DM,Bandit,319.811686716071,423.4552510574188,479.20761072352025,-1.858998703589672,0.990625,0.0051566838556128,0.06125,none,,,,,,,,,,,,,,2000.0,10.0
gate2D_bandit,N400_noise0p5,400,0.5,9,Bandit DM support top3,Bandit,428.10607542601065,423.4552510574188,479.20761072352025,0.0834193278355476,0.0,0.8443556733396937,38.2921875,top3,,,,,,,,,,,,,,2000.0,10.0
gate2D_bandit,N400_noise0p5,400,0.5,9,Bandit IPS,Bandit,282.24891295897964,423.4552510574188,479.20761072352025,-2.532741913420668,1.0,0.0,0.0,none,,,,,,,,,,,,,,2000.0,10.0
gate2D_bandit,N400_noise0p5,400,0.5,9,Bandit IPS support top3,Bandit,435.92287122892577,423.4552510574188,479.20761072352025,0.2236249774211361,0.0,0.8445388399890166,37.2215625,top3,,,,,,,,,,,,,,2000.0,10.0
gate2D_bandit,N400_noise0p5,400,0.5,9,Bandit DR,Bandit,319.811686716071,423.4552510574188,479.20761072352025,-1.858998703589672,0.990625,0.0051566838556128,0.06125,none,,,,,,,,,,,,,,2000.0,10.0
gate2D_bandit,N400_noise0p5,400,0.5,9,Bandit DR support top3,Bandit,427.9258039825698,423.4552510574188,479.20761072352025,0.0801858962010752,0.0,0.8321965824306028,37.5096875,top3,,,,,,,,,,,,,,2000.0,10.0
gate2D_bandit,N400_noise0p5,400,0.5,9,"Bandit oracle (myopic, true R)",Bandit,423.4552510574188,423.4552510574188,479.20761072352025,0.0,0.01,0.8459834450771005,36.55625,none,,,,,,,,,,,,,,,
