gate,cell_id,N,noise,seed,method,family,v_policy,v_behaviour_expected,v_optimal_same_start,nv,selected_unseen_rate,mean_behavior_prob,mean_logged_count,target_q95,support_mask,qdt_mode,qdt_denoise,cql_updates,cql_alpha,iql_updates,iql_expectile,iql_awr_beta,iql_weight_clip,iql_final_q_loss,iql_final_v_loss,iql_final_pi_loss,iql_mean_adv_weight
gate2C_support_mask,N100_noise0p05,100,0.05,0,Structured DT,DT,458.9087118354264,425.0469525373324,482.2674723800636,0.5917765058961706,0.38375,0.5606426977177685,5.05875,739.2139892578125,none,,,,,,,,,,,,
gate2C_support_mask,N100_noise0p05,100,0.05,0,Structured DT support count>=1,DT,468.435234662372,425.0469525373324,482.2674723800636,0.7582643821533064,0.0,0.8211931416214504,10.21,739.2139892578125,count>=1,,,,,,,,,,,,
gate2C_support_mask,N100_noise0p05,100,0.05,0,Structured DT support top3,DT,468.435234662372,425.0469525373324,482.2674723800636,0.7582643821533064,0.0,0.8211931416214504,10.21,739.2139892578125,top3,,,,,,,,,,,,
gate2C_support_mask,N100_noise0p05,100,0.05,0,Vanilla DT,DT,460.10994383756,425.0469525373324,482.2674723800636,0.6127695343662923,0.26,0.6597397402334092,10.015,482.6824340820313,none,,,,,,,,,,,,
gate2C_support_mask,N100_noise0p05,100,0.05,0,Vanilla DT support top3,DT,460.891666049172,425.0469525373324,482.2674723800636,0.6264311056655503,0.0,0.8517454253263077,12.49375,482.6824340820313,top3,,,,,,,,,,,,
gate2A_fixed_value_guided_dt,N100_noise0p05,100,0.05,0,Q-DT fixed td denoised,Q-DT,462.1892084541191,425.0469525373324,482.2674723800636,0.6491072786278606,0.495,0.4960757781332984,5.11625,35736.85546875,none,td,True,2000.0,0.1,,,,,,,,
gate2A_fixed_value_guided_dt,N100_noise0p05,100,0.05,0,Q-DT fixed td denoised support top3,Q-DT,466.31861438765526,425.0469525373324,482.2674723800636,0.7212738011426102,0.0,0.8545957090295326,12.33125,35736.85546875,top3,td,True,2000.0,0.1,,,,,,,,
gate2A_fixed_value_guided_dt,N100_noise0p05,100,0.05,0,Q-DT fixed q_sa,Q-DT,457.3742961685904,425.0469525373324,482.2674723800636,0.56496067704573,0.51,0.4691686205476784,4.6025,32323.072265625,none,q_sa,False,2000.0,0.1,,,,,,,,
gate2A_fixed_value_guided_dt,N100_noise0p05,100,0.05,0,Q-DT fixed q_sa support top3,Q-DT,472.6445987085987,425.0469525373324,482.2674723800636,0.8318282724813928,0.0,0.8227438603063604,10.0,32323.072265625,top3,q_sa,False,2000.0,0.1,,,,,,,,
gate2B_iql,N100_noise0p05,100,0.05,0,IQL expectile0.7 beta3,IQL,467.2068005242692,425.0469525373324,482.2674723800636,0.7367959624067008,0.43625,0.4757879656160458,4.46625,,none,,,,,2000.0,0.7,3.0,20.0,79.94037742614746,60.4322006225586,0.7143393486738205,6.249637794494629
gate2B_iql,N100_noise0p05,100,0.05,0,IQL expectile0.7 beta3 support top3,IQL,479.8445501365202,425.0469525373324,482.2674723800636,0.9576564097949004,0.0,0.8026511405261405,8.4375,,top3,,,,,2000.0,0.7,3.0,20.0,79.94037742614746,60.4322006225586,0.7143393486738205,6.249637794494629
gate2C_support_mask,N100_noise0p05,100,0.05,1,Structured DT,DT,458.84103823870873,421.1367484506907,477.8449022706637,0.6648830414708071,0.23375,0.6036593614718615,5.33125,742.8942260742188,none,,,,,,,,,,,,
gate2C_support_mask,N100_noise0p05,100,0.05,1,Structured DT support count>=1,DT,469.6745609754456,421.1367484506907,477.8449022706637,0.8559229891144778,0.0,0.7680562094155845,8.22125,742.8942260742188,count>=1,,,,,,,,,,,,
gate2C_support_mask,N100_noise0p05,100,0.05,1,Structured DT support top3,DT,469.6745609754456,421.1367484506907,477.8449022706637,0.8559229891144778,0.0,0.7680562094155845,8.22125,742.8942260742188,top3,,,,,,,,,,,,
gate2C_support_mask,N100_noise0p05,100,0.05,1,Vanilla DT,DT,444.5106851239505,421.1367484506907,477.8449022706637,0.412179468008485,0.0975,0.7807615702730647,16.89875,471.8332824707031,none,,,,,,,,,,,,
gate2C_support_mask,N100_noise0p05,100,0.05,1,Vanilla DT support top3,DT,447.24040000788455,421.1367484506907,477.8449022706637,0.4603156653638044,0.0,0.8321354166666667,16.41625,471.8332824707031,top3,,,,,,,,,,,,
gate2A_fixed_value_guided_dt,N100_noise0p05,100,0.05,1,Q-DT fixed td denoised,Q-DT,463.7034744224852,421.1367484506907,477.8449022706637,0.7506279627252157,0.24,0.6080303030303031,5.76875,37083.62109375,none,td,True,2000.0,0.1,,,,,,,,
gate2A_fixed_value_guided_dt,N100_noise0p05,100,0.05,1,Q-DT fixed td denoised support top3,Q-DT,472.5928160670275,421.1367484506907,477.8449022706637,0.907383932470988,0.0,0.7690616206709957,7.945,37083.62109375,top3,td,True,2000.0,0.1,,,,,,,,
gate2A_fixed_value_guided_dt,N100_noise0p05,100,0.05,1,Q-DT fixed q_sa,Q-DT,440.307666729662,421.1367484506907,477.8449022706637,0.3380628179120721,0.635,0.3613460558318978,2.8475,33358.4921875,none,q_sa,False,2000.0,0.1,,,,,,,,
gate2A_fixed_value_guided_dt,N100_noise0p05,100,0.05,1,Q-DT fixed q_sa support top3,Q-DT,469.32692775405735,421.1367484506907,477.8449022706637,0.8497927732994495,0.0,0.7617418154761905,8.0825,33358.4921875,top3,q_sa,False,2000.0,0.1,,,,,,,,
gate2B_iql,N100_noise0p05,100,0.05,1,IQL expectile0.7 beta3,IQL,456.69148839346695,421.1367484506907,477.8449022706637,0.6269775605047756,0.35875,0.600170192297852,4.63625,,none,,,,,2000.0,0.7,3.0,20.0,229.37946548461915,165.52994918823242,0.9592132836580276,6.0824737548828125
gate2B_iql,N100_noise0p05,100,0.05,1,IQL expectile0.7 beta3 support top3,IQL,469.2775340759324,421.1367484506907,477.8449022706637,0.848921757849329,0.0,0.7199520427489177,6.5725,,top3,,,,,2000.0,0.7,3.0,20.0,229.37946548461915,165.52994918823242,0.9592132836580276,6.0824737548828125
gate2C_support_mask,N100_noise0p05,100,0.05,2,Structured DT,DT,462.9450789853301,428.2572553930546,483.61336583743207,0.6266304354445255,0.28375,0.6307949203574204,8.4175,730.340087890625,none,,,,,,,,,,,,
gate2C_support_mask,N100_noise0p05,100,0.05,2,Structured DT support count>=1,DT,467.3059259320937,428.2572553930546,483.61336583743207,0.7054084946643012,0.0,0.8269068869642718,11.3775,730.340087890625,count>=1,,,,,,,,,,,,
gate2C_support_mask,N100_noise0p05,100,0.05,2,Structured DT support top3,DT,467.3059259320937,428.2572553930546,483.61336583743207,0.7054084946643012,0.0,0.8269068869642718,11.3775,730.340087890625,top3,,,,,,,,,,,,
gate2C_support_mask,N100_noise0p05,100,0.05,2,Vanilla DT,DT,451.2255311908151,428.2572553930546,483.61336583743207,0.4149185268506052,0.15,0.7154159372489157,16.5925,480.0142211914063,none,,,,,,,,,,,,
gate2C_support_mask,N100_noise0p05,100,0.05,2,Vanilla DT support top3,DT,455.583184685059,428.2572553930546,483.61336583743207,0.4936388968199244,0.0,0.8173275553836615,16.24125,480.0142211914063,top3,,,,,,,,,,,,
gate2A_fixed_value_guided_dt,N100_noise0p05,100,0.05,2,Q-DT fixed td denoised,Q-DT,458.6190610055874,428.2572553930546,483.61336583743207,0.5484815563954902,0.3775,0.545006930807439,12.5425,33971.81640625,none,td,True,2000.0,0.1,,,,,,,,
gate2A_fixed_value_guided_dt,N100_noise0p05,100,0.05,2,Q-DT fixed td denoised support top3,Q-DT,459.86094912009247,428.2572553930546,483.61336583743207,0.5709160826751667,0.0,0.8537295660967337,14.8725,33971.81640625,top3,td,True,2000.0,0.1,,,,,,,,
gate2A_fixed_value_guided_dt,N100_noise0p05,100,0.05,2,Q-DT fixed q_sa,Q-DT,456.766405532887,428.2572553930546,483.61336583743207,0.5150136075488678,0.42875,0.5398822131348083,5.285,30740.693359375,none,q_sa,False,2000.0,0.1,,,,,,,,
gate2A_fixed_value_guided_dt,N100_noise0p05,100,0.05,2,Q-DT fixed q_sa support top3,Q-DT,466.9060753928537,428.2572553930546,483.61336583743207,0.6981852534352816,0.0,0.8359542611587049,11.8,30740.693359375,top3,q_sa,False,2000.0,0.1,,,,,,,,
gate2B_iql,N100_noise0p05,100,0.05,2,IQL expectile0.7 beta3,IQL,452.9825001445355,428.2572553930546,483.61336583743207,0.4466579127940199,0.48375,0.4224474988276745,6.125,,none,,,,,2000.0,0.7,3.0,20.0,133.5518543243408,135.25335960388185,1.0852715998888016,5.462640619277954
gate2B_iql,N100_noise0p05,100,0.05,2,IQL expectile0.7 beta3 support top3,IQL,475.36791532577166,428.2572553930546,483.61336583743207,0.8510471482647693,0.0,0.791186797271356,7.015,,top3,,,,,2000.0,0.7,3.0,20.0,133.5518543243408,135.25335960388185,1.0852715998888016,5.462640619277954
gate2C_support_mask,N100_noise0p05,100,0.05,3,Structured DT,DT,449.44179096245375,427.8075954406258,483.282798778634,0.3899795624003699,0.15625,0.7650627823735844,19.40875,699.8681030273438,none,,,,,,,,,,,,
gate2C_support_mask,N100_noise0p05,100,0.05,3,Structured DT support count>=1,DT,451.01172553250296,427.8075954406258,483.282798778634,0.4182793157240966,0.0,0.8743616990648241,15.93625,699.8681030273438,count>=1,,,,,,,,,,,,
gate2C_support_mask,N100_noise0p05,100,0.05,3,Structured DT support top3,DT,451.01172553250296,427.8075954406258,483.282798778634,0.4182793157240966,0.0,0.8743616990648241,15.93625,699.8681030273438,top3,,,,,,,,,,,,
gate2C_support_mask,N100_noise0p05,100,0.05,3,Vanilla DT,DT,448.9114249569032,427.8075954406258,483.282798778634,0.3804191466896044,0.1875,0.7245893621628917,18.975,490.3147277832031,none,,,,,,,,,,,,
gate2C_support_mask,N100_noise0p05,100,0.05,3,Vanilla DT support top3,DT,452.8636983030657,427.8075954406258,483.282798778634,0.4516631099082969,0.0,0.8497127655330781,15.72125,490.3147277832031,top3,,,,,,,,,,,,
gate2A_fixed_value_guided_dt,N100_noise0p05,100,0.05,3,Q-DT fixed td denoised,Q-DT,448.2608757649772,427.8075954406258,483.282798778634,0.3686923002288138,0.18,0.7468463780228486,19.7025,44821.83203125,none,td,True,2000.0,0.1,,,,,,,,
gate2A_fixed_value_guided_dt,N100_noise0p05,100,0.05,3,Q-DT fixed td denoised support top3,Q-DT,451.01172553250296,427.8075954406258,483.282798778634,0.4182793157240966,0.0,0.8743616990648241,15.93625,44821.83203125,top3,td,True,2000.0,0.1,,,,,,,,
gate2A_fixed_value_guided_dt,N100_noise0p05,100,0.05,3,Q-DT fixed q_sa,Q-DT,452.8064015569107,427.8075954406258,483.282798778634,0.4506302746466419,0.40375,0.5271206036266277,6.40625,40389.75,none,q_sa,False,2000.0,0.1,,,,,,,,
gate2A_fixed_value_guided_dt,N100_noise0p05,100,0.05,3,Q-DT fixed q_sa support top3,Q-DT,464.7664723786041,427.8075954406258,483.282798778634,0.6662233703370029,0.0,0.8140267631673882,8.38125,40389.75,top3,q_sa,False,2000.0,0.1,,,,,,,,
gate2B_iql,N100_noise0p05,100,0.05,3,IQL expectile0.7 beta3,IQL,406.9215344186501,427.8075954406258,483.282798778634,-0.3764936361696185,0.93,0.1055622009569378,0.25875,,none,,,,,2000.0,0.7,3.0,20.0,86.88522109985351,220.7921524047852,0.3304582566022873,5.070372724533081
gate2B_iql,N100_noise0p05,100,0.05,3,IQL expectile0.7 beta3 support top3,IQL,462.0285270374486,427.8075954406258,483.282798778634,0.6168689709583591,0.0,0.8265369656385282,12.89125,,top3,,,,,2000.0,0.7,3.0,20.0,86.88522109985351,220.7921524047852,0.3304582566022873,5.070372724533081
gate2C_support_mask,N100_noise0p05,100,0.05,4,Structured DT,DT,456.98643159132206,415.8730447844656,474.3155353853144,0.7034845090304779,0.22625,0.6188214285714285,8.61,712.996337890625,none,,,,,,,,,,,,
gate2C_support_mask,N100_noise0p05,100,0.05,4,Structured DT support count>=1,DT,462.2252592021689,415.8730447844656,474.3155353853144,0.7931252405767606,0.0,0.7636815476190476,9.44625,712.996337890625,count>=1,,,,,,,,,,,,
gate2C_support_mask,N100_noise0p05,100,0.05,4,Structured DT support top3,DT,462.2252592021689,415.8730447844656,474.3155353853144,0.7931252405767606,0.0,0.7636815476190476,9.44625,712.996337890625,top3,,,,,,,,,,,,
gate2C_support_mask,N100_noise0p05,100,0.05,4,Vanilla DT,DT,432.8317506524574,415.8730447844656,474.3155353853144,0.2901776719923959,0.26625,0.6479330797112303,12.0375,465.83782958984375,none,,,,,,,,,,,,
gate2C_support_mask,N100_noise0p05,100,0.05,4,Vanilla DT support top3,DT,445.2624012140542,415.8730447844656,474.3155353853144,0.5028765223288025,0.0,0.8524100877192983,13.97375,465.83782958984375,top3,,,,,,,,,,,,
gate2A_fixed_value_guided_dt,N100_noise0p05,100,0.05,4,Q-DT fixed td denoised,Q-DT,454.101693586852,415.8730447844656,474.3155353853144,0.6541242238199741,0.35,0.5147202380952381,5.1175,25548.916015625,none,td,True,2000.0,0.1,,,,,,,,
gate2A_fixed_value_guided_dt,N100_noise0p05,100,0.05,4,Q-DT fixed td denoised support top3,Q-DT,467.3232176097696,415.8730447844656,474.3155353853144,0.8803555819805662,0.0,0.7177291666666668,7.0525,25548.916015625,top3,td,True,2000.0,0.1,,,,,,,,
gate2A_fixed_value_guided_dt,N100_noise0p05,100,0.05,4,Q-DT fixed q_sa,Q-DT,444.88951232469975,415.8730447844656,474.3155353853144,0.496496080880795,0.53125,0.483831512402941,5.1425,23275.515625,none,q_sa,False,2000.0,0.1,,,,,,,,
gate2A_fixed_value_guided_dt,N100_noise0p05,100,0.05,4,Q-DT fixed q_sa support top3,Q-DT,463.2613987489403,415.8730447844656,474.3155353853144,0.8108544567021995,0.0,0.8037886904761905,9.79625,23275.515625,top3,q_sa,False,2000.0,0.1,,,,,,,,
gate2B_iql,N100_noise0p05,100,0.05,4,IQL expectile0.7 beta3,IQL,446.8428046863249,415.8730447844656,474.3155353853144,0.5299185504152601,0.50625,0.3629487179487179,1.885,,none,,,,,2000.0,0.7,3.0,20.0,257.3263236999512,576.0145965576172,0.2851091504096985,4.554415130615235
gate2B_iql,N100_noise0p05,100,0.05,4,IQL expectile0.7 beta3 support top3,IQL,464.6130677699172,415.8730447844656,474.3155353853144,0.8339826466044493,0.0,0.7050803571428571,9.44875,,top3,,,,,2000.0,0.7,3.0,20.0,257.3263236999512,576.0145965576172,0.2851091504096985,4.554415130615235
gate2C_support_mask,N100_noise0p05,100,0.05,5,Structured DT,DT,452.5840123491526,413.08161086848617,472.4205638661845,0.6657077599970235,0.3625,0.5920625236832133,8.0875,704.0098876953125,none,,,,,,,,,,,,
gate2C_support_mask,N100_noise0p05,100,0.05,5,Structured DT support count>=1,DT,454.7262764245539,413.08161086848617,472.4205638661845,0.7018099149420959,0.0,0.8284860157203908,12.10875,704.0098876953125,count>=1,,,,,,,,,,,,
gate2C_support_mask,N100_noise0p05,100,0.05,5,Structured DT support top3,DT,454.7262764245539,413.08161086848617,472.4205638661845,0.7018099149420959,0.0,0.8284860157203908,12.10875,704.0098876953125,top3,,,,,,,,,,,,
gate2C_support_mask,N100_noise0p05,100,0.05,5,Vanilla DT,DT,435.8548394020465,413.08161086848617,472.4205638661845,0.3837821091053569,0.155,0.7648058036735453,15.5075,465.2228393554688,none,,,,,,,,,,,,
gate2C_support_mask,N100_noise0p05,100,0.05,5,Vanilla DT support top3,DT,443.28227896929593,413.08161086848617,472.4205638661845,0.5089518195911072,0.0,0.8054215539894888,15.34625,465.2228393554688,top3,,,,,,,,,,,,
gate2A_fixed_value_guided_dt,N100_noise0p05,100,0.05,5,Q-DT fixed td denoised,Q-DT,455.3000861689091,413.08161086848617,472.4205638661845,0.7114799498073467,0.41125,0.4817301896415821,3.795,28734.654296875,none,td,True,2000.0,0.1,,,,,,,,
gate2A_fixed_value_guided_dt,N100_noise0p05,100,0.05,5,Q-DT fixed td denoised support top3,Q-DT,459.9952218255054,413.08161086848617,472.4205638661845,0.790603955530508,0.0,0.8076125585616074,9.27375,28734.654296875,top3,td,True,2000.0,0.1,,,,,,,,
gate2A_fixed_value_guided_dt,N100_noise0p05,100,0.05,5,Q-DT fixed q_sa,Q-DT,444.224434880831,413.08161086848617,472.4205638661845,0.5248293479925874,0.50875,0.5157001414427157,4.735,26470.2578125,none,q_sa,False,2000.0,0.1,,,,,,,,
gate2A_fixed_value_guided_dt,N100_noise0p05,100,0.05,5,Q-DT fixed q_sa support top3,Q-DT,447.67133510753285,413.08161086848617,472.4205638661845,0.5829176702930428,0.0,0.8754010449846048,15.25375,26470.2578125,top3,q_sa,False,2000.0,0.1,,,,,,,,
gate2B_iql,N100_noise0p05,100,0.05,5,IQL expectile0.7 beta3,IQL,429.1380146207243,413.08161086848617,472.4205638661845,0.2705879180723143,0.78875,0.2128919860627177,1.00625,,none,,,,,2000.0,0.7,3.0,20.0,180.40570602416992,305.8381774902344,0.3965171799063682,4.917858147621155
gate2B_iql,N100_noise0p05,100,0.05,5,IQL expectile0.7 beta3 support top3,IQL,460.1055958359117,413.08161086848617,472.4205638661845,0.7924640154882661,0.0,0.7411394620626959,9.95,,top3,,,,,2000.0,0.7,3.0,20.0,180.40570602416992,305.8381774902344,0.3965171799063682,4.917858147621155
gate2C_support_mask,N100_noise0p05,100,0.05,6,Structured DT,DT,450.64449065726143,413.5410294620784,472.2493846542733,0.63199626481983,0.2825,0.5689312945826104,8.07625,709.8717041015625,none,,,,,,,,,,,,
gate2C_support_mask,N100_noise0p05,100,0.05,6,Structured DT support count>=1,DT,456.341780502714,413.5410294620784,472.2493846542733,0.7290402005049847,0.0,0.8195851013752329,12.24375,709.8717041015625,count>=1,,,,,,,,,,,,
gate2C_support_mask,N100_noise0p05,100,0.05,6,Structured DT support top3,DT,456.341780502714,413.5410294620784,472.2493846542733,0.7290402005049847,0.0,0.8195851013752329,12.24375,709.8717041015625,top3,,,,,,,,,,,,
gate2C_support_mask,N100_noise0p05,100,0.05,6,Vanilla DT,DT,424.5578681971792,413.5410294620784,472.2493846542733,0.1876536772156999,0.22625,0.6938995702153599,13.735,460.2611083984375,none,,,,,,,,,,,,
gate2C_support_mask,N100_noise0p05,100,0.05,6,Vanilla DT support top3,DT,445.84905921046646,413.5410294620784,472.2493846542733,0.5503139994745303,0.0,0.831413744296639,17.03125,460.2611083984375,top3,,,,,,,,,,,,
gate2A_fixed_value_guided_dt,N100_noise0p05,100,0.05,6,Q-DT fixed td denoised,Q-DT,447.3306194586019,413.5410294620784,472.2493846542733,0.5755499346882701,0.15375,0.7166557820834137,13.58375,25205.72265625,none,td,True,2000.0,0.1,,,,,,,,
gate2A_fixed_value_guided_dt,N100_noise0p05,100,0.05,6,Q-DT fixed td denoised support top3,Q-DT,448.5035605114021,413.5410294620784,472.2493846542733,0.5955290509309292,0.0,0.8382761527215474,15.8675,25205.72265625,top3,td,True,2000.0,0.1,,,,,,,,
gate2A_fixed_value_guided_dt,N100_noise0p05,100,0.05,6,Q-DT fixed q_sa,Q-DT,448.2909374742425,413.5410294620784,472.2493846542733,0.5919073681829881,0.3975,0.5350836357365338,4.55,23197.306640625,none,q_sa,False,2000.0,0.1,,,,,,,,
gate2A_fixed_value_guided_dt,N100_noise0p05,100,0.05,6,Q-DT fixed q_sa support top3,Q-DT,461.73344827825537,413.5410294620784,472.2493846542733,0.8208783683073448,0.0,0.7881424675470728,8.60875,23197.306640625,top3,q_sa,False,2000.0,0.1,,,,,,,,
gate2B_iql,N100_noise0p05,100,0.05,6,IQL expectile0.7 beta3,IQL,459.73503013997725,413.5410294620784,472.2493846542733,0.7868386114152321,0.36125,0.4955371079892153,7.84625,,none,,,,,2000.0,0.7,3.0,20.0,212.3838088989258,122.10965538024902,1.4732863545417785,6.540255618095398
gate2B_iql,N100_noise0p05,100,0.05,6,IQL expectile0.7 beta3 support top3,IQL,468.2092766536758,413.5410294620784,472.2493846542733,0.9311834237670036,0.0,0.732235507840113,5.9075,,top3,,,,,2000.0,0.7,3.0,20.0,212.3838088989258,122.10965538024902,1.4732863545417785,6.540255618095398
gate2C_support_mask,N100_noise0p05,100,0.05,7,Structured DT,DT,454.36137890650747,422.9552853756405,480.1843549282328,0.5487786849654341,0.26625,0.6638916876015305,10.38625,690.3095092773438,none,,,,,,,,,,,,
gate2C_support_mask,N100_noise0p05,100,0.05,7,Structured DT support count>=1,DT,459.3208434118077,422.9552853756405,480.1843549282328,0.6354385685538373,0.0,0.8419715767387497,11.43875,690.3095092773438,count>=1,,,,,,,,,,,,
gate2C_support_mask,N100_noise0p05,100,0.05,7,Structured DT support top3,DT,459.3208434118077,422.9552853756405,480.1843549282328,0.6354385685538373,0.0,0.8419715767387497,11.43875,690.3095092773438,top3,,,,,,,,,,,,
gate2C_support_mask,N100_noise0p05,100,0.05,7,Vanilla DT,DT,446.0931069651381,422.9552853756405,480.1843549282328,0.4043019005967658,0.24625,0.6905603622424344,13.5875,473.5016174316406,none,,,,,,,,,,,,
gate2C_support_mask,N100_noise0p05,100,0.05,7,Vanilla DT support top3,DT,448.43768171492616,422.9552853756405,480.1843549282328,0.4452701492179227,0.0,0.870678998423532,14.01375,473.5016174316406,top3,,,,,,,,,,,,
gate2A_fixed_value_guided_dt,N100_noise0p05,100,0.05,7,Q-DT fixed td denoised,Q-DT,462.2475622149416,422.9552853756405,480.1843549282328,0.6865789911749723,0.15625,0.7412587646523577,9.06,24479.947265625,none,td,True,2000.0,0.1,,,,,,,,
gate2A_fixed_value_guided_dt,N100_noise0p05,100,0.05,7,Q-DT fixed td denoised support top3,Q-DT,460.1283949313911,422.9552853756405,480.1843549282328,0.6495494308463164,0.0,0.8455675075751992,10.43625,24479.947265625,top3,td,True,2000.0,0.1,,,,,,,,
gate2A_fixed_value_guided_dt,N100_noise0p05,100,0.05,7,Q-DT fixed q_sa,Q-DT,452.7548929458524,422.9552853756405,480.1843549282328,0.5207075320843134,0.465,0.5150666113219481,4.52375,22527.83984375,none,q_sa,False,2000.0,0.1,,,,,,,,
gate2A_fixed_value_guided_dt,N100_noise0p05,100,0.05,7,Q-DT fixed q_sa support top3,Q-DT,466.7921150210079,422.9552853756405,480.1843549282328,0.7659888582511771,0.0,0.8133654520520329,8.355,22527.83984375,top3,q_sa,False,2000.0,0.1,,,,,,,,
gate2B_iql,N100_noise0p05,100,0.05,7,IQL expectile0.7 beta3,IQL,453.2641993921268,422.9552853756405,480.1843549282328,0.5296069681620987,0.505,0.4040421410499684,2.94,,none,,,,,2000.0,0.7,3.0,20.0,181.18462524414065,178.17356719970704,0.7950585395097732,5.976703214645386
gate2B_iql,N100_noise0p05,100,0.05,7,IQL expectile0.7 beta3 support top3,IQL,468.6086313869319,422.9552853756405,480.1843549282328,0.7977300062398701,0.0,0.8342821187186996,8.36125,,top3,,,,,2000.0,0.7,3.0,20.0,181.18462524414065,178.17356719970704,0.7950585395097732,5.976703214645386
gate2C_support_mask,N100_noise0p05,100,0.05,8,Structured DT,DT,452.6866647515923,414.15142866616,472.41867197590335,0.6613533418868383,0.27875,0.6173570005175983,7.49375,697.8157348632812,none,,,,,,,,,,,,
gate2C_support_mask,N100_noise0p05,100,0.05,8,Structured DT support count>=1,DT,454.0635308138411,414.15142866616,472.41867197590335,0.6849835324371195,0.0,0.83025672509946,13.15,697.8157348632812,count>=1,,,,,,,,,,,,
gate2C_support_mask,N100_noise0p05,100,0.05,8,Structured DT support top3,DT,454.0635308138411,414.15142866616,472.41867197590335,0.6849835324371195,0.0,0.83025672509946,13.15,697.8157348632812,top3,,,,,,,,,,,,
gate2C_support_mask,N100_noise0p05,100,0.05,8,Vanilla DT,DT,428.830769616967,414.15142866616,472.41867197590335,0.2519312759104288,0.205,0.6783311823941509,13.25125,451.2416687011719,none,,,,,,,,,,,,
gate2C_support_mask,N100_noise0p05,100,0.05,8,Vanilla DT support top3,DT,443.5238804736936,414.15142866616,472.41867197590335,0.5040988750985232,0.0,0.8218138586956522,16.17875,451.2416687011719,top3,,,,,,,,,,,,
gate2A_fixed_value_guided_dt,N100_noise0p05,100,0.05,8,Q-DT fixed td denoised,Q-DT,450.0723625586366,414.15142866616,472.41867197590335,0.6164858993160909,0.36,0.5625859513118575,7.00375,32278.146484375,none,td,True,2000.0,0.1,,,,,,,,
gate2A_fixed_value_guided_dt,N100_noise0p05,100,0.05,8,Q-DT fixed td denoised support top3,Q-DT,455.3910183110787,414.15142866616,472.41867197590335,0.7077662731647149,0.0,0.8486595028772378,13.5775,32278.146484375,top3,td,True,2000.0,0.1,,,,,,,,
gate2A_fixed_value_guided_dt,N100_noise0p05,100,0.05,8,Q-DT fixed q_sa,Q-DT,440.4042492544648,414.15142866616,472.41867197590335,0.450558823398375,0.685,0.2916593368426275,2.3125,29230.474609375,none,q_sa,False,2000.0,0.1,,,,,,,,
gate2A_fixed_value_guided_dt,N100_noise0p05,100,0.05,8,Q-DT fixed q_sa support top3,Q-DT,455.184137137144,414.15142866616,472.41867197590335,0.7042157160732302,0.0,0.8460206139883489,13.5175,29230.474609375,top3,q_sa,False,2000.0,0.1,,,,,,,,
gate2B_iql,N100_noise0p05,100,0.05,8,IQL expectile0.7 beta3,IQL,449.892487707862,414.15142866616,472.41867197590335,0.6133988328863571,0.45875,0.4668785057882803,3.2175,,none,,,,,2000.0,0.7,3.0,20.0,177.17806396484374,259.0508331298828,0.5906146496534348,4.646300148963928
gate2B_iql,N100_noise0p05,100,0.05,8,IQL expectile0.7 beta3 support top3,IQL,465.1880675164073,414.15142866616,472.41867197590335,0.8759061858983308,0.0,0.7645839238775219,6.5175,,top3,,,,,2000.0,0.7,3.0,20.0,177.17806396484374,259.0508331298828,0.5906146496534348,4.646300148963928
gate2C_support_mask,N100_noise0p05,100,0.05,9,Structured DT,DT,463.14383102202936,420.6824583962237,477.90153050673655,0.7420842572175206,0.20375,0.6663589015151515,8.92,695.822998046875,none,,,,,,,,,,,,
gate2C_support_mask,N100_noise0p05,100,0.05,9,Structured DT support count>=1,DT,467.3087696159148,420.6824583962237,477.90153050673655,0.814873598957304,0.0,0.7891914682539682,8.89125,695.822998046875,count>=1,,,,,,,,,,,,
gate2C_support_mask,N100_noise0p05,100,0.05,9,Structured DT support top3,DT,467.3087696159148,420.6824583962237,477.90153050673655,0.814873598957304,0.0,0.7891914682539682,8.89125,695.822998046875,top3,,,,,,,,,,,,
gate2C_support_mask,N100_noise0p05,100,0.05,9,Vanilla DT,DT,454.3067828423061,420.6824583962237,477.90153050673655,0.5876419034048729,0.28375,0.6624604859040657,9.97625,472.3103637695313,none,,,,,,,,,,,,
gate2C_support_mask,N100_noise0p05,100,0.05,9,Vanilla DT support top3,DT,458.030794551034,420.6824583962237,477.90153050673655,0.6527253025473014,0.0,0.8157169913419913,10.31375,472.3103637695313,top3,,,,,,,,,,,,
gate2A_fixed_value_guided_dt,N100_noise0p05,100,0.05,9,Q-DT fixed td denoised,Q-DT,462.0726284636896,420.6824583962237,477.90153050673655,0.7233631819041912,0.29625,0.5852332384433552,6.94625,30251.072265625,none,td,True,2000.0,0.1,,,,,,,,
gate2A_fixed_value_guided_dt,N100_noise0p05,100,0.05,9,Q-DT fixed td denoised support top3,Q-DT,468.2274532969311,420.6824583962237,477.90153050673655,0.8309291490934889,0.0,0.7998379779942281,8.935,30251.072265625,top3,td,True,2000.0,0.1,,,,,,,,
gate2A_fixed_value_guided_dt,N100_noise0p05,100,0.05,9,Q-DT fixed q_sa,Q-DT,452.45097791572414,420.6824583962237,477.90153050673655,0.5552085755278028,0.465,0.4837957920215985,5.35125,27341.08203125,none,q_sa,False,2000.0,0.1,,,,,,,,
gate2A_fixed_value_guided_dt,N100_noise0p05,100,0.05,9,Q-DT fixed q_sa support top3,Q-DT,470.7640814671297,420.6824583962237,477.90153050673655,0.8752610139181988,0.0,0.796391369047619,8.8075,27341.08203125,top3,q_sa,False,2000.0,0.1,,,,,,,,
gate2B_iql,N100_noise0p05,100,0.05,9,IQL expectile0.7 beta3,IQL,455.6434900882726,420.6824583962237,477.90153050673655,0.6110031219053188,0.31375,0.5298726598077247,7.05375,,none,,,,,2000.0,0.7,3.0,20.0,205.41231689453124,344.7178665161133,0.7489737182855606,5.51730170249939
gate2B_iql,N100_noise0p05,100,0.05,9,IQL expectile0.7 beta3 support top3,IQL,471.9402304379987,420.6824583962237,477.90153050673655,0.8958162051767602,0.0,0.8011098935786436,8.0825,,top3,,,,,2000.0,0.7,3.0,20.0,205.41231689453124,344.7178665161133,0.7489737182855606,5.51730170249939
gate2C_support_mask,N100_noise0p2,100,0.2,0,Structured DT,DT,458.4780203103495,425.0469525373324,482.2674723800636,0.5842496339582612,0.38375,0.5610469954141841,5.3125,735.9463500976562,none,,,,,,,,,,,,
gate2C_support_mask,N100_noise0p2,100,0.2,0,Structured DT support count>=1,DT,468.435234662372,425.0469525373324,482.2674723800636,0.7582643821533064,0.0,0.8211931416214504,10.21,735.9463500976562,count>=1,,,,,,,,,,,,
gate2C_support_mask,N100_noise0p2,100,0.2,0,Structured DT support top3,DT,468.435234662372,425.0469525373324,482.2674723800636,0.7582643821533064,0.0,0.8211931416214504,10.21,735.9463500976562,top3,,,,,,,,,,,,
gate2C_support_mask,N100_noise0p2,100,0.2,0,Vanilla DT,DT,463.23403264157577,425.0469525373324,482.2674723800636,0.667366885327141,0.2325,0.6632637880113017,10.40875,487.80908203125,none,,,,,,,,,,,,
gate2C_support_mask,N100_noise0p2,100,0.2,0,Vanilla DT support top3,DT,460.891666049172,425.0469525373324,482.2674723800636,0.6264311056655503,0.0,0.8517454253263077,12.49375,487.80908203125,top3,,,,,,,,,,,,
gate2A_fixed_value_guided_dt,N100_noise0p2,100,0.2,0,Q-DT fixed td denoised,Q-DT,460.7743761766927,425.0469525373324,482.2674723800636,0.6243813187569083,0.525,0.4742954877939398,4.35875,36664.39453125,none,td,True,2000.0,0.1,,,,,,,,
gate2A_fixed_value_guided_dt,N100_noise0p2,100,0.2,0,Q-DT fixed td denoised support top3,Q-DT,466.31861438765526,425.0469525373324,482.2674723800636,0.7212738011426102,0.0,0.8545957090295326,12.33125,36664.39453125,top3,td,True,2000.0,0.1,,,,,,,,
gate2A_fixed_value_guided_dt,N100_noise0p2,100,0.2,0,Q-DT fixed q_sa,Q-DT,457.2897895139592,425.0469525373324,482.2674723800636,0.563483817785039,0.5175,0.464774283450754,4.5275,33118.24609375,none,q_sa,False,2000.0,0.1,,,,,,,,
gate2A_fixed_value_guided_dt,N100_noise0p2,100,0.2,0,Q-DT fixed q_sa support top3,Q-DT,472.6445987085987,425.0469525373324,482.2674723800636,0.8318282724813928,0.0,0.8227438603063604,10.0,33118.24609375,top3,q_sa,False,2000.0,0.1,,,,,,,,
gate2B_iql,N100_noise0p2,100,0.2,0,IQL expectile0.7 beta3,IQL,462.6892970777545,425.0469525373324,482.2674723800636,0.6578469514761655,0.5475,0.4111914533255162,3.285,,none,,,,,2000.0,0.7,3.0,20.0,219.92149124145507,64.88860492706299,0.6862078875303268,5.776725172996521
gate2B_iql,N100_noise0p2,100,0.2,0,IQL expectile0.7 beta3 support top3,IQL,480.53520287318594,425.0469525373324,482.2674723800636,0.9697264283575416,0.0,0.8079203712953713,8.3775,,top3,,,,,2000.0,0.7,3.0,20.0,219.92149124145507,64.88860492706299,0.6862078875303268,5.776725172996521
gate2C_support_mask,N100_noise0p2,100,0.2,1,Structured DT,DT,457.40290936961065,421.1367484506907,477.8449022706637,0.6395228635735757,0.2325,0.599958291079198,4.8,706.485595703125,none,,,,,,,,,,,,
gate2C_support_mask,N100_noise0p2,100,0.2,1,Structured DT support count>=1,DT,469.3185154845456,421.1367484506907,477.8449022706637,0.8496444300904917,0.0,0.7618062094155844,8.165,706.485595703125,count>=1,,,,,,,,,,,,
gate2C_support_mask,N100_noise0p2,100,0.2,1,Structured DT support top3,DT,469.3185154845456,421.1367484506907,477.8449022706637,0.8496444300904917,0.0,0.7618062094155844,8.165,706.485595703125,top3,,,,,,,,,,,,
gate2C_support_mask,N100_noise0p2,100,0.2,1,Vanilla DT,DT,448.0971808258026,421.1367484506907,477.8449022706637,0.4754242654539793,0.115,0.7523137781758472,15.3325,499.24407958984375,none,,,,,,,,,,,,
gate2C_support_mask,N100_noise0p2,100,0.2,1,Vanilla DT support top3,DT,450.0872144027601,421.1367484506907,477.8449022706637,0.5105168128727341,0.0,0.8011600378787879,14.7575,499.24407958984375,top3,,,,,,,,,,,,
gate2A_fixed_value_guided_dt,N100_noise0p2,100,0.2,1,Q-DT fixed td denoised,Q-DT,463.7034744224852,421.1367484506907,477.8449022706637,0.7506279627252157,0.24,0.6080303030303031,5.76875,37220.99609375,none,td,True,2000.0,0.1,,,,,,,,
gate2A_fixed_value_guided_dt,N100_noise0p2,100,0.2,1,Q-DT fixed td denoised support top3,Q-DT,472.5928160670275,421.1367484506907,477.8449022706637,0.907383932470988,0.0,0.7690616206709957,7.945,37220.99609375,top3,td,True,2000.0,0.1,,,,,,,,
gate2A_fixed_value_guided_dt,N100_noise0p2,100,0.2,1,Q-DT fixed q_sa,Q-DT,440.307666729662,421.1367484506907,477.8449022706637,0.3380628179120721,0.635,0.3613460558318978,2.8475,33486.15234375,none,q_sa,False,2000.0,0.1,,,,,,,,
gate2A_fixed_value_guided_dt,N100_noise0p2,100,0.2,1,Q-DT fixed q_sa support top3,Q-DT,469.32692775405735,421.1367484506907,477.8449022706637,0.8497927732994495,0.0,0.7617418154761905,8.0825,33486.15234375,top3,q_sa,False,2000.0,0.1,,,,,,,,
gate2B_iql,N100_noise0p2,100,0.2,1,IQL expectile0.7 beta3,IQL,459.38117402569264,421.1367484506907,477.8449022706637,0.6744078760950948,0.5425,0.480904241283154,2.79875,,none,,,,,2000.0,0.7,3.0,20.0,389.4237487792969,195.32188034057617,1.0355159103870393,6.013200497627258
gate2B_iql,N100_noise0p2,100,0.2,1,IQL expectile0.7 beta3 support top3,IQL,469.2775340759324,421.1367484506907,477.8449022706637,0.848921757849329,0.0,0.7199520427489177,6.5725,,top3,,,,,2000.0,0.7,3.0,20.0,389.4237487792969,195.32188034057617,1.0355159103870393,6.013200497627258
gate2C_support_mask,N100_noise0p2,100,0.2,2,Structured DT,DT,462.9447545531047,428.2572553930546,483.61336583743207,0.6266245746240524,0.26125,0.6541154331779332,8.67,730.6976318359375,none,,,,,,,,,,,,
gate2C_support_mask,N100_noise0p2,100,0.2,2,Structured DT support count>=1,DT,467.3059259320937,428.2572553930546,483.61336583743207,0.7054084946643012,0.0,0.8269068869642718,11.3775,730.6976318359375,count>=1,,,,,,,,,,,,
gate2C_support_mask,N100_noise0p2,100,0.2,2,Structured DT support top3,DT,467.3059259320937,428.2572553930546,483.61336583743207,0.7054084946643012,0.0,0.8269068869642718,11.3775,730.6976318359375,top3,,,,,,,,,,,,
gate2C_support_mask,N100_noise0p2,100,0.2,2,Vanilla DT,DT,450.9016880087669,428.2572553930546,483.61336583743207,0.4090683473591547,0.1025,0.7514858574262696,17.2475,486.8049926757813,none,,,,,,,,,,,,
gate2C_support_mask,N100_noise0p2,100,0.2,2,Vanilla DT support top3,DT,455.49230748014014,428.2572553930546,483.61336583743207,0.4919972134684511,0.0,0.8238736901152981,16.21125,486.8049926757813,top3,,,,,,,,,,,,
gate2A_fixed_value_guided_dt,N100_noise0p2,100,0.2,2,Q-DT fixed td denoised,Q-DT,458.6190610055874,428.2572553930546,483.61336583743207,0.5484815563954902,0.3775,0.545006930807439,12.5425,34056.48828125,none,td,True,2000.0,0.1,,,,,,,,
gate2A_fixed_value_guided_dt,N100_noise0p2,100,0.2,2,Q-DT fixed td denoised support top3,Q-DT,459.86094912009247,428.2572553930546,483.61336583743207,0.5709160826751667,0.0,0.8537295660967337,14.8725,34056.48828125,top3,td,True,2000.0,0.1,,,,,,,,
gate2A_fixed_value_guided_dt,N100_noise0p2,100,0.2,2,Q-DT fixed q_sa,Q-DT,456.766405532887,428.2572553930546,483.61336583743207,0.5150136075488678,0.42875,0.5398822131348083,5.285,30794.091796875,none,q_sa,False,2000.0,0.1,,,,,,,,
gate2A_fixed_value_guided_dt,N100_noise0p2,100,0.2,2,Q-DT fixed q_sa support top3,Q-DT,466.9060753928537,428.2572553930546,483.61336583743207,0.6981852534352816,0.0,0.8359542611587049,11.8,30794.091796875,top3,q_sa,False,2000.0,0.1,,,,,,,,
gate2B_iql,N100_noise0p2,100,0.2,2,IQL expectile0.7 beta3,IQL,454.4954900627733,428.2572553930546,483.61336583743207,0.4739898533167942,0.5525,0.3392057366113969,2.39375,,none,,,,,2000.0,0.7,3.0,20.0,279.97440338134766,151.89263153076172,1.591620647907257,5.843547320365905
gate2B_iql,N100_noise0p2,100,0.2,2,IQL expectile0.7 beta3 support top3,IQL,475.36791532577166,428.2572553930546,483.61336583743207,0.8510471482647693,0.0,0.791186797271356,7.015,,top3,,,,,2000.0,0.7,3.0,20.0,279.97440338134766,151.89263153076172,1.591620647907257,5.843547320365905
gate2C_support_mask,N100_noise0p2,100,0.2,3,Structured DT,DT,449.44179096245375,427.8075954406258,483.282798778634,0.3899795624003699,0.15625,0.7650627823735844,19.40875,697.80029296875,none,,,,,,,,,,,,
gate2C_support_mask,N100_noise0p2,100,0.2,3,Structured DT support count>=1,DT,451.01172553250296,427.8075954406258,483.282798778634,0.4182793157240966,0.0,0.8743616990648241,15.93625,697.80029296875,count>=1,,,,,,,,,,,,
gate2C_support_mask,N100_noise0p2,100,0.2,3,Structured DT support top3,DT,451.01172553250296,427.8075954406258,483.282798778634,0.4182793157240966,0.0,0.8743616990648241,15.93625,697.80029296875,top3,,,,,,,,,,,,
gate2C_support_mask,N100_noise0p2,100,0.2,3,Vanilla DT,DT,448.2608757649772,427.8075954406258,483.282798778634,0.3686923002288138,0.18,0.7468463780228486,19.7025,503.1365966796875,none,,,,,,,,,,,,
gate2C_support_mask,N100_noise0p2,100,0.2,3,Vanilla DT support top3,DT,451.0783209647854,427.8075954406258,483.282798778634,0.419479769769784,0.0,0.857329953033078,16.04625,503.1365966796875,top3,,,,,,,,,,,,
gate2A_fixed_value_guided_dt,N100_noise0p2,100,0.2,3,Q-DT fixed td denoised,Q-DT,448.2608757649772,427.8075954406258,483.282798778634,0.3686923002288138,0.18,0.7468463780228486,19.7025,45018.69921875,none,td,True,2000.0,0.1,,,,,,,,
gate2A_fixed_value_guided_dt,N100_noise0p2,100,0.2,3,Q-DT fixed td denoised support top3,Q-DT,451.01172553250296,427.8075954406258,483.282798778634,0.4182793157240966,0.0,0.8743616990648241,15.93625,45018.69921875,top3,td,True,2000.0,0.1,,,,,,,,
gate2A_fixed_value_guided_dt,N100_noise0p2,100,0.2,3,Q-DT fixed q_sa,Q-DT,452.8064015569107,427.8075954406258,483.282798778634,0.4506302746466419,0.40375,0.5271206036266277,6.40625,40589.140625,none,q_sa,False,2000.0,0.1,,,,,,,,
gate2A_fixed_value_guided_dt,N100_noise0p2,100,0.2,3,Q-DT fixed q_sa support top3,Q-DT,464.7664723786041,427.8075954406258,483.282798778634,0.6662233703370029,0.0,0.8140267631673882,8.38125,40589.140625,top3,q_sa,False,2000.0,0.1,,,,,,,,
gate2B_iql,N100_noise0p2,100,0.2,3,IQL expectile0.7 beta3,IQL,439.0188700542034,427.8075954406258,483.282798778634,0.2020952414589236,0.8,0.2710974284679464,0.90875,,none,,,,,2000.0,0.7,3.0,20.0,232.48340454101563,247.28046112060548,0.5989739447832108,5.202239775657654
gate2B_iql,N100_noise0p2,100,0.2,3,IQL expectile0.7 beta3 support top3,IQL,475.482614601531,427.8075954406258,483.282798778634,0.8593933197580774,0.0,0.7900848327020202,6.54375,,top3,,,,,2000.0,0.7,3.0,20.0,232.48340454101563,247.28046112060548,0.5989739447832108,5.202239775657654
gate2C_support_mask,N100_noise0p2,100,0.2,4,Structured DT,DT,455.53129947626985,415.8730447844656,474.3155353853144,0.6785859788670308,0.23875,0.6040238095238095,9.2275,700.6050415039062,none,,,,,,,,,,,,
gate2C_support_mask,N100_noise0p2,100,0.2,4,Structured DT support count>=1,DT,461.9695917376349,415.8730447844656,474.3155353853144,0.7887505559610732,0.0,0.7679315476190476,9.64625,700.6050415039062,count>=1,,,,,,,,,,,,
gate2C_support_mask,N100_noise0p2,100,0.2,4,Structured DT support top3,DT,461.9695917376349,415.8730447844656,474.3155353853144,0.7887505559610732,0.0,0.7679315476190476,9.64625,700.6050415039062,top3,,,,,,,,,,,,
gate2C_support_mask,N100_noise0p2,100,0.2,4,Vanilla DT,DT,438.95021584369647,415.8730447844656,474.3155353853144,0.3948697398412327,0.26625,0.6818674043599565,12.06125,476.3607482910156,none,,,,,,,,,,,,
gate2C_support_mask,N100_noise0p2,100,0.2,4,Vanilla DT support top3,DT,446.0972119051914,415.8730447844656,474.3155353853144,0.517160832982823,0.0,0.8453862781954888,13.67375,476.3607482910156,top3,,,,,,,,,,,,
gate2A_fixed_value_guided_dt,N100_noise0p2,100,0.2,4,Q-DT fixed td denoised,Q-DT,455.5947352213928,415.8730447844656,474.3155353853144,0.679671417637191,0.3875,0.4861488095238095,4.93,26500.146484375,none,td,True,2000.0,0.1,,,,,,,,
gate2A_fixed_value_guided_dt,N100_noise0p2,100,0.2,4,Q-DT fixed td denoised support top3,Q-DT,467.3232176097696,415.8730447844656,474.3155353853144,0.8803555819805662,0.0,0.7177291666666668,7.0525,26500.146484375,top3,td,True,2000.0,0.1,,,,,,,,
gate2A_fixed_value_guided_dt,N100_noise0p2,100,0.2,4,Q-DT fixed q_sa,Q-DT,446.193594767414,415.8730447844656,474.3155353853144,0.5188100245424524,0.5175,0.4846049783549784,5.2525,24242.400390625,none,q_sa,False,2000.0,0.1,,,,,,,,
gate2A_fixed_value_guided_dt,N100_noise0p2,100,0.2,4,Q-DT fixed q_sa support top3,Q-DT,463.2613987489403,415.8730447844656,474.3155353853144,0.8108544567021995,0.0,0.8037886904761905,9.79625,24242.400390625,top3,q_sa,False,2000.0,0.1,,,,,,,,
gate2B_iql,N100_noise0p2,100,0.2,4,IQL expectile0.7 beta3,IQL,446.8428046863249,415.8730447844656,474.3155353853144,0.5299185504152601,0.50625,0.3629487179487179,1.885,,none,,,,,2000.0,0.7,3.0,20.0,417.4782516479492,615.82919921875,0.2997547805309296,4.569094741344452
gate2B_iql,N100_noise0p2,100,0.2,4,IQL expectile0.7 beta3 support top3,IQL,464.6130677699172,415.8730447844656,474.3155353853144,0.8339826466044493,0.0,0.7050803571428571,9.44875,,top3,,,,,2000.0,0.7,3.0,20.0,417.4782516479492,615.82919921875,0.2997547805309296,4.569094741344452
gate2C_support_mask,N100_noise0p2,100,0.2,5,Structured DT,DT,454.0608793425423,413.08161086848617,472.4205638661845,0.6905964194488836,0.3425,0.613172792724517,9.045,696.6275024414062,none,,,,,,,,,,,,
gate2C_support_mask,N100_noise0p2,100,0.2,5,Structured DT support count>=1,DT,454.7262764245539,413.08161086848617,472.4205638661845,0.7018099149420959,0.0,0.8284860157203908,12.10875,696.6275024414062,count>=1,,,,,,,,,,,,
gate2C_support_mask,N100_noise0p2,100,0.2,5,Structured DT support top3,DT,454.7262764245539,413.08161086848617,472.4205638661845,0.7018099149420959,0.0,0.8284860157203908,12.10875,696.6275024414062,top3,,,,,,,,,,,,
gate2C_support_mask,N100_noise0p2,100,0.2,5,Vanilla DT,DT,439.3043095719513,413.08161086848617,472.4205638661845,0.4419137409533028,0.1425,0.752785710786637,16.62625,493.3849182128906,none,,,,,,,,,,,,
gate2C_support_mask,N100_noise0p2,100,0.2,5,Vanilla DT support top3,DT,443.2236592099697,413.08161086848617,472.4205638661845,0.5079639396848252,0.0,0.8053110467431119,15.38125,493.3849182128906,top3,,,,,,,,,,,,
gate2A_fixed_value_guided_dt,N100_noise0p2,100,0.2,5,Q-DT fixed td denoised,Q-DT,455.3000861689091,413.08161086848617,472.4205638661845,0.7114799498073467,0.41125,0.4817301896415821,3.795,29568.1875,none,td,True,2000.0,0.1,,,,,,,,
gate2A_fixed_value_guided_dt,N100_noise0p2,100,0.2,5,Q-DT fixed td denoised support top3,Q-DT,459.9952218255054,413.08161086848617,472.4205638661845,0.790603955530508,0.0,0.8076125585616074,9.27375,29568.1875,top3,td,True,2000.0,0.1,,,,,,,,
gate2A_fixed_value_guided_dt,N100_noise0p2,100,0.2,5,Q-DT fixed q_sa,Q-DT,444.224434880831,413.08161086848617,472.4205638661845,0.5248293479925874,0.50875,0.5157001414427157,4.735,27122.423828125,none,q_sa,False,2000.0,0.1,,,,,,,,
gate2A_fixed_value_guided_dt,N100_noise0p2,100,0.2,5,Q-DT fixed q_sa support top3,Q-DT,447.67133510753285,413.08161086848617,472.4205638661845,0.5829176702930428,0.0,0.8754010449846048,15.25375,27122.423828125,top3,q_sa,False,2000.0,0.1,,,,,,,,
gate2B_iql,N100_noise0p2,100,0.2,5,IQL expectile0.7 beta3,IQL,439.99532437384255,413.08161086848617,472.4205638661845,0.4535589548807899,0.70375,0.1880340809422378,1.21625,,none,,,,,2000.0,0.7,3.0,20.0,345.6327560424805,379.0069641113281,0.3245676010847091,4.874447011947632
gate2B_iql,N100_noise0p2,100,0.2,5,IQL expectile0.7 beta3 support top3,IQL,460.1055958359117,413.08161086848617,472.4205638661845,0.7924640154882661,0.0,0.7411394620626959,9.95,,top3,,,,,2000.0,0.7,3.0,20.0,345.6327560424805,379.0069641113281,0.3245676010847091,4.874447011947632
gate2C_support_mask,N100_noise0p2,100,0.2,6,Structured DT,DT,450.6333860983111,413.5410294620784,472.2493846542733,0.6318071169734297,0.285,0.5664312945826103,7.91375,717.1061401367188,none,,,,,,,,,,,,
gate2C_support_mask,N100_noise0p2,100,0.2,6,Structured DT support count>=1,DT,456.0168093872339,413.5410294620784,472.2493846542733,0.7235048535442963,0.0,0.8183213651114966,12.56875,717.1061401367188,count>=1,,,,,,,,,,,,
gate2C_support_mask,N100_noise0p2,100,0.2,6,Structured DT support top3,DT,456.0168093872339,413.5410294620784,472.2493846542733,0.7235048535442963,0.0,0.8183213651114966,12.56875,717.1061401367188,top3,,,,,,,,,,,,
gate2C_support_mask,N100_noise0p2,100,0.2,6,Vanilla DT,DT,444.0168413716973,413.5410294620784,472.2493846542733,0.5191051905618808,0.0925,0.8117166498904135,16.405,482.2481994628906,none,,,,,,,,,,,,
gate2C_support_mask,N100_noise0p2,100,0.2,6,Vanilla DT support top3,DT,446.2380799638187,413.5410294620784,472.2493846542733,0.5569403263760193,0.0,0.8641197882526831,16.65,482.2481994628906,top3,,,,,,,,,,,,
gate2A_fixed_value_guided_dt,N100_noise0p2,100,0.2,6,Q-DT fixed td denoised,Q-DT,448.8368981349808,413.5410294620784,472.2493846542733,0.6012069075577662,0.1675,0.7105287256603046,12.96125,26532.19140625,none,td,True,2000.0,0.1,,,,,,,,
gate2A_fixed_value_guided_dt,N100_noise0p2,100,0.2,6,Q-DT fixed td denoised support top3,Q-DT,448.5035605114021,413.5410294620784,472.2493846542733,0.5955290509309292,0.0,0.8382761527215474,15.8675,26532.19140625,top3,td,True,2000.0,0.1,,,,,,,,
gate2A_fixed_value_guided_dt,N100_noise0p2,100,0.2,6,Q-DT fixed q_sa,Q-DT,447.955872906777,413.5410294620784,472.2493846542733,0.5862000959153765,0.3825,0.5461257188842483,4.73,24252.08984375,none,q_sa,False,2000.0,0.1,,,,,,,,
gate2A_fixed_value_guided_dt,N100_noise0p2,100,0.2,6,Q-DT fixed q_sa support top3,Q-DT,461.73344827825537,413.5410294620784,472.2493846542733,0.8208783683073448,0.0,0.7881424675470728,8.60875,24252.08984375,top3,q_sa,False,2000.0,0.1,,,,,,,,
gate2B_iql,N100_noise0p2,100,0.2,6,IQL expectile0.7 beta3,IQL,457.0467825181617,413.5410294620784,472.2493846542733,0.7410487470421805,0.61,0.3388622115512872,1.57125,,none,,,,,2000.0,0.7,3.0,20.0,355.59747924804685,157.0482971191406,1.3545121878385544,5.911652660369873
gate2B_iql,N100_noise0p2,100,0.2,6,IQL expectile0.7 beta3 support top3,IQL,465.1045557240564,413.5410294620784,472.2493846542733,0.878299623506284,0.0,0.7400377056423109,6.2775,,top3,,,,,2000.0,0.7,3.0,20.0,355.59747924804685,157.0482971191406,1.3545121878385544,5.911652660369873
gate2C_support_mask,N100_noise0p2,100,0.2,7,Structured DT,DT,454.7025623504943,422.9552853756405,480.1843549282328,0.5547404006923208,0.24625,0.6846709083807511,10.70625,671.5224609375,none,,,,,,,,,,,,
gate2C_support_mask,N100_noise0p2,100,0.2,7,Structured DT support count>=1,DT,459.3208434118077,422.9552853756405,480.1843549282328,0.6354385685538373,0.0,0.8419715767387497,11.43875,671.5224609375,count>=1,,,,,,,,,,,,
gate2C_support_mask,N100_noise0p2,100,0.2,7,Structured DT support top3,DT,459.3208434118077,422.9552853756405,480.1843549282328,0.6354385685538373,0.0,0.8419715767387497,11.43875,671.5224609375,top3,,,,,,,,,,,,
gate2C_support_mask,N100_noise0p2,100,0.2,7,Vanilla DT,DT,445.4815094548903,422.9552853756405,480.1843549282328,0.3936150675759046,0.18125,0.7292261661906705,14.37875,476.3130187988281,none,,,,,,,,,,,,
gate2C_support_mask,N100_noise0p2,100,0.2,7,Vanilla DT support top3,DT,448.43768171492616,422.9552853756405,480.1843549282328,0.4452701492179227,0.0,0.870678998423532,14.01375,476.3130187988281,top3,,,,,,,,,,,,
gate2A_fixed_value_guided_dt,N100_noise0p2,100,0.2,7,Q-DT fixed td denoised,Q-DT,462.2475622149416,422.9552853756405,480.1843549282328,0.6865789911749723,0.15625,0.7412587646523577,9.06,24325.173828125,none,td,True,2000.0,0.1,,,,,,,,
gate2A_fixed_value_guided_dt,N100_noise0p2,100,0.2,7,Q-DT fixed td denoised support top3,Q-DT,460.1283949313911,422.9552853756405,480.1843549282328,0.6495494308463164,0.0,0.8455675075751992,10.43625,24325.173828125,top3,td,True,2000.0,0.1,,,,,,,,
gate2A_fixed_value_guided_dt,N100_noise0p2,100,0.2,7,Q-DT fixed q_sa,Q-DT,452.62942379989306,422.9552853756405,480.1843549282328,0.5185151297450792,0.46,0.5166875482570276,4.59875,22356.595703125,none,q_sa,False,2000.0,0.1,,,,,,,,
gate2A_fixed_value_guided_dt,N100_noise0p2,100,0.2,7,Q-DT fixed q_sa support top3,Q-DT,466.7921150210079,422.9552853756405,480.1843549282328,0.7659888582511771,0.0,0.8133654520520329,8.355,22356.595703125,top3,q_sa,False,2000.0,0.1,,,,,,,,
gate2B_iql,N100_noise0p2,100,0.2,7,IQL expectile0.7 beta3,IQL,453.2641993921268,422.9552853756405,480.1843549282328,0.5296069681620987,0.505,0.4040421410499684,2.94,,none,,,,,2000.0,0.7,3.0,20.0,312.306884765625,179.16228332519532,0.7441518425941467,5.993084740638733
gate2B_iql,N100_noise0p2,100,0.2,7,IQL expectile0.7 beta3 support top3,IQL,468.6086313869319,422.9552853756405,480.1843549282328,0.7977300062398701,0.0,0.8342821187186996,8.36125,,top3,,,,,2000.0,0.7,3.0,20.0,312.306884765625,179.16228332519532,0.7441518425941467,5.993084740638733
gate2C_support_mask,N100_noise0p2,100,0.2,8,Structured DT,DT,452.5169325871378,414.15142866616,472.41867197590335,0.6584403472982283,0.31,0.5855070005175983,6.5575,701.313232421875,none,,,,,,,,,,,,
gate2C_support_mask,N100_noise0p2,100,0.2,8,Structured DT support count>=1,DT,454.0635308138411,414.15142866616,472.41867197590335,0.6849835324371195,0.0,0.83025672509946,13.15,701.313232421875,count>=1,,,,,,,,,,,,
gate2C_support_mask,N100_noise0p2,100,0.2,8,Structured DT support top3,DT,454.0635308138411,414.15142866616,472.41867197590335,0.6849835324371195,0.0,0.83025672509946,13.15,701.313232421875,top3,,,,,,,,,,,,
gate2C_support_mask,N100_noise0p2,100,0.2,8,Vanilla DT,DT,446.3057139665587,414.15142866616,472.41867197590335,0.5518415403568943,0.1475,0.7269374688785806,14.92,477.2379455566406,none,,,,,,,,,,,,
gate2C_support_mask,N100_noise0p2,100,0.2,8,Vanilla DT support top3,DT,443.80871686641353,414.15142866616,472.41867197590335,0.5089873231619713,0.0,0.8257027475845411,16.26875,477.2379455566406,top3,,,,,,,,,,,,
gate2A_fixed_value_guided_dt,N100_noise0p2,100,0.2,8,Q-DT fixed td denoised,Q-DT,449.824009044656,414.15142866616,472.41867197590335,0.6122235814188733,0.365,0.5579188630329044,6.88125,32436.876953125,none,td,True,2000.0,0.1,,,,,,,,
gate2A_fixed_value_guided_dt,N100_noise0p2,100,0.2,8,Q-DT fixed td denoised support top3,Q-DT,455.3910183110787,414.15142866616,472.41867197590335,0.7077662731647149,0.0,0.8486595028772378,13.5775,32436.876953125,top3,td,True,2000.0,0.1,,,,,,,,
gate2A_fixed_value_guided_dt,N100_noise0p2,100,0.2,8,Q-DT fixed q_sa,Q-DT,440.4042492544648,414.15142866616,472.41867197590335,0.450558823398375,0.685,0.2916593368426275,2.3125,29344.708984375,none,q_sa,False,2000.0,0.1,,,,,,,,
gate2A_fixed_value_guided_dt,N100_noise0p2,100,0.2,8,Q-DT fixed q_sa support top3,Q-DT,455.184137137144,414.15142866616,472.41867197590335,0.7042157160732302,0.0,0.8460206139883489,13.5175,29344.708984375,top3,q_sa,False,2000.0,0.1,,,,,,,,
gate2B_iql,N100_noise0p2,100,0.2,8,IQL expectile0.7 beta3,IQL,454.6252787865051,414.15142866616,472.41867197590335,0.69462442053745,0.395,0.5342963350453364,3.7325,,none,,,,,2000.0,0.7,3.0,20.0,357.19188690185547,296.61419372558595,0.5627335697412491,4.479806637763977
gate2B_iql,N100_noise0p2,100,0.2,8,IQL expectile0.7 beta3 support top3,IQL,465.1880675164073,414.15142866616,472.41867197590335,0.8759061858983308,0.0,0.7645839238775219,6.5175,,top3,,,,,2000.0,0.7,3.0,20.0,357.19188690185547,296.61419372558595,0.5627335697412491,4.479806637763977
gate2C_support_mask,N100_noise0p2,100,0.2,9,Structured DT,DT,463.5702627213661,420.6824583962237,477.90153050673655,0.749536871942086,0.20375,0.6655255681818182,8.935,704.2943725585938,none,,,,,,,,,,,,
gate2C_support_mask,N100_noise0p2,100,0.2,9,Structured DT support count>=1,DT,467.3087696159148,420.6824583962237,477.90153050673655,0.814873598957304,0.0,0.7891914682539682,8.89125,704.2943725585938,count>=1,,,,,,,,,,,,
gate2C_support_mask,N100_noise0p2,100,0.2,9,Structured DT support top3,DT,467.3087696159148,420.6824583962237,477.90153050673655,0.814873598957304,0.0,0.7891914682539682,8.89125,704.2943725585938,top3,,,,,,,,,,,,
gate2C_support_mask,N100_noise0p2,100,0.2,9,Vanilla DT,DT,449.9567721984986,420.6824583962237,477.90153050673655,0.511618114773595,0.245,0.666093428375138,10.5125,495.9215087890625,none,,,,,,,,,,,,
gate2C_support_mask,N100_noise0p2,100,0.2,9,Vanilla DT support top3,DT,458.030794551034,420.6824583962237,477.90153050673655,0.6527253025473014,0.0,0.8157169913419913,10.31375,495.9215087890625,top3,,,,,,,,,,,,
gate2A_fixed_value_guided_dt,N100_noise0p2,100,0.2,9,Q-DT fixed td denoised,Q-DT,462.0726284636896,420.6824583962237,477.90153050673655,0.7233631819041912,0.29625,0.5852332384433552,6.94625,30772.48828125,none,td,True,2000.0,0.1,,,,,,,,
gate2A_fixed_value_guided_dt,N100_noise0p2,100,0.2,9,Q-DT fixed td denoised support top3,Q-DT,468.2274532969311,420.6824583962237,477.90153050673655,0.8309291490934889,0.0,0.7998379779942281,8.935,30772.48828125,top3,td,True,2000.0,0.1,,,,,,,,
gate2A_fixed_value_guided_dt,N100_noise0p2,100,0.2,9,Q-DT fixed q_sa,Q-DT,452.45097791572414,420.6824583962237,477.90153050673655,0.5552085755278028,0.465,0.4837957920215985,5.35125,27801.333984375,none,q_sa,False,2000.0,0.1,,,,,,,,
gate2A_fixed_value_guided_dt,N100_noise0p2,100,0.2,9,Q-DT fixed q_sa support top3,Q-DT,470.7640814671297,420.6824583962237,477.90153050673655,0.8752610139181988,0.0,0.796391369047619,8.8075,27801.333984375,top3,q_sa,False,2000.0,0.1,,,,,,,,
gate2B_iql,N100_noise0p2,100,0.2,9,IQL expectile0.7 beta3,IQL,460.9326668729381,420.6824583962237,477.90153050673655,0.7034404262791124,0.48375,0.4100653891562982,2.98,,none,,,,,2000.0,0.7,3.0,20.0,438.94115142822267,449.0728790283203,0.8499764829874039,4.927526867389679
gate2B_iql,N100_noise0p2,100,0.2,9,IQL expectile0.7 beta3 support top3,IQL,471.9402304379987,420.6824583962237,477.90153050673655,0.8958162051767602,0.0,0.8011098935786436,8.0825,,top3,,,,,2000.0,0.7,3.0,20.0,438.94115142822267,449.0728790283203,0.8499764829874039,4.927526867389679
gate2C_support_mask,N100_noise0p5,100,0.5,0,Structured DT,DT,457.3020035927065,425.0469525373324,482.2674723800636,0.5636972740552887,0.37875,0.5581792395201186,5.77125,739.2440185546875,none,,,,,,,,,,,,
gate2C_support_mask,N100_noise0p5,100,0.5,0,Structured DT support count>=1,DT,468.435234662372,425.0469525373324,482.2674723800636,0.7582643821533064,0.0,0.8211931416214504,10.21,739.2440185546875,count>=1,,,,,,,,,,,,
gate2C_support_mask,N100_noise0p5,100,0.5,0,Structured DT support top3,DT,468.435234662372,425.0469525373324,482.2674723800636,0.7582643821533064,0.0,0.8211931416214504,10.21,739.2440185546875,top3,,,,,,,,,,,,
gate2C_support_mask,N100_noise0p5,100,0.5,0,Vanilla DT,DT,464.0521191964954,425.0469525373324,482.2674723800636,0.6816639689112843,0.3425,0.5895517984910594,8.74,562.07666015625,none,,,,,,,,,,,,
gate2C_support_mask,N100_noise0p5,100,0.5,0,Vanilla DT support top3,DT,460.891666049172,425.0469525373324,482.2674723800636,0.6264311056655503,0.0,0.8517454253263077,12.49375,562.07666015625,top3,,,,,,,,,,,,
gate2A_fixed_value_guided_dt,N100_noise0p5,100,0.5,0,Q-DT fixed td denoised,Q-DT,460.7743761766927,425.0469525373324,482.2674723800636,0.6243813187569083,0.525,0.4742954877939398,4.35875,35904.61328125,none,td,True,2000.0,0.1,,,,,,,,
gate2A_fixed_value_guided_dt,N100_noise0p5,100,0.5,0,Q-DT fixed td denoised support top3,Q-DT,466.31861438765526,425.0469525373324,482.2674723800636,0.7212738011426102,0.0,0.8545957090295326,12.33125,35904.61328125,top3,td,True,2000.0,0.1,,,,,,,,
gate2A_fixed_value_guided_dt,N100_noise0p5,100,0.5,0,Q-DT fixed q_sa,Q-DT,456.43430257875696,425.0469525373324,482.2674723800636,0.5485331158768169,0.55,0.4168003295689349,4.0175,32383.068359375,none,q_sa,False,2000.0,0.1,,,,,,,,
gate2A_fixed_value_guided_dt,N100_noise0p5,100,0.5,0,Q-DT fixed q_sa support top3,Q-DT,472.6445987085987,425.0469525373324,482.2674723800636,0.8318282724813928,0.0,0.8227438603063604,10.0,32383.068359375,top3,q_sa,False,2000.0,0.1,,,,,,,,
gate2B_iql,N100_noise0p5,100,0.5,0,IQL expectile0.7 beta3,IQL,446.7210074974513,425.0469525373324,482.2674723800636,0.3787811613681485,0.71875,0.3211718888298813,2.3325,,none,,,,,2000.0,0.7,3.0,20.0,1344.351708984375,130.32156257629396,0.1446554005146026,5.771775102615356
gate2B_iql,N100_noise0p5,100,0.5,0,IQL expectile0.7 beta3 support top3,IQL,475.6137088953562,425.0469525373324,482.2674723800636,0.8837171786800426,0.0,0.816941864508041,10.22625,,top3,,,,,2000.0,0.7,3.0,20.0,1344.351708984375,130.32156257629396,0.1446554005146026,5.771775102615356
gate2C_support_mask,N100_noise0p5,100,0.5,1,Structured DT,DT,456.6458839639131,421.1367484506907,477.8449022706637,0.6261733652262863,0.2125,0.6195178666841136,5.7875,668.5712280273438,none,,,,,,,,,,,,
gate2C_support_mask,N100_noise0p5,100,0.5,1,Structured DT support count>=1,DT,468.0558611119612,421.1367484506907,477.8449022706637,0.8273785955053472,0.0,0.7456941964285714,8.42875,668.5712280273438,count>=1,,,,,,,,,,,,
gate2C_support_mask,N100_noise0p5,100,0.5,1,Structured DT support top3,DT,468.0558611119612,421.1367484506907,477.8449022706637,0.8273785955053472,0.0,0.7456941964285714,8.42875,668.5712280273438,top3,,,,,,,,,,,,
gate2C_support_mask,N100_noise0p5,100,0.5,1,Vanilla DT,DT,448.0971808258026,421.1367484506907,477.8449022706637,0.4754242654539793,0.115,0.7523137781758472,15.3325,585.3284912109375,none,,,,,,,,,,,,
gate2C_support_mask,N100_noise0p5,100,0.5,1,Vanilla DT support top3,DT,455.35842250498666,421.1367484506907,477.8449022706637,0.6034700787991946,0.0,0.7881892586580086,15.425,585.3284912109375,top3,,,,,,,,,,,,
gate2A_fixed_value_guided_dt,N100_noise0p5,100,0.5,1,Q-DT fixed td denoised,Q-DT,463.700283757003,421.1367484506907,477.8449022706637,0.7505716980566045,0.25,0.6015530303030303,5.72125,38825.31640625,none,td,True,2000.0,0.1,,,,,,,,
gate2A_fixed_value_guided_dt,N100_noise0p5,100,0.5,1,Q-DT fixed td denoised support top3,Q-DT,472.5928160670275,421.1367484506907,477.8449022706637,0.907383932470988,0.0,0.7690616206709957,7.945,38825.31640625,top3,td,True,2000.0,0.1,,,,,,,,
gate2A_fixed_value_guided_dt,N100_noise0p5,100,0.5,1,Q-DT fixed q_sa,Q-DT,440.307666729662,421.1367484506907,477.8449022706637,0.3380628179120721,0.635,0.3613460558318978,2.8475,34932.09375,none,q_sa,False,2000.0,0.1,,,,,,,,
gate2A_fixed_value_guided_dt,N100_noise0p5,100,0.5,1,Q-DT fixed q_sa support top3,Q-DT,469.32692775405735,421.1367484506907,477.8449022706637,0.8497927732994495,0.0,0.7617418154761905,8.0825,34932.09375,top3,q_sa,False,2000.0,0.1,,,,,,,,
gate2B_iql,N100_noise0p5,100,0.5,1,IQL expectile0.7 beta3,IQL,448.0176657036354,421.1367484506907,477.8449022706637,0.4740220839895705,0.48,0.3056550305486475,1.72,,none,,,,,2000.0,0.7,3.0,20.0,1710.6959838867188,409.9710266113281,0.4464333489537239,4.603552711009979
gate2B_iql,N100_noise0p5,100,0.5,1,IQL expectile0.7 beta3 support top3,IQL,471.5795207286761,421.1367484506907,477.8449022706637,0.8895153321006036,0.0,0.7155058847402597,6.9225,,top3,,,,,2000.0,0.7,3.0,20.0,1710.6959838867188,409.9710266113281,0.4464333489537239,4.603552711009979
gate2C_support_mask,N100_noise0p5,100,0.5,2,Structured DT,DT,462.9667160350377,428.2572553930546,483.61336583743207,0.627021305567696,0.23375,0.6828077408702409,8.9125,718.494140625,none,,,,,,,,,,,,
gate2C_support_mask,N100_noise0p5,100,0.5,2,Structured DT support count>=1,DT,466.4711152409565,428.2572553930546,483.61336583743207,0.6903277622133458,0.0,0.833574282069167,11.7775,718.494140625,count>=1,,,,,,,,,,,,
gate2C_support_mask,N100_noise0p5,100,0.5,2,Structured DT support top3,DT,466.4711152409565,428.2572553930546,483.61336583743207,0.6903277622133458,0.0,0.833574282069167,11.7775,718.494140625,top3,,,,,,,,,,,,
gate2C_support_mask,N100_noise0p5,100,0.5,2,Vanilla DT,DT,450.4439491569577,428.2572553930546,483.61336583743207,0.4007993622708842,0.11375,0.7474629726570018,17.2775,565.868408203125,none,,,,,,,,,,,,
gate2C_support_mask,N100_noise0p5,100,0.5,2,Vanilla DT support top3,DT,455.49230748014014,428.2572553930546,483.61336583743207,0.4919972134684511,0.0,0.8238736901152981,16.21125,565.868408203125,top3,,,,,,,,,,,,
gate2A_fixed_value_guided_dt,N100_noise0p5,100,0.5,2,Q-DT fixed td denoised,Q-DT,460.5756674290336,428.2572553930546,483.61336583743207,0.5838273638906217,0.3725,0.5473766511266511,12.33625,35495.7578125,none,td,True,2000.0,0.1,,,,,,,,
gate2A_fixed_value_guided_dt,N100_noise0p5,100,0.5,2,Q-DT fixed td denoised support top3,Q-DT,459.86094912009247,428.2572553930546,483.61336583743207,0.5709160826751667,0.0,0.8537295660967337,14.8725,35495.7578125,top3,td,True,2000.0,0.1,,,,,,,,
gate2A_fixed_value_guided_dt,N100_noise0p5,100,0.5,2,Q-DT fixed q_sa,Q-DT,456.766405532887,428.2572553930546,483.61336583743207,0.5150136075488678,0.42875,0.5398822131348083,5.285,32007.8125,none,q_sa,False,2000.0,0.1,,,,,,,,
gate2A_fixed_value_guided_dt,N100_noise0p5,100,0.5,2,Q-DT fixed q_sa support top3,Q-DT,466.9060753928537,428.2572553930546,483.61336583743207,0.6981852534352816,0.0,0.8359542611587049,11.8,32007.8125,top3,q_sa,False,2000.0,0.1,,,,,,,,
gate2B_iql,N100_noise0p5,100,0.5,2,IQL expectile0.7 beta3,IQL,453.7693947966192,428.2572553930546,483.61336583743207,0.4608730490412535,0.61625,0.2856377113452585,1.835,,none,,,,,2000.0,0.7,3.0,20.0,1552.577325439453,259.1743362426758,0.2374597363173961,4.694434797763824
gate2B_iql,N100_noise0p5,100,0.5,2,IQL expectile0.7 beta3 support top3,IQL,476.32164690840233,428.2572553930546,483.61336583743207,0.8682761691438463,0.0,0.7641570541386719,6.515,,top3,,,,,2000.0,0.7,3.0,20.0,1552.577325439453,259.1743362426758,0.2374597363173961,4.694434797763824
gate2C_support_mask,N100_noise0p5,100,0.5,3,Structured DT,DT,457.0286977506559,427.8075954406258,483.282798778634,0.5267416891108471,0.22,0.6778828482499245,13.1675,749.107666015625,none,,,,,,,,,,,,
gate2C_support_mask,N100_noise0p5,100,0.5,3,Structured DT support count>=1,DT,459.49515845926544,427.8075954406258,483.282798778634,0.5712022870032331,0.0,0.8327595165251416,11.87375,749.107666015625,count>=1,,,,,,,,,,,,
gate2C_support_mask,N100_noise0p5,100,0.5,3,Structured DT support top3,DT,459.49515845926544,427.8075954406258,483.282798778634,0.5712022870032331,0.0,0.8327595165251416,11.87375,749.107666015625,top3,,,,,,,,,,,,
gate2C_support_mask,N100_noise0p5,100,0.5,3,Vanilla DT,DT,446.31342240882856,427.8075954406258,483.282798778634,0.333587366150738,0.19125,0.7495833061274237,19.98375,601.791015625,none,,,,,,,,,,,,
gate2C_support_mask,N100_noise0p5,100,0.5,3,Vanilla DT support top3,DT,451.0783209647854,427.8075954406258,483.282798778634,0.419479769769784,0.0,0.857329953033078,16.04625,601.791015625,top3,,,,,,,,,,,,
gate2A_fixed_value_guided_dt,N100_noise0p5,100,0.5,3,Q-DT fixed td denoised,Q-DT,448.2608757649772,427.8075954406258,483.282798778634,0.3686923002288138,0.18,0.7468463780228486,19.7025,46252.05859375,none,td,True,2000.0,0.1,,,,,,,,
gate2A_fixed_value_guided_dt,N100_noise0p5,100,0.5,3,Q-DT fixed td denoised support top3,Q-DT,451.01172553250296,427.8075954406258,483.282798778634,0.4182793157240966,0.0,0.8743616990648241,15.93625,46252.05859375,top3,td,True,2000.0,0.1,,,,,,,,
gate2A_fixed_value_guided_dt,N100_noise0p5,100,0.5,3,Q-DT fixed q_sa,Q-DT,456.4067893706358,427.8075954406258,483.282798778634,0.5155311239826611,0.3875,0.5453142159853569,6.8125,41764.12109375,none,q_sa,False,2000.0,0.1,,,,,,,,
gate2A_fixed_value_guided_dt,N100_noise0p5,100,0.5,3,Q-DT fixed q_sa support top3,Q-DT,465.73718885449495,427.8075954406258,483.282798778634,0.6837215752552666,0.0,0.8162142631673882,8.17125,41764.12109375,top3,q_sa,False,2000.0,0.1,,,,,,,,
gate2B_iql,N100_noise0p5,100,0.5,3,IQL expectile0.7 beta3,IQL,405.4735483461278,427.8075954406258,483.282798778634,-0.4025951371177053,0.93,0.0922152560083594,0.25875,,none,,,,,2000.0,0.7,3.0,20.0,1409.2973571777345,435.6783126831055,0.5864513739943504,3.9551529765129088
gate2B_iql,N100_noise0p5,100,0.5,3,IQL expectile0.7 beta3 support top3,IQL,471.0242427218397,427.8075954406258,483.282798778634,0.779026388022349,0.0,0.7643209438131313,10.09625,,top3,,,,,2000.0,0.7,3.0,20.0,1409.2973571777345,435.6783126831055,0.5864513739943504,3.9551529765129088
gate2C_support_mask,N100_noise0p5,100,0.5,4,Structured DT,DT,452.1882811621792,415.8730447844656,474.3155353853144,0.6213841334336662,0.2675,0.5978232150363297,9.09875,686.9256591796875,none,,,,,,,,,,,,
gate2C_support_mask,N100_noise0p5,100,0.5,4,Structured DT support count>=1,DT,462.07989502211086,415.8730447844656,474.3155353853144,0.7906379376133935,0.0,0.7618690476190476,9.39,686.9256591796875,count>=1,,,,,,,,,,,,
gate2C_support_mask,N100_noise0p5,100,0.5,4,Structured DT support top3,DT,462.07989502211086,415.8730447844656,474.3155353853144,0.7906379376133935,0.0,0.7618690476190476,9.39,686.9256591796875,top3,,,,,,,,,,,,
gate2C_support_mask,N100_noise0p5,100,0.5,4,Vanilla DT,DT,449.650875471311,415.8730447844656,474.3155353853144,0.5779669952388168,0.205,0.7489094173697473,14.09125,572.156005859375,none,,,,,,,,,,,,
gate2C_support_mask,N100_noise0p5,100,0.5,4,Vanilla DT support top3,DT,448.1923212599468,415.8730447844656,474.3155353853144,0.5530099101391105,0.0,0.8585195802005012,14.3025,572.156005859375,top3,,,,,,,,,,,,
gate2A_fixed_value_guided_dt,N100_noise0p5,100,0.5,4,Q-DT fixed td denoised,Q-DT,453.0666594287579,415.8730447844656,474.3155353853144,0.6364139218213274,0.35,0.5245119047619048,5.28625,28098.990234375,none,td,True,2000.0,0.1,,,,,,,,
gate2A_fixed_value_guided_dt,N100_noise0p5,100,0.5,4,Q-DT fixed td denoised support top3,Q-DT,467.3232176097696,415.8730447844656,474.3155353853144,0.8803555819805662,0.0,0.7177291666666668,7.0525,28098.990234375,top3,td,True,2000.0,0.1,,,,,,,,
gate2A_fixed_value_guided_dt,N100_noise0p5,100,0.5,4,Q-DT fixed q_sa,Q-DT,444.8774378537889,415.8730447844656,474.3155353853144,0.4962894765628282,0.53125,0.4796784522106411,5.1425,25437.056640625,none,q_sa,False,2000.0,0.1,,,,,,,,
gate2A_fixed_value_guided_dt,N100_noise0p5,100,0.5,4,Q-DT fixed q_sa support top3,Q-DT,463.2613987489403,415.8730447844656,474.3155353853144,0.8108544567021995,0.0,0.8037886904761905,9.79625,25437.056640625,top3,q_sa,False,2000.0,0.1,,,,,,,,
gate2B_iql,N100_noise0p5,100,0.5,4,IQL expectile0.7 beta3,IQL,446.8428046863249,415.8730447844656,474.3155353853144,0.5299185504152601,0.50625,0.3629487179487179,1.885,,none,,,,,2000.0,0.7,3.0,20.0,1730.50888671875,972.079656982422,0.2873179063200951,4.447377371788025
gate2B_iql,N100_noise0p5,100,0.5,4,IQL expectile0.7 beta3 support top3,IQL,464.6130677699172,415.8730447844656,474.3155353853144,0.8339826466044493,0.0,0.7050803571428571,9.44875,,top3,,,,,2000.0,0.7,3.0,20.0,1730.50888671875,972.079656982422,0.2873179063200951,4.447377371788025
gate2C_support_mask,N100_noise0p5,100,0.5,5,Structured DT,DT,450.5431148720889,413.08161086848617,472.4205638661845,0.63131386907106,0.33375,0.6314925187806545,8.29125,701.1727905273438,none,,,,,,,,,,,,
gate2C_support_mask,N100_noise0p5,100,0.5,5,Structured DT support count>=1,DT,454.7262764245539,413.08161086848617,472.4205638661845,0.7018099149420959,0.0,0.8284860157203908,12.10875,701.1727905273438,count>=1,,,,,,,,,,,,
gate2C_support_mask,N100_noise0p5,100,0.5,5,Structured DT support top3,DT,454.7262764245539,413.08161086848617,472.4205638661845,0.7018099149420959,0.0,0.8284860157203908,12.10875,701.1727905273438,top3,,,,,,,,,,,,
gate2C_support_mask,N100_noise0p5,100,0.5,5,Vanilla DT,DT,439.3043095719513,413.08161086848617,472.4205638661845,0.4419137409533028,0.1425,0.752785710786637,16.62625,620.585205078125,none,,,,,,,,,,,,
gate2C_support_mask,N100_noise0p5,100,0.5,5,Vanilla DT support top3,DT,443.59977564310736,413.08161086848617,472.4205638661845,0.5143023803572155,0.0,0.80762255467962,15.43,620.585205078125,top3,,,,,,,,,,,,
gate2A_fixed_value_guided_dt,N100_noise0p5,100,0.5,5,Q-DT fixed td denoised,Q-DT,454.9187796512121,413.08161086848617,472.4205638661845,0.7050540440838031,0.44125,0.4845526741970257,3.9775,30624.328125,none,td,True,2000.0,0.1,,,,,,,,
gate2A_fixed_value_guided_dt,N100_noise0p5,100,0.5,5,Q-DT fixed td denoised support top3,Q-DT,459.9952218255054,413.08161086848617,472.4205638661845,0.790603955530508,0.0,0.8076125585616074,9.27375,30624.328125,top3,td,True,2000.0,0.1,,,,,,,,
gate2A_fixed_value_guided_dt,N100_noise0p5,100,0.5,5,Q-DT fixed q_sa,Q-DT,444.224434880831,413.08161086848617,472.4205638661845,0.5248293479925874,0.50875,0.5157001414427157,4.735,27535.349609375,none,q_sa,False,2000.0,0.1,,,,,,,,
gate2A_fixed_value_guided_dt,N100_noise0p5,100,0.5,5,Q-DT fixed q_sa support top3,Q-DT,446.4638803342927,413.08161086848617,472.4205638661845,0.5625692362165771,0.0,0.8731359836570435,15.51375,27535.349609375,top3,q_sa,False,2000.0,0.1,,,,,,,,
gate2B_iql,N100_noise0p5,100,0.5,5,IQL expectile0.7 beta3,IQL,439.99532437384255,413.08161086848617,472.4205638661845,0.4535589548807899,0.70375,0.1880340809422378,1.21625,,none,,,,,2000.0,0.7,3.0,20.0,1728.033642578125,701.6877746582031,0.3185494519770145,4.761269211769104
gate2B_iql,N100_noise0p5,100,0.5,5,IQL expectile0.7 beta3 support top3,IQL,460.1055958359117,413.08161086848617,472.4205638661845,0.7924640154882661,0.0,0.7411394620626959,9.95,,top3,,,,,2000.0,0.7,3.0,20.0,1728.033642578125,701.6877746582031,0.3185494519770145,4.761269211769104
gate2C_support_mask,N100_noise0p5,100,0.5,6,Structured DT,DT,450.0461244228728,413.5410294620784,472.2493846542733,0.621804082933116,0.3,0.5641037610050768,7.97375,739.500732421875,none,,,,,,,,,,,,
gate2C_support_mask,N100_noise0p5,100,0.5,6,Structured DT support count>=1,DT,456.0168093872339,413.5410294620784,472.2493846542733,0.7235048535442963,0.0,0.8183213651114966,12.56875,739.500732421875,count>=1,,,,,,,,,,,,
gate2C_support_mask,N100_noise0p5,100,0.5,6,Structured DT support top3,DT,456.0168093872339,413.5410294620784,472.2493846542733,0.7235048535442963,0.0,0.8183213651114966,12.56875,739.500732421875,top3,,,,,,,,,,,,
gate2C_support_mask,N100_noise0p5,100,0.5,6,Vanilla DT,DT,448.96042050544514,413.5410294620784,472.2493846542733,0.6033109074068501,0.14625,0.7681465406197591,15.02125,562.4609985351562,none,,,,,,,,,,,,
gate2C_support_mask,N100_noise0p5,100,0.5,6,Vanilla DT support top3,DT,447.0383960342715,413.5410294620784,472.2493846542733,0.5705723906338718,0.0,0.8513450629779576,16.6575,562.4609985351562,top3,,,,,,,,,,,,
gate2A_fixed_value_guided_dt,N100_noise0p5,100,0.5,6,Q-DT fixed td denoised,Q-DT,453.97208260382337,413.5410294620784,472.2493846542733,0.688676305261575,0.135,0.6842542092410514,11.32875,27447.736328125,none,td,True,2000.0,0.1,,,,,,,,
gate2A_fixed_value_guided_dt,N100_noise0p5,100,0.5,6,Q-DT fixed td denoised support top3,Q-DT,453.8776980785484,413.5410294620784,472.2493846542733,0.6870686205467508,0.0,0.8029507816014396,13.5025,27447.736328125,top3,td,True,2000.0,0.1,,,,,,,,
gate2A_fixed_value_guided_dt,N100_noise0p5,100,0.5,6,Q-DT fixed q_sa,Q-DT,446.4583095757059,413.5410294620784,472.2493846542733,0.5606915745785329,0.41375,0.5186309764594266,4.86875,24870.314453125,none,q_sa,False,2000.0,0.1,,,,,,,,
gate2A_fixed_value_guided_dt,N100_noise0p5,100,0.5,6,Q-DT fixed q_sa support top3,Q-DT,461.73344827825537,413.5410294620784,472.2493846542733,0.8208783683073448,0.0,0.7881424675470728,8.60875,24870.314453125,top3,q_sa,False,2000.0,0.1,,,,,,,,
gate2B_iql,N100_noise0p5,100,0.5,6,IQL expectile0.7 beta3,IQL,448.14059736778654,413.5410294620784,472.2493846542733,0.5893465724331529,0.24375,0.5489808627999584,4.39875,,none,,,,,2000.0,0.7,3.0,20.0,1617.4029357910156,366.2178726196289,1.154911184310913,5.556538772583008
gate2B_iql,N100_noise0p5,100,0.5,6,IQL expectile0.7 beta3 support top3,IQL,460.3798927408189,413.5410294620784,472.2493846542733,0.7978227822156324,0.0,0.7426708558254611,6.86125,,top3,,,,,2000.0,0.7,3.0,20.0,1617.4029357910156,366.2178726196289,1.154911184310913,5.556538772583008
gate2C_support_mask,N100_noise0p5,100,0.5,7,Structured DT,DT,454.1361419672048,422.9552853756405,480.1843549282328,0.5448429763987299,0.2525,0.6781774018872446,10.6875,656.16064453125,none,,,,,,,,,,,,
gate2C_support_mask,N100_noise0p5,100,0.5,7,Structured DT support count>=1,DT,459.3208434118077,422.9552853756405,480.1843549282328,0.6354385685538373,0.0,0.8419715767387497,11.43875,656.16064453125,count>=1,,,,,,,,,,,,
gate2C_support_mask,N100_noise0p5,100,0.5,7,Structured DT support top3,DT,459.3208434118077,422.9552853756405,480.1843549282328,0.6354385685538373,0.0,0.8419715767387497,11.43875,656.16064453125,top3,,,,,,,,,,,,
gate2C_support_mask,N100_noise0p5,100,0.5,7,Vanilla DT,DT,437.1660282406638,422.9552853756405,480.1843549282328,0.2483133654997471,0.16875,0.7607655502392344,15.35125,548.6424560546875,none,,,,,,,,,,,,
gate2C_support_mask,N100_noise0p5,100,0.5,7,Vanilla DT support top3,DT,441.4413656111221,422.9552853756405,480.1843549282328,0.3230190597191749,0.0,0.873178998423532,14.88875,548.6424560546875,top3,,,,,,,,,,,,
gate2A_fixed_value_guided_dt,N100_noise0p5,100,0.5,7,Q-DT fixed td denoised,Q-DT,462.0087459179382,422.9552853756405,480.1843549282328,0.6824060018380764,0.17125,0.7259721404485361,8.965,24929.78515625,none,td,True,2000.0,0.1,,,,,,,,
gate2A_fixed_value_guided_dt,N100_noise0p5,100,0.5,7,Q-DT fixed td denoised support top3,Q-DT,460.1283949313911,422.9552853756405,480.1843549282328,0.6495494308463164,0.0,0.8455675075751992,10.43625,24929.78515625,top3,td,True,2000.0,0.1,,,,,,,,
gate2A_fixed_value_guided_dt,N100_noise0p5,100,0.5,7,Q-DT fixed q_sa,Q-DT,452.50395465393376,422.9552853756405,480.1843549282328,0.516322727405845,0.455,0.5182912411821595,4.67375,22854.69921875,none,q_sa,False,2000.0,0.1,,,,,,,,
gate2A_fixed_value_guided_dt,N100_noise0p5,100,0.5,7,Q-DT fixed q_sa support top3,Q-DT,466.7921150210079,422.9552853756405,480.1843549282328,0.7659888582511771,0.0,0.8133654520520329,8.355,22854.69921875,top3,q_sa,False,2000.0,0.1,,,,,,,,
gate2B_iql,N100_noise0p5,100,0.5,7,IQL expectile0.7 beta3,IQL,449.16938696476393,422.9552853756405,480.1843549282328,0.4580557013081127,0.56,0.3633835388994307,2.335,,none,,,,,2000.0,0.7,3.0,20.0,1430.6953186035155,252.3256507873535,0.8438627749681473,4.782668471336365
gate2B_iql,N100_noise0p5,100,0.5,7,IQL expectile0.7 beta3 support top3,IQL,464.1962574757743,422.9552853756405,480.1843549282328,0.7206297852218998,0.0,0.8612106901472711,10.21375,,top3,,,,,2000.0,0.7,3.0,20.0,1430.6953186035155,252.3256507873535,0.8438627749681473,4.782668471336365
gate2C_support_mask,N100_noise0p5,100,0.5,8,Structured DT,DT,452.5058280281874,414.15142866616,472.41867197590335,0.6582497675089747,0.3125,0.5830070005175984,6.395,715.0392456054688,none,,,,,,,,,,,,
gate2C_support_mask,N100_noise0p5,100,0.5,8,Structured DT support count>=1,DT,454.33562452247,414.15142866616,472.41867197590335,0.6896532867136774,0.0,0.8341108917661267,13.24,715.0392456054688,count>=1,,,,,,,,,,,,
gate2C_support_mask,N100_noise0p5,100,0.5,8,Structured DT support top3,DT,454.33562452247,414.15142866616,472.41867197590335,0.6896532867136774,0.0,0.8341108917661267,13.24,715.0392456054688,top3,,,,,,,,,,,,
gate2C_support_mask,N100_noise0p5,100,0.5,8,Vanilla DT,DT,444.050932953072,414.15142866616,472.41867197590335,0.513144308680762,0.25125,0.6399389549441484,14.35625,540.3760986328125,none,,,,,,,,,,,,
gate2C_support_mask,N100_noise0p5,100,0.5,8,Vanilla DT support top3,DT,445.88422768473794,414.15142866616,472.41867197590335,0.5446078656903208,0.0,0.8440425531806927,15.56375,540.3760986328125,top3,,,,,,,,,,,,
gate2A_fixed_value_guided_dt,N100_noise0p5,100,0.5,8,Q-DT fixed td denoised,Q-DT,449.3954754879032,414.15142866616,472.41867197590335,0.6048689592948315,0.35,0.5695609095110165,7.06125,34092.74609375,none,td,True,2000.0,0.1,,,,,,,,
gate2A_fixed_value_guided_dt,N100_noise0p5,100,0.5,8,Q-DT fixed td denoised support top3,Q-DT,455.3910183110787,414.15142866616,472.41867197590335,0.7077662731647149,0.0,0.8486595028772378,13.5775,34092.74609375,top3,td,True,2000.0,0.1,,,,,,,,
gate2A_fixed_value_guided_dt,N100_noise0p5,100,0.5,8,Q-DT fixed q_sa,Q-DT,440.4042492544648,414.15142866616,472.41867197590335,0.450558823398375,0.685,0.2916593368426275,2.3125,30909.912109375,none,q_sa,False,2000.0,0.1,,,,,,,,
gate2A_fixed_value_guided_dt,N100_noise0p5,100,0.5,8,Q-DT fixed q_sa support top3,Q-DT,455.184137137144,414.15142866616,472.41867197590335,0.7042157160732302,0.0,0.8460206139883489,13.5175,30909.912109375,top3,q_sa,False,2000.0,0.1,,,,,,,,
gate2B_iql,N100_noise0p5,100,0.5,8,IQL expectile0.7 beta3,IQL,459.3590981717336,414.15142866616,472.41867197590335,0.7758676562962443,0.49375,0.4803239744693058,3.3675,,none,,,,,2000.0,0.7,3.0,20.0,1985.4781433105468,606.7181213378906,0.6171002104878426,4.505819797515869
gate2B_iql,N100_noise0p5,100,0.5,8,IQL expectile0.7 beta3 support top3,IQL,465.3559629249429,414.15142866616,472.41867197590335,0.8787876575279907,0.0,0.7590799029756831,6.51375,,top3,,,,,2000.0,0.7,3.0,20.0,1985.4781433105468,606.7181213378906,0.6171002104878426,4.505819797515869
gate2C_support_mask,N100_noise0p5,100,0.5,9,Structured DT,DT,465.08294212227474,420.6824583962237,477.90153050673655,0.7759735012881023,0.22,0.6463304924242423,8.32,757.4276733398438,none,,,,,,,,,,,,
gate2C_support_mask,N100_noise0p5,100,0.5,9,Structured DT support count>=1,DT,468.48757915524845,420.6824583962237,477.90153050673655,0.8354752881468265,0.0,0.7717685786435786,8.42625,757.4276733398438,count>=1,,,,,,,,,,,,
gate2C_support_mask,N100_noise0p5,100,0.5,9,Structured DT support top3,DT,468.48757915524845,420.6824583962237,477.90153050673655,0.8354752881468265,0.0,0.7717685786435786,8.42625,757.4276733398438,top3,,,,,,,,,,,,
gate2C_support_mask,N100_noise0p5,100,0.5,9,Vanilla DT,DT,443.8487402772746,420.6824583962237,477.90153050673655,0.4048699328137934,0.325,0.5480408332779513,9.22375,596.8884887695312,none,,,,,,,,,,,,
gate2C_support_mask,N100_noise0p5,100,0.5,9,Vanilla DT support top3,DT,456.5901882402692,420.6824583962237,477.90153050673655,0.6275482722735063,0.0,0.8365625636618285,12.875,596.8884887695312,top3,,,,,,,,,,,,
gate2A_fixed_value_guided_dt,N100_noise0p5,100,0.5,9,Q-DT fixed td denoised,Q-DT,462.0726284636896,420.6824583962237,477.90153050673655,0.7233631819041912,0.29625,0.5852332384433552,6.94625,32432.6640625,none,td,True,2000.0,0.1,,,,,,,,
gate2A_fixed_value_guided_dt,N100_noise0p5,100,0.5,9,Q-DT fixed td denoised support top3,Q-DT,468.2274532969311,420.6824583962237,477.90153050673655,0.8309291490934889,0.0,0.7998379779942281,8.935,32432.6640625,top3,td,True,2000.0,0.1,,,,,,,,
gate2A_fixed_value_guided_dt,N100_noise0p5,100,0.5,9,Q-DT fixed q_sa,Q-DT,452.45097791572414,420.6824583962237,477.90153050673655,0.5552085755278028,0.465,0.4837957920215985,5.35125,29241.728515625,none,q_sa,False,2000.0,0.1,,,,,,,,
gate2A_fixed_value_guided_dt,N100_noise0p5,100,0.5,9,Q-DT fixed q_sa support top3,Q-DT,470.7640814671297,420.6824583962237,477.90153050673655,0.8752610139181988,0.0,0.796391369047619,8.8075,29241.728515625,top3,q_sa,False,2000.0,0.1,,,,,,,,
gate2B_iql,N100_noise0p5,100,0.5,9,IQL expectile0.7 beta3,IQL,460.027480865516,420.6824583962237,477.90153050673655,0.6876207708035074,0.58375,0.3047396000226188,2.13,,none,,,,,2000.0,0.7,3.0,20.0,2047.213061523437,873.9294494628906,1.01576227247715,5.418695092201233
gate2B_iql,N100_noise0p5,100,0.5,9,IQL expectile0.7 beta3 support top3,IQL,471.9402304379987,420.6824583962237,477.90153050673655,0.8958162051767602,0.0,0.8011098935786436,8.0825,,top3,,,,,2000.0,0.7,3.0,20.0,2047.213061523437,873.9294494628906,1.01576227247715,5.418695092201233
gate2C_support_mask,N1600_noise0p05,1600,0.05,0,Structured DT,DT,460.66127558548703,420.6941057714956,478.158742618527,0.6955089600649955,0.113125,0.7440902602611511,146.13578125,567.7760009765625,none,,,,,,,,,,,,
gate2C_support_mask,N1600_noise0p05,1600,0.05,0,Structured DT support count>=1,DT,455.4407599659308,420.6941057714956,478.158742618527,0.604661511860406,0.0,0.8076411764774147,177.328125,567.7760009765625,count>=1,,,,,,,,,,,,
gate2C_support_mask,N1600_noise0p05,1600,0.05,0,Structured DT support top3,DT,455.4407599659308,420.6941057714956,478.158742618527,0.604661511860406,0.0,0.8076411764774147,177.328125,567.7760009765625,top3,,,,,,,,,,,,
gate2C_support_mask,N1600_noise0p05,1600,0.05,0,Vanilla DT,DT,450.1802438795386,420.6941057714956,478.158742618527,0.51311797526075,0.180703125,0.6265447188975709,93.77,477.0365295410156,none,,,,,,,,,,,,
gate2C_support_mask,N1600_noise0p05,1600,0.05,0,Vanilla DT support top3,DT,453.4877634927577,420.6941057714956,478.158742618527,0.5706754539936892,0.0,0.7502702567176754,114.323359375,477.0365295410156,top3,,,,,,,,,,,,
gate2A_fixed_value_guided_dt,N1600_noise0p05,1600,0.05,0,Q-DT fixed td denoised,Q-DT,462.1428965779292,420.6941057714956,478.158742618527,0.7212921386202892,0.313203125,0.5513792611620055,63.866875,26881.869140625,none,td,True,2000.0,0.1,,,,,,,,
gate2A_fixed_value_guided_dt,N1600_noise0p05,1600,0.05,0,Q-DT fixed td denoised support top3,Q-DT,471.51433760884674,420.6941057714956,478.158742618527,0.884374018975054,0.0,0.7529598217029246,114.6753125,26881.869140625,top3,td,True,2000.0,0.1,,,,,,,,
gate2A_fixed_value_guided_dt,N1600_noise0p05,1600,0.05,0,Q-DT fixed q_sa,Q-DT,464.825765143246,420.6941057714956,478.158742618527,0.7679794355827412,0.330546875,0.5033401061779904,60.52828125,24624.939453125,none,q_sa,False,2000.0,0.1,,,,,,,,
gate2A_fixed_value_guided_dt,N1600_noise0p05,1600,0.05,0,Q-DT fixed q_sa support top3,Q-DT,471.7790223560625,420.6941057714956,478.158742618527,0.8889800647405628,0.0,0.7814673951816349,130.788046875,24624.939453125,top3,q_sa,False,2000.0,0.1,,,,,,,,
gate2B_iql,N1600_noise0p05,1600,0.05,0,IQL expectile0.7 beta3,IQL,461.6206504288516,420.6941057714956,478.158742618527,0.7122040075934153,0.428671875,0.3456886260960423,42.66375,,none,,,,,2000.0,0.7,3.0,20.0,82.64488677978515,85.5146369934082,0.428710812330246,5.765343594551086
gate2B_iql,N1600_noise0p05,1600,0.05,0,IQL expectile0.7 beta3 support top3,IQL,470.2266493284067,420.6941057714956,478.158742618527,0.8619656587888095,0.0,0.6851143658310451,143.54515625,,top3,,,,,2000.0,0.7,3.0,20.0,82.64488677978515,85.5146369934082,0.428710812330246,5.765343594551086
gate2C_support_mask,N1600_noise0p05,1600,0.05,1,Structured DT,DT,461.002216960136,422.2408621751993,479.0817275720908,0.681927597588204,0.125625,0.7408940265115876,146.05390625,556.8601684570312,none,,,,,,,,,,,,
gate2C_support_mask,N1600_noise0p05,1600,0.05,1,Structured DT support count>=1,DT,459.0350409311529,422.2408621751993,479.0817275720908,0.6473191162562041,0.0,0.8167498585876993,198.5065625,556.8601684570312,count>=1,,,,,,,,,,,,
gate2C_support_mask,N1600_noise0p05,1600,0.05,1,Structured DT support top3,DT,459.0350409311529,422.2408621751993,479.0817275720908,0.6473191162562041,0.0,0.8167498585876993,198.5065625,556.8601684570312,top3,,,,,,,,,,,,
gate2C_support_mask,N1600_noise0p05,1600,0.05,1,Vanilla DT,DT,450.1047002583604,422.2408621751993,479.0817275720908,0.4902078441030367,0.172265625,0.6331295855847836,121.114609375,479.1344909667969,none,,,,,,,,,,,,
gate2C_support_mask,N1600_noise0p05,1600,0.05,1,Vanilla DT support top3,DT,451.6050609960546,422.2408621751993,479.0817275720908,0.5166036550608388,0.0,0.7661137284198322,147.133046875,479.1344909667969,top3,,,,,,,,,,,,
gate2A_fixed_value_guided_dt,N1600_noise0p05,1600,0.05,1,Q-DT fixed td denoised,Q-DT,464.4928810170777,422.2408621751993,479.0817275720908,0.7433387677484068,0.34,0.5558347606315752,122.286015625,36491.56640625,none,td,True,2000.0,0.1,,,,,,,,
gate2A_fixed_value_guided_dt,N1600_noise0p05,1600,0.05,1,Q-DT fixed td denoised support top3,Q-DT,469.1174278974167,422.2408621751993,479.0817275720908,0.8246983115915226,0.0,0.8054649712433547,168.20046875,36491.56640625,top3,td,True,2000.0,0.1,,,,,,,,
gate2A_fixed_value_guided_dt,N1600_noise0p05,1600,0.05,1,Q-DT fixed q_sa,Q-DT,467.0475300201487,422.2408621751993,479.0817275720908,0.788282647213176,0.25359375,0.5647688113465518,68.076640625,32760.341796875,none,q_sa,False,2000.0,0.1,,,,,,,,
gate2A_fixed_value_guided_dt,N1600_noise0p05,1600,0.05,1,Q-DT fixed q_sa support top3,Q-DT,472.14501445945626,422.2408621751993,479.0817275720908,0.877962570340918,0.0,0.7718115438871079,129.746953125,32760.341796875,top3,q_sa,False,2000.0,0.1,,,,,,,,
gate2B_iql,N1600_noise0p05,1600,0.05,1,IQL expectile0.7 beta3,IQL,458.1853545024566,422.2408621751993,479.0817275720908,0.6323706030208165,0.559765625,0.37649697447707,49.8534375,,none,,,,,2000.0,0.7,3.0,20.0,239.2364074707031,267.9812461853027,0.6886813104152679,4.6479252576828
gate2B_iql,N1600_noise0p05,1600,0.05,1,IQL expectile0.7 beta3 support top3,IQL,477.04076092761375,422.2408621751993,479.0817275720908,0.9640933221155948,0.0,0.7474858795345226,111.316953125,,top3,,,,,2000.0,0.7,3.0,20.0,239.2364074707031,267.9812461853027,0.6886813104152679,4.6479252576828
gate2C_support_mask,N1600_noise0p05,1600,0.05,2,Structured DT,DT,459.0211574647885,420.7019605669336,477.9242309914933,0.6696553040196811,0.247109375,0.6278217728437,111.27828125,583.2024536132812,none,,,,,,,,,,,,
gate2C_support_mask,N1600_noise0p05,1600,0.05,2,Structured DT support count>=1,DT,460.649481897018,420.7019605669336,477.9242309914933,0.6981114351754023,0.0,0.7793376454010438,145.1109375,583.2024536132812,count>=1,,,,,,,,,,,,
gate2C_support_mask,N1600_noise0p05,1600,0.05,2,Structured DT support top3,DT,460.649481897018,420.7019605669336,477.9242309914933,0.6981114351754023,0.0,0.7793376454010438,145.1109375,583.2024536132812,top3,,,,,,,,,,,,
gate2C_support_mask,N1600_noise0p05,1600,0.05,2,Vanilla DT,DT,451.1850524367624,420.7019605669336,477.9242309914933,0.5327137781087671,0.166171875,0.6677221130814325,137.5790625,476.8245544433594,none,,,,,,,,,,,,
gate2C_support_mask,N1600_noise0p05,1600,0.05,2,Vanilla DT support top3,DT,456.6069234553759,420.7019605669336,477.9242309914933,0.6274648423078284,0.0,0.7846924540988891,172.006953125,476.8245544433594,top3,,,,,,,,,,,,
gate2A_fixed_value_guided_dt,N1600_noise0p05,1600,0.05,2,Q-DT fixed td denoised,Q-DT,466.8792419484844,420.7019605669336,477.9242309914933,0.8069809365993215,0.243203125,0.6428809547662699,83.24078125,35124.3828125,none,td,True,2000.0,0.1,,,,,,,,
gate2A_fixed_value_guided_dt,N1600_noise0p05,1600,0.05,2,Q-DT fixed td denoised support top3,Q-DT,477.0211619837453,420.7019605669336,477.9242309914933,0.9842182248091932,0.0,0.771344897092025,107.572421875,35124.3828125,top3,td,True,2000.0,0.1,,,,,,,,
gate2A_fixed_value_guided_dt,N1600_noise0p05,1600,0.05,2,Q-DT fixed q_sa,Q-DT,464.8438555332029,420.7019605669336,477.9242309914933,0.7714111068777806,0.305078125,0.5392042532253047,68.255,31876.919921875,none,q_sa,False,2000.0,0.1,,,,,,,,
gate2A_fixed_value_guided_dt,N1600_noise0p05,1600,0.05,2,Q-DT fixed q_sa support top3,Q-DT,469.9111913217789,420.7019605669336,477.9242309914933,0.8599664149943411,0.0,0.7979992485328024,143.961171875,31876.919921875,top3,q_sa,False,2000.0,0.1,,,,,,,,
gate2B_iql,N1600_noise0p05,1600,0.05,2,IQL expectile0.7 beta3,IQL,450.3488732951968,420.7019605669336,477.9242309914933,0.5181009510510233,0.265,0.4453800523651819,111.964765625,,none,,,,,2000.0,0.7,3.0,20.0,90.74204559326172,86.39601593017578,0.7588078588247299,5.0636413335800174
gate2B_iql,N1600_noise0p05,1600,0.05,2,IQL expectile0.7 beta3 support top3,IQL,468.8831182604091,420.7019605669336,477.9242309914933,0.8420001047843121,0.0,0.6805864062081934,98.227265625,,top3,,,,,2000.0,0.7,3.0,20.0,90.74204559326172,86.39601593017578,0.7588078588247299,5.0636413335800174
gate2C_support_mask,N1600_noise0p05,1600,0.05,3,Structured DT,DT,464.4104573036405,420.1985074854882,477.6588309814034,0.7694344049645869,0.165859375,0.6405551373014732,112.1821875,564.3758544921875,none,,,,,,,,,,,,
gate2C_support_mask,N1600_noise0p05,1600,0.05,3,Structured DT support count>=1,DT,462.8200222389773,420.1985074854882,477.6588309814034,0.7417555655863826,0.0,0.7810281605678752,157.1359375,564.3758544921875,count>=1,,,,,,,,,,,,
gate2C_support_mask,N1600_noise0p05,1600,0.05,3,Structured DT support top3,DT,462.8200222389773,420.1985074854882,477.6588309814034,0.7417555655863826,0.0,0.7810281605678752,157.1359375,564.3758544921875,top3,,,,,,,,,,,,
gate2C_support_mask,N1600_noise0p05,1600,0.05,3,Vanilla DT,DT,449.5399978202763,420.1985074854882,477.6588309814034,0.5106391427969236,0.116875,0.7157425685776851,157.1834375,474.1748352050781,none,,,,,,,,,,,,
gate2C_support_mask,N1600_noise0p05,1600,0.05,3,Vanilla DT support top3,DT,452.7079965305288,420.1985074854882,477.6588309814034,0.5657728162172909,0.0,0.7823456383623332,166.436953125,474.1748352050781,top3,,,,,,,,,,,,
gate2A_fixed_value_guided_dt,N1600_noise0p05,1600,0.05,3,Q-DT fixed td denoised,Q-DT,463.5995776775088,420.1985074854882,477.6588309814034,0.7553224129534504,0.289375,0.6075640113752151,58.7028125,39187.92578125,none,td,True,2000.0,0.1,,,,,,,,
gate2A_fixed_value_guided_dt,N1600_noise0p05,1600,0.05,3,Q-DT fixed td denoised support top3,Q-DT,475.01434318693714,420.1985074854882,477.6588309814034,0.9539771509526164,0.0,0.7527998712973417,108.121171875,39187.92578125,top3,td,True,2000.0,0.1,,,,,,,,
gate2A_fixed_value_guided_dt,N1600_noise0p05,1600,0.05,3,Q-DT fixed q_sa,Q-DT,463.7148631949788,420.1985074854882,477.6588309814034,0.7573287629086198,0.47046875,0.3934611644310306,44.8796875,35890.8046875,none,q_sa,False,2000.0,0.1,,,,,,,,
gate2A_fixed_value_guided_dt,N1600_noise0p05,1600,0.05,3,Q-DT fixed q_sa support top3,Q-DT,474.83264538080925,420.1985074854882,477.6588309814034,0.9508150071449716,0.0,0.7431728842718993,112.395,35890.8046875,top3,q_sa,False,2000.0,0.1,,,,,,,,
gate2B_iql,N1600_noise0p05,1600,0.05,3,IQL expectile0.7 beta3,IQL,451.626964852474,420.1985074854882,477.6588309814034,0.5469592834648755,0.2796875,0.4062517922906338,53.13734375,,none,,,,,2000.0,0.7,3.0,20.0,94.6951847076416,237.26184616088867,1.0804932445287705,5.873426222801209
gate2B_iql,N1600_noise0p05,1600,0.05,3,IQL expectile0.7 beta3 support top3,IQL,469.2971863508429,420.1985074854882,477.6588309814034,0.8544796805546178,0.0,0.7236408469252331,120.04546875,,top3,,,,,2000.0,0.7,3.0,20.0,94.6951847076416,237.26184616088867,1.0804932445287705,5.873426222801209
gate2C_support_mask,N1600_noise0p05,1600,0.05,4,Structured DT,DT,465.7073419141128,422.8141069914742,479.6367344894461,0.7548618712531298,0.170859375,0.6592597612500406,119.565078125,553.1521606445312,none,,,,,,,,,,,,
gate2C_support_mask,N1600_noise0p05,1600,0.05,4,Structured DT support count>=1,DT,464.1050627798897,422.8141069914742,479.6367344894461,0.7266639648067883,0.0,0.795733231435836,169.614140625,553.1521606445312,count>=1,,,,,,,,,,,,
gate2C_support_mask,N1600_noise0p05,1600,0.05,4,Structured DT support top3,DT,464.1050627798897,422.8141069914742,479.6367344894461,0.7266639648067883,0.0,0.795733231435836,169.614140625,553.1521606445312,top3,,,,,,,,,,,,
gate2C_support_mask,N1600_noise0p05,1600,0.05,4,Vanilla DT,DT,450.8315823417246,422.8141069914742,479.6367344894461,0.4930689864922275,0.21734375,0.6056151224538919,118.760546875,478.7153015136719,none,,,,,,,,,,,,
gate2C_support_mask,N1600_noise0p05,1600,0.05,4,Vanilla DT support top3,DT,456.9792473530521,422.8141069914742,479.6367344894461,0.6012594254427479,0.0,0.7582744274567017,124.4390625,478.7153015136719,top3,,,,,,,,,,,,
gate2A_fixed_value_guided_dt,N1600_noise0p05,1600,0.05,4,Q-DT fixed td denoised,Q-DT,467.2966212392376,422.8141069914742,479.6367344894461,0.7828309989598959,0.266171875,0.634470904786228,69.9946875,29634.716796875,none,td,True,2000.0,0.1,,,,,,,,
gate2A_fixed_value_guided_dt,N1600_noise0p05,1600,0.05,4,Q-DT fixed td denoised support top3,Q-DT,469.8215420730741,422.8141069914742,479.6367344894461,0.8272661288547013,0.0,0.7908882020997933,156.4665625,29634.716796875,top3,td,True,2000.0,0.1,,,,,,,,
gate2A_fixed_value_guided_dt,N1600_noise0p05,1600,0.05,4,Q-DT fixed q_sa,Q-DT,467.0637404502286,422.8141069914742,479.6367344894461,0.7787326177469306,0.293125,0.521732938206668,64.785625,27060.0703125,none,q_sa,False,2000.0,0.1,,,,,,,,
gate2A_fixed_value_guided_dt,N1600_noise0p05,1600,0.05,4,Q-DT fixed q_sa support top3,Q-DT,473.85038958390834,422.8141069914742,479.6367344894461,0.8981682973786405,0.0,0.7748412920126755,133.493046875,27060.0703125,top3,q_sa,False,2000.0,0.1,,,,,,,,
gate2B_iql,N1600_noise0p05,1600,0.05,4,IQL expectile0.7 beta3,IQL,455.3505879950704,422.8141069914742,479.6367344894461,0.5725972633834553,0.49390625,0.3476401470766724,34.13296875,,none,,,,,2000.0,0.7,3.0,20.0,297.1408004760742,662.496484375,0.3607296079397201,4.396549689769745
gate2B_iql,N1600_noise0p05,1600,0.05,4,IQL expectile0.7 beta3 support top3,IQL,471.53156559014445,422.8141069914742,479.6367344894461,0.8573601880766437,0.0,0.6792793654713297,145.960625,,top3,,,,,2000.0,0.7,3.0,20.0,297.1408004760742,662.496484375,0.3607296079397201,4.396549689769745
gate2C_support_mask,N1600_noise0p05,1600,0.05,5,Structured DT,DT,460.2736044224712,420.42955294452105,477.5980827412801,0.6969577776374614,0.116328125,0.726973100005888,140.23546875,565.6158447265625,none,,,,,,,,,,,,
gate2C_support_mask,N1600_noise0p05,1600,0.05,5,Structured DT support count>=1,DT,455.92334637224246,420.42955294452105,477.5980827412801,0.6208624492164847,0.0,0.813823777351248,204.428671875,565.6158447265625,count>=1,,,,,,,,,,,,
gate2C_support_mask,N1600_noise0p05,1600,0.05,5,Structured DT support top3,DT,455.92334637224246,420.42955294452105,477.5980827412801,0.6208624492164847,0.0,0.813823777351248,204.428671875,565.6158447265625,top3,,,,,,,,,,,,
gate2C_support_mask,N1600_noise0p05,1600,0.05,5,Vanilla DT,DT,442.6452157637136,420.42955294452105,477.5980827412801,0.3885995126719526,0.1178125,0.7308635333928816,151.006953125,473.753662109375,none,,,,,,,,,,,,
gate2C_support_mask,N1600_noise0p05,1600,0.05,5,Vanilla DT support top3,DT,445.66083420712073,420.42955294452105,477.5980827412801,0.4413491365319327,0.0,0.7882600723658512,146.239765625,473.753662109375,top3,,,,,,,,,,,,
gate2A_fixed_value_guided_dt,N1600_noise0p05,1600,0.05,5,Q-DT fixed td denoised,Q-DT,464.0914815348736,420.42955294452105,477.5980827412801,0.7637406234789649,0.35953125,0.4997010840603557,70.63734375,30275.837890625,none,td,True,2000.0,0.1,,,,,,,,
gate2A_fixed_value_guided_dt,N1600_noise0p05,1600,0.05,5,Q-DT fixed td denoised support top3,Q-DT,475.5877408677786,420.42955294452105,477.5980827412801,0.964834815926726,0.0,0.7676208936220493,110.365,30275.837890625,top3,td,True,2000.0,0.1,,,,,,,,
gate2A_fixed_value_guided_dt,N1600_noise0p05,1600,0.05,5,Q-DT fixed q_sa,Q-DT,464.24107670924127,420.42955294452105,477.5980827412801,0.7663573634038764,0.296953125,0.5320521515089848,64.2865625,27523.732421875,none,q_sa,False,2000.0,0.1,,,,,,,,
gate2A_fixed_value_guided_dt,N1600_noise0p05,1600,0.05,5,Q-DT fixed q_sa support top3,Q-DT,470.2025739670597,420.42955294452105,477.5980827412801,0.8706367156805973,0.0,0.7777786532322591,131.864609375,27523.732421875,top3,q_sa,False,2000.0,0.1,,,,,,,,
gate2B_iql,N1600_noise0p05,1600,0.05,5,IQL expectile0.7 beta3,IQL,458.54235858041807,420.42955294452105,477.5980827412801,0.6666745807770916,0.411328125,0.5050387990733745,55.04703125,,none,,,,,2000.0,0.7,3.0,20.0,188.3685752868652,325.97044830322267,0.6580200508236885,5.287812948226929
gate2B_iql,N1600_noise0p05,1600,0.05,5,IQL expectile0.7 beta3 support top3,IQL,474.1743198023042,420.42955294452105,477.5980827412801,0.9401110549606968,0.0,0.7025550268989779,99.848203125,,top3,,,,,2000.0,0.7,3.0,20.0,188.3685752868652,325.97044830322267,0.6580200508236885,5.287812948226929
gate2C_support_mask,N1600_noise0p05,1600,0.05,6,Structured DT,DT,456.8516442661811,420.4015625942231,477.26680319791535,0.6409905468612631,0.093359375,0.7449801956047085,179.116796875,567.6694946289062,none,,,,,,,,,,,,
gate2C_support_mask,N1600_noise0p05,1600,0.05,6,Structured DT support count>=1,DT,454.7191864601341,420.4015625942231,477.26680319791535,0.6034903484376142,0.0,0.8116992943672973,217.850703125,567.6694946289062,count>=1,,,,,,,,,,,,
gate2C_support_mask,N1600_noise0p05,1600,0.05,6,Structured DT support top3,DT,454.7191864601341,420.4015625942231,477.26680319791535,0.6034903484376142,0.0,0.8116992943672973,217.850703125,567.6694946289062,top3,,,,,,,,,,,,
gate2C_support_mask,N1600_noise0p05,1600,0.05,6,Vanilla DT,DT,448.71958584981473,420.4015625942231,477.26680319791535,0.497984761076575,0.19875,0.5922123354174713,84.2478125,473.726806640625,none,,,,,,,,,,,,
gate2C_support_mask,N1600_noise0p05,1600,0.05,6,Vanilla DT support top3,DT,447.7251473040436,420.4015625942231,477.26680319791535,0.4804971265354393,0.0,0.73733971662717,131.146171875,473.726806640625,top3,,,,,,,,,,,,
gate2A_fixed_value_guided_dt,N1600_noise0p05,1600,0.05,6,Q-DT fixed td denoised,Q-DT,464.2220332250175,420.4015625942231,477.26680319791535,0.7706020438072176,0.28515625,0.5782147819858559,64.59109375,28951.841796875,none,td,True,2000.0,0.1,,,,,,,,
gate2A_fixed_value_guided_dt,N1600_noise0p05,1600,0.05,6,Q-DT fixed td denoised support top3,Q-DT,473.34382689992543,420.4015625942231,477.26680319791535,0.9310127547805503,0.0,0.7484131992742227,114.29109375,28951.841796875,top3,td,True,2000.0,0.1,,,,,,,,
gate2A_fixed_value_guided_dt,N1600_noise0p05,1600,0.05,6,Q-DT fixed q_sa,Q-DT,455.41808092715206,420.4015625942231,477.26680319791535,0.6157807117526791,0.333359375,0.4849493213770883,49.617265625,26054.65625,none,q_sa,False,2000.0,0.1,,,,,,,,
gate2A_fixed_value_guided_dt,N1600_noise0p05,1600,0.05,6,Q-DT fixed q_sa support top3,Q-DT,472.7033883662002,420.4015625942231,477.26680319791535,0.9197503644885864,0.0,0.757427330512003,118.1446875,26054.65625,top3,q_sa,False,2000.0,0.1,,,,,,,,
gate2B_iql,N1600_noise0p05,1600,0.05,6,IQL expectile0.7 beta3,IQL,458.1006282789195,420.4015625942231,477.26680319791535,0.6629544742003359,0.45046875,0.401929116172101,45.135703125,,none,,,,,2000.0,0.7,3.0,20.0,239.8442825317383,167.16588973999023,1.444441443681717,5.7472353219985965
gate2B_iql,N1600_noise0p05,1600,0.05,6,IQL expectile0.7 beta3 support top3,IQL,475.5055606160253,420.4015625942231,477.26680319791535,0.9690277828214152,0.0,0.7420135542658304,101.509453125,,top3,,,,,2000.0,0.7,3.0,20.0,239.8442825317383,167.16588973999023,1.444441443681717,5.7472353219985965
gate2C_support_mask,N1600_noise0p05,1600,0.05,7,Structured DT,DT,458.5985024699362,422.5603637349696,478.8785864087379,0.6399019184913363,0.188046875,0.6672803803329398,145.476171875,562.9495239257812,none,,,,,,,,,,,,
gate2C_support_mask,N1600_noise0p05,1600,0.05,7,Structured DT support count>=1,DT,459.6322672142602,422.5603637349696,478.8785864087379,0.658257695631397,0.0,0.7919507476449258,158.00875,562.9495239257812,count>=1,,,,,,,,,,,,
gate2C_support_mask,N1600_noise0p05,1600,0.05,7,Structured DT support top3,DT,459.6322672142602,422.5603637349696,478.8785864087379,0.658257695631397,0.0,0.7919507476449258,158.00875,562.9495239257812,top3,,,,,,,,,,,,
gate2C_support_mask,N1600_noise0p05,1600,0.05,7,Vanilla DT,DT,447.5543180499541,422.5603637349696,478.8785864087379,0.4437987054343972,0.1590625,0.6356874314440879,98.476953125,474.2578125,none,,,,,,,,,,,,
gate2C_support_mask,N1600_noise0p05,1600,0.05,7,Vanilla DT support top3,DT,450.2429175303763,422.5603637349696,478.8785864087379,0.4915381288887974,0.0,0.7355291084195759,131.041796875,474.2578125,top3,,,,,,,,,,,,
gate2A_fixed_value_guided_dt,N1600_noise0p05,1600,0.05,7,Q-DT fixed td denoised,Q-DT,466.5233545601597,422.5603637349696,478.8785864087379,0.7806175113133861,0.296328125,0.5529618939757766,72.879453125,29056.826171875,none,td,True,2000.0,0.1,,,,,,,,
gate2A_fixed_value_guided_dt,N1600_noise0p05,1600,0.05,7,Q-DT fixed td denoised support top3,Q-DT,474.4948566133655,422.5603637349696,478.8785864087379,0.9221614321750572,0.0,0.7737556013123913,124.68515625,29056.826171875,top3,td,True,2000.0,0.1,,,,,,,,
gate2A_fixed_value_guided_dt,N1600_noise0p05,1600,0.05,7,Q-DT fixed q_sa,Q-DT,466.375327433842,422.5603637349696,478.8785864087379,0.7779891058117573,0.26125,0.5726774018041246,66.581640625,26310.912109375,none,q_sa,False,2000.0,0.1,,,,,,,,
gate2A_fixed_value_guided_dt,N1600_noise0p05,1600,0.05,7,Q-DT fixed q_sa support top3,Q-DT,469.8788715756547,422.5603637349696,478.8785864087379,0.8401988840234653,0.0,0.7723133372971382,135.2353125,26310.912109375,top3,q_sa,False,2000.0,0.1,,,,,,,,
gate2B_iql,N1600_noise0p05,1600,0.05,7,IQL expectile0.7 beta3,IQL,455.8889206300165,422.5603637349696,478.8785864087379,0.5917899271805427,0.737578125,0.2544023328146786,16.331171875,,none,,,,,2000.0,0.7,3.0,20.0,208.4082244873047,157.1989990234375,0.7259371846914291,5.831348848342896
gate2B_iql,N1600_noise0p05,1600,0.05,7,IQL expectile0.7 beta3 support top3,IQL,477.0546634311439,422.5603637349696,478.8785864087379,0.967613981922701,0.0,0.7507813236725692,108.756171875,,top3,,,,,2000.0,0.7,3.0,20.0,208.4082244873047,157.1989990234375,0.7259371846914291,5.831348848342896
gate2C_support_mask,N1600_noise0p05,1600,0.05,8,Structured DT,DT,463.6479473328301,421.64695137411786,478.1010548050897,0.7439848196343813,0.195078125,0.620156294007118,117.111328125,575.354248046875,none,,,,,,,,,,,,
gate2C_support_mask,N1600_noise0p05,1600,0.05,8,Structured DT support count>=1,DT,462.5801908064411,421.64695137411786,478.1010548050897,0.7250711098861679,0.0,0.7845710813697423,168.22671875,575.354248046875,count>=1,,,,,,,,,,,,
gate2C_support_mask,N1600_noise0p05,1600,0.05,8,Structured DT support top3,DT,462.5801908064411,421.64695137411786,478.1010548050897,0.7250711098861679,0.0,0.7845710813697423,168.22671875,575.354248046875,top3,,,,,,,,,,,,
gate2C_support_mask,N1600_noise0p05,1600,0.05,8,Vanilla DT,DT,444.7416910584776,421.64695137411786,478.1010548050897,0.4090887691201827,0.1934375,0.6598219690668558,146.713984375,477.54290771484375,none,,,,,,,,,,,,
gate2C_support_mask,N1600_noise0p05,1600,0.05,8,Vanilla DT support top3,DT,451.05003500365126,421.64695137411786,478.1010548050897,0.5208316462856496,0.0,0.7753997110084907,179.435,477.54290771484375,top3,,,,,,,,,,,,
gate2A_fixed_value_guided_dt,N1600_noise0p05,1600,0.05,8,Q-DT fixed td denoised,Q-DT,468.6478054176329,421.64695137411786,478.1010548050897,0.832549826975544,0.2278125,0.6482377909661906,77.33921875,32338.8828125,none,td,True,2000.0,0.1,,,,,,,,
gate2A_fixed_value_guided_dt,N1600_noise0p05,1600,0.05,8,Q-DT fixed td denoised support top3,Q-DT,473.9993806445541,421.64695137411786,478.1010548050897,0.9273449774018492,0.0,0.7459923509707784,115.196796875,32338.8828125,top3,td,True,2000.0,0.1,,,,,,,,
gate2A_fixed_value_guided_dt,N1600_noise0p05,1600,0.05,8,Q-DT fixed q_sa,Q-DT,462.6620031879592,421.64695137411786,478.1010548050897,0.7265202938523632,0.350625,0.4920061356237352,55.3390625,29415.91015625,none,q_sa,False,2000.0,0.1,,,,,,,,
gate2A_fixed_value_guided_dt,N1600_noise0p05,1600,0.05,8,Q-DT fixed q_sa support top3,Q-DT,472.88275729567954,421.64695137411786,478.1010548050897,0.9075656649867672,0.0,0.7725034205228942,127.4025,29415.91015625,top3,q_sa,False,2000.0,0.1,,,,,,,,
gate2B_iql,N1600_noise0p05,1600,0.05,8,IQL expectile0.7 beta3,IQL,453.08969176424944,421.64695137411786,478.1010548050897,0.5569611149449496,0.55453125,0.3999628771274177,42.18046875,,none,,,,,2000.0,0.7,3.0,20.0,133.0134750366211,200.23664016723632,0.9217358946800231,5.5533977270126345
gate2B_iql,N1600_noise0p05,1600,0.05,8,IQL expectile0.7 beta3 support top3,IQL,476.19330276055217,421.64695137411786,478.1010548050897,0.9662070260867718,0.0,0.7507260665318504,106.22078125,,top3,,,,,2000.0,0.7,3.0,20.0,133.0134750366211,200.23664016723632,0.9217358946800231,5.5533977270126345
gate2C_support_mask,N1600_noise0p05,1600,0.05,9,Structured DT,DT,464.1813267824251,421.14554862217454,477.7638570902434,0.7601035658725402,0.198671875,0.6147908476231811,83.07953125,562.0091552734375,none,,,,,,,,,,,,
gate2C_support_mask,N1600_noise0p05,1600,0.05,9,Structured DT support count>=1,DT,462.1599768793118,421.14554862217454,477.7638570902434,0.7244022184143534,0.0,0.7945585002676515,165.132109375,562.0091552734375,count>=1,,,,,,,,,,,,
gate2C_support_mask,N1600_noise0p05,1600,0.05,9,Structured DT support top3,DT,462.1599768793118,421.14554862217454,477.7638570902434,0.7244022184143534,0.0,0.7945585002676515,165.132109375,562.0091552734375,top3,,,,,,,,,,,,
gate2C_support_mask,N1600_noise0p05,1600,0.05,9,Vanilla DT,DT,447.8311837743438,421.14554862217454,477.7638570902434,0.4713251927549056,0.167578125,0.6224713590659384,90.356953125,476.0245971679688,none,,,,,,,,,,,,
gate2C_support_mask,N1600_noise0p05,1600,0.05,9,Vanilla DT support top3,DT,451.425494666867,421.14554862217454,477.7638570902434,0.5348083837893091,0.0,0.7591932451410685,130.535859375,476.0245971679688,top3,,,,,,,,,,,,
gate2A_fixed_value_guided_dt,N1600_noise0p05,1600,0.05,9,Q-DT fixed td denoised,Q-DT,463.01857361859976,421.14554862217454,477.7638570902434,0.7395668667855105,0.379453125,0.5075841612045348,50.90421875,28136.36328125,none,td,True,2000.0,0.1,,,,,,,,
gate2A_fixed_value_guided_dt,N1600_noise0p05,1600,0.05,9,Q-DT fixed td denoised support top3,Q-DT,475.7464197757399,421.14554862217454,477.7638570902434,0.9643677571956903,0.0,0.7662984346380591,110.916953125,28136.36328125,top3,td,True,2000.0,0.1,,,,,,,,
gate2A_fixed_value_guided_dt,N1600_noise0p05,1600,0.05,9,Q-DT fixed q_sa,Q-DT,461.2239601724335,421.14554862217454,477.7638570902434,0.7078701684078409,0.48015625,0.3885122370147364,56.533828125,25769.1328125,none,q_sa,False,2000.0,0.1,,,,,,,,
gate2A_fixed_value_guided_dt,N1600_noise0p05,1600,0.05,9,Q-DT fixed q_sa support top3,Q-DT,473.9716911472146,421.14554862217454,477.7638570902434,0.9330222670787236,0.0,0.7559325456008702,116.70390625,25769.1328125,top3,q_sa,False,2000.0,0.1,,,,,,,,
gate2B_iql,N1600_noise0p05,1600,0.05,9,IQL expectile0.7 beta3,IQL,465.3352075703773,421.14554862217454,477.7638570902434,0.7804835598916635,0.3671875,0.4578050048822457,46.795,,none,,,,,2000.0,0.7,3.0,20.0,240.39152603149412,323.78980560302733,4.145722749829292,5.11223669052124
gate2B_iql,N1600_noise0p05,1600,0.05,9,IQL expectile0.7 beta3 support top3,IQL,475.4706412421125,421.14554862217454,477.7638570902434,0.9594969205160164,0.0,0.7516285666806514,106.469921875,,top3,,,,,2000.0,0.7,3.0,20.0,240.39152603149412,323.78980560302733,4.145722749829292,5.11223669052124
gate2C_support_mask,N1600_noise0p2,1600,0.2,0,Structured DT,DT,456.604789204882,420.6941057714956,478.158742618527,0.6249179565683012,0.218984375,0.5519821060632801,101.482734375,566.9313354492188,none,,,,,,,,,,,,
gate2C_support_mask,N1600_noise0p2,1600,0.2,0,Structured DT support count>=1,DT,460.9137227315212,420.6941057714956,478.158742618527,0.6999020470117749,0.0,0.7372118088766989,146.52765625,566.9313354492188,count>=1,,,,,,,,,,,,
gate2C_support_mask,N1600_noise0p2,1600,0.2,0,Structured DT support top3,DT,460.9137227315212,420.6941057714956,478.158742618527,0.6999020470117749,0.0,0.7372118088766989,146.52765625,566.9313354492188,top3,,,,,,,,,,,,
gate2C_support_mask,N1600_noise0p2,1600,0.2,0,Vanilla DT,DT,452.40036209300473,420.6941057714956,478.158742618527,0.5517524874630277,0.005546875,0.8471452587500005,221.731015625,492.1125793457031,none,,,,,,,,,,,,
gate2C_support_mask,N1600_noise0p2,1600,0.2,0,Vanilla DT support top3,DT,452.08982447415946,420.6941057714956,478.158742618527,0.5463485097145576,0.0,0.8390069649055623,221.797578125,492.1125793457031,top3,,,,,,,,,,,,
gate2A_fixed_value_guided_dt,N1600_noise0p2,1600,0.2,0,Q-DT fixed td denoised,Q-DT,464.5653175108405,420.6941057714956,478.158742618527,0.763447124117888,0.301640625,0.575185787991504,72.58921875,27211.888671875,none,td,True,2000.0,0.1,,,,,,,,
gate2A_fixed_value_guided_dt,N1600_noise0p2,1600,0.2,0,Q-DT fixed td denoised support top3,Q-DT,475.596622414171,420.6941057714956,478.158742618527,0.9554139668336152,0.0,0.7533326848739408,106.884765625,27211.888671875,top3,td,True,2000.0,0.1,,,,,,,,
gate2A_fixed_value_guided_dt,N1600_noise0p2,1600,0.2,0,Q-DT fixed q_sa,Q-DT,466.1370903068317,420.6941057714956,478.158742618527,0.7907991249697359,0.28109375,0.553115996718212,70.168359375,24852.79296875,none,q_sa,False,2000.0,0.1,,,,,,,,
gate2A_fixed_value_guided_dt,N1600_noise0p2,1600,0.2,0,Q-DT fixed q_sa support top3,Q-DT,473.4908669678885,420.6941057714956,478.158742618527,0.9187695962812006,0.0,0.7677803278613089,120.858359375,24852.79296875,top3,q_sa,False,2000.0,0.1,,,,,,,,
gate2B_iql,N1600_noise0p2,1600,0.2,0,IQL expectile0.7 beta3,IQL,461.8993669707715,420.6941057714956,478.158742618527,0.7170542347454953,0.423828125,0.3478480945345805,42.7896875,,none,,,,,2000.0,0.7,3.0,20.0,234.7941650390625,102.62117462158204,0.411156390607357,5.826190853118897
gate2B_iql,N1600_noise0p2,1600,0.2,0,IQL expectile0.7 beta3 support top3,IQL,470.2266493284067,420.6941057714956,478.158742618527,0.8619656587888095,0.0,0.6851143658310451,143.54515625,,top3,,,,,2000.0,0.7,3.0,20.0,234.7941650390625,102.62117462158204,0.411156390607357,5.826190853118897
gate2C_support_mask,N1600_noise0p2,1600,0.2,1,Structured DT,DT,459.24266755317177,422.2408621751993,479.0817275720908,0.6509718865046703,0.125859375,0.74053584928146,134.87515625,564.6427612304688,none,,,,,,,,,,,,
gate2C_support_mask,N1600_noise0p2,1600,0.2,1,Structured DT support count>=1,DT,459.4071777904122,422.2408621751993,479.0817275720908,0.6538661112159191,0.0,0.82985616834185,206.114296875,564.6427612304688,count>=1,,,,,,,,,,,,
gate2C_support_mask,N1600_noise0p2,1600,0.2,1,Structured DT support top3,DT,459.4071777904122,422.2408621751993,479.0817275720908,0.6538661112159191,0.0,0.82985616834185,206.114296875,564.6427612304688,top3,,,,,,,,,,,,
gate2C_support_mask,N1600_noise0p2,1600,0.2,1,Vanilla DT,DT,456.49241186726994,422.2408621751993,479.0817275720908,0.6025867032971634,0.025703125,0.8168531137200996,209.56046875,491.1366882324219,none,,,,,,,,,,,,
gate2C_support_mask,N1600_noise0p2,1600,0.2,1,Vanilla DT support top3,DT,455.6005516778197,422.2408621751993,479.0817275720908,0.5868962280867178,0.0,0.8298880269714394,219.96171875,491.1366882324219,top3,,,,,,,,,,,,
gate2A_fixed_value_guided_dt,N1600_noise0p2,1600,0.2,1,Q-DT fixed td denoised,Q-DT,464.4928810170777,422.2408621751993,479.0817275720908,0.7433387677484068,0.34,0.5558347606315752,122.286015625,36668.80078125,none,td,True,2000.0,0.1,,,,,,,,
gate2A_fixed_value_guided_dt,N1600_noise0p2,1600,0.2,1,Q-DT fixed td denoised support top3,Q-DT,469.1174278974167,422.2408621751993,479.0817275720908,0.8246983115915226,0.0,0.8054649712433547,168.20046875,36668.80078125,top3,td,True,2000.0,0.1,,,,,,,,
gate2A_fixed_value_guided_dt,N1600_noise0p2,1600,0.2,1,Q-DT fixed q_sa,Q-DT,467.0475300201487,422.2408621751993,479.0817275720908,0.788282647213176,0.25359375,0.5647688113465518,68.076640625,32927.64453125,none,q_sa,False,2000.0,0.1,,,,,,,,
gate2A_fixed_value_guided_dt,N1600_noise0p2,1600,0.2,1,Q-DT fixed q_sa support top3,Q-DT,472.14501445945626,422.2408621751993,479.0817275720908,0.877962570340918,0.0,0.7718115438871079,129.746953125,32927.64453125,top3,q_sa,False,2000.0,0.1,,,,,,,,
gate2B_iql,N1600_noise0p2,1600,0.2,1,IQL expectile0.7 beta3,IQL,449.8271054946356,422.2408621751993,479.0817275720908,0.4853241259930735,0.55390625,0.3994640018017789,46.322109375,,none,,,,,2000.0,0.7,3.0,20.0,412.3639282226562,301.13518676757815,0.6799830600619317,4.682792925834656
gate2B_iql,N1600_noise0p2,1600,0.2,1,IQL expectile0.7 beta3 support top3,IQL,477.04076092761375,422.2408621751993,479.0817275720908,0.9640933221155948,0.0,0.7474858795345226,111.316953125,,top3,,,,,2000.0,0.7,3.0,20.0,412.3639282226562,301.13518676757815,0.6799830600619317,4.682792925834656
gate2C_support_mask,N1600_noise0p2,1600,0.2,2,Structured DT,DT,457.7796241862623,420.7019605669336,477.9242309914933,0.6479586242250017,0.100390625,0.7390472259227221,159.844609375,566.2874755859375,none,,,,,,,,,,,,
gate2C_support_mask,N1600_noise0p2,1600,0.2,2,Structured DT support count>=1,DT,459.0110270945734,420.7019605669336,477.9242309914933,0.6694782685728184,0.0,0.8092112802706987,180.253125,566.2874755859375,count>=1,,,,,,,,,,,,
gate2C_support_mask,N1600_noise0p2,1600,0.2,2,Structured DT support top3,DT,459.0110270945734,420.7019605669336,477.9242309914933,0.6694782685728184,0.0,0.8092112802706987,180.253125,566.2874755859375,top3,,,,,,,,,,,,
gate2C_support_mask,N1600_noise0p2,1600,0.2,2,Vanilla DT,DT,454.21091070590455,420.7019605669336,477.9242309914933,0.5855928101131228,0.04046875,0.8198503379602563,211.8053125,490.1085815429688,none,,,,,,,,,,,,
gate2C_support_mask,N1600_noise0p2,1600,0.2,2,Vanilla DT support top3,DT,453.8867570979996,420.7019605669336,477.9242309914933,0.5799279945526798,0.0,0.8443716833151924,224.5096875,490.1085815429688,top3,,,,,,,,,,,,
gate2A_fixed_value_guided_dt,N1600_noise0p2,1600,0.2,2,Q-DT fixed td denoised,Q-DT,466.8792419484844,420.7019605669336,477.9242309914933,0.8069809365993215,0.243203125,0.6428809547662699,83.24078125,35332.34375,none,td,True,2000.0,0.1,,,,,,,,
gate2A_fixed_value_guided_dt,N1600_noise0p2,1600,0.2,2,Q-DT fixed td denoised support top3,Q-DT,477.0211619837453,420.7019605669336,477.9242309914933,0.9842182248091932,0.0,0.771344897092025,107.572421875,35332.34375,top3,td,True,2000.0,0.1,,,,,,,,
gate2A_fixed_value_guided_dt,N1600_noise0p2,1600,0.2,2,Q-DT fixed q_sa,Q-DT,465.7835459869517,420.7019605669336,477.9242309914933,0.7878328679644476,0.2603125,0.5841701168366993,77.790078125,31916.486328125,none,q_sa,False,2000.0,0.1,,,,,,,,
gate2A_fixed_value_guided_dt,N1600_noise0p2,1600,0.2,2,Q-DT fixed q_sa support top3,Q-DT,469.9111913217789,420.7019605669336,477.9242309914933,0.8599664149943411,0.0,0.7979992485328024,143.961171875,31916.486328125,top3,q_sa,False,2000.0,0.1,,,,,,,,
gate2B_iql,N1600_noise0p2,1600,0.2,2,IQL expectile0.7 beta3,IQL,462.9733989062962,420.7019605669336,477.9242309914933,0.7387235428746599,0.49703125,0.4143079264148516,40.196796875,,none,,,,,2000.0,0.7,3.0,20.0,243.9786003112793,76.81476364135742,1.0080250352621078,5.596978068351746
gate2B_iql,N1600_noise0p2,1600,0.2,2,IQL expectile0.7 beta3 support top3,IQL,474.2412268703986,420.7019605669336,477.9242309914933,0.9356368754023788,0.0,0.7400260871274095,99.835546875,,top3,,,,,2000.0,0.7,3.0,20.0,243.9786003112793,76.81476364135742,1.0080250352621078,5.596978068351746
gate2C_support_mask,N1600_noise0p2,1600,0.2,3,Structured DT,DT,463.7643083020576,420.1985074854882,477.6588309814034,0.7581892715878347,0.10515625,0.724891506611917,126.266640625,552.7017211914062,none,,,,,,,,,,,,
gate2C_support_mask,N1600_noise0p2,1600,0.2,3,Structured DT support count>=1,DT,459.4109016363864,420.1985074854882,477.6588309814034,0.6824255723810143,0.0,0.7977514040311482,184.699609375,552.7017211914062,count>=1,,,,,,,,,,,,
gate2C_support_mask,N1600_noise0p2,1600,0.2,3,Structured DT support top3,DT,459.4109016363864,420.1985074854882,477.6588309814034,0.6824255723810143,0.0,0.7977514040311482,184.699609375,552.7017211914062,top3,,,,,,,,,,,,
gate2C_support_mask,N1600_noise0p2,1600,0.2,3,Vanilla DT,DT,454.05208264945946,420.1985074854882,477.6588309814034,0.5891643677637463,0.0,0.8236525542190742,212.852109375,488.0391845703125,none,,,,,,,,,,,,
gate2C_support_mask,N1600_noise0p2,1600,0.2,3,Vanilla DT support top3,DT,454.05208264945946,420.1985074854882,477.6588309814034,0.5891643677637463,0.0,0.8236525542190742,212.852109375,488.0391845703125,top3,,,,,,,,,,,,
gate2A_fixed_value_guided_dt,N1600_noise0p2,1600,0.2,3,Q-DT fixed td denoised,Q-DT,464.58832665345386,420.1985074854882,477.6588309814034,0.7725299209483433,0.283828125,0.6216756478409018,66.157734375,39388.765625,none,td,True,2000.0,0.1,,,,,,,,
gate2A_fixed_value_guided_dt,N1600_noise0p2,1600,0.2,3,Q-DT fixed td denoised support top3,Q-DT,475.51135172413495,420.1985074854882,477.6588309814034,0.9626267461334224,0.0,0.7563751261024714,109.82625,39388.765625,top3,td,True,2000.0,0.1,,,,,,,,
gate2A_fixed_value_guided_dt,N1600_noise0p2,1600,0.2,3,Q-DT fixed q_sa,Q-DT,463.7148631949788,420.1985074854882,477.6588309814034,0.7573287629086198,0.47046875,0.3934611644310306,44.8796875,36133.5625,none,q_sa,False,2000.0,0.1,,,,,,,,
gate2A_fixed_value_guided_dt,N1600_noise0p2,1600,0.2,3,Q-DT fixed q_sa support top3,Q-DT,474.83264538080925,420.1985074854882,477.6588309814034,0.9508150071449716,0.0,0.7431728842718993,112.395,36133.5625,top3,q_sa,False,2000.0,0.1,,,,,,,,
gate2B_iql,N1600_noise0p2,1600,0.2,3,IQL expectile0.7 beta3,IQL,453.4969479718564,420.1985074854882,477.6588309814034,0.5795031851628073,0.2665625,0.4159765953346784,55.80828125,,none,,,,,2000.0,0.7,3.0,20.0,249.4886596679688,255.6688041687012,1.039645606279373,5.947625350952149
gate2B_iql,N1600_noise0p2,1600,0.2,3,IQL expectile0.7 beta3 support top3,IQL,469.7250526532164,420.1985074854882,477.6588309814034,0.8619259717750964,0.0,0.7173837227153563,120.37359375,,top3,,,,,2000.0,0.7,3.0,20.0,249.4886596679688,255.6688041687012,1.039645606279373,5.947625350952149
gate2C_support_mask,N1600_noise0p2,1600,0.2,4,Structured DT,DT,465.75161945920337,422.8141069914742,479.6367344894461,0.7556410950771624,0.163125,0.6604033130628838,108.12296875,585.184326171875,none,,,,,,,,,,,,
gate2C_support_mask,N1600_noise0p2,1600,0.2,4,Structured DT support count>=1,DT,464.1906801666118,422.8141069914742,479.6367344894461,0.7281707129191518,0.0,0.7861489341848491,158.0678125,585.184326171875,count>=1,,,,,,,,,,,,
gate2C_support_mask,N1600_noise0p2,1600,0.2,4,Structured DT support top3,DT,464.1906801666118,422.8141069914742,479.6367344894461,0.7281707129191518,0.0,0.7861489341848491,158.0678125,585.184326171875,top3,,,,,,,,,,,,
gate2C_support_mask,N1600_noise0p2,1600,0.2,4,Vanilla DT,DT,456.94633429252593,422.8141069914742,479.6367344894461,0.6006802008983124,0.028515625,0.8234266877429699,214.93921875,494.8833923339844,none,,,,,,,,,,,,
gate2C_support_mask,N1600_noise0p2,1600,0.2,4,Vanilla DT support top3,DT,456.2300517462868,422.8141069914742,479.6367344894461,0.5880746143955639,0.0,0.8285304157025654,214.707421875,494.8833923339844,top3,,,,,,,,,,,,
gate2A_fixed_value_guided_dt,N1600_noise0p2,1600,0.2,4,Q-DT fixed td denoised,Q-DT,467.3611780147739,422.8141069914742,479.6367344894461,0.7839671093155565,0.25953125,0.6440143371867882,76.150546875,30226.94921875,none,td,True,2000.0,0.1,,,,,,,,
gate2A_fixed_value_guided_dt,N1600_noise0p2,1600,0.2,4,Q-DT fixed td denoised support top3,Q-DT,469.8215420730741,422.8141069914742,479.6367344894461,0.8272661288547013,0.0,0.7908882020997933,156.4665625,30226.94921875,top3,td,True,2000.0,0.1,,,,,,,,
gate2A_fixed_value_guided_dt,N1600_noise0p2,1600,0.2,4,Q-DT fixed q_sa,Q-DT,466.176389682036,422.8141069914742,479.6367344894461,0.7631164660963529,0.31375,0.5056315945997717,61.42890625,27532.703125,none,q_sa,False,2000.0,0.1,,,,,,,,
gate2A_fixed_value_guided_dt,N1600_noise0p2,1600,0.2,4,Q-DT fixed q_sa support top3,Q-DT,473.85038958390834,422.8141069914742,479.6367344894461,0.8981682973786405,0.0,0.7748412920126755,133.493046875,27532.703125,top3,q_sa,False,2000.0,0.1,,,,,,,,
gate2B_iql,N1600_noise0p2,1600,0.2,4,IQL expectile0.7 beta3,IQL,453.81878018733465,422.8141069914742,479.6367344894461,0.5456395552452598,0.49390625,0.3274615419542538,31.880390625,,none,,,,,2000.0,0.7,3.0,20.0,511.8055816650391,731.6690307617188,0.3618424646556377,4.6703603029251095
gate2B_iql,N1600_noise0p2,1600,0.2,4,IQL expectile0.7 beta3 support top3,IQL,471.01311087955503,422.8141069914742,479.6367344894461,0.848236099075164,0.0,0.6720470016099435,145.085625,,top3,,,,,2000.0,0.7,3.0,20.0,511.8055816650391,731.6690307617188,0.3618424646556377,4.6703603029251095
gate2C_support_mask,N1600_noise0p2,1600,0.2,5,Structured DT,DT,466.1703081738659,420.42955294452105,477.5980827412801,0.8001037527457625,0.148984375,0.6476640335024519,95.641640625,569.0307006835938,none,,,,,,,,,,,,
gate2C_support_mask,N1600_noise0p2,1600,0.2,5,Structured DT support count>=1,DT,463.9326349033047,420.42955294452105,477.5980827412801,0.7609620557576394,0.0,0.7532410589275509,139.220625,569.0307006835938,count>=1,,,,,,,,,,,,
gate2C_support_mask,N1600_noise0p2,1600,0.2,5,Structured DT support top3,DT,463.9326349033047,420.42955294452105,477.5980827412801,0.7609620557576394,0.0,0.7532410589275509,139.220625,569.0307006835938,top3,,,,,,,,,,,,
gate2C_support_mask,N1600_noise0p2,1600,0.2,5,Vanilla DT,DT,451.0911688537386,420.42955294452105,477.5980827412801,0.5363373173706456,0.0103125,0.8486663023364965,222.24703125,490.1236877441406,none,,,,,,,,,,,,
gate2C_support_mask,N1600_noise0p2,1600,0.2,5,Vanilla DT support top3,DT,450.4911189674684,420.42955294452105,477.5980827412801,0.5258411599846938,0.0,0.8457530713910002,226.97515625,490.1236877441406,top3,,,,,,,,,,,,
gate2A_fixed_value_guided_dt,N1600_noise0p2,1600,0.2,5,Q-DT fixed td denoised,Q-DT,464.0914815348736,420.42955294452105,477.5980827412801,0.7637406234789649,0.35953125,0.4997010840603557,70.63734375,30444.244140625,none,td,True,2000.0,0.1,,,,,,,,
gate2A_fixed_value_guided_dt,N1600_noise0p2,1600,0.2,5,Q-DT fixed td denoised support top3,Q-DT,475.5877408677786,420.42955294452105,477.5980827412801,0.964834815926726,0.0,0.7676208936220493,110.365,30444.244140625,top3,td,True,2000.0,0.1,,,,,,,,
gate2A_fixed_value_guided_dt,N1600_noise0p2,1600,0.2,5,Q-DT fixed q_sa,Q-DT,464.2103062573504,420.42955294452105,477.5980827412801,0.7658191223121382,0.29125,0.54027488788719,66.333984375,27746.33203125,none,q_sa,False,2000.0,0.1,,,,,,,,
gate2A_fixed_value_guided_dt,N1600_noise0p2,1600,0.2,5,Q-DT fixed q_sa support top3,Q-DT,470.2025739670597,420.42955294452105,477.5980827412801,0.8706367156805973,0.0,0.7777786532322591,131.864609375,27746.33203125,top3,q_sa,False,2000.0,0.1,,,,,,,,
gate2B_iql,N1600_noise0p2,1600,0.2,5,IQL expectile0.7 beta3,IQL,457.55908142899966,420.42955294452105,477.5980827412801,0.6494749579266514,0.4171875,0.5079761272131513,54.01578125,,none,,,,,2000.0,0.7,3.0,20.0,361.6277648925781,353.7163314819336,0.6469947248697281,5.343923306465149
gate2B_iql,N1600_noise0p2,1600,0.2,5,IQL expectile0.7 beta3 support top3,IQL,473.7744700629223,420.42955294452105,477.5980827412801,0.9331168268284808,0.0,0.7121448791757727,100.012265625,,top3,,,,,2000.0,0.7,3.0,20.0,361.6277648925781,353.7163314819336,0.6469947248697281,5.343923306465149
gate2C_support_mask,N1600_noise0p2,1600,0.2,6,Structured DT,DT,457.64809930710487,420.4015625942231,477.26680319791535,0.6549965553203579,0.158671875,0.7188528983676239,161.313359375,559.2594604492188,none,,,,,,,,,,,,
gate2C_support_mask,N1600_noise0p2,1600,0.2,6,Structured DT support count>=1,DT,457.85098751539607,420.4015625942231,477.26680319791535,0.6585644327466609,0.0,0.8114352868542127,199.680390625,559.2594604492188,count>=1,,,,,,,,,,,,
gate2C_support_mask,N1600_noise0p2,1600,0.2,6,Structured DT support top3,DT,457.85098751539607,420.4015625942231,477.26680319791535,0.6585644327466609,0.0,0.8114352868542127,199.680390625,559.2594604492188,top3,,,,,,,,,,,,
gate2C_support_mask,N1600_noise0p2,1600,0.2,6,Vanilla DT,DT,455.2134776043461,420.4015625942231,477.26680319791535,0.6121826732913301,0.005390625,0.8324380781970333,214.79125,487.4206237792969,none,,,,,,,,,,,,
gate2C_support_mask,N1600_noise0p2,1600,0.2,6,Vanilla DT support top3,DT,454.9116875240599,420.4015625942231,477.26680319791535,0.606875563410455,0.0,0.8258591192121051,215.5675,487.4206237792969,top3,,,,,,,,,,,,
gate2A_fixed_value_guided_dt,N1600_noise0p2,1600,0.2,6,Q-DT fixed td denoised,Q-DT,464.2220332250175,420.4015625942231,477.26680319791535,0.7706020438072176,0.28515625,0.5782147819858559,64.59109375,29409.775390625,none,td,True,2000.0,0.1,,,,,,,,
gate2A_fixed_value_guided_dt,N1600_noise0p2,1600,0.2,6,Q-DT fixed td denoised support top3,Q-DT,473.34382689992543,420.4015625942231,477.26680319791535,0.9310127547805503,0.0,0.7484131992742227,114.29109375,29409.775390625,top3,td,True,2000.0,0.1,,,,,,,,
gate2A_fixed_value_guided_dt,N1600_noise0p2,1600,0.2,6,Q-DT fixed q_sa,Q-DT,455.41808092715206,420.4015625942231,477.26680319791535,0.6157807117526791,0.333359375,0.4849493213770883,49.617265625,26448.828125,none,q_sa,False,2000.0,0.1,,,,,,,,
gate2A_fixed_value_guided_dt,N1600_noise0p2,1600,0.2,6,Q-DT fixed q_sa support top3,Q-DT,472.7033883662002,420.4015625942231,477.26680319791535,0.9197503644885864,0.0,0.757427330512003,118.1446875,26448.828125,top3,q_sa,False,2000.0,0.1,,,,,,,,
gate2B_iql,N1600_noise0p2,1600,0.2,6,IQL expectile0.7 beta3,IQL,454.60243409360936,420.4015625942231,477.26680319791535,0.6014372072693843,0.786015625,0.2211491077567366,13.207421875,,none,,,,,2000.0,0.7,3.0,20.0,461.4912979125976,226.01728134155277,1.9904864728450773,5.376817798614502
gate2B_iql,N1600_noise0p2,1600,0.2,6,IQL expectile0.7 beta3 support top3,IQL,475.5616735513529,420.4015625942231,477.26680319791535,0.9700145532057812,0.0,0.7451736323098592,104.771953125,,top3,,,,,2000.0,0.7,3.0,20.0,461.4912979125976,226.01728134155277,1.9904864728450773,5.376817798614502
gate2C_support_mask,N1600_noise0p2,1600,0.2,7,Structured DT,DT,466.7194398553657,422.5603637349696,478.8785864087379,0.7840992492997185,0.19359375,0.6068852864633382,103.09578125,612.102294921875,none,,,,,,,,,,,,
gate2C_support_mask,N1600_noise0p2,1600,0.2,7,Structured DT support count>=1,DT,464.5931098559432,422.5603637349696,478.8785864087379,0.7463436189109613,0.0,0.7860265061159225,157.25609375,612.102294921875,count>=1,,,,,,,,,,,,
gate2C_support_mask,N1600_noise0p2,1600,0.2,7,Structured DT support top3,DT,464.5931098559432,422.5603637349696,478.8785864087379,0.7463436189109613,0.0,0.7860265061159225,157.25609375,612.102294921875,top3,,,,,,,,,,,,
gate2C_support_mask,N1600_noise0p2,1600,0.2,7,Vanilla DT,DT,454.35666804607735,422.5603637349696,478.8785864087379,0.5645828792448333,0.032734375,0.8200323311005827,207.96859375,485.7826232910156,none,,,,,,,,,,,,
gate2C_support_mask,N1600_noise0p2,1600,0.2,7,Vanilla DT support top3,DT,454.7352671624498,422.5603637349696,478.8785864087379,0.5713053768379402,0.0,0.8490073898858015,215.906875,485.7826232910156,top3,,,,,,,,,,,,
gate2A_fixed_value_guided_dt,N1600_noise0p2,1600,0.2,7,Q-DT fixed td denoised,Q-DT,466.5233545601597,422.5603637349696,478.8785864087379,0.7806175113133861,0.296328125,0.5529618939757766,72.879453125,29148.318359375,none,td,True,2000.0,0.1,,,,,,,,
gate2A_fixed_value_guided_dt,N1600_noise0p2,1600,0.2,7,Q-DT fixed td denoised support top3,Q-DT,474.4948566133655,422.5603637349696,478.8785864087379,0.9221614321750572,0.0,0.7737556013123913,124.68515625,29148.318359375,top3,td,True,2000.0,0.1,,,,,,,,
gate2A_fixed_value_guided_dt,N1600_noise0p2,1600,0.2,7,Q-DT fixed q_sa,Q-DT,466.375327433842,422.5603637349696,478.8785864087379,0.7779891058117573,0.26125,0.5726774018041246,66.581640625,26436.310546875,none,q_sa,False,2000.0,0.1,,,,,,,,
gate2A_fixed_value_guided_dt,N1600_noise0p2,1600,0.2,7,Q-DT fixed q_sa support top3,Q-DT,472.4340350134144,422.5603637349696,478.8785864087379,0.8855689847910421,0.0,0.7769210604830699,128.35296875,26436.310546875,top3,q_sa,False,2000.0,0.1,,,,,,,,
gate2B_iql,N1600_noise0p2,1600,0.2,7,IQL expectile0.7 beta3,IQL,455.8889206300165,422.5603637349696,478.8785864087379,0.5917899271805427,0.737578125,0.2544023328146786,16.331171875,,none,,,,,2000.0,0.7,3.0,20.0,383.7575469970704,179.8808364868164,0.7141652181744576,5.5638113737106325
gate2B_iql,N1600_noise0p2,1600,0.2,7,IQL expectile0.7 beta3 support top3,IQL,477.0546634311439,422.5603637349696,478.8785864087379,0.967613981922701,0.0,0.7507813236725692,108.756171875,,top3,,,,,2000.0,0.7,3.0,20.0,383.7575469970704,179.8808364868164,0.7141652181744576,5.5638113737106325
gate2C_support_mask,N1600_noise0p2,1600,0.2,8,Structured DT,DT,463.2177983565493,421.64695137411786,478.1010548050897,0.7363653739229326,0.233828125,0.6069441355917181,109.660625,571.057373046875,none,,,,,,,,,,,,
gate2C_support_mask,N1600_noise0p2,1600,0.2,8,Structured DT support count>=1,DT,460.9517153837304,421.64695137411786,478.1010548050897,0.6962251035953779,0.0,0.7854757030470896,167.39859375,571.057373046875,count>=1,,,,,,,,,,,,
gate2C_support_mask,N1600_noise0p2,1600,0.2,8,Structured DT support top3,DT,460.9517153837304,421.64695137411786,478.1010548050897,0.6962251035953779,0.0,0.7854757030470896,167.39859375,571.057373046875,top3,,,,,,,,,,,,
gate2C_support_mask,N1600_noise0p2,1600,0.2,8,Vanilla DT,DT,457.5009330104789,421.64695137411786,478.1010548050897,0.6350996554254165,0.0065625,0.8231495332621489,202.37796875,488.6332702636719,none,,,,,,,,,,,,
gate2C_support_mask,N1600_noise0p2,1600,0.2,8,Vanilla DT support top3,DT,457.1037264429454,421.64695137411786,478.1010548050897,0.6280637352107031,0.0,0.8280518911751469,208.25140625,488.6332702636719,top3,,,,,,,,,,,,
gate2A_fixed_value_guided_dt,N1600_noise0p2,1600,0.2,8,Q-DT fixed td denoised,Q-DT,465.9986424129858,421.64695137411786,478.1010548050897,0.7856238668832662,0.4359375,0.4394182060870967,57.89015625,33276.23828125,none,td,True,2000.0,0.1,,,,,,,,
gate2A_fixed_value_guided_dt,N1600_noise0p2,1600,0.2,8,Q-DT fixed td denoised support top3,Q-DT,473.7280213351585,421.64695137411786,478.1010548050897,0.9225382531266614,0.0,0.7362771142843877,109.126484375,33276.23828125,top3,td,True,2000.0,0.1,,,,,,,,
gate2A_fixed_value_guided_dt,N1600_noise0p2,1600,0.2,8,Q-DT fixed q_sa,Q-DT,461.69614536424007,421.64695137411786,478.1010548050897,0.7094115672050587,0.369140625,0.4797619822834551,54.68484375,30118.365234375,none,q_sa,False,2000.0,0.1,,,,,,,,
gate2A_fixed_value_guided_dt,N1600_noise0p2,1600,0.2,8,Q-DT fixed q_sa support top3,Q-DT,472.88275729567954,421.64695137411786,478.1010548050897,0.9075656649867672,0.0,0.7725034205228942,127.4025,30118.365234375,top3,q_sa,False,2000.0,0.1,,,,,,,,
gate2B_iql,N1600_noise0p2,1600,0.2,8,IQL expectile0.7 beta3,IQL,450.9588713055868,421.64695137411786,478.1010548050897,0.5192168177342418,0.501953125,0.3719971624764375,32.326953125,,none,,,,,2000.0,0.7,3.0,20.0,287.0705924987793,252.18220977783204,0.4509773068130016,5.39724338054657
gate2B_iql,N1600_noise0p2,1600,0.2,8,IQL expectile0.7 beta3 support top3,IQL,474.83511470171,421.64695137411786,478.1010548050897,0.94214875615954,0.0,0.6936696436652121,98.319375,,top3,,,,,2000.0,0.7,3.0,20.0,287.0705924987793,252.18220977783204,0.4509773068130016,5.39724338054657
gate2C_support_mask,N1600_noise0p2,1600,0.2,9,Structured DT,DT,464.2250982299439,421.14554862217454,477.7638570902434,0.7608766629272399,0.283671875,0.5458592220604706,75.767109375,569.3482666015625,none,,,,,,,,,,,,
gate2C_support_mask,N1600_noise0p2,1600,0.2,9,Structured DT support count>=1,DT,464.677200946925,421.14554862217454,477.7638570902434,0.7688617604904442,0.0,0.798574134402348,160.60625,569.3482666015625,count>=1,,,,,,,,,,,,
gate2C_support_mask,N1600_noise0p2,1600,0.2,9,Structured DT support top3,DT,464.677200946925,421.14554862217454,477.7638570902434,0.7688617604904442,0.0,0.798574134402348,160.60625,569.3482666015625,top3,,,,,,,,,,,,
gate2C_support_mask,N1600_noise0p2,1600,0.2,9,Vanilla DT,DT,453.9962932299173,421.14554862217454,477.7638570902434,0.5802141656398955,0.0,0.831907587360165,217.138125,488.0377807617188,none,,,,,,,,,,,,
gate2C_support_mask,N1600_noise0p2,1600,0.2,9,Vanilla DT support top3,DT,453.9962932299173,421.14554862217454,477.7638570902434,0.5802141656398955,0.0,0.831907587360165,217.138125,488.0377807617188,top3,,,,,,,,,,,,
gate2A_fixed_value_guided_dt,N1600_noise0p2,1600,0.2,9,Q-DT fixed td denoised,Q-DT,463.01857361859976,421.14554862217454,477.7638570902434,0.7395668667855105,0.379453125,0.5075841612045348,50.90421875,27788.845703125,none,td,True,2000.0,0.1,,,,,,,,
gate2A_fixed_value_guided_dt,N1600_noise0p2,1600,0.2,9,Q-DT fixed td denoised support top3,Q-DT,475.7464197757399,421.14554862217454,477.7638570902434,0.9643677571956903,0.0,0.7662984346380591,110.916953125,27788.845703125,top3,td,True,2000.0,0.1,,,,,,,,
gate2A_fixed_value_guided_dt,N1600_noise0p2,1600,0.2,9,Q-DT fixed q_sa,Q-DT,461.2239601724335,421.14554862217454,477.7638570902434,0.7078701684078409,0.48015625,0.3885122370147364,56.533828125,25440.953125,none,q_sa,False,2000.0,0.1,,,,,,,,
gate2A_fixed_value_guided_dt,N1600_noise0p2,1600,0.2,9,Q-DT fixed q_sa support top3,Q-DT,473.9716911472146,421.14554862217454,477.7638570902434,0.9330222670787236,0.0,0.7559325456008702,116.70390625,25440.953125,top3,q_sa,False,2000.0,0.1,,,,,,,,
gate2B_iql,N1600_noise0p2,1600,0.2,9,IQL expectile0.7 beta3,IQL,462.6286947838008,421.14554862217454,477.7638570902434,0.7326807756014393,0.6084375,0.3392644160112771,31.04921875,,none,,,,,2000.0,0.7,3.0,20.0,390.1536209106445,353.1698883056641,4.042518791556359,5.295384335517883
gate2B_iql,N1600_noise0p2,1600,0.2,9,IQL expectile0.7 beta3 support top3,IQL,475.5543107299486,421.14554862217454,477.7638570902434,0.96097470199872,0.0,0.7445985991545999,102.74859375,,top3,,,,,2000.0,0.7,3.0,20.0,390.1536209106445,353.1698883056641,4.042518791556359,5.295384335517883
gate2C_support_mask,N1600_noise0p5,1600,0.5,0,Structured DT,DT,459.870423747192,420.6941057714956,478.158742618527,0.6817465510133162,0.2790625,0.5718238805052424,96.413046875,591.5737915039062,none,,,,,,,,,,,,
gate2C_support_mask,N1600_noise0p5,1600,0.5,0,Structured DT support count>=1,DT,466.60897086083975,420.6941057714956,478.158742618527,0.7990107935697515,0.0,0.7554699118855,136.67640625,591.5737915039062,count>=1,,,,,,,,,,,,
gate2C_support_mask,N1600_noise0p5,1600,0.5,0,Structured DT support top3,DT,466.60897086083975,420.6941057714956,478.158742618527,0.7990107935697515,0.0,0.7554699118855,136.67640625,591.5737915039062,top3,,,,,,,,,,,,
gate2C_support_mask,N1600_noise0p5,1600,0.5,0,Vanilla DT,DT,456.0974640350003,420.6941057714956,478.158742618527,0.6160894805225527,0.005546875,0.8341875497828096,208.3525,590.300537109375,none,,,,,,,,,,,,
gate2C_support_mask,N1600_noise0p5,1600,0.5,0,Vanilla DT support top3,DT,454.4188140622022,420.6941057714956,478.158742618527,0.5868776023153242,0.0,0.8418575737090633,209.800234375,590.300537109375,top3,,,,,,,,,,,,
gate2A_fixed_value_guided_dt,N1600_noise0p5,1600,0.5,0,Q-DT fixed td denoised,Q-DT,462.7664722483329,420.6941057714956,478.158742618527,0.7321436066642563,0.3453125,0.5309237240450905,67.195546875,28789.556640625,none,td,True,2000.0,0.1,,,,,,,,
gate2A_fixed_value_guided_dt,N1600_noise0p5,1600,0.5,0,Q-DT fixed td denoised support top3,Q-DT,467.45470745947233,420.6941057714956,478.158742618527,0.8137283075929219,0.0,0.7919416723394184,161.91390625,28789.556640625,top3,td,True,2000.0,0.1,,,,,,,,
gate2A_fixed_value_guided_dt,N1600_noise0p5,1600,0.5,0,Q-DT fixed q_sa,Q-DT,464.9654689260951,420.6941057714956,478.158742618527,0.7704105617590197,0.282421875,0.5483861059595904,67.1509375,25998.4765625,none,q_sa,False,2000.0,0.1,,,,,,,,
gate2A_fixed_value_guided_dt,N1600_noise0p5,1600,0.5,0,Q-DT fixed q_sa support top3,Q-DT,472.802725048944,420.6941057714956,478.158742618527,0.906794545942393,0.0,0.7775993215293482,127.468828125,25998.4765625,top3,q_sa,False,2000.0,0.1,,,,,,,,
gate2B_iql,N1600_noise0p5,1600,0.5,0,IQL expectile0.7 beta3,IQL,456.4668721120156,420.6941057714956,478.158742618527,0.6225179223832153,0.3915625,0.3361795691611968,47.953828125,,none,,,,,2000.0,0.7,3.0,20.0,1508.5920715332031,308.1164215087891,0.4753106862306595,6.158092427253723
gate2B_iql,N1600_noise0p5,1600,0.5,0,IQL expectile0.7 beta3 support top3,IQL,469.5199976070874,420.6941057714956,478.158742618527,0.8496685007435862,0.0,0.6756641707449974,147.061484375,,top3,,,,,2000.0,0.7,3.0,20.0,1508.5920715332031,308.1164215087891,0.4753106862306595,6.158092427253723
gate2C_support_mask,N1600_noise0p5,1600,0.5,1,Structured DT,DT,463.1656187192548,422.2408621751993,479.0817275720908,0.719988273547531,0.322890625,0.5457810414527946,122.87546875,586.4248046875,none,,,,,,,,,,,,
gate2C_support_mask,N1600_noise0p5,1600,0.5,1,Structured DT support count>=1,DT,465.1947432215231,422.2408621751993,479.0817275720908,0.7556866129042586,0.0,0.78373849604078,151.833515625,586.4248046875,count>=1,,,,,,,,,,,,
gate2C_support_mask,N1600_noise0p5,1600,0.5,1,Structured DT support top3,DT,465.1947432215231,422.2408621751993,479.0817275720908,0.7556866129042586,0.0,0.78373849604078,151.833515625,586.4248046875,top3,,,,,,,,,,,,
gate2C_support_mask,N1600_noise0p5,1600,0.5,1,Vanilla DT,DT,455.9959761345503,422.2408621751993,479.0817275720908,0.5938529211977305,0.006484375,0.8309012003177255,200.600390625,581.7576293945312,none,,,,,,,,,,,,
gate2C_support_mask,N1600_noise0p5,1600,0.5,1,Vanilla DT support top3,DT,455.6034982166303,422.2408621751993,479.0817275720908,0.5869480664742927,0.0,0.835038875763054,206.241796875,581.7576293945312,top3,,,,,,,,,,,,
gate2A_fixed_value_guided_dt,N1600_noise0p5,1600,0.5,1,Q-DT fixed td denoised,Q-DT,463.5918891191865,422.2408621751993,479.0817275720908,0.7274876386074269,0.328046875,0.5687808438255668,100.52796875,37492.9375,none,td,True,2000.0,0.1,,,,,,,,
gate2A_fixed_value_guided_dt,N1600_noise0p5,1600,0.5,1,Q-DT fixed td denoised support top3,Q-DT,469.1174278974167,422.2408621751993,479.0817275720908,0.8246983115915226,0.0,0.8054649712433547,168.20046875,37492.9375,top3,td,True,2000.0,0.1,,,,,,,,
gate2A_fixed_value_guided_dt,N1600_noise0p5,1600,0.5,1,Q-DT fixed q_sa,Q-DT,467.0475300201487,422.2408621751993,479.0817275720908,0.788282647213176,0.25359375,0.5647688113465518,68.076640625,33695.0703125,none,q_sa,False,2000.0,0.1,,,,,,,,
gate2A_fixed_value_guided_dt,N1600_noise0p5,1600,0.5,1,Q-DT fixed q_sa support top3,Q-DT,471.8856601024421,422.2408621751993,479.0817275720908,0.8733997552746223,0.0,0.7832318175875906,136.7815625,33695.0703125,top3,q_sa,False,2000.0,0.1,,,,,,,,
gate2B_iql,N1600_noise0p5,1600,0.5,1,IQL expectile0.7 beta3,IQL,446.057039807358,422.2408621751993,479.0817275720908,0.4189974495613712,0.54796875,0.3286560495908543,34.964921875,,none,,,,,2000.0,0.7,3.0,20.0,1962.1204345703125,579.4787124633789,0.5170191526412964,4.730195093154907
gate2B_iql,N1600_noise0p5,1600,0.5,1,IQL expectile0.7 beta3 support top3,IQL,470.7564054976929,422.2408621751993,479.0817275720908,0.853532805732878,0.0,0.763128576447225,160.034609375,,top3,,,,,2000.0,0.7,3.0,20.0,1962.1204345703125,579.4787124633789,0.5170191526412964,4.730195093154907
gate2C_support_mask,N1600_noise0p5,1600,0.5,2,Structured DT,DT,459.21856629120623,420.7019605669336,477.9242309914933,0.6731051640995596,0.221875,0.6069345016701513,120.77,593.5755615234375,none,,,,,,,,,,,,
gate2C_support_mask,N1600_noise0p5,1600,0.5,2,Structured DT support count>=1,DT,462.9697789693975,420.7019605669336,477.9242309914933,0.738660281894767,0.0,0.7874127428895739,154.3078125,593.5755615234375,count>=1,,,,,,,,,,,,
gate2C_support_mask,N1600_noise0p5,1600,0.5,2,Structured DT support top3,DT,462.9697789693975,420.7019605669336,477.9242309914933,0.738660281894767,0.0,0.7874127428895739,154.3078125,593.5755615234375,top3,,,,,,,,,,,,
gate2C_support_mask,N1600_noise0p5,1600,0.5,2,Vanilla DT,DT,452.7557966771649,420.7019605669336,477.9242309914933,0.5601636543326289,0.004765625,0.8337152568568112,208.11046875,581.6117553710938,none,,,,,,,,,,,,
gate2C_support_mask,N1600_noise0p5,1600,0.5,2,Vanilla DT support top3,DT,452.46734905074175,420.7019605669336,477.9242309914933,0.5551228262724524,0.0,0.8366875816304948,211.527421875,581.6117553710938,top3,,,,,,,,,,,,
gate2A_fixed_value_guided_dt,N1600_noise0p5,1600,0.5,2,Q-DT fixed td denoised,Q-DT,466.94344288700194,420.7019605669336,477.9242309914933,0.8081028938030669,0.221796875,0.6579353841506436,85.9609375,36532.3828125,none,td,True,2000.0,0.1,,,,,,,,
gate2A_fixed_value_guided_dt,N1600_noise0p5,1600,0.5,2,Q-DT fixed td denoised support top3,Q-DT,477.0211619837453,420.7019605669336,477.9242309914933,0.9842182248091932,0.0,0.771344897092025,107.572421875,36532.3828125,top3,td,True,2000.0,0.1,,,,,,,,
gate2A_fixed_value_guided_dt,N1600_noise0p5,1600,0.5,2,Q-DT fixed q_sa,Q-DT,465.7835459869517,420.7019605669336,477.9242309914933,0.7878328679644476,0.2603125,0.5841701168366993,77.790078125,32931.8984375,none,q_sa,False,2000.0,0.1,,,,,,,,
gate2A_fixed_value_guided_dt,N1600_noise0p5,1600,0.5,2,Q-DT fixed q_sa support top3,Q-DT,469.9111913217789,420.7019605669336,477.9242309914933,0.8599664149943411,0.0,0.7979992485328024,143.961171875,32931.8984375,top3,q_sa,False,2000.0,0.1,,,,,,,,
gate2B_iql,N1600_noise0p5,1600,0.5,2,IQL expectile0.7 beta3,IQL,467.4063672356158,420.7019605669336,477.9242309914933,0.8161928270612056,0.528203125,0.4425865829236442,39.410625,,none,,,,,2000.0,0.7,3.0,20.0,1530.0910888671874,138.04707107543945,1.0300829648971557,4.886905932426453
gate2B_iql,N1600_noise0p5,1600,0.5,2,IQL expectile0.7 beta3 support top3,IQL,475.9137693302528,420.7019605669336,477.9242309914933,0.9648657481375016,0.0,0.7720510524440937,112.095234375,,top3,,,,,2000.0,0.7,3.0,20.0,1530.0910888671874,138.04707107543945,1.0300829648971557,4.886905932426453
gate2C_support_mask,N1600_noise0p5,1600,0.5,3,Structured DT,DT,458.04788162946016,420.1985074854882,477.6588309814034,0.6587045084537784,0.2340625,0.5613755372477239,109.520625,538.7261352539062,none,,,,,,,,,,,,
gate2C_support_mask,N1600_noise0p5,1600,0.5,3,Structured DT support count>=1,DT,461.6527093045217,420.1985074854882,477.6588309814034,0.7214404531151026,0.0,0.7527349256375783,140.778359375,538.7261352539062,count>=1,,,,,,,,,,,,
gate2C_support_mask,N1600_noise0p5,1600,0.5,3,Structured DT support top3,DT,461.6527093045217,420.1985074854882,477.6588309814034,0.7214404531151026,0.0,0.7527349256375783,140.778359375,538.7261352539062,top3,,,,,,,,,,,,
gate2C_support_mask,N1600_noise0p5,1600,0.5,3,Vanilla DT,DT,451.4685674448821,420.1985074854882,477.6588309814034,0.5442026437880538,0.00671875,0.8268986194378468,203.10828125,579.6123657226562,none,,,,,,,,,,,,
gate2C_support_mask,N1600_noise0p5,1600,0.5,3,Vanilla DT support top3,DT,451.2286915354112,420.1985074854882,477.6588309814034,0.5400280082329993,0.0,0.8336173694378468,205.28515625,579.6123657226562,top3,,,,,,,,,,,,
gate2A_fixed_value_guided_dt,N1600_noise0p5,1600,0.5,3,Q-DT fixed td denoised,Q-DT,463.9368117493508,420.1985074854882,477.6588309814034,0.761191403090027,0.3628125,0.5245539747655192,60.6596875,42001.05078125,none,td,True,2000.0,0.1,,,,,,,,
gate2A_fixed_value_guided_dt,N1600_noise0p5,1600,0.5,3,Q-DT fixed td denoised support top3,Q-DT,473.1503529573943,420.1985074854882,477.6588309814034,0.9215375453928708,0.0,0.7637272144119561,114.906328125,42001.05078125,top3,td,True,2000.0,0.1,,,,,,,,
gate2A_fixed_value_guided_dt,N1600_noise0p5,1600,0.5,3,Q-DT fixed q_sa,Q-DT,463.3091798939649,420.1985074854882,477.6588309814034,0.7502685294060574,0.47046875,0.3899131101857475,44.443046875,38011.8984375,none,q_sa,False,2000.0,0.1,,,,,,,,
gate2A_fixed_value_guided_dt,N1600_noise0p5,1600,0.5,3,Q-DT fixed q_sa support top3,Q-DT,474.5991460323223,420.1985074854882,477.6588309814034,0.9467513448771542,0.0,0.7479538936815162,115.137578125,38011.8984375,top3,q_sa,False,2000.0,0.1,,,,,,,,
gate2B_iql,N1600_noise0p5,1600,0.5,3,IQL expectile0.7 beta3,IQL,445.9992241821614,420.1985074854882,477.6588309814034,0.4490179505952019,0.52390625,0.3448345745535626,41.718046875,,none,,,,,2000.0,0.7,3.0,20.0,1501.5671936035155,419.4722869873047,0.645140317082405,5.397483682632446
gate2B_iql,N1600_noise0p5,1600,0.5,3,IQL expectile0.7 beta3 support top3,IQL,469.4357164891498,420.1985074854882,477.6588309814034,0.8568905639238484,0.0,0.7571879753720316,154.125625,,top3,,,,,2000.0,0.7,3.0,20.0,1501.5671936035155,419.4722869873047,0.645140317082405,5.397483682632446
gate2C_support_mask,N1600_noise0p5,1600,0.5,4,Structured DT,DT,463.5930407358703,422.8141069914742,479.6367344894461,0.7176530818792484,0.19015625,0.6207809318159623,107.39078125,561.5589599609375,none,,,,,,,,,,,,
gate2C_support_mask,N1600_noise0p5,1600,0.5,4,Structured DT support count>=1,DT,462.939157493839,422.8141069914742,479.6367344894461,0.7061456372075882,0.0,0.7877869229446227,157.349375,561.5589599609375,count>=1,,,,,,,,,,,,
gate2C_support_mask,N1600_noise0p5,1600,0.5,4,Structured DT support top3,DT,462.939157493839,422.8141069914742,479.6367344894461,0.7061456372075882,0.0,0.7877869229446227,157.349375,561.5589599609375,top3,,,,,,,,,,,,
gate2C_support_mask,N1600_noise0p5,1600,0.5,4,Vanilla DT,DT,450.58304152432174,422.8141069914742,479.6367344894461,0.4886950103431712,0.02953125,0.8297918047553831,213.84640625,590.4321899414062,none,,,,,,,,,,,,
gate2C_support_mask,N1600_noise0p5,1600,0.5,4,Vanilla DT support top3,DT,449.9414146824612,422.8141069914742,479.6367344894461,0.4774032614376237,0.0,0.8500228633815928,216.369921875,590.4321899414062,top3,,,,,,,,,,,,
gate2A_fixed_value_guided_dt,N1600_noise0p5,1600,0.5,4,Q-DT fixed td denoised,Q-DT,461.8941657791071,422.8141069914742,479.6367344894461,0.6877552219673002,0.3253125,0.5574969202275087,100.49359375,31600.4375,none,td,True,2000.0,0.1,,,,,,,,
gate2A_fixed_value_guided_dt,N1600_noise0p5,1600,0.5,4,Q-DT fixed td denoised support top3,Q-DT,468.5530320814124,422.8141069914742,479.6367344894461,0.8049420997219932,0.0,0.7971108350605759,167.2915625,31600.4375,top3,td,True,2000.0,0.1,,,,,,,,
gate2A_fixed_value_guided_dt,N1600_noise0p5,1600,0.5,4,Q-DT fixed q_sa,Q-DT,466.1127693729752,422.8141069914742,479.6367344894461,0.7619968362611604,0.309140625,0.5208906486807501,62.9396875,28742.33203125,none,q_sa,False,2000.0,0.1,,,,,,,,
gate2A_fixed_value_guided_dt,N1600_noise0p5,1600,0.5,4,Q-DT fixed q_sa support top3,Q-DT,473.85038958390834,422.8141069914742,479.6367344894461,0.8981682973786405,0.0,0.7748412920126755,133.493046875,28742.33203125,top3,q_sa,False,2000.0,0.1,,,,,,,,
gate2B_iql,N1600_noise0p5,1600,0.5,4,IQL expectile0.7 beta3,IQL,460.79005182537554,422.8141069914742,479.6367344894461,0.668324336731116,0.574609375,0.3647710599275565,43.369375,,none,,,,,2000.0,0.7,3.0,20.0,2199.182299804688,1231.4781982421875,0.6430148631334305,4.829575872421264
gate2B_iql,N1600_noise0p5,1600,0.5,4,IQL expectile0.7 beta3 support top3,IQL,475.4362717782222,422.8141069914742,479.6367344894461,0.926077640260936,0.0,0.6950047515984826,103.3371875,,top3,,,,,2000.0,0.7,3.0,20.0,2199.182299804688,1231.4781982421875,0.6430148631334305,4.829575872421264
gate2C_support_mask,N1600_noise0p5,1600,0.5,5,Structured DT,DT,458.62653538822167,420.42955294452105,477.5980827412801,0.6681470133917288,0.301015625,0.5722242787800749,104.470546875,630.91064453125,none,,,,,,,,,,,,
gate2C_support_mask,N1600_noise0p5,1600,0.5,5,Structured DT support count>=1,DT,462.5553818025775,420.42955294452105,477.5980827412801,0.7368709499407938,0.0,0.7517039224728694,144.74125,630.91064453125,count>=1,,,,,,,,,,,,
gate2C_support_mask,N1600_noise0p5,1600,0.5,5,Structured DT support top3,DT,462.5553818025775,420.42955294452105,477.5980827412801,0.7368709499407938,0.0,0.7517039224728694,144.74125,630.91064453125,top3,,,,,,,,,,,,
gate2C_support_mask,N1600_noise0p5,1600,0.5,5,Vanilla DT,DT,451.7655306947976,420.42955294452105,477.5980827412801,0.548133349968588,0.0,0.840926960428102,219.270546875,590.8881225585938,none,,,,,,,,,,,,
gate2C_support_mask,N1600_noise0p5,1600,0.5,5,Vanilla DT support top3,DT,451.7655306947976,420.42955294452105,477.5980827412801,0.548133349968588,0.0,0.840926960428102,219.270546875,590.8881225585938,top3,,,,,,,,,,,,
gate2A_fixed_value_guided_dt,N1600_noise0p5,1600,0.5,5,Q-DT fixed td denoised,Q-DT,458.81624416161344,420.42955294452105,477.5980827412801,0.6714654260580367,0.39390625,0.4754223552403982,68.338125,31740.630859375,none,td,True,2000.0,0.1,,,,,,,,
gate2A_fixed_value_guided_dt,N1600_noise0p5,1600,0.5,5,Q-DT fixed td denoised support top3,Q-DT,475.5877408677786,420.42955294452105,477.5980827412801,0.964834815926726,0.0,0.7676208936220493,110.365,31740.630859375,top3,td,True,2000.0,0.1,,,,,,,,
gate2A_fixed_value_guided_dt,N1600_noise0p5,1600,0.5,5,Q-DT fixed q_sa,Q-DT,465.8702587632217,420.42955294452105,477.5980827412801,0.7948552460636613,0.278828125,0.5615111576691543,65.515234375,28859.833984375,none,q_sa,False,2000.0,0.1,,,,,,,,
gate2A_fixed_value_guided_dt,N1600_noise0p5,1600,0.5,5,Q-DT fixed q_sa support top3,Q-DT,472.7806658491834,420.42955294452105,477.5980827412801,0.9157330631166628,0.0,0.7881802089016245,130.535,28859.833984375,top3,q_sa,False,2000.0,0.1,,,,,,,,
gate2B_iql,N1600_noise0p5,1600,0.5,5,IQL expectile0.7 beta3,IQL,460.7255371302,420.42955294452105,477.5980827412801,0.704863048410304,0.5253125,0.4384464532875597,45.244609375,,none,,,,,2000.0,0.7,3.0,20.0,1863.5019287109376,657.779086303711,0.4855012223124504,5.23703920841217
gate2B_iql,N1600_noise0p5,1600,0.5,5,IQL expectile0.7 beta3 support top3,IQL,474.1743198023042,420.42955294452105,477.5980827412801,0.9401110549606968,0.0,0.7025550268989779,99.848203125,,top3,,,,,2000.0,0.7,3.0,20.0,1863.5019287109376,657.779086303711,0.4855012223124504,5.23703920841217
gate2C_support_mask,N1600_noise0p5,1600,0.5,6,Structured DT,DT,454.700691644991,420.4015625942231,477.26680319791535,0.6031651090656054,0.283359375,0.5607375913541786,124.384453125,545.4453735351562,none,,,,,,,,,,,,
gate2C_support_mask,N1600_noise0p5,1600,0.5,6,Structured DT support count>=1,DT,463.0939468506019,420.4015625942231,477.26680319791535,0.750764154044691,0.0,0.7492667413954706,162.386171875,545.4453735351562,count>=1,,,,,,,,,,,,
gate2C_support_mask,N1600_noise0p5,1600,0.5,6,Structured DT support top3,DT,463.0939468506019,420.4015625942231,477.26680319791535,0.750764154044691,0.0,0.7492667413954706,162.386171875,545.4453735351562,top3,,,,,,,,,,,,
gate2C_support_mask,N1600_noise0p5,1600,0.5,6,Vanilla DT,DT,454.6552612219288,420.4015625942231,477.26680319791535,0.602366195307747,0.005390625,0.8363151382909164,216.62328125,583.9093017578125,none,,,,,,,,,,,,
gate2C_support_mask,N1600_noise0p5,1600,0.5,6,Vanilla DT support top3,DT,454.35347114164256,420.4015625942231,477.26680319791535,0.5970590854268709,0.0,0.8297361793059881,217.39953125,583.9093017578125,top3,,,,,,,,,,,,
gate2A_fixed_value_guided_dt,N1600_noise0p5,1600,0.5,6,Q-DT fixed td denoised,Q-DT,463.22798249028506,420.4015625942231,477.26680319791535,0.7531212290919463,0.302265625,0.56131554230785,62.418203125,30457.12890625,none,td,True,2000.0,0.1,,,,,,,,
gate2A_fixed_value_guided_dt,N1600_noise0p5,1600,0.5,6,Q-DT fixed td denoised support top3,Q-DT,470.0187608312577,420.4015625942231,477.26680319791535,0.8725400211146376,0.0,0.7645214263479652,136.298046875,30457.12890625,top3,td,True,2000.0,0.1,,,,,,,,
gate2A_fixed_value_guided_dt,N1600_noise0p5,1600,0.5,6,Q-DT fixed q_sa,Q-DT,462.0992863585752,420.4015625942231,477.26680319791535,0.7332726164820736,0.37765625,0.4575094022393453,40.34796875,27698.037109375,none,q_sa,False,2000.0,0.1,,,,,,,,
gate2A_fixed_value_guided_dt,N1600_noise0p5,1600,0.5,6,Q-DT fixed q_sa support top3,Q-DT,470.9704326520539,420.4015625942231,477.26680319791535,0.8892755841878449,0.0,0.7608394553285696,133.236171875,27698.037109375,top3,q_sa,False,2000.0,0.1,,,,,,,,
gate2B_iql,N1600_noise0p5,1600,0.5,6,IQL expectile0.7 beta3,IQL,460.1642461075047,420.4015625942231,477.26680319791535,0.6992440916657225,0.419765625,0.4420714311635107,67.789921875,,none,,,,,2000.0,0.7,3.0,20.0,2112.861291503906,414.9066436767578,0.8571619331836701,4.821723008155823
gate2B_iql,N1600_noise0p5,1600,0.5,6,IQL expectile0.7 beta3 support top3,IQL,475.5616735513529,420.4015625942231,477.26680319791535,0.9700145532057812,0.0,0.7451736323098592,104.771953125,,top3,,,,,2000.0,0.7,3.0,20.0,2112.861291503906,414.9066436767578,0.8571619331836701,4.821723008155823
gate2C_support_mask,N1600_noise0p5,1600,0.5,7,Structured DT,DT,463.4670956033245,422.5603637349696,478.8785864087379,0.7263498371621783,0.206796875,0.6335108523978406,121.59359375,560.3675537109375,none,,,,,,,,,,,,
gate2C_support_mask,N1600_noise0p5,1600,0.5,7,Structured DT support count>=1,DT,463.7193682152831,422.5603637349696,478.8785864087379,0.7308292507512746,0.0,0.7714778750594792,151.672578125,560.3675537109375,count>=1,,,,,,,,,,,,
gate2C_support_mask,N1600_noise0p5,1600,0.5,7,Structured DT support top3,DT,463.7193682152831,422.5603637349696,478.8785864087379,0.7308292507512746,0.0,0.7714778750594792,151.672578125,560.3675537109375,top3,,,,,,,,,,,,
gate2C_support_mask,N1600_noise0p5,1600,0.5,7,Vanilla DT,DT,450.70607992669,422.5603637349696,478.8785864087379,0.4997621525586605,0.005390625,0.8518986714265998,216.77015625,581.0783081054688,none,,,,,,,,,,,,
gate2C_support_mask,N1600_noise0p5,1600,0.5,7,Vanilla DT support top3,DT,450.3798031033589,422.5603637349696,478.8785864087379,0.4939687022713331,0.0,0.8555864324773259,220.68375,581.0783081054688,top3,,,,,,,,,,,,
gate2A_fixed_value_guided_dt,N1600_noise0p5,1600,0.5,7,Q-DT fixed td denoised,Q-DT,466.5233545601597,422.5603637349696,478.8785864087379,0.7806175113133861,0.296328125,0.5529618939757766,72.879453125,30197.841796875,none,td,True,2000.0,0.1,,,,,,,,
gate2A_fixed_value_guided_dt,N1600_noise0p5,1600,0.5,7,Q-DT fixed td denoised support top3,Q-DT,473.2360261275491,422.5603637349696,478.8785864087379,0.8998093332264028,0.0,0.7874149368392963,123.670625,30197.841796875,top3,td,True,2000.0,0.1,,,,,,,,
gate2A_fixed_value_guided_dt,N1600_noise0p5,1600,0.5,7,Q-DT fixed q_sa,Q-DT,465.6177077805571,422.5603637349696,478.8785864087379,0.7645366277803832,0.2828125,0.5490069317215167,63.940234375,27386.087890625,none,q_sa,False,2000.0,0.1,,,,,,,,
gate2A_fixed_value_guided_dt,N1600_noise0p5,1600,0.5,7,Q-DT fixed q_sa support top3,Q-DT,472.4340350134144,422.5603637349696,478.8785864087379,0.8855689847910421,0.0,0.7769210604830699,128.35296875,27386.087890625,top3,q_sa,False,2000.0,0.1,,,,,,,,
gate2B_iql,N1600_noise0p5,1600,0.5,7,IQL expectile0.7 beta3,IQL,463.7837723619931,422.5603637349696,478.8785864087379,0.7319728263765755,0.416484375,0.439021641569237,64.8459375,,none,,,,,2000.0,0.7,3.0,20.0,1858.3073120117188,353.5736038208008,0.5327269867062568,5.328587317466736
gate2B_iql,N1600_noise0p5,1600,0.5,7,IQL expectile0.7 beta3 support top3,IQL,477.0546634311439,422.5603637349696,478.8785864087379,0.967613981922701,0.0,0.7507813236725692,108.756171875,,top3,,,,,2000.0,0.7,3.0,20.0,1858.3073120117188,353.5736038208008,0.5327269867062568,5.328587317466736
gate2C_support_mask,N1600_noise0p5,1600,0.5,8,Structured DT,DT,461.0550331203924,421.64695137411786,478.1010548050897,0.6980552227609109,0.240625,0.5961958503492597,109.618984375,564.5079956054688,none,,,,,,,,,,,,
gate2C_support_mask,N1600_noise0p5,1600,0.5,8,Structured DT support count>=1,DT,459.85180943690415,421.64695137411786,478.1010548050897,0.676741914952215,0.0,0.7753903068585213,159.26578125,564.5079956054688,count>=1,,,,,,,,,,,,
gate2C_support_mask,N1600_noise0p5,1600,0.5,8,Structured DT support top3,DT,459.85180943690415,421.64695137411786,478.1010548050897,0.676741914952215,0.0,0.7753903068585213,159.26578125,564.5079956054688,top3,,,,,,,,,,,,
gate2C_support_mask,N1600_noise0p5,1600,0.5,8,Vanilla DT,DT,450.3132556679512,421.64695137411786,478.1010548050897,0.5077807024051758,0.0065625,0.844309990381442,214.835703125,584.1258544921875,none,,,,,,,,,,,,
gate2C_support_mask,N1600_noise0p5,1600,0.5,8,Vanilla DT support top3,DT,449.9160491004176,421.64695137411786,478.1010548050897,0.5007447821904616,0.0,0.84921234829444,220.709140625,584.1258544921875,top3,,,,,,,,,,,,
gate2A_fixed_value_guided_dt,N1600_noise0p5,1600,0.5,8,Q-DT fixed td denoised,Q-DT,462.5037233788698,421.64695137411786,478.1010548050897,0.7237166037843246,0.57484375,0.3309017293822984,42.8834375,34608.28515625,none,td,True,2000.0,0.1,,,,,,,,
gate2A_fixed_value_guided_dt,N1600_noise0p5,1600,0.5,8,Q-DT fixed td denoised support top3,Q-DT,468.6856941183032,421.64695137411786,478.1010548050897,0.8332209686351856,0.0,0.7619923360119966,156.776796875,34608.28515625,top3,td,True,2000.0,0.1,,,,,,,,
gate2A_fixed_value_guided_dt,N1600_noise0p5,1600,0.5,8,Q-DT fixed q_sa,Q-DT,459.2423286886981,421.64695137411786,478.1010548050897,0.6659458751399576,0.404765625,0.4557734293375995,53.403359375,31255.111328125,none,q_sa,False,2000.0,0.1,,,,,,,,
gate2A_fixed_value_guided_dt,N1600_noise0p5,1600,0.5,8,Q-DT fixed q_sa support top3,Q-DT,472.88275729567954,421.64695137411786,478.1010548050897,0.9075656649867672,0.0,0.7725034205228942,127.4025,31255.111328125,top3,q_sa,False,2000.0,0.1,,,,,,,,
gate2B_iql,N1600_noise0p5,1600,0.5,8,IQL expectile0.7 beta3,IQL,444.3162359950441,421.64695137411786,478.1010548050897,0.4015524690538161,0.642109375,0.3923140318865246,27.468203125,,none,,,,,2000.0,0.7,3.0,20.0,1570.8474609375,604.9138092041015,0.3265167944133281,4.827806186676026
gate2B_iql,N1600_noise0p5,1600,0.5,8,IQL expectile0.7 beta3 support top3,IQL,474.83511470171,421.64695137411786,478.1010548050897,0.94214875615954,0.0,0.6936696436652121,98.319375,,top3,,,,,2000.0,0.7,3.0,20.0,1570.8474609375,604.9138092041015,0.3265167944133281,4.827806186676026
gate2C_support_mask,N1600_noise0p5,1600,0.5,9,Structured DT,DT,461.4774025996425,421.14554862217454,477.7638570902434,0.7123465018424918,0.318125,0.5027703228137091,118.11859375,576.823974609375,none,,,,,,,,,,,,
gate2C_support_mask,N1600_noise0p5,1600,0.5,9,Structured DT support count>=1,DT,463.38581051063954,421.14554862217454,477.7638570902434,0.7460530530029404,0.0,0.7769917017484179,156.473828125,576.823974609375,count>=1,,,,,,,,,,,,
gate2C_support_mask,N1600_noise0p5,1600,0.5,9,Structured DT support top3,DT,463.38581051063954,421.14554862217454,477.7638570902434,0.7460530530029404,0.0,0.7769917017484179,156.473828125,576.823974609375,top3,,,,,,,,,,,,
gate2C_support_mask,N1600_noise0p5,1600,0.5,9,Vanilla DT,DT,449.6438649224615,421.14554862217454,477.7638570902434,0.5033410052573224,0.0,0.8459480344927001,223.058359375,579.0443115234375,none,,,,,,,,,,,,
gate2C_support_mask,N1600_noise0p5,1600,0.5,9,Vanilla DT support top3,DT,449.6438649224615,421.14554862217454,477.7638570902434,0.5033410052573224,0.0,0.8459480344927001,223.058359375,579.0443115234375,top3,,,,,,,,,,,,
gate2A_fixed_value_guided_dt,N1600_noise0p5,1600,0.5,9,Q-DT fixed td denoised,Q-DT,460.8755574738399,421.14554862217454,477.7638570902434,0.7017166341886026,0.609375,0.3224390602177917,80.22921875,29794.955078125,none,td,True,2000.0,0.1,,,,,,,,
gate2A_fixed_value_guided_dt,N1600_noise0p5,1600,0.5,9,Q-DT fixed td denoised support top3,Q-DT,476.87322092645377,421.14554862217454,477.7638570902434,0.9842694671054696,0.0,0.7602737281469047,105.404453125,29794.955078125,top3,td,True,2000.0,0.1,,,,,,,,
gate2A_fixed_value_guided_dt,N1600_noise0p5,1600,0.5,9,Q-DT fixed q_sa,Q-DT,458.1361101047269,421.14554862217454,477.7638570902434,0.6533321549762305,0.55890625,0.3110300919918163,42.575234375,26968.3671875,none,q_sa,False,2000.0,0.1,,,,,,,,
gate2A_fixed_value_guided_dt,N1600_noise0p5,1600,0.5,9,Q-DT fixed q_sa support top3,Q-DT,474.5364850149263,421.14554862217454,477.7638570902434,0.9429977305461672,0.0,0.7616591342545249,115.10125,26968.3671875,top3,q_sa,False,2000.0,0.1,,,,,,,,
gate2B_iql,N1600_noise0p5,1600,0.5,9,IQL expectile0.7 beta3,IQL,461.18817016816536,421.14554862217454,477.7638570902434,0.7072380406520576,0.445390625,0.394583999408192,43.395859375,,none,,,,,2000.0,0.7,3.0,20.0,1973.4651794433596,662.5537078857421,5.599285486340523,5.241374182701111
gate2B_iql,N1600_noise0p5,1600,0.5,9,IQL expectile0.7 beta3 support top3,IQL,476.0826672449628,421.14554862217454,477.7638570902434,0.9703066041574028,0.0,0.7485147807414202,106.6684375,,top3,,,,,2000.0,0.7,3.0,20.0,1973.4651794433596,662.5537078857421,5.599285486340523,5.241374182701111
gate2C_support_mask,N400_noise0p05,400,0.05,0,Structured DT,DT,466.21012668124575,421.4891710594284,479.2131268458336,0.7747382349764353,0.2071875,0.5716660431856078,19.738125,676.7738037109375,none,,,,,,,,,,,,
gate2C_support_mask,N400_noise0p05,400,0.05,0,Structured DT support count>=1,DT,470.4229881156728,421.4891710594284,479.2131268458336,0.8477211305010555,0.0,0.7701044065414382,33.1890625,676.7738037109375,count>=1,,,,,,,,,,,,
gate2C_support_mask,N400_noise0p05,400,0.05,0,Structured DT support top3,DT,470.4229881156728,421.4891710594284,479.2131268458336,0.8477211305010555,0.0,0.7701044065414382,33.1890625,676.7738037109375,top3,,,,,,,,,,,,
gate2C_support_mask,N400_noise0p05,400,0.05,0,Vanilla DT,DT,445.55971078700367,421.4891710594284,479.2131268458336,0.4169939395117513,0.30125,0.6107976133021248,42.9234375,480.8289184570313,none,,,,,,,,,,,,
gate2C_support_mask,N400_noise0p05,400,0.05,0,Vanilla DT support top3,DT,459.1157043518052,421.4891710594284,479.2131268458336,0.6518356682207552,0.0,0.8235352065534761,46.288125,480.8289184570313,top3,,,,,,,,,,,,
gate2A_fixed_value_guided_dt,N400_noise0p05,400,0.05,0,Q-DT fixed td denoised,Q-DT,466.0034540316217,421.4891710594284,479.2131268458336,0.7711578731178542,0.320625,0.5151554264592214,16.000625,25292.029296875,none,td,True,2000.0,0.1,,,,,,,,
gate2A_fixed_value_guided_dt,N400_noise0p05,400,0.05,0,Q-DT fixed td denoised support top3,Q-DT,474.04778663695936,421.4891710594284,479.2131268458336,0.9105165240582708,0.0,0.7424646115372354,26.1053125,25292.029296875,top3,td,True,2000.0,0.1,,,,,,,,
gate2A_fixed_value_guided_dt,N400_noise0p05,400,0.05,0,Q-DT fixed q_sa,Q-DT,464.50262634692,421.4891710594284,479.2131268458336,0.7451577893700397,0.4040625,0.4521149763261285,16.7465625,23444.037109375,none,q_sa,False,2000.0,0.1,,,,,,,,
gate2A_fixed_value_guided_dt,N400_noise0p05,400,0.05,0,Q-DT fixed q_sa support top3,Q-DT,472.4673812721269,421.4891710594284,479.2131268458336,0.8831378501039006,0.0,0.7632824400309809,31.115625,23444.037109375,top3,q_sa,False,2000.0,0.1,,,,,,,,
gate2B_iql,N400_noise0p05,400,0.05,0,IQL expectile0.7 beta3,IQL,458.3720746398771,421.4891710594284,479.2131268458336,0.6389531534693459,0.3925,0.347715873540928,13.46125,,none,,,,,2000.0,0.7,3.0,20.0,84.48231811523438,91.3639419555664,0.688893049955368,6.243515276908875
gate2B_iql,N400_noise0p05,400,0.05,0,IQL expectile0.7 beta3 support top3,IQL,469.13949584093285,421.4891710594284,479.2131268458336,0.8254861284598027,0.0,0.6539706152396704,35.39375,,top3,,,,,2000.0,0.7,3.0,20.0,84.48231811523438,91.3639419555664,0.688893049955368,6.243515276908875
gate2C_support_mask,N400_noise0p05,400,0.05,1,Structured DT,DT,461.7756428485668,422.7909092428097,479.07216495487467,0.6926770398514756,0.3859375,0.4467623658553081,26.6840625,643.599365234375,none,,,,,,,,,,,,
gate2C_support_mask,N400_noise0p05,400,0.05,1,Structured DT support count>=1,DT,466.77914970311673,422.7909092428097,479.07216495487467,0.7815788738856676,0.0,0.7332839277257878,25.8909375,643.599365234375,count>=1,,,,,,,,,,,,
gate2C_support_mask,N400_noise0p05,400,0.05,1,Structured DT support top3,DT,466.77914970311673,422.7909092428097,479.07216495487467,0.7815788738856676,0.0,0.7332839277257878,25.8909375,643.599365234375,top3,,,,,,,,,,,,
gate2C_support_mask,N400_noise0p05,400,0.05,1,Vanilla DT,DT,446.9931565871132,422.7909092428097,479.07216495487467,0.4300232295477242,0.1365625,0.7634959039013556,60.953125,475.1024475097656,none,,,,,,,,,,,,
gate2C_support_mask,N400_noise0p05,400,0.05,1,Vanilla DT support top3,DT,453.54813196165554,422.7909092428097,479.07216495487467,0.5464914087240675,0.0,0.8216919742128641,57.2359375,475.1024475097656,top3,,,,,,,,,,,,
gate2A_fixed_value_guided_dt,N400_noise0p05,400,0.05,1,Q-DT fixed td denoised,Q-DT,461.8400141065853,422.7909092428097,479.07216495487467,0.6938207822432195,0.5290625,0.3581595413619742,10.650625,31978.291015625,none,td,True,2000.0,0.1,,,,,,,,
gate2A_fixed_value_guided_dt,N400_noise0p05,400,0.05,1,Q-DT fixed td denoised support top3,Q-DT,473.815781843242,422.7909092428097,479.07216495487467,0.9066050846746494,0.0,0.7575804645146093,26.4525,31978.291015625,top3,td,True,2000.0,0.1,,,,,,,,
gate2A_fixed_value_guided_dt,N400_noise0p05,400,0.05,1,Q-DT fixed q_sa,Q-DT,463.54554000473416,422.7909092428097,479.07216495487467,0.7241244042319392,0.34375,0.4951819331718228,14.8990625,28809.826171875,none,q_sa,False,2000.0,0.1,,,,,,,,
gate2A_fixed_value_guided_dt,N400_noise0p05,400,0.05,1,Q-DT fixed q_sa support top3,Q-DT,474.8155068363693,422.7909092428097,479.07216495487467,0.9243681032938847,0.0,0.7549447481767263,28.0190625,28809.826171875,top3,q_sa,False,2000.0,0.1,,,,,,,,
gate2B_iql,N400_noise0p05,400,0.05,1,IQL expectile0.7 beta3,IQL,459.54625976208285,422.7909092428097,479.07216495487467,0.6530655731512748,0.4903125,0.4171742398491995,13.00625,,none,,,,,2000.0,0.7,3.0,20.0,220.78929061889647,248.4886215209961,0.8031239926815033,4.047554564476013
gate2B_iql,N400_noise0p05,400,0.05,1,IQL expectile0.7 beta3 support top3,IQL,471.0345584236399,422.7909092428097,479.07216495487467,0.8571885714072333,0.0,0.7567785829687972,36.5353125,,top3,,,,,2000.0,0.7,3.0,20.0,220.78929061889647,248.4886215209961,0.8031239926815033,4.047554564476013
gate2C_support_mask,N400_noise0p05,400,0.05,2,Structured DT,DT,458.2970792201394,417.1824539201058,474.5590275047475,0.716575123458383,0.2640625,0.6241293928102047,25.785,615.15869140625,none,,,,,,,,,,,,
gate2C_support_mask,N400_noise0p05,400,0.05,2,Structured DT support count>=1,DT,463.2881119904689,417.1824539201058,474.5590275047475,0.80356241563202,0.0,0.7669252153197147,30.0584375,615.15869140625,count>=1,,,,,,,,,,,,
gate2C_support_mask,N400_noise0p05,400,0.05,2,Structured DT support top3,DT,463.2881119904689,417.1824539201058,474.5590275047475,0.80356241563202,0.0,0.7669252153197147,30.0584375,615.15869140625,top3,,,,,,,,,,,,
gate2C_support_mask,N400_noise0p05,400,0.05,2,Vanilla DT,DT,449.5517607642737,417.1824539201058,474.5590275047475,0.5641554526851768,0.276875,0.5994438313019882,39.19875,472.1125793457031,none,,,,,,,,,,,,
gate2C_support_mask,N400_noise0p05,400,0.05,2,Vanilla DT support top3,DT,452.8650105522088,417.1824539201058,474.5590275047475,0.621901141926229,0.0,0.759605117243529,48.53125,472.1125793457031,top3,,,,,,,,,,,,
gate2A_fixed_value_guided_dt,N400_noise0p05,400,0.05,2,Q-DT fixed td denoised,Q-DT,462.5484600131033,417.1824539201058,474.5590275047475,0.7906712314577957,0.311875,0.6088349621727139,18.9796875,30427.3359375,none,td,True,2000.0,0.1,,,,,,,,
gate2A_fixed_value_guided_dt,N400_noise0p05,400,0.05,2,Q-DT fixed td denoised support top3,Q-DT,469.4504525556996,417.1824539201058,474.5590275047475,0.9109640985878712,0.0,0.7496251395722937,26.4946875,30427.3359375,top3,td,True,2000.0,0.1,,,,,,,,
gate2A_fixed_value_guided_dt,N400_noise0p05,400,0.05,2,Q-DT fixed q_sa,Q-DT,460.8518013746882,417.1824539201058,474.5590275047475,0.7611006500791047,0.3059375,0.5250975332374131,13.365625,27727.095703125,none,q_sa,False,2000.0,0.1,,,,,,,,
gate2A_fixed_value_guided_dt,N400_noise0p05,400,0.05,2,Q-DT fixed q_sa support top3,Q-DT,469.4829900936868,417.1824539201058,474.5590275047475,0.9115311860933528,0.0,0.7566057413688887,27.5059375,27727.095703125,top3,q_sa,False,2000.0,0.1,,,,,,,,
gate2B_iql,N400_noise0p05,400,0.05,2,IQL expectile0.7 beta3,IQL,448.19334813158025,417.1824539201058,474.5590275047475,0.540480064842619,0.4009375,0.3413852814919533,8.916875,,none,,,,,2000.0,0.7,3.0,20.0,96.45344886779785,76.59862937927247,1.0419121503829956,5.5622796535491945
gate2B_iql,N400_noise0p05,400,0.05,2,IQL expectile0.7 beta3 support top3,IQL,465.6692336411477,417.1824539201058,474.5590275047475,0.8450623083916717,0.0,0.6819362660519832,24.989375,,top3,,,,,2000.0,0.7,3.0,20.0,96.45344886779785,76.59862937927247,1.0419121503829956,5.5622796535491945
gate2C_support_mask,N400_noise0p05,400,0.05,3,Structured DT,DT,456.5336595523879,423.1047405366476,479.3865548020198,0.5939559598793479,0.375,0.4931252009586412,23.1634375,619.1787719726562,none,,,,,,,,,,,,
gate2C_support_mask,N400_noise0p05,400,0.05,3,Structured DT support count>=1,DT,466.18885794834273,423.1047405366476,479.3865548020198,0.765506904389238,0.0,0.7420504785265933,35.7590625,619.1787719726562,count>=1,,,,,,,,,,,,
gate2C_support_mask,N400_noise0p05,400,0.05,3,Structured DT support top3,DT,466.18885794834273,423.1047405366476,479.3865548020198,0.765506904389238,0.0,0.7420504785265933,35.7590625,619.1787719726562,top3,,,,,,,,,,,,
gate2C_support_mask,N400_noise0p05,400,0.05,3,Vanilla DT,DT,441.6966813269982,423.1047405366476,479.3865548020198,0.3303365577855838,0.1821875,0.6494976864773344,34.766875,473.8318176269531,none,,,,,,,,,,,,
gate2C_support_mask,N400_noise0p05,400,0.05,3,Vanilla DT support top3,DT,451.3637315022877,423.1047405366476,479.3865548020198,0.5020980814939126,0.0,0.7629938931111515,36.286875,473.8318176269531,top3,,,,,,,,,,,,
gate2A_fixed_value_guided_dt,N400_noise0p05,400,0.05,3,Q-DT fixed td denoised,Q-DT,459.6341984708495,423.1047405366476,479.3865548020198,0.6490454938421725,0.5146875,0.3126530775688357,10.2265625,42736.9609375,none,td,True,2000.0,0.1,,,,,,,,
gate2A_fixed_value_guided_dt,N400_noise0p05,400,0.05,3,Q-DT fixed td denoised support top3,Q-DT,476.0266143353848,423.1047405366476,479.3865548020198,0.940301489735339,0.0,0.7351091542073113,25.8890625,42736.9609375,top3,td,True,2000.0,0.1,,,,,,,,
gate2A_fixed_value_guided_dt,N400_noise0p05,400,0.05,3,Q-DT fixed q_sa,Q-DT,460.745214783105,423.1047405366476,479.3865548020198,0.6687857301291017,0.4146875,0.4010918245948489,15.6721875,38749.83984375,none,q_sa,False,2000.0,0.1,,,,,,,,
gate2A_fixed_value_guided_dt,N400_noise0p05,400,0.05,3,Q-DT fixed q_sa support top3,Q-DT,474.1578009108765,423.1047405366476,479.3865548020198,0.9070969200372716,0.0,0.7718600479313997,32.48875,38749.83984375,top3,q_sa,False,2000.0,0.1,,,,,,,,
gate2B_iql,N400_noise0p05,400,0.05,3,IQL expectile0.7 beta3,IQL,428.8819937725435,423.1047405366476,479.3865548020198,0.1026486674479939,0.849375,0.1683348498635122,2.593125,,none,,,,,2000.0,0.7,3.0,20.0,92.00516700744627,273.89732971191404,0.6626410573720932,5.429310822486878
gate2B_iql,N400_noise0p05,400,0.05,3,IQL expectile0.7 beta3 support top3,IQL,475.70860041862807,423.1047405366476,479.3865548020198,0.934651104776936,0.0,0.6912677476006838,25.5334375,,top3,,,,,2000.0,0.7,3.0,20.0,92.00516700744627,273.89732971191404,0.6626410573720932,5.429310822486878
gate2C_support_mask,N400_noise0p05,400,0.05,4,Structured DT,DT,468.8011794085313,427.2545943129383,483.248496641775,0.7419840976898062,0.180625,0.6034757090160384,25.2003125,649.409423828125,none,,,,,,,,,,,,
gate2C_support_mask,N400_noise0p05,400,0.05,4,Structured DT support count>=1,DT,472.1968898759301,427.2545943129383,483.248496641775,0.8026283879815723,0.0,0.7239803431238605,29.465625,649.409423828125,count>=1,,,,,,,,,,,,
gate2C_support_mask,N400_noise0p05,400,0.05,4,Structured DT support top3,DT,472.1968898759301,427.2545943129383,483.248496641775,0.8026283879815723,0.0,0.7239803431238605,29.465625,649.409423828125,top3,,,,,,,,,,,,
gate2C_support_mask,N400_noise0p05,400,0.05,4,Vanilla DT,DT,447.966880045703,427.2545943129383,483.248496641775,0.3699025227984153,0.241875,0.647114350730022,43.49625,480.757080078125,none,,,,,,,,,,,,
gate2C_support_mask,N400_noise0p05,400,0.05,4,Vanilla DT support top3,DT,457.2897420026757,427.2545943129383,483.248496641775,0.5364003300457493,0.0,0.7643261491837094,44.86,480.757080078125,top3,,,,,,,,,,,,
gate2A_fixed_value_guided_dt,N400_noise0p05,400,0.05,4,Q-DT fixed td denoised,Q-DT,468.7891659107093,427.2545943129383,483.248496641775,0.7417695475812691,0.2790625,0.603028064191805,23.0446875,28252.419921875,none,td,True,2000.0,0.1,,,,,,,,
gate2A_fixed_value_guided_dt,N400_noise0p05,400,0.05,4,Q-DT fixed td denoised support top3,Q-DT,477.2165151777031,427.2545943129383,483.248496641775,0.8922743153594171,0.0,0.753362276200678,27.620625,28252.419921875,top3,td,True,2000.0,0.1,,,,,,,,
gate2A_fixed_value_guided_dt,N400_noise0p05,400,0.05,4,Q-DT fixed q_sa,Q-DT,472.20824456775,427.2545943129383,483.248496641775,0.8028311724160851,0.280625,0.5665589964511075,19.7890625,25650.904296875,none,q_sa,False,2000.0,0.1,,,,,,,,
gate2A_fixed_value_guided_dt,N400_noise0p05,400,0.05,4,Q-DT fixed q_sa support top3,Q-DT,475.97708475938816,427.2545943129383,483.248496641775,0.8701392190941825,0.0,0.7751948448102064,35.7890625,25650.904296875,top3,q_sa,False,2000.0,0.1,,,,,,,,
gate2B_iql,N400_noise0p05,400,0.05,4,IQL expectile0.7 beta3,IQL,456.4702678573505,427.2545943129383,483.248496641775,0.5217652695973335,0.3153125,0.3712191124543987,12.6584375,,none,,,,,2000.0,0.7,3.0,20.0,318.1351211547852,749.9773498535156,0.5996557489037514,4.795460414886475
gate2B_iql,N400_noise0p05,400,0.05,4,IQL expectile0.7 beta3 support top3,IQL,477.20908774675786,427.2545943129383,483.248496641775,0.8921416682204191,0.0,0.7163466444862704,27.8565625,,top3,,,,,2000.0,0.7,3.0,20.0,318.1351211547852,749.9773498535156,0.5996557489037514,4.795460414886475
gate2C_support_mask,N400_noise0p05,400,0.05,5,Structured DT,DT,465.3546236673143,420.5620190232593,478.5366511066638,0.7726242157020446,0.199375,0.616910686914124,24.03875,645.33837890625,none,,,,,,,,,,,,
gate2C_support_mask,N400_noise0p05,400,0.05,5,Structured DT support count>=1,DT,467.0161166544864,420.5620190232593,478.5366511066638,0.8012831813127588,0.0,0.7774735867814411,35.606875,645.33837890625,count>=1,,,,,,,,,,,,
gate2C_support_mask,N400_noise0p05,400,0.05,5,Structured DT support top3,DT,467.0161166544864,420.5620190232593,478.5366511066638,0.8012831813127588,0.0,0.7774735867814411,35.606875,645.33837890625,top3,,,,,,,,,,,,
gate2C_support_mask,N400_noise0p05,400,0.05,5,Vanilla DT,DT,445.9107996477682,420.5620190232593,478.5366511066638,0.4372391805443663,0.215,0.6222722188270574,32.08125,476.6051025390625,none,,,,,,,,,,,,
gate2C_support_mask,N400_noise0p05,400,0.05,5,Vanilla DT support top3,DT,455.8014595317784,420.5620190232593,478.5366511066638,0.6078424173149094,0.0,0.777575256323738,37.12625,476.6051025390625,top3,,,,,,,,,,,,
gate2A_fixed_value_guided_dt,N400_noise0p05,400,0.05,5,Q-DT fixed td denoised,Q-DT,460.60992662976633,420.5620190232593,478.5366511066638,0.6907832989589757,0.35,0.5497239645419557,18.1815625,36135.78515625,none,td,True,2000.0,0.1,,,,,,,,
gate2A_fixed_value_guided_dt,N400_noise0p05,400,0.05,5,Q-DT fixed td denoised support top3,Q-DT,474.4276897211429,420.5620190232593,478.5366511066638,0.929124838953535,0.0,0.7649236449186312,29.7575,36135.78515625,top3,td,True,2000.0,0.1,,,,,,,,
gate2A_fixed_value_guided_dt,N400_noise0p05,400,0.05,5,Q-DT fixed q_sa,Q-DT,459.4050576871364,420.5620190232593,478.5366511066638,0.6700006066100785,0.4009375,0.4571323723008654,17.6340625,32695.568359375,none,q_sa,False,2000.0,0.1,,,,,,,,
gate2A_fixed_value_guided_dt,N400_noise0p05,400,0.05,5,Q-DT fixed q_sa support top3,Q-DT,475.3239848322309,420.5620190232593,478.5366511066638,0.9445849648547832,0.0,0.7776420882545182,32.050625,32695.568359375,top3,q_sa,False,2000.0,0.1,,,,,,,,
gate2B_iql,N400_noise0p05,400,0.05,5,IQL expectile0.7 beta3,IQL,445.2945028459653,420.5620190232593,478.5366511066638,0.4266087240903043,0.6553125,0.3137110189481213,9.0403125,,none,,,,,2000.0,0.7,3.0,20.0,138.17585067749025,198.9228744506836,0.2612853407859802,4.019597446918487
gate2B_iql,N400_noise0p05,400,0.05,5,IQL expectile0.7 beta3 support top3,IQL,477.8839206510116,420.5620190232593,478.5366511066638,0.9887411022339364,0.0,0.7863407279935979,30.919375,,top3,,,,,2000.0,0.7,3.0,20.0,138.17585067749025,198.9228744506836,0.2612853407859802,4.019597446918487
gate2C_support_mask,N400_noise0p05,400,0.05,6,Structured DT,DT,467.3544432311709,421.9223253169368,478.3865908773132,0.8046171762502478,0.1990625,0.628842096953502,22.8646875,690.4227294921875,none,,,,,,,,,,,,
gate2C_support_mask,N400_noise0p05,400,0.05,6,Structured DT support count>=1,DT,471.5525638397547,421.9223253169368,478.3865908773132,0.8789672198914744,0.0,0.7813232288269623,32.3821875,690.4227294921875,count>=1,,,,,,,,,,,,
gate2C_support_mask,N400_noise0p05,400,0.05,6,Structured DT support top3,DT,471.5525638397547,421.9223253169368,478.3865908773132,0.8789672198914744,0.0,0.7813232288269623,32.3821875,690.4227294921875,top3,,,,,,,,,,,,
gate2C_support_mask,N400_noise0p05,400,0.05,6,Vanilla DT,DT,439.86824745654536,421.9223253169368,478.3865908773132,0.3178279565226838,0.289375,0.6362875345264266,34.2096875,478.6827697753906,none,,,,,,,,,,,,
gate2C_support_mask,N400_noise0p05,400,0.05,6,Vanilla DT support top3,DT,451.5349105785146,421.9223253169368,478.3865908773132,0.5244482500159952,0.0,0.7766499843592549,31.53625,478.6827697753906,top3,,,,,,,,,,,,
gate2A_fixed_value_guided_dt,N400_noise0p05,400,0.05,6,Q-DT fixed td denoised,Q-DT,466.20083606465727,421.9223253169368,478.3865908773132,0.7841864285009454,0.2096875,0.6490499782855885,22.5109375,32128.701171875,none,td,True,2000.0,0.1,,,,,,,,
gate2A_fixed_value_guided_dt,N400_noise0p05,400,0.05,6,Q-DT fixed td denoised support top3,Q-DT,475.60403668766753,421.9223253169368,478.3865908773132,0.9507200853135992,0.0,0.7544786564599185,27.9771875,32128.701171875,top3,td,True,2000.0,0.1,,,,,,,,
gate2A_fixed_value_guided_dt,N400_noise0p05,400,0.05,6,Q-DT fixed q_sa,Q-DT,457.19014213838136,421.9223253169368,478.3865908773132,0.6246041894184073,0.4234375,0.469674193653781,14.8128125,28888.263671875,none,q_sa,False,2000.0,0.1,,,,,,,,
gate2A_fixed_value_guided_dt,N400_noise0p05,400,0.05,6,Q-DT fixed q_sa support top3,Q-DT,475.5425479479582,421.9223253169368,478.3865908773132,0.9496311002874224,0.0,0.7641044578409065,29.67625,28888.263671875,top3,q_sa,False,2000.0,0.1,,,,,,,,
gate2B_iql,N400_noise0p05,400,0.05,6,IQL expectile0.7 beta3,IQL,459.3003584987327,421.9223253169368,478.3865908773132,0.661976788519956,0.3815625,0.4829364062862431,16.8478125,,none,,,,,2000.0,0.7,3.0,20.0,271.2549682617188,169.06688766479493,0.7657644510269165,5.4856713056564335
gate2B_iql,N400_noise0p05,400,0.05,6,IQL expectile0.7 beta3 support top3,IQL,476.64535917479066,421.9223253169368,478.3865908773132,0.9691622358806627,0.0,0.7653249172105803,28.114375,,top3,,,,,2000.0,0.7,3.0,20.0,271.2549682617188,169.06688766479493,0.7657644510269165,5.4856713056564335
gate2C_support_mask,N400_noise0p05,400,0.05,7,Structured DT,DT,457.3305544890955,418.644374990045,476.3341035189663,0.6705904237295236,0.2840625,0.6100953611455023,27.6284375,649.3828125,none,,,,,,,,,,,,
gate2C_support_mask,N400_noise0p05,400,0.05,7,Structured DT support count>=1,DT,462.2799649491888,418.644374990045,476.3341035189663,0.7563840404842286,0.0,0.7753160364471557,36.200625,649.3828125,count>=1,,,,,,,,,,,,
gate2C_support_mask,N400_noise0p05,400,0.05,7,Structured DT support top3,DT,462.2799649491888,418.644374990045,476.3341035189663,0.7563840404842286,0.0,0.7753160364471557,36.200625,649.3828125,top3,,,,,,,,,,,,
gate2C_support_mask,N400_noise0p05,400,0.05,7,Vanilla DT,DT,439.8716702648779,418.644374990045,476.3341035189663,0.3679562344307292,0.279375,0.5761997472722081,35.451875,473.3421325683594,none,,,,,,,,,,,,
gate2C_support_mask,N400_noise0p05,400,0.05,7,Vanilla DT support top3,DT,451.7044914141311,418.644374990045,476.3341035189663,0.5730676372920052,0.0,0.7377111981541101,34.5515625,473.3421325683594,top3,,,,,,,,,,,,
gate2A_fixed_value_guided_dt,N400_noise0p05,400,0.05,7,Q-DT fixed td denoised,Q-DT,464.8515406356113,418.644374990045,476.3341035189663,0.8009600118399153,0.2853125,0.5898333207706846,14.9315625,25690.734375,none,td,True,2000.0,0.1,,,,,,,,
gate2A_fixed_value_guided_dt,N400_noise0p05,400,0.05,7,Q-DT fixed td denoised support top3,Q-DT,473.2688346257521,418.644374990045,476.3341035189663,0.9468662971489364,0.0,0.7387469939891926,26.03375,25690.734375,top3,td,True,2000.0,0.1,,,,,,,,
gate2A_fixed_value_guided_dt,N400_noise0p05,400,0.05,7,Q-DT fixed q_sa,Q-DT,461.4929932665409,418.644374990045,476.3341035189663,0.7427425881370682,0.4946875,0.3891381197754026,12.863125,23576.8046875,none,q_sa,False,2000.0,0.1,,,,,,,,
gate2A_fixed_value_guided_dt,N400_noise0p05,400,0.05,7,Q-DT fixed q_sa support top3,Q-DT,469.09290812292426,418.644374990045,476.3341035189663,0.8744803350493868,0.0,0.7647769650922652,32.9065625,23576.8046875,top3,q_sa,False,2000.0,0.1,,,,,,,,
gate2B_iql,N400_noise0p05,400,0.05,7,IQL expectile0.7 beta3,IQL,458.4265400458959,418.644374990045,476.3341035189663,0.6895883560261009,0.5890625,0.4167450823033927,7.7109375,,none,,,,,2000.0,0.7,3.0,20.0,183.9998504638672,133.66618690490722,0.7903455257415771,5.731607508659363
gate2B_iql,N400_noise0p05,400,0.05,7,IQL expectile0.7 beta3 support top3,IQL,473.2296836379157,418.644374990045,476.3341035189663,0.9461876496871672,0.0,0.7477045706250738,26.788125,,top3,,,,,2000.0,0.7,3.0,20.0,183.9998504638672,133.66618690490722,0.7903455257415771,5.731607508659363
gate2C_support_mask,N400_noise0p05,400,0.05,8,Structured DT,DT,458.83303357474136,422.931340639083,479.9511404087543,0.6296355490668422,0.3790625,0.5333117815774706,35.7496875,624.277099609375,none,,,,,,,,,,,,
gate2C_support_mask,N400_noise0p05,400,0.05,8,Structured DT support count>=1,DT,465.0241408368238,422.931340639083,479.9511404087543,0.7382137497460993,0.0,0.8129304741550487,45.2903125,624.277099609375,count>=1,,,,,,,,,,,,
gate2C_support_mask,N400_noise0p05,400,0.05,8,Structured DT support top3,DT,465.0241408368238,422.931340639083,479.9511404087543,0.7382137497460993,0.0,0.8129304741550487,45.2903125,624.277099609375,top3,,,,,,,,,,,,
gate2C_support_mask,N400_noise0p05,400,0.05,8,Vanilla DT,DT,448.161786704716,422.931340639083,479.9511404087543,0.4424857008889918,0.341875,0.6215143203023179,32.8453125,480.2220764160156,none,,,,,,,,,,,,
gate2C_support_mask,N400_noise0p05,400,0.05,8,Vanilla DT support top3,DT,455.3155147833074,422.931340639083,479.9511404087543,0.5679461217864453,0.0,0.7998641683348751,46.8909375,480.2220764160156,top3,,,,,,,,,,,,
gate2A_fixed_value_guided_dt,N400_noise0p05,400,0.05,8,Q-DT fixed td denoised,Q-DT,465.55559007677135,422.931340639083,479.9511404087543,0.7475341830358394,0.415,0.4588127798394367,15.675,39040.5625,none,td,True,2000.0,0.1,,,,,,,,
gate2A_fixed_value_guided_dt,N400_noise0p05,400,0.05,8,Q-DT fixed td denoised support top3,Q-DT,476.6684285252174,422.931340639083,479.9511404087543,0.9424285617136988,0.0,0.7790820864464072,33.3296875,39040.5625,top3,td,True,2000.0,0.1,,,,,,,,
gate2A_fixed_value_guided_dt,N400_noise0p05,400,0.05,8,Q-DT fixed q_sa,Q-DT,452.8060922012375,422.931340639083,479.9511404087543,0.5239364515980788,0.465,0.3872528449360936,13.3815625,35034.19140625,none,q_sa,False,2000.0,0.1,,,,,,,,
gate2A_fixed_value_guided_dt,N400_noise0p05,400,0.05,8,Q-DT fixed q_sa support top3,Q-DT,476.137063701794,422.931340639083,479.9511404087543,0.9331096089013464,0.0,0.7914561560285471,33.053125,35034.19140625,top3,q_sa,False,2000.0,0.1,,,,,,,,
gate2B_iql,N400_noise0p05,400,0.05,8,IQL expectile0.7 beta3,IQL,465.63491465437454,422.931340639083,479.9511404087543,0.7489253590470428,0.248125,0.5318527631704553,23.83625,,none,,,,,2000.0,0.7,3.0,20.0,147.6714714050293,219.6897766113281,3.268882751464844,6.273882532119751
gate2B_iql,N400_noise0p05,400,0.05,8,IQL expectile0.7 beta3 support top3,IQL,473.3967075329448,422.931340639083,479.9511404087543,0.8850498791246946,0.0,0.7298763818266828,30.6575,,top3,,,,,2000.0,0.7,3.0,20.0,147.6714714050293,219.6897766113281,3.268882751464844,6.273882532119751
gate2C_support_mask,N400_noise0p05,400,0.05,9,Structured DT,DT,454.1859263125379,423.4552510574188,479.20761072352025,0.5511995445423987,0.4359375,0.4665422059361372,26.99875,606.96826171875,none,,,,,,,,,,,,
gate2C_support_mask,N400_noise0p05,400,0.05,9,Structured DT support count>=1,DT,463.323391547317,423.4552510574188,479.20761072352025,0.7150933292988283,0.0,0.7706842617088246,33.325,606.96826171875,count>=1,,,,,,,,,,,,
gate2C_support_mask,N400_noise0p05,400,0.05,9,Structured DT support top3,DT,463.323391547317,423.4552510574188,479.20761072352025,0.7150933292988283,0.0,0.7706842617088246,33.325,606.96826171875,top3,,,,,,,,,,,,
gate2C_support_mask,N400_noise0p05,400,0.05,9,Vanilla DT,DT,447.41552394971205,423.4552510574188,479.20761072352025,0.4297624896199972,0.2671875,0.6386244947456374,49.8040625,478.75,none,,,,,,,,,,,,
gate2C_support_mask,N400_noise0p05,400,0.05,9,Vanilla DT support top3,DT,457.9181031477898,423.4552510574188,479.20761072352025,0.6181415871322324,0.0,0.8094697383914172,44.671875,478.75,top3,,,,,,,,,,,,
gate2A_fixed_value_guided_dt,N400_noise0p05,400,0.05,9,Q-DT fixed td denoised,Q-DT,461.04937989170224,423.4552510574188,479.20761072352025,0.6743056089362517,0.4534375,0.4783376494991122,35.4903125,30288.60546875,none,td,True,2000.0,0.1,,,,,,,,
gate2A_fixed_value_guided_dt,N400_noise0p05,400,0.05,9,Q-DT fixed td denoised support top3,Q-DT,475.6929250025431,423.4552510574188,479.20761072352025,0.9369589782024208,0.0,0.7747839136118664,30.67,30288.60546875,top3,td,True,2000.0,0.1,,,,,,,,
gate2A_fixed_value_guided_dt,N400_noise0p05,400,0.05,9,Q-DT fixed q_sa,Q-DT,449.0653620391808,423.4552510574188,479.20761072352025,0.4593547454339124,0.6978125,0.2458308431505624,7.0828125,27425.775390625,none,q_sa,False,2000.0,0.1,,,,,,,,
gate2A_fixed_value_guided_dt,N400_noise0p05,400,0.05,9,Q-DT fixed q_sa support top3,Q-DT,477.27635758843405,423.4552510574188,479.20761072352025,0.9653601543207788,0.0,0.7616527466335066,30.0465625,27425.775390625,top3,q_sa,False,2000.0,0.1,,,,,,,,
gate2B_iql,N400_noise0p05,400,0.05,9,IQL expectile0.7 beta3,IQL,456.9050698913733,423.4552510574188,479.20761072352025,0.5999713560875998,0.299375,0.5298449391714468,32.3084375,,none,,,,,2000.0,0.7,3.0,20.0,255.06180877685543,376.07196350097655,1.2022270441055298,5.572402596473694
gate2B_iql,N400_noise0p05,400,0.05,9,IQL expectile0.7 beta3 support top3,IQL,476.1062095308154,423.4552510574188,479.20761072352025,0.9443718398417756,0.0,0.7675125118615119,29.2059375,,top3,,,,,2000.0,0.7,3.0,20.0,255.06180877685543,376.07196350097655,1.2022270441055298,5.572402596473694
gate2C_support_mask,N400_noise0p2,400,0.2,0,Structured DT,DT,466.7013093695416,421.4891710594284,479.2131268458336,0.7832474003931873,0.2178125,0.5682363135038799,19.3175,695.5692749023438,none,,,,,,,,,,,,
gate2C_support_mask,N400_noise0p2,400,0.2,0,Structured DT support count>=1,DT,470.9971535375877,421.4891710594284,479.2131268458336,0.8576678746923156,0.0,0.7658122663899232,32.3903125,695.5692749023438,count>=1,,,,,,,,,,,,
gate2C_support_mask,N400_noise0p2,400,0.2,0,Structured DT support top3,DT,470.9971535375877,421.4891710594284,479.2131268458336,0.8576678746923156,0.0,0.7658122663899232,32.3903125,695.5692749023438,top3,,,,,,,,,,,,
gate2C_support_mask,N400_noise0p2,400,0.2,0,Vanilla DT,DT,455.7112381542753,421.4891710594284,479.2131268458336,0.5928572743953675,0.0778125,0.7636739989491499,52.70375,491.3634338378906,none,,,,,,,,,,,,
gate2C_support_mask,N400_noise0p2,400,0.2,0,Vanilla DT support top3,DT,455.6096923531112,421.4891710594284,479.2131268458336,0.5910981121934579,0.0,0.8159088227539069,53.8390625,491.3634338378906,top3,,,,,,,,,,,,
gate2A_fixed_value_guided_dt,N400_noise0p2,400,0.2,0,Q-DT fixed td denoised,Q-DT,466.4487707683664,421.4891710594284,479.2131268458336,0.7788724645847401,0.3146875,0.5230265481459163,16.1728125,25591.58203125,none,td,True,2000.0,0.1,,,,,,,,
gate2A_fixed_value_guided_dt,N400_noise0p2,400,0.2,0,Q-DT fixed td denoised support top3,Q-DT,474.04778663695936,421.4891710594284,479.2131268458336,0.9105165240582708,0.0,0.7424646115372354,26.1053125,25591.58203125,top3,td,True,2000.0,0.1,,,,,,,,
gate2A_fixed_value_guided_dt,N400_noise0p2,400,0.2,0,Q-DT fixed q_sa,Q-DT,464.50262634692,421.4891710594284,479.2131268458336,0.7451577893700397,0.4040625,0.4521149763261285,16.7465625,23707.224609375,none,q_sa,False,2000.0,0.1,,,,,,,,
gate2A_fixed_value_guided_dt,N400_noise0p2,400,0.2,0,Q-DT fixed q_sa support top3,Q-DT,472.4673812721269,421.4891710594284,479.2131268458336,0.8831378501039006,0.0,0.7632824400309809,31.115625,23707.224609375,top3,q_sa,False,2000.0,0.1,,,,,,,,
gate2B_iql,N400_noise0p2,400,0.2,0,IQL expectile0.7 beta3,IQL,461.27798175425136,421.4891710594284,479.2131268458336,0.6892945944670302,0.2784375,0.3922176250056678,14.3753125,,none,,,,,2000.0,0.7,3.0,20.0,240.4806381225586,107.08003425598145,1.0966645538806916,6.299682044982911
gate2B_iql,N400_noise0p2,400,0.2,0,IQL expectile0.7 beta3 support top3,IQL,469.13949584093285,421.4891710594284,479.2131268458336,0.8254861284598027,0.0,0.6539706152396704,35.39375,,top3,,,,,2000.0,0.7,3.0,20.0,240.4806381225586,107.08003425598145,1.0966645538806916,6.299682044982911
gate2C_support_mask,N400_noise0p2,400,0.2,1,Structured DT,DT,462.4543229649816,422.7909092428097,479.07216495487467,0.7047357636277692,0.3728125,0.4604188143943516,26.9071875,650.6212158203125,none,,,,,,,,,,,,
gate2C_support_mask,N400_noise0p2,400,0.2,1,Structured DT support count>=1,DT,466.8335838415336,422.7909092428097,479.07216495487467,0.7825460544811993,0.0,0.7345030041656523,25.408125,650.6212158203125,count>=1,,,,,,,,,,,,
gate2C_support_mask,N400_noise0p2,400,0.2,1,Structured DT support top3,DT,466.8335838415336,422.7909092428097,479.07216495487467,0.7825460544811993,0.0,0.7345030041656523,25.408125,650.6212158203125,top3,,,,,,,,,,,,
gate2C_support_mask,N400_noise0p2,400,0.2,1,Vanilla DT,DT,451.141790774431,422.7909092428097,479.07216495487467,0.5037357673159335,0.0459375,0.7969889794935835,56.4084375,485.8995971679688,none,,,,,,,,,,,,
gate2C_support_mask,N400_noise0p2,400,0.2,1,Vanilla DT support top3,DT,453.3765912030966,422.7909092428097,479.07216495487467,0.5434434888369112,0.0,0.8197729241385413,54.889375,485.8995971679688,top3,,,,,,,,,,,,
gate2A_fixed_value_guided_dt,N400_noise0p2,400,0.2,1,Q-DT fixed td denoised,Q-DT,462.6316186189025,422.7909092428097,479.07216495487467,0.707885935948514,0.4834375,0.3909848885328224,13.916875,32090.298828125,none,td,True,2000.0,0.1,,,,,,,,
gate2A_fixed_value_guided_dt,N400_noise0p2,400,0.2,1,Q-DT fixed td denoised support top3,Q-DT,473.815781843242,422.7909092428097,479.07216495487467,0.9066050846746494,0.0,0.7575804645146093,26.4525,32090.298828125,top3,td,True,2000.0,0.1,,,,,,,,
gate2A_fixed_value_guided_dt,N400_noise0p2,400,0.2,1,Q-DT fixed q_sa,Q-DT,463.54554000473416,422.7909092428097,479.07216495487467,0.7241244042319392,0.34375,0.4951819331718228,14.8990625,28999.87890625,none,q_sa,False,2000.0,0.1,,,,,,,,
gate2A_fixed_value_guided_dt,N400_noise0p2,400,0.2,1,Q-DT fixed q_sa support top3,Q-DT,474.8155068363693,422.7909092428097,479.07216495487467,0.9243681032938847,0.0,0.7549447481767263,28.0190625,28999.87890625,top3,q_sa,False,2000.0,0.1,,,,,,,,
gate2B_iql,N400_noise0p2,400,0.2,1,IQL expectile0.7 beta3,IQL,443.6755263761322,422.7909092428097,479.07216495487467,0.3710758914152213,0.51,0.3342229117214031,10.49125,,none,,,,,2000.0,0.7,3.0,20.0,382.5615753173828,294.2177398681641,0.7250801891088485,4.435959529876709
gate2B_iql,N400_noise0p2,400,0.2,1,IQL expectile0.7 beta3 support top3,IQL,466.1212506378573,422.7909092428097,479.07216495487467,0.7698893858503397,0.0,0.7414827941987437,50.7778125,,top3,,,,,2000.0,0.7,3.0,20.0,382.5615753173828,294.2177398681641,0.7250801891088485,4.435959529876709
gate2C_support_mask,N400_noise0p2,400,0.2,2,Structured DT,DT,457.93381425895984,417.1824539201058,474.5590275047475,0.710243881655599,0.4146875,0.4443818974795658,16.625625,659.6668090820312,none,,,,,,,,,,,,
gate2C_support_mask,N400_noise0p2,400,0.2,2,Structured DT support count>=1,DT,463.8226479987811,417.1824539201058,474.5590275047475,0.8128786918562133,0.0,0.7512123553889869,31.156875,659.6668090820312,count>=1,,,,,,,,,,,,
gate2C_support_mask,N400_noise0p2,400,0.2,2,Structured DT support top3,DT,463.8226479987811,417.1824539201058,474.5590275047475,0.8128786918562133,0.0,0.7512123553889869,31.156875,659.6668090820312,top3,,,,,,,,,,,,
gate2C_support_mask,N400_noise0p2,400,0.2,2,Vanilla DT,DT,452.2129547948906,417.1824539201058,474.5590275047475,0.6105366473846323,0.0575,0.7452982416104522,54.1659375,481.9655456542969,none,,,,,,,,,,,,
gate2C_support_mask,N400_noise0p2,400,0.2,2,Vanilla DT support top3,DT,450.8047235625656,417.1824539201058,474.5590275047475,0.5859929853228407,0.0,0.7852233940780227,55.8790625,481.9655456542969,top3,,,,,,,,,,,,
gate2A_fixed_value_guided_dt,N400_noise0p2,400,0.2,2,Q-DT fixed td denoised,Q-DT,462.5484600131033,417.1824539201058,474.5590275047475,0.7906712314577957,0.311875,0.6088349621727139,18.9796875,30564.763671875,none,td,True,2000.0,0.1,,,,,,,,
gate2A_fixed_value_guided_dt,N400_noise0p2,400,0.2,2,Q-DT fixed td denoised support top3,Q-DT,469.4504525556996,417.1824539201058,474.5590275047475,0.9109640985878712,0.0,0.7496251395722937,26.4946875,30564.763671875,top3,td,True,2000.0,0.1,,,,,,,,
gate2A_fixed_value_guided_dt,N400_noise0p2,400,0.2,2,Q-DT fixed q_sa,Q-DT,460.8518013746882,417.1824539201058,474.5590275047475,0.7611006500791047,0.3059375,0.5250975332374131,13.365625,27766.966796875,none,q_sa,False,2000.0,0.1,,,,,,,,
gate2A_fixed_value_guided_dt,N400_noise0p2,400,0.2,2,Q-DT fixed q_sa support top3,Q-DT,469.4829900936868,417.1824539201058,474.5590275047475,0.9115311860933528,0.0,0.7566057413688887,27.5059375,27766.966796875,top3,q_sa,False,2000.0,0.1,,,,,,,,
gate2B_iql,N400_noise0p2,400,0.2,2,IQL expectile0.7 beta3,IQL,448.19334813158025,417.1824539201058,474.5590275047475,0.540480064842619,0.4009375,0.3413852814919533,8.916875,,none,,,,,2000.0,0.7,3.0,20.0,233.62383880615235,84.07612495422363,1.0238989919424055,5.258950424194336
gate2B_iql,N400_noise0p2,400,0.2,2,IQL expectile0.7 beta3 support top3,IQL,465.6692336411477,417.1824539201058,474.5590275047475,0.8450623083916717,0.0,0.6819362660519832,24.989375,,top3,,,,,2000.0,0.7,3.0,20.0,233.62383880615235,84.07612495422363,1.0238989919424055,5.258950424194336
gate2C_support_mask,N400_noise0p2,400,0.2,3,Structured DT,DT,465.0854648058358,423.1047405366476,479.3865548020198,0.7459021145133399,0.305,0.5883802024196682,25.033125,653.5397338867188,none,,,,,,,,,,,,
gate2C_support_mask,N400_noise0p2,400,0.2,3,Structured DT support count>=1,DT,467.83126465844447,423.1047405366476,479.3865548020198,0.7946887410364663,0.0,0.783387918721528,36.1528125,653.5397338867188,count>=1,,,,,,,,,,,,
gate2C_support_mask,N400_noise0p2,400,0.2,3,Structured DT support top3,DT,467.83126465844447,423.1047405366476,479.3865548020198,0.7946887410364663,0.0,0.783387918721528,36.1528125,653.5397338867188,top3,,,,,,,,,,,,
gate2C_support_mask,N400_noise0p2,400,0.2,3,Vanilla DT,DT,458.4528639601096,423.1047405366476,479.3865548020198,0.628055862890158,0.041875,0.7600044967010154,49.391875,491.9343872070313,none,,,,,,,,,,,,
gate2C_support_mask,N400_noise0p2,400,0.2,3,Vanilla DT support top3,DT,458.7013761349619,423.1047405366476,479.3865548020198,0.632471359762391,0.0,0.8101368076495334,51.6503125,491.9343872070313,top3,,,,,,,,,,,,
gate2A_fixed_value_guided_dt,N400_noise0p2,400,0.2,3,Q-DT fixed td denoised,Q-DT,459.6341984708495,423.1047405366476,479.3865548020198,0.6490454938421725,0.5146875,0.3126530775688357,10.2265625,43384.5078125,none,td,True,2000.0,0.1,,,,,,,,
gate2A_fixed_value_guided_dt,N400_noise0p2,400,0.2,3,Q-DT fixed td denoised support top3,Q-DT,476.0266143353848,423.1047405366476,479.3865548020198,0.940301489735339,0.0,0.7351091542073113,25.8890625,43384.5078125,top3,td,True,2000.0,0.1,,,,,,,,
gate2A_fixed_value_guided_dt,N400_noise0p2,400,0.2,3,Q-DT fixed q_sa,Q-DT,460.745214783105,423.1047405366476,479.3865548020198,0.6687857301291017,0.4146875,0.4010918245948489,15.6721875,39440.96484375,none,q_sa,False,2000.0,0.1,,,,,,,,
gate2A_fixed_value_guided_dt,N400_noise0p2,400,0.2,3,Q-DT fixed q_sa support top3,Q-DT,474.6579984549096,423.1047405366476,479.3865548020198,0.9159842942373032,0.0,0.76550204737932,32.5965625,39440.96484375,top3,q_sa,False,2000.0,0.1,,,,,,,,
gate2B_iql,N400_noise0p2,400,0.2,3,IQL expectile0.7 beta3,IQL,458.1036773972215,423.1047405366476,479.3865548020198,0.6218516108160932,0.6084375,0.3300637720943583,8.15625,,none,,,,,2000.0,0.7,3.0,20.0,255.4155075073242,328.5632949829102,0.4196686223149299,5.361319279670715
gate2B_iql,N400_noise0p2,400,0.2,3,IQL expectile0.7 beta3 support top3,IQL,479.0166742104837,423.1047405366476,479.3865548020198,0.9934280620416364,0.0,0.7718386935618892,28.233125,,top3,,,,,2000.0,0.7,3.0,20.0,255.4155075073242,328.5632949829102,0.4196686223149299,5.361319279670715
gate2C_support_mask,N400_noise0p2,400,0.2,4,Structured DT,DT,467.29995647003466,427.2545943129383,483.248496641775,0.7151736259052112,0.163125,0.6124869715613409,21.759375,647.4295654296875,none,,,,,,,,,,,,
gate2C_support_mask,N400_noise0p2,400,0.2,4,Structured DT support count>=1,DT,471.6992847340116,427.2545943129383,483.248496641775,0.7937416142218835,0.0,0.7187115992293636,29.881875,647.4295654296875,count>=1,,,,,,,,,,,,
gate2C_support_mask,N400_noise0p2,400,0.2,4,Structured DT support top3,DT,471.6992847340116,427.2545943129383,483.248496641775,0.7937416142218835,0.0,0.7187115992293636,29.881875,647.4295654296875,top3,,,,,,,,,,,,
gate2C_support_mask,N400_noise0p2,400,0.2,4,Vanilla DT,DT,456.7414978778239,427.2545943129383,483.248496641775,0.5266091902599888,0.066875,0.7744864922907067,49.1196875,495.4952392578125,none,,,,,,,,,,,,
gate2C_support_mask,N400_noise0p2,400,0.2,4,Vanilla DT support top3,DT,458.5219690148525,427.2545943129383,483.248496641775,0.5584067800506135,0.0,0.8006418173321547,49.58625,495.4952392578125,top3,,,,,,,,,,,,
gate2A_fixed_value_guided_dt,N400_noise0p2,400,0.2,4,Q-DT fixed td denoised,Q-DT,468.7891659107093,427.2545943129383,483.248496641775,0.7417695475812691,0.2790625,0.603028064191805,23.0446875,28312.6875,none,td,True,2000.0,0.1,,,,,,,,
gate2A_fixed_value_guided_dt,N400_noise0p2,400,0.2,4,Q-DT fixed td denoised support top3,Q-DT,477.2165151777031,427.2545943129383,483.248496641775,0.8922743153594171,0.0,0.753362276200678,27.620625,28312.6875,top3,td,True,2000.0,0.1,,,,,,,,
gate2A_fixed_value_guided_dt,N400_noise0p2,400,0.2,4,Q-DT fixed q_sa,Q-DT,472.20824456775,427.2545943129383,483.248496641775,0.8028311724160851,0.280625,0.5665589964511075,19.7890625,25770.625,none,q_sa,False,2000.0,0.1,,,,,,,,
gate2A_fixed_value_guided_dt,N400_noise0p2,400,0.2,4,Q-DT fixed q_sa support top3,Q-DT,475.97708475938816,427.2545943129383,483.248496641775,0.8701392190941825,0.0,0.7751948448102064,35.7890625,25770.625,top3,q_sa,False,2000.0,0.1,,,,,,,,
gate2B_iql,N400_noise0p2,400,0.2,4,IQL expectile0.7 beta3,IQL,467.2811665237573,427.2545943129383,483.248496641775,0.7148380546109117,0.33,0.4030196135715365,12.7346875,,none,,,,,2000.0,0.7,3.0,20.0,509.6956359863281,787.5264709472656,0.5662337124347687,4.578503274917603
gate2B_iql,N400_noise0p2,400,0.2,4,IQL expectile0.7 beta3 support top3,IQL,479.16965061445205,427.2545943129383,483.248496641775,0.9271555319833044,0.0,0.6873029794977826,25.87875,,top3,,,,,2000.0,0.7,3.0,20.0,509.6956359863281,787.5264709472656,0.5662337124347687,4.578503274917603
gate2C_support_mask,N400_noise0p2,400,0.2,5,Structured DT,DT,465.72339522733387,420.5620190232593,478.5366511066638,0.778985128169571,0.199375,0.6201367707360825,25.27125,651.4422607421875,none,,,,,,,,,,,,
gate2C_support_mask,N400_noise0p2,400,0.2,5,Structured DT support count>=1,DT,467.0161166544864,420.5620190232593,478.5366511066638,0.8012831813127588,0.0,0.7774735867814411,35.606875,651.4422607421875,count>=1,,,,,,,,,,,,
gate2C_support_mask,N400_noise0p2,400,0.2,5,Structured DT support top3,DT,467.0161166544864,420.5620190232593,478.5366511066638,0.8012831813127588,0.0,0.7774735867814411,35.606875,651.4422607421875,top3,,,,,,,,,,,,
gate2C_support_mask,N400_noise0p2,400,0.2,5,Vanilla DT,DT,458.2482469753398,420.5620190232593,478.5366511066638,0.6500468670135526,0.040625,0.7970094065842779,51.4496875,493.29595947265625,none,,,,,,,,,,,,
gate2C_support_mask,N400_noise0p2,400,0.2,5,Vanilla DT support top3,DT,457.6715389876155,420.5620190232593,478.5366511066638,0.6400992749892584,0.0,0.8272533007446147,51.0859375,493.29595947265625,top3,,,,,,,,,,,,
gate2A_fixed_value_guided_dt,N400_noise0p2,400,0.2,5,Q-DT fixed td denoised,Q-DT,460.60992662976633,420.5620190232593,478.5366511066638,0.6907832989589757,0.35,0.5497239645419557,18.1815625,36827.9609375,none,td,True,2000.0,0.1,,,,,,,,
gate2A_fixed_value_guided_dt,N400_noise0p2,400,0.2,5,Q-DT fixed td denoised support top3,Q-DT,474.4276897211429,420.5620190232593,478.5366511066638,0.929124838953535,0.0,0.7649236449186312,29.7575,36827.9609375,top3,td,True,2000.0,0.1,,,,,,,,
gate2A_fixed_value_guided_dt,N400_noise0p2,400,0.2,5,Q-DT fixed q_sa,Q-DT,457.8047765320541,420.5620190232593,478.5366511066638,0.6423974792149777,0.4146875,0.4431379929591914,17.1115625,33323.921875,none,q_sa,False,2000.0,0.1,,,,,,,,
gate2A_fixed_value_guided_dt,N400_noise0p2,400,0.2,5,Q-DT fixed q_sa support top3,Q-DT,475.3239848322309,420.5620190232593,478.5366511066638,0.9445849648547832,0.0,0.7776420882545182,32.050625,33323.921875,top3,q_sa,False,2000.0,0.1,,,,,,,,
gate2B_iql,N400_noise0p2,400,0.2,5,IQL expectile0.7 beta3,IQL,452.4341115511274,420.5620190232593,478.5366511066638,0.5497592892356047,0.6765625,0.2362217383882979,6.526875,,none,,,,,2000.0,0.7,3.0,20.0,312.4144683837891,251.39242935180664,0.3041227884590626,4.790808928012848
gate2B_iql,N400_noise0p2,400,0.2,5,IQL expectile0.7 beta3 support top3,IQL,477.8839206510116,420.5620190232593,478.5366511066638,0.9887411022339364,0.0,0.7863407279935979,30.919375,,top3,,,,,2000.0,0.7,3.0,20.0,312.4144683837891,251.39242935180664,0.3041227884590626,4.790808928012848
gate2C_support_mask,N400_noise0p2,400,0.2,6,Structured DT,DT,464.537652317887,421.9223253169368,478.3865908773132,0.7547309183607874,0.2409375,0.6020350187667328,21.014375,685.24365234375,none,,,,,,,,,,,,
gate2C_support_mask,N400_noise0p2,400,0.2,6,Structured DT support count>=1,DT,470.9465003388445,421.9223253169368,478.3865908773132,0.8682336436216808,0.0,0.7833624763532402,32.5721875,685.24365234375,count>=1,,,,,,,,,,,,
gate2C_support_mask,N400_noise0p2,400,0.2,6,Structured DT support top3,DT,470.9465003388445,421.9223253169368,478.3865908773132,0.8682336436216808,0.0,0.7833624763532402,32.5721875,685.24365234375,top3,,,,,,,,,,,,
gate2C_support_mask,N400_noise0p2,400,0.2,6,Vanilla DT,DT,458.1237204310817,421.9223253169368,478.3865908773132,0.6411381562279481,0.0453125,0.7981627875988891,52.5159375,490.0906066894531,none,,,,,,,,,,,,
gate2C_support_mask,N400_noise0p2,400,0.2,6,Vanilla DT support top3,DT,458.0889927975558,421.9223253169368,478.3865908773132,0.6405231188555277,0.0,0.8335197238935242,52.3196875,490.0906066894531,top3,,,,,,,,,,,,
gate2A_fixed_value_guided_dt,N400_noise0p2,400,0.2,6,Q-DT fixed td denoised,Q-DT,466.20083606465727,421.9223253169368,478.3865908773132,0.7841864285009454,0.2096875,0.6490499782855885,22.5109375,33091.76171875,none,td,True,2000.0,0.1,,,,,,,,
gate2A_fixed_value_guided_dt,N400_noise0p2,400,0.2,6,Q-DT fixed td denoised support top3,Q-DT,475.60403668766753,421.9223253169368,478.3865908773132,0.9507200853135992,0.0,0.7544786564599185,27.9771875,33091.76171875,top3,td,True,2000.0,0.1,,,,,,,,
gate2A_fixed_value_guided_dt,N400_noise0p2,400,0.2,6,Q-DT fixed q_sa,Q-DT,457.19014213838136,421.9223253169368,478.3865908773132,0.6246041894184073,0.4234375,0.469674193653781,14.8128125,29778.185546875,none,q_sa,False,2000.0,0.1,,,,,,,,
gate2A_fixed_value_guided_dt,N400_noise0p2,400,0.2,6,Q-DT fixed q_sa support top3,Q-DT,475.5425479479582,421.9223253169368,478.3865908773132,0.9496311002874224,0.0,0.7641044578409065,29.67625,29778.185546875,top3,q_sa,False,2000.0,0.1,,,,,,,,
gate2B_iql,N400_noise0p2,400,0.2,6,IQL expectile0.7 beta3,IQL,460.20842035594,421.9223253169368,478.3865908773132,0.6780588511872953,0.3646875,0.4884973951973625,17.4159375,,none,,,,,2000.0,0.7,3.0,20.0,510.2353118896484,228.4039764404297,0.7361493945121765,5.281307482719422
gate2B_iql,N400_noise0p2,400,0.2,6,IQL expectile0.7 beta3 support top3,IQL,476.64535917479066,421.9223253169368,478.3865908773132,0.9691622358806627,0.0,0.7653249172105803,28.114375,,top3,,,,,2000.0,0.7,3.0,20.0,510.2353118896484,228.4039764404297,0.7361493945121765,5.281307482719422
gate2C_support_mask,N400_noise0p2,400,0.2,7,Structured DT,DT,457.7223834915815,418.644374990045,476.3341035189663,0.6773824300793113,0.2690625,0.6187847281599179,28.4553125,648.0101318359375,none,,,,,,,,,,,,
gate2C_support_mask,N400_noise0p2,400,0.2,7,Structured DT support count>=1,DT,461.8242908928764,418.644374990045,476.3341035189663,0.7484853370593394,0.0,0.7783992953892366,36.66,648.0101318359375,count>=1,,,,,,,,,,,,
gate2C_support_mask,N400_noise0p2,400,0.2,7,Structured DT support top3,DT,461.8242908928764,418.644374990045,476.3341035189663,0.7484853370593394,0.0,0.7783992953892366,36.66,648.0101318359375,top3,,,,,,,,,,,,
gate2C_support_mask,N400_noise0p2,400,0.2,7,Vanilla DT,DT,452.4316120228645,418.644374990045,476.3341035189663,0.5856716246442566,0.089375,0.7372198027086015,51.500625,482.2167663574219,none,,,,,,,,,,,,
gate2C_support_mask,N400_noise0p2,400,0.2,7,Vanilla DT support top3,DT,449.966041944651,418.644374990045,476.3341035189663,0.5429331659777822,0.0,0.8157056022617791,53.23125,482.2167663574219,top3,,,,,,,,,,,,
gate2A_fixed_value_guided_dt,N400_noise0p2,400,0.2,7,Q-DT fixed td denoised,Q-DT,464.8515406356113,418.644374990045,476.3341035189663,0.8009600118399153,0.2853125,0.5898333207706846,14.9315625,25862.189453125,none,td,True,2000.0,0.1,,,,,,,,
gate2A_fixed_value_guided_dt,N400_noise0p2,400,0.2,7,Q-DT fixed td denoised support top3,Q-DT,473.2688346257521,418.644374990045,476.3341035189663,0.9468662971489364,0.0,0.7387469939891926,26.03375,25862.189453125,top3,td,True,2000.0,0.1,,,,,,,,
gate2A_fixed_value_guided_dt,N400_noise0p2,400,0.2,7,Q-DT fixed q_sa,Q-DT,461.4929932665409,418.644374990045,476.3341035189663,0.7427425881370682,0.4946875,0.3891381197754026,12.863125,23685.482421875,none,q_sa,False,2000.0,0.1,,,,,,,,
gate2A_fixed_value_guided_dt,N400_noise0p2,400,0.2,7,Q-DT fixed q_sa support top3,Q-DT,469.09290812292426,418.644374990045,476.3341035189663,0.8744803350493868,0.0,0.7647769650922652,32.9065625,23685.482421875,top3,q_sa,False,2000.0,0.1,,,,,,,,
gate2B_iql,N400_noise0p2,400,0.2,7,IQL expectile0.7 beta3,IQL,458.4265400458959,418.644374990045,476.3341035189663,0.6895883560261009,0.5890625,0.4167450823033927,7.7109375,,none,,,,,2000.0,0.7,3.0,20.0,346.96041717529295,154.47661895751952,0.7487720876932145,5.636524748802185
gate2B_iql,N400_noise0p2,400,0.2,7,IQL expectile0.7 beta3 support top3,IQL,473.2296836379157,418.644374990045,476.3341035189663,0.9461876496871672,0.0,0.7477045706250738,26.788125,,top3,,,,,2000.0,0.7,3.0,20.0,346.96041717529295,154.47661895751952,0.7487720876932145,5.636524748802185
gate2C_support_mask,N400_noise0p2,400,0.2,8,Structured DT,DT,458.2721745142036,422.931340639083,479.9511404087543,0.6197993331768646,0.3775,0.5473544874012284,39.93125,622.9425659179688,none,,,,,,,,,,,,
gate2C_support_mask,N400_noise0p2,400,0.2,8,Structured DT support count>=1,DT,465.0241408368238,422.931340639083,479.9511404087543,0.7382137497460993,0.0,0.8129304741550487,45.2903125,622.9425659179688,count>=1,,,,,,,,,,,,
gate2C_support_mask,N400_noise0p2,400,0.2,8,Structured DT support top3,DT,465.0241408368238,422.931340639083,479.9511404087543,0.7382137497460993,0.0,0.8129304741550487,45.2903125,622.9425659179688,top3,,,,,,,,,,,,
gate2C_support_mask,N400_noise0p2,400,0.2,8,Vanilla DT,DT,456.1086350291876,422.931340639083,479.9511404087543,0.5818556803798443,0.08125,0.7439576590217527,57.851875,493.18359375,none,,,,,,,,,,,,
gate2C_support_mask,N400_noise0p2,400,0.2,8,Vanilla DT support top3,DT,456.4931772665253,422.931340639083,479.9511404087543,0.5885996927911664,0.0,0.7996725208973214,57.6440625,493.18359375,top3,,,,,,,,,,,,
gate2A_fixed_value_guided_dt,N400_noise0p2,400,0.2,8,Q-DT fixed td denoised,Q-DT,465.55559007677135,422.931340639083,479.9511404087543,0.7475341830358394,0.415,0.4588127798394367,15.675,39370.98828125,none,td,True,2000.0,0.1,,,,,,,,
gate2A_fixed_value_guided_dt,N400_noise0p2,400,0.2,8,Q-DT fixed td denoised support top3,Q-DT,476.6684285252174,422.931340639083,479.9511404087543,0.9424285617136988,0.0,0.7790820864464072,33.3296875,39370.98828125,top3,td,True,2000.0,0.1,,,,,,,,
gate2A_fixed_value_guided_dt,N400_noise0p2,400,0.2,8,Q-DT fixed q_sa,Q-DT,452.8060922012375,422.931340639083,479.9511404087543,0.5239364515980788,0.465,0.3872528449360936,13.3815625,35315.875,none,q_sa,False,2000.0,0.1,,,,,,,,
gate2A_fixed_value_guided_dt,N400_noise0p2,400,0.2,8,Q-DT fixed q_sa support top3,Q-DT,476.137063701794,422.931340639083,479.9511404087543,0.9331096089013464,0.0,0.7914561560285471,33.053125,35315.875,top3,q_sa,False,2000.0,0.1,,,,,,,,
gate2B_iql,N400_noise0p2,400,0.2,8,IQL expectile0.7 beta3,IQL,457.07370856472977,422.931340639083,479.9511404087543,0.5987809158145632,0.5140625,0.3688008082265074,12.55625,,none,,,,,2000.0,0.7,3.0,20.0,297.7025619506836,176.73129272460938,1.4181362986564636,5.493444490432739
gate2B_iql,N400_noise0p2,400,0.2,8,IQL expectile0.7 beta3 support top3,IQL,474.8992654171883,422.931340639083,479.9511404087543,0.9114013901842384,0.0,0.7364715186288082,29.8890625,,top3,,,,,2000.0,0.7,3.0,20.0,297.7025619506836,176.73129272460938,1.4181362986564636,5.493444490432739
gate2C_support_mask,N400_noise0p2,400,0.2,9,Structured DT,DT,458.9610240445528,423.4552510574188,479.20761072352025,0.6368478966590212,0.465625,0.4496863162089575,22.591875,631.9380493164062,none,,,,,,,,,,,,
gate2C_support_mask,N400_noise0p2,400,0.2,9,Structured DT support count>=1,DT,465.4077766980627,423.4552510574188,479.20761072352025,0.7524798213366367,0.0,0.7652425283266078,31.9625,631.9380493164062,count>=1,,,,,,,,,,,,
gate2C_support_mask,N400_noise0p2,400,0.2,9,Structured DT support top3,DT,465.4077766980627,423.4552510574188,479.20761072352025,0.7524798213366367,0.0,0.7652425283266078,31.9625,631.9380493164062,top3,,,,,,,,,,,,
gate2C_support_mask,N400_noise0p2,400,0.2,9,Vanilla DT,DT,451.53298431401976,423.4552510574188,479.20761072352025,0.5036151550312372,0.03375,0.80577202344081,59.636875,493.0401916503906,none,,,,,,,,,,,,
gate2C_support_mask,N400_noise0p2,400,0.2,9,Vanilla DT support top3,DT,454.2998111121751,423.4552510574188,479.20761072352025,0.5532422347589064,0.0,0.8500913015051833,56.584375,493.0401916503906,top3,,,,,,,,,,,,
gate2A_fixed_value_guided_dt,N400_noise0p2,400,0.2,9,Q-DT fixed td denoised,Q-DT,461.04937989170224,423.4552510574188,479.20761072352025,0.6743056089362517,0.4534375,0.4783376494991122,35.4903125,29873.3203125,none,td,True,2000.0,0.1,,,,,,,,
gate2A_fixed_value_guided_dt,N400_noise0p2,400,0.2,9,Q-DT fixed td denoised support top3,Q-DT,475.6929250025431,423.4552510574188,479.20761072352025,0.9369589782024208,0.0,0.7747839136118664,30.67,29873.3203125,top3,td,True,2000.0,0.1,,,,,,,,
gate2A_fixed_value_guided_dt,N400_noise0p2,400,0.2,9,Q-DT fixed q_sa,Q-DT,449.0653620391808,423.4552510574188,479.20761072352025,0.4593547454339124,0.6978125,0.2458308431505624,7.0828125,27029.73828125,none,q_sa,False,2000.0,0.1,,,,,,,,
gate2A_fixed_value_guided_dt,N400_noise0p2,400,0.2,9,Q-DT fixed q_sa support top3,Q-DT,477.27635758843405,423.4552510574188,479.20761072352025,0.9653601543207788,0.0,0.7616527466335066,30.0465625,27029.73828125,top3,q_sa,False,2000.0,0.1,,,,,,,,
gate2B_iql,N400_noise0p2,400,0.2,9,IQL expectile0.7 beta3,IQL,455.66962822771416,423.4552510574188,479.20761072352025,0.5778119054193568,0.3978125,0.4834613355204166,27.2790625,,none,,,,,2000.0,0.7,3.0,20.0,455.8980712890625,441.5875640869141,1.0310569763183597,5.5970381736755375
gate2B_iql,N400_noise0p2,400,0.2,9,IQL expectile0.7 beta3 support top3,IQL,476.1062095308154,423.4552510574188,479.20761072352025,0.9443718398417756,0.0,0.7675125118615119,29.2059375,,top3,,,,,2000.0,0.7,3.0,20.0,455.8980712890625,441.5875640869141,1.0310569763183597,5.5970381736755375
gate2C_support_mask,N400_noise0p5,400,0.5,0,Structured DT,DT,465.2783847680676,421.4891710594284,479.2131268458336,0.7585968964197736,0.18875,0.614480042508264,18.780625,722.2866821289062,none,,,,,,,,,,,,
gate2C_support_mask,N400_noise0p5,400,0.5,0,Structured DT support count>=1,DT,469.6985977766443,421.4891710594284,479.2131268458336,0.8351719153760753,0.0,0.7690065585439192,31.5809375,722.2866821289062,count>=1,,,,,,,,,,,,
gate2C_support_mask,N400_noise0p5,400,0.5,0,Structured DT support top3,DT,469.6985977766443,421.4891710594284,479.2131268458336,0.8351719153760753,0.0,0.7690065585439192,31.5809375,722.2866821289062,top3,,,,,,,,,,,,
gate2C_support_mask,N400_noise0p5,400,0.5,0,Vanilla DT,DT,455.9546569237923,421.4891710594284,479.2131268458336,0.5970742197900616,0.0359375,0.7911608585991255,50.77,570.5255126953125,none,,,,,,,,,,,,
gate2C_support_mask,N400_noise0p5,400,0.5,0,Vanilla DT support top3,DT,457.0522022057181,421.4891710594284,479.2131268458336,0.6160879077290352,0.0,0.8191460304188785,52.0503125,570.5255126953125,top3,,,,,,,,,,,,
gate2A_fixed_value_guided_dt,N400_noise0p5,400,0.5,0,Q-DT fixed td denoised,Q-DT,469.60264110859794,421.4891710594284,479.2131268458336,0.8335095783664386,0.23875,0.5957193588092057,18.5403125,27319.662109375,none,td,True,2000.0,0.1,,,,,,,,
gate2A_fixed_value_guided_dt,N400_noise0p5,400,0.5,0,Q-DT fixed td denoised support top3,Q-DT,474.04778663695936,421.4891710594284,479.2131268458336,0.9105165240582708,0.0,0.7424646115372354,26.1053125,27319.662109375,top3,td,True,2000.0,0.1,,,,,,,,
gate2A_fixed_value_guided_dt,N400_noise0p5,400,0.5,0,Q-DT fixed q_sa,Q-DT,461.1820225733289,421.4891710594284,479.2131268458336,0.687632213924755,0.4825,0.3799622119650687,13.4359375,25115.1640625,none,q_sa,False,2000.0,0.1,,,,,,,,
gate2A_fixed_value_guided_dt,N400_noise0p5,400,0.5,0,Q-DT fixed q_sa support top3,Q-DT,474.2786233130267,421.4891710594284,479.2131268458336,0.9145154994043384,0.0,0.7515388799425015,29.0528125,25115.1640625,top3,q_sa,False,2000.0,0.1,,,,,,,,
gate2B_iql,N400_noise0p5,400,0.5,0,IQL expectile0.7 beta3,IQL,463.6240310174378,421.4891710594284,479.2131268458336,0.7299371531971957,0.4865625,0.3762808310985643,10.224375,,none,,,,,2000.0,0.7,3.0,20.0,1427.0705261230469,172.33141632080077,0.3508864283561707,5.695710158348083
gate2B_iql,N400_noise0p5,400,0.5,0,IQL expectile0.7 beta3 support top3,IQL,470.42863916443616,421.4891710594284,479.2131268458336,0.847819028309451,0.0,0.6480578913388522,35.6525,,top3,,,,,2000.0,0.7,3.0,20.0,1427.0705261230469,172.33141632080077,0.3508864283561707,5.695710158348083
gate2C_support_mask,N400_noise0p5,400,0.5,1,Structured DT,DT,459.909175925586,422.7909092428097,479.07216495487467,0.6595138330365876,0.3828125,0.4688527535857867,31.8728125,633.4935302734375,none,,,,,,,,,,,,
gate2C_support_mask,N400_noise0p5,400,0.5,1,Structured DT support count>=1,DT,466.4033472129775,422.7909092428097,479.07216495487467,0.7749016509739788,0.0,0.7393585553040919,25.23375,633.4935302734375,count>=1,,,,,,,,,,,,
gate2C_support_mask,N400_noise0p5,400,0.5,1,Structured DT support top3,DT,466.4033472129775,422.7909092428097,479.07216495487467,0.7749016509739788,0.0,0.7393585553040919,25.23375,633.4935302734375,top3,,,,,,,,,,,,
gate2C_support_mask,N400_noise0p5,400,0.5,1,Vanilla DT,DT,449.4011605834456,422.7909092428097,479.07216495487467,0.4728084155899789,0.0240625,0.8193008846224722,57.2284375,594.5242919921875,none,,,,,,,,,,,,
gate2C_support_mask,N400_noise0p5,400,0.5,1,Vanilla DT support top3,DT,452.2659300717765,422.7909092428097,479.07216495487467,0.5237093674626064,0.0,0.8239441292168803,56.4596875,594.5242919921875,top3,,,,,,,,,,,,
gate2A_fixed_value_guided_dt,N400_noise0p5,400,0.5,1,Q-DT fixed td denoised,Q-DT,463.2895043008359,422.7909092428097,479.07216495487467,0.719575186190179,0.4290625,0.4419138479714308,18.0796875,33058.77734375,none,td,True,2000.0,0.1,,,,,,,,
gate2A_fixed_value_guided_dt,N400_noise0p5,400,0.5,1,Q-DT fixed td denoised support top3,Q-DT,473.34753649477295,422.7909092428097,479.07216495487467,0.8982853458460678,0.0,0.7474852105039141,25.8115625,33058.77734375,top3,td,True,2000.0,0.1,,,,,,,,
gate2A_fixed_value_guided_dt,N400_noise0p5,400,0.5,1,Q-DT fixed q_sa,Q-DT,462.7141687134316,422.7909092428097,479.07216495487467,0.7093526781788477,0.3596875,0.4863710565484463,14.798125,30118.453125,none,q_sa,False,2000.0,0.1,,,,,,,,
gate2A_fixed_value_guided_dt,N400_noise0p5,400,0.5,1,Q-DT fixed q_sa support top3,Q-DT,474.8155068363693,422.7909092428097,479.07216495487467,0.9243681032938847,0.0,0.7549447481767263,28.0190625,30118.453125,top3,q_sa,False,2000.0,0.1,,,,,,,,
gate2B_iql,N400_noise0p5,400,0.5,1,IQL expectile0.7 beta3,IQL,447.0076485736233,422.7909092428097,479.07216495487467,0.4302807217860692,0.43875,0.4019085884098372,10.56125,,none,,,,,2000.0,0.7,3.0,20.0,1745.3579711914062,509.4521240234375,0.6761413171887398,4.745772194862366
gate2B_iql,N400_noise0p5,400,0.5,1,IQL expectile0.7 beta3 support top3,IQL,471.053479596588,422.7909092428097,479.07216495487467,0.8575247610090596,0.0,0.7509637590518511,33.9303125,,top3,,,,,2000.0,0.7,3.0,20.0,1745.3579711914062,509.4521240234375,0.6761413171887398,4.745772194862366
gate2C_support_mask,N400_noise0p5,400,0.5,2,Structured DT,DT,458.12990007324805,417.1824539201058,474.5590275047475,0.7136614056037475,0.40875,0.4573761246773061,16.75125,651.2802734375,none,,,,,,,,,,,,
gate2C_support_mask,N400_noise0p5,400,0.5,2,Structured DT support count>=1,DT,463.70687437101225,417.1824539201058,474.5590275047475,0.8108609061897674,0.0,0.762622301625546,30.8075,651.2802734375,count>=1,,,,,,,,,,,,
gate2C_support_mask,N400_noise0p5,400,0.5,2,Structured DT support top3,DT,463.70687437101225,417.1824539201058,474.5590275047475,0.8108609061897674,0.0,0.762622301625546,30.8075,651.2802734375,top3,,,,,,,,,,,,
gate2C_support_mask,N400_noise0p5,400,0.5,2,Vanilla DT,DT,452.0385889684765,417.1824539201058,474.5590275047475,0.6074976749343716,0.018125,0.7663684691883216,56.5190625,557.39306640625,none,,,,,,,,,,,,
gate2C_support_mask,N400_noise0p5,400,0.5,2,Vanilla DT support top3,DT,451.28538497528046,417.1824539201058,474.5590275047475,0.5943702965264411,0.0,0.7936608940780226,56.1153125,557.39306640625,top3,,,,,,,,,,,,
gate2A_fixed_value_guided_dt,N400_noise0p5,400,0.5,2,Q-DT fixed td denoised,Q-DT,462.5484600131033,417.1824539201058,474.5590275047475,0.7906712314577957,0.311875,0.6088349621727139,18.9796875,31954.498046875,none,td,True,2000.0,0.1,,,,,,,,
gate2A_fixed_value_guided_dt,N400_noise0p5,400,0.5,2,Q-DT fixed td denoised support top3,Q-DT,469.4504525556996,417.1824539201058,474.5590275047475,0.9109640985878712,0.0,0.7496251395722937,26.4946875,31954.498046875,top3,td,True,2000.0,0.1,,,,,,,,
gate2A_fixed_value_guided_dt,N400_noise0p5,400,0.5,2,Q-DT fixed q_sa,Q-DT,460.9977069170853,417.1824539201058,474.5590275047475,0.7636435963249597,0.295,0.5296351790573972,13.2278125,28935.86328125,none,q_sa,False,2000.0,0.1,,,,,,,,
gate2A_fixed_value_guided_dt,N400_noise0p5,400,0.5,2,Q-DT fixed q_sa support top3,Q-DT,468.560927691305,417.1824539201058,474.5590275047475,0.895460822445347,0.0,0.7613224324355755,29.6190625,28935.86328125,top3,q_sa,False,2000.0,0.1,,,,,,,,
gate2B_iql,N400_noise0p5,400,0.5,2,IQL expectile0.7 beta3,IQL,447.4936074508216,417.1824539201058,474.5590275047475,0.5282844833179333,0.46375,0.2964791152721142,6.9696875,,none,,,,,2000.0,0.7,3.0,20.0,1300.4143676757812,127.09260139465331,0.7108155161142349,4.534347259998322
gate2B_iql,N400_noise0p5,400,0.5,2,IQL expectile0.7 beta3 support top3,IQL,467.2963036425605,417.1824539201058,474.5590275047475,0.8734200491865719,0.0,0.7188483927264866,28.125625,,top3,,,,,2000.0,0.7,3.0,20.0,1300.4143676757812,127.09260139465331,0.7108155161142349,4.534347259998322
gate2C_support_mask,N400_noise0p5,400,0.5,3,Structured DT,DT,464.6038462489772,423.1047405366476,479.3865548020198,0.7373448467147629,0.354375,0.5269414025943917,28.4378125,668.9330444335938,none,,,,,,,,,,,,
gate2C_support_mask,N400_noise0p5,400,0.5,3,Structured DT support count>=1,DT,471.22453478744274,423.1047405366476,479.3865548020198,0.8549794436957442,0.0,0.7591350996988149,30.0334375,668.9330444335938,count>=1,,,,,,,,,,,,
gate2C_support_mask,N400_noise0p5,400,0.5,3,Structured DT support top3,DT,471.22453478744274,423.1047405366476,479.3865548020198,0.8549794436957442,0.0,0.7591350996988149,30.0334375,668.9330444335938,top3,,,,,,,,,,,,
gate2C_support_mask,N400_noise0p5,400,0.5,3,Vanilla DT,DT,458.1628584556892,423.1047405366476,479.3865548020198,0.6229031238001754,0.0378125,0.7719615786712286,50.9321875,591.7789306640625,none,,,,,,,,,,,,
gate2C_support_mask,N400_noise0p5,400,0.5,3,Vanilla DT support top3,DT,457.2058772973476,423.1047405366476,479.3865548020198,0.6058997423201584,0.0,0.8132065100552753,53.4515625,591.7789306640625,top3,,,,,,,,,,,,
gate2A_fixed_value_guided_dt,N400_noise0p5,400,0.5,3,Q-DT fixed td denoised,Q-DT,459.6341984708495,423.1047405366476,479.3865548020198,0.6490454938421725,0.5146875,0.3126530775688357,10.2265625,44818.18359375,none,td,True,2000.0,0.1,,,,,,,,
gate2A_fixed_value_guided_dt,N400_noise0p5,400,0.5,3,Q-DT fixed td denoised support top3,Q-DT,475.9019357337705,423.1047405366476,479.3865548020198,0.938086234181807,0.0,0.7361716542073111,25.7775,44818.18359375,top3,td,True,2000.0,0.1,,,,,,,,
gate2A_fixed_value_guided_dt,N400_noise0p5,400,0.5,3,Q-DT fixed q_sa,Q-DT,459.6108598890071,423.1047405366476,479.3865548020198,0.6486308202544947,0.4259375,0.3974413181231779,15.6440625,40451.16015625,none,q_sa,False,2000.0,0.1,,,,,,,,
gate2A_fixed_value_guided_dt,N400_noise0p5,400,0.5,3,Q-DT fixed q_sa support top3,Q-DT,474.6579984549096,423.1047405366476,479.3865548020198,0.9159842942373032,0.0,0.76550204737932,32.5965625,40451.16015625,top3,q_sa,False,2000.0,0.1,,,,,,,,
gate2B_iql,N400_noise0p5,400,0.5,3,IQL expectile0.7 beta3,IQL,436.6831734976336,423.1047405366476,479.3865548020198,0.2412579114269991,0.7975,0.1428330661970571,2.1215625,,none,,,,,2000.0,0.7,3.0,20.0,1576.3507446289063,568.8877609252929,0.3087496295571327,5.241326189041137
gate2B_iql,N400_noise0p5,400,0.5,3,IQL expectile0.7 beta3 support top3,IQL,477.62439840274567,423.1047405366476,479.3865548020198,0.9686904833777128,0.0,0.7206511935618891,26.071875,,top3,,,,,2000.0,0.7,3.0,20.0,1576.3507446289063,568.8877609252929,0.3087496295571327,5.241326189041137
gate2C_support_mask,N400_noise0p5,400,0.5,4,Structured DT,DT,466.7701210790443,427.2545943129383,483.248496641775,0.7057112493078672,0.163125,0.6158295973591552,22.383125,628.6167602539062,none,,,,,,,,,,,,
gate2C_support_mask,N400_noise0p5,400,0.5,4,Structured DT support count>=1,DT,470.8927641261323,427.2545943129383,483.248496641775,0.7793378921318813,0.0,0.7262684261994059,29.290625,628.6167602539062,count>=1,,,,,,,,,,,,
gate2C_support_mask,N400_noise0p5,400,0.5,4,Structured DT support top3,DT,470.8927641261323,427.2545943129383,483.248496641775,0.7793378921318813,0.0,0.7262684261994059,29.290625,628.6167602539062,top3,,,,,,,,,,,,
gate2C_support_mask,N400_noise0p5,400,0.5,4,Vanilla DT,DT,453.2087387376535,427.2545943129383,483.248496641775,0.4635173357322673,0.0346875,0.8205088075267531,52.3015625,584.234619140625,none,,,,,,,,,,,,
gate2C_support_mask,N400_noise0p5,400,0.5,4,Vanilla DT support top3,DT,455.6890268812455,427.2545943129383,483.248496641775,0.5078130186626341,0.0,0.8287719815748347,53.029375,584.234619140625,top3,,,,,,,,,,,,
gate2A_fixed_value_guided_dt,N400_noise0p5,400,0.5,4,Q-DT fixed td denoised,Q-DT,463.01017103840985,427.2545943129383,483.248496641775,0.6385619726142495,0.3484375,0.5790678095198499,24.464375,29791.044921875,none,td,True,2000.0,0.1,,,,,,,,
gate2A_fixed_value_guided_dt,N400_noise0p5,400,0.5,4,Q-DT fixed td denoised support top3,Q-DT,477.87998870026087,427.2545943129383,483.248496641775,0.9041233470389982,0.0,0.7603872680600072,27.065625,29791.044921875,top3,td,True,2000.0,0.1,,,,,,,,
gate2A_fixed_value_guided_dt,N400_noise0p5,400,0.5,4,Q-DT fixed q_sa,Q-DT,469.7459066095391,427.2545943129383,483.248496641775,0.7588560634167106,0.341875,0.5150740466808656,17.2696875,27046.595703125,none,q_sa,False,2000.0,0.1,,,,,,,,
gate2A_fixed_value_guided_dt,N400_noise0p5,400,0.5,4,Q-DT fixed q_sa support top3,Q-DT,476.5230078466973,427.2545943129383,483.248496641775,0.8798889072674253,0.0,0.7774941772752015,34.5590625,27046.595703125,top3,q_sa,False,2000.0,0.1,,,,,,,,
gate2B_iql,N400_noise0p5,400,0.5,4,IQL expectile0.7 beta3,IQL,468.73784671183,427.2545943129383,483.248496641775,0.7408530335191155,0.4753125,0.4767044565390485,14.1978125,,none,,,,,2000.0,0.7,3.0,20.0,1979.0389099121091,1243.040124511719,0.5877191856503486,4.85923216342926
gate2B_iql,N400_noise0p5,400,0.5,4,IQL expectile0.7 beta3 support top3,IQL,480.2397135839534,427.2545943129383,483.248496641775,0.9462658801640254,0.0,0.761787023256101,27.799375,,top3,,,,,2000.0,0.7,3.0,20.0,1979.0389099121091,1243.040124511719,0.5877191856503486,4.85923216342926
gate2C_support_mask,N400_noise0p5,400,0.5,5,Structured DT,DT,467.8004543416022,420.5620190232593,478.5366511066638,0.8148121621605788,0.229375,0.5969021157834055,24.4234375,711.250244140625,none,,,,,,,,,,,,
gate2C_support_mask,N400_noise0p5,400,0.5,5,Structured DT support count>=1,DT,473.2503578400346,420.5620190232593,478.5366511066638,0.908817131275208,0.0,0.7780481652258489,31.4615625,711.250244140625,count>=1,,,,,,,,,,,,
gate2C_support_mask,N400_noise0p5,400,0.5,5,Structured DT support top3,DT,473.2503578400346,420.5620190232593,478.5366511066638,0.908817131275208,0.0,0.7780481652258489,31.4615625,711.250244140625,top3,,,,,,,,,,,,
gate2C_support_mask,N400_noise0p5,400,0.5,5,Vanilla DT,DT,457.2808292664021,420.5620190232593,478.5366511066638,0.6333599528552032,0.0659375,0.7763648181549251,49.19625,598.1510009765625,none,,,,,,,,,,,,
gate2C_support_mask,N400_noise0p5,400,0.5,5,Vanilla DT support top3,DT,458.3217785339388,420.5620190232593,478.5366511066638,0.6513152072505926,0.0,0.8288998683538347,51.7990625,598.1510009765625,top3,,,,,,,,,,,,
gate2A_fixed_value_guided_dt,N400_noise0p5,400,0.5,5,Q-DT fixed td denoised,Q-DT,459.5665071069558,420.5620190232593,478.5366511066638,0.6727854353190746,0.4025,0.4884575972953129,16.3965625,38321.921875,none,td,True,2000.0,0.1,,,,,,,,
gate2A_fixed_value_guided_dt,N400_noise0p5,400,0.5,5,Q-DT fixed td denoised support top3,Q-DT,475.8619044609093,420.5620190232593,478.5366511066638,0.9538634994370206,0.0,0.7693067211744702,29.063125,38321.921875,top3,td,True,2000.0,0.1,,,,,,,,
gate2A_fixed_value_guided_dt,N400_noise0p5,400,0.5,5,Q-DT fixed q_sa,Q-DT,456.3653034920055,420.5620190232593,478.5366511066638,0.6175681187116152,0.4259375,0.4332757639197819,16.7290625,34487.85546875,none,q_sa,False,2000.0,0.1,,,,,,,,
gate2A_fixed_value_guided_dt,N400_noise0p5,400,0.5,5,Q-DT fixed q_sa support top3,Q-DT,475.3239848322309,420.5620190232593,478.5366511066638,0.9445849648547832,0.0,0.7776420882545182,32.050625,34487.85546875,top3,q_sa,False,2000.0,0.1,,,,,,,,
gate2B_iql,N400_noise0p5,400,0.5,5,IQL expectile0.7 beta3,IQL,458.2338917225463,420.5620190232593,478.5366511066638,0.649799254354746,0.5675,0.2981780958909159,7.3734375,,none,,,,,2000.0,0.7,3.0,20.0,1993.4303466796875,351.2358703613281,0.4461374804377556,4.973947477340698
gate2B_iql,N400_noise0p5,400,0.5,5,IQL expectile0.7 beta3 support top3,IQL,476.3011404322776,420.5620190232593,478.5366511066638,0.9614398471529744,0.0,0.7788930282065669,30.8415625,,top3,,,,,2000.0,0.7,3.0,20.0,1993.4303466796875,351.2358703613281,0.4461374804377556,4.973947477340698
gate2C_support_mask,N400_noise0p5,400,0.5,6,Structured DT,DT,464.480226944741,421.9223253169368,478.3865908773132,0.7537138968414935,0.25875,0.5976242871294676,20.7409375,718.8403930664062,none,,,,,,,,,,,,
gate2C_support_mask,N400_noise0p5,400,0.5,6,Structured DT support count>=1,DT,472.6942228322503,421.9223253169368,478.3865908773132,0.899186361700284,0.0,0.775266308146414,29.6765625,718.8403930664062,count>=1,,,,,,,,,,,,
gate2C_support_mask,N400_noise0p5,400,0.5,6,Structured DT support top3,DT,472.6942228322503,421.9223253169368,478.3865908773132,0.899186361700284,0.0,0.775266308146414,29.6765625,718.8403930664062,top3,,,,,,,,,,,,
gate2C_support_mask,N400_noise0p5,400,0.5,6,Vanilla DT,DT,454.785846648012,421.9223253169368,478.3865908773132,0.5820233559211836,0.08,0.7575828797818701,53.0290625,593.7530517578125,none,,,,,,,,,,,,
gate2C_support_mask,N400_noise0p5,400,0.5,6,Vanilla DT support top3,DT,455.343352708924,421.9223253169368,478.3865908773132,0.5918969645722322,0.0,0.8249052562165486,54.970625,593.7530517578125,top3,,,,,,,,,,,,
gate2A_fixed_value_guided_dt,N400_noise0p5,400,0.5,6,Q-DT fixed td denoised,Q-DT,466.20083606465727,421.9223253169368,478.3865908773132,0.7841864285009454,0.2096875,0.6490499782855885,22.5109375,34117.3515625,none,td,True,2000.0,0.1,,,,,,,,
gate2A_fixed_value_guided_dt,N400_noise0p5,400,0.5,6,Q-DT fixed td denoised support top3,Q-DT,475.4573559798861,421.9223253169368,478.3865908773132,0.9481223235907524,0.0,0.7507286564599185,27.9084375,34117.3515625,top3,td,True,2000.0,0.1,,,,,,,,
gate2A_fixed_value_guided_dt,N400_noise0p5,400,0.5,6,Q-DT fixed q_sa,Q-DT,455.6706983738856,421.9223253169368,478.3865908773132,0.597694359822358,0.4353125,0.4586712544006569,14.450625,30573.70703125,none,q_sa,False,2000.0,0.1,,,,,,,,
gate2A_fixed_value_guided_dt,N400_noise0p5,400,0.5,6,Q-DT fixed q_sa support top3,Q-DT,475.5425479479582,421.9223253169368,478.3865908773132,0.9496311002874224,0.0,0.7641044578409065,29.67625,30573.70703125,top3,q_sa,False,2000.0,0.1,,,,,,,,
gate2B_iql,N400_noise0p5,400,0.5,6,IQL expectile0.7 beta3,IQL,451.900448923368,421.9223253169368,478.3865908773132,0.5309220497055093,0.6915625,0.2614981389373084,9.6828125,,none,,,,,2000.0,0.7,3.0,20.0,2222.551544189453,474.4380935668945,0.6086191520094871,5.063781189918518
gate2B_iql,N400_noise0p5,400,0.5,6,IQL expectile0.7 beta3 support top3,IQL,476.64535917479066,421.9223253169368,478.3865908773132,0.9691622358806627,0.0,0.7653249172105803,28.114375,,top3,,,,,2000.0,0.7,3.0,20.0,2222.551544189453,474.4380935668945,0.6086191520094871,5.063781189918518
gate2C_support_mask,N400_noise0p5,400,0.5,7,Structured DT,DT,457.4201571373035,418.644374990045,476.3341035189663,0.6721436057342378,0.2571875,0.6285624077419921,28.739375,630.6114501953125,none,,,,,,,,,,,,
gate2C_support_mask,N400_noise0p5,400,0.5,7,Structured DT support count>=1,DT,462.0279178752277,418.644374990045,476.3341035189663,0.7520150292167433,0.0,0.7876914580895255,37.26375,630.6114501953125,count>=1,,,,,,,,,,,,
gate2C_support_mask,N400_noise0p5,400,0.5,7,Structured DT support top3,DT,462.0279178752277,418.644374990045,476.3341035189663,0.7520150292167433,0.0,0.7876914580895255,37.26375,630.6114501953125,top3,,,,,,,,,,,,
gate2C_support_mask,N400_noise0p5,400,0.5,7,Vanilla DT,DT,447.8738175066374,418.644374990045,476.3341035189663,0.5066663210581581,0.02625,0.8136336049401391,57.4809375,580.7210083007812,none,,,,,,,,,,,,
gate2C_support_mask,N400_noise0p5,400,0.5,7,Vanilla DT support top3,DT,447.0880196594467,418.644374990045,476.3341035189663,0.4930452161018955,0.0,0.8315558540683807,58.1184375,580.7210083007812,top3,,,,,,,,,,,,
gate2A_fixed_value_guided_dt,N400_noise0p5,400,0.5,7,Q-DT fixed td denoised,Q-DT,462.6184131649576,418.644374990045,476.3341035189663,0.7622507384978822,0.3153125,0.5896906673303585,15.0521875,26911.248046875,none,td,True,2000.0,0.1,,,,,,,,
gate2A_fixed_value_guided_dt,N400_noise0p5,400,0.5,7,Q-DT fixed td denoised support top3,Q-DT,473.2688346257521,418.644374990045,476.3341035189663,0.9468662971489364,0.0,0.7387469939891926,26.03375,26911.248046875,top3,td,True,2000.0,0.1,,,,,,,,
gate2A_fixed_value_guided_dt,N400_noise0p5,400,0.5,7,Q-DT fixed q_sa,Q-DT,460.5187761835932,418.644374990045,476.3341035189663,0.7258554037493096,0.4903125,0.3906245209029045,12.609375,24282.97265625,none,q_sa,False,2000.0,0.1,,,,,,,,
gate2A_fixed_value_guided_dt,N400_noise0p5,400,0.5,7,Q-DT fixed q_sa support top3,Q-DT,469.09290812292426,418.644374990045,476.3341035189663,0.8744803350493868,0.0,0.7647769650922652,32.9065625,24282.97265625,top3,q_sa,False,2000.0,0.1,,,,,,,,
gate2B_iql,N400_noise0p5,400,0.5,7,IQL expectile0.7 beta3,IQL,462.8034152589694,418.644374990045,476.3341035189663,0.7654575848244175,0.5290625,0.4189254365701862,8.375,,none,,,,,2000.0,0.7,3.0,20.0,1755.432440185547,326.2066284179688,0.4840700775384903,5.128554797172546
gate2B_iql,N400_noise0p5,400,0.5,7,IQL expectile0.7 beta3 support top3,IQL,474.0245226026564,418.644374990045,476.3341035189663,0.9599654743538604,0.0,0.7383842236074005,26.256875,,top3,,,,,2000.0,0.7,3.0,20.0,1755.432440185547,326.2066284179688,0.4840700775384903,5.128554797172546
gate2C_support_mask,N400_noise0p5,400,0.5,8,Structured DT,DT,461.0732290950835,422.931340639083,479.9511404087543,0.6689235776006373,0.278125,0.6244474975357343,40.32875,615.0625610351562,none,,,,,,,,,,,,
gate2C_support_mask,N400_noise0p5,400,0.5,8,Structured DT support count>=1,DT,465.0241408368238,422.931340639083,479.9511404087543,0.7382137497460993,0.0,0.8129304741550487,45.2903125,615.0625610351562,count>=1,,,,,,,,,,,,
gate2C_support_mask,N400_noise0p5,400,0.5,8,Structured DT support top3,DT,465.0241408368238,422.931340639083,479.9511404087543,0.7382137497460993,0.0,0.8129304741550487,45.2903125,615.0625610351562,top3,,,,,,,,,,,,
gate2C_support_mask,N400_noise0p5,400,0.5,8,Vanilla DT,DT,454.7303487661913,422.931340639083,479.9511404087543,0.5576836161396369,0.0390625,0.7756523365161179,60.355,587.1320190429688,none,,,,,,,,,,,,
gate2C_support_mask,N400_noise0p5,400,0.5,8,Vanilla DT support top3,DT,456.4931772665253,422.931340639083,479.9511404087543,0.5885996927911664,0.0,0.7996725208973214,57.6440625,587.1320190429688,top3,,,,,,,,,,,,
gate2A_fixed_value_guided_dt,N400_noise0p5,400,0.5,8,Q-DT fixed td denoised,Q-DT,469.8089805210332,422.931340639083,479.9511404087543,0.822129156386206,0.278125,0.5812602507323974,21.429375,39944.84375,none,td,True,2000.0,0.1,,,,,,,,
gate2A_fixed_value_guided_dt,N400_noise0p5,400,0.5,8,Q-DT fixed td denoised support top3,Q-DT,476.6684285252174,422.931340639083,479.9511404087543,0.9424285617136988,0.0,0.7790820864464072,33.3296875,39944.84375,top3,td,True,2000.0,0.1,,,,,,,,
gate2A_fixed_value_guided_dt,N400_noise0p5,400,0.5,8,Q-DT fixed q_sa,Q-DT,452.8060922012375,422.931340639083,479.9511404087543,0.5239364515980788,0.465,0.3872528449360936,13.3815625,35672.91015625,none,q_sa,False,2000.0,0.1,,,,,,,,
gate2A_fixed_value_guided_dt,N400_noise0p5,400,0.5,8,Q-DT fixed q_sa support top3,Q-DT,476.137063701794,422.931340639083,479.9511404087543,0.9331096089013464,0.0,0.7914561560285471,33.053125,35672.91015625,top3,q_sa,False,2000.0,0.1,,,,,,,,
gate2B_iql,N400_noise0p5,400,0.5,8,IQL expectile0.7 beta3,IQL,465.2458660725002,422.931340639083,479.9511404087543,0.742102315412273,0.42875,0.4265573191391673,14.5596875,,none,,,,,2000.0,0.7,3.0,20.0,1848.2897888183595,560.3455108642578,0.5467558078467846,4.942697310447693
gate2B_iql,N400_noise0p5,400,0.5,8,IQL expectile0.7 beta3 support top3,IQL,477.5691708387365,422.931340639083,479.9511404087543,0.9582255711237218,0.0,0.7758907985676194,31.090625,,top3,,,,,2000.0,0.7,3.0,20.0,1848.2897888183595,560.3455108642578,0.5467558078467846,4.942697310447693
gate2C_support_mask,N400_noise0p5,400,0.5,9,Structured DT,DT,462.6907920498203,423.4552510574188,479.20761072352025,0.7037467333648569,0.4115625,0.4581090228698818,17.9471875,666.7525634765625,none,,,,,,,,,,,,
gate2C_support_mask,N400_noise0p5,400,0.5,9,Structured DT support count>=1,DT,468.9532631436357,423.4552510574188,479.20761072352025,0.8160732991159942,0.0,0.747869870115558,30.2909375,666.7525634765625,count>=1,,,,,,,,,,,,
gate2C_support_mask,N400_noise0p5,400,0.5,9,Structured DT support top3,DT,468.9532631436357,423.4552510574188,479.20761072352025,0.8160732991159942,0.0,0.747869870115558,30.2909375,666.7525634765625,top3,,,,,,,,,,,,
gate2C_support_mask,N400_noise0p5,400,0.5,9,Vanilla DT,DT,454.0669637408906,423.4552510574188,479.20761072352025,0.5490657770685243,0.0534375,0.7922698215889189,55.84375,586.7346801757812,none,,,,,,,,,,,,
gate2C_support_mask,N400_noise0p5,400,0.5,9,Vanilla DT support top3,DT,454.8262591057357,423.4552510574188,479.20761072352025,0.5626848484296729,0.0,0.854182080885048,53.6953125,586.7346801757812,top3,,,,,,,,,,,,
gate2A_fixed_value_guided_dt,N400_noise0p5,400,0.5,9,Q-DT fixed td denoised,Q-DT,461.04937989170224,423.4552510574188,479.20761072352025,0.6743056089362517,0.4534375,0.4783376494991122,35.4903125,31443.3984375,none,td,True,2000.0,0.1,,,,,,,,
gate2A_fixed_value_guided_dt,N400_noise0p5,400,0.5,9,Q-DT fixed td denoised support top3,Q-DT,475.6929250025431,423.4552510574188,479.20761072352025,0.9369589782024208,0.0,0.7747839136118664,30.67,31443.3984375,top3,td,True,2000.0,0.1,,,,,,,,
gate2A_fixed_value_guided_dt,N400_noise0p5,400,0.5,9,Q-DT fixed q_sa,Q-DT,436.1480480857336,423.4552510574188,479.20761072352025,0.2276638532311717,0.6978125,0.2299359173409806,7.9821875,28437.716796875,none,q_sa,False,2000.0,0.1,,,,,,,,
gate2A_fixed_value_guided_dt,N400_noise0p5,400,0.5,9,Q-DT fixed q_sa support top3,Q-DT,475.9488912569061,423.4552510574188,479.20761072352025,0.9415501068272182,0.0,0.7614179118757929,30.679375,28437.716796875,top3,q_sa,False,2000.0,0.1,,,,,,,,
gate2B_iql,N400_noise0p5,400,0.5,9,IQL expectile0.7 beta3,IQL,460.22843804282064,423.4552510574188,479.20761072352025,0.6595808178458263,0.38875,0.3577525691733685,14.204375,,none,,,,,2000.0,0.7,3.0,20.0,2065.836773681641,756.5297485351563,0.6413555949926376,4.589824771881103
gate2B_iql,N400_noise0p5,400,0.5,9,IQL expectile0.7 beta3 support top3,IQL,470.4140985036368,423.4552510574188,479.20761072352025,0.8422755149280233,0.0,0.7028279460735763,40.1215625,,top3,,,,,2000.0,0.7,3.0,20.0,2065.836773681641,756.5297485351563,0.6413555949926376,4.589824771881103
