gate,cell_id,N,noise,seed,method,family,v_policy,v_behaviour_expected,v_optimal_same_start,nv,selected_unseen_rate,mean_behavior_prob,mean_logged_count,support_mask,bandit_updates,w_clip
gate2D_bandit,N100_noise0p05,100,0.05,0,Bandit DM,Bandit,322.9158468972171,425.0469525373324,482.2674723800636,-1.7848685387832812,0.98625,0.0067114093959731,0.0275,none,2000.0,10.0
gate2D_bandit,N100_noise0p05,100,0.05,0,Bandit DM support top3,Bandit,435.71740320916456,425.0469525373324,482.2674723800636,0.1864794430592305,0.0,0.8518172348484847,8.51125,top3,2000.0,10.0
gate2D_bandit,N100_noise0p05,100,0.05,0,Bandit IPS,Bandit,184.6213600892318,425.0469525373324,482.2674723800636,-4.201737298243758,1.0,0.0,0.0,none,2000.0,10.0
gate2D_bandit,N100_noise0p05,100,0.05,0,Bandit IPS support top3,Bandit,444.51387041127816,425.0469525373324,482.2674723800636,0.3402086861050893,0.0,0.8503626893939394,9.1625,top3,2000.0,10.0
gate2D_bandit,N100_noise0p05,100,0.05,0,Bandit DR,Bandit,322.9158468972171,425.0469525373324,482.2674723800636,-1.7848685387832812,0.98625,0.0067114093959731,0.0275,none,2000.0,10.0
gate2D_bandit,N100_noise0p05,100,0.05,0,Bandit DR support top3,Bandit,435.71740320916456,425.0469525373324,482.2674723800636,0.1864794430592305,0.0,0.8518172348484847,8.51125,top3,2000.0,10.0
gate2D_bandit,N100_noise0p05,100,0.05,0,"Bandit oracle (myopic, true R)",Bandit,425.0469525373324,425.0469525373324,482.2674723800636,0.0,0.08875,0.8110813830412796,8.09375,none,,
gate2D_bandit,N100_noise0p05,100,0.05,1,Bandit DM,Bandit,315.31497107183964,421.1367484506907,477.8449022706637,-1.8660769263410544,0.985,0.0113636363636363,0.06,none,2000.0,10.0
gate2D_bandit,N100_noise0p05,100,0.05,1,Bandit DM support top3,Bandit,431.13375524097415,421.1367484506907,477.8449022706637,0.1762887013042285,0.0,0.8191504329004329,8.34375,top3,2000.0,10.0
gate2D_bandit,N100_noise0p05,100,0.05,1,Bandit IPS,Bandit,315.31497107183964,421.1367484506907,477.8449022706637,-1.8660769263410544,0.985,0.0113636363636363,0.06,none,2000.0,10.0
gate2D_bandit,N100_noise0p05,100,0.05,1,Bandit IPS support top3,Bandit,433.0059537803536,421.1367484506907,477.8449022706637,0.2093033281835123,0.0,0.8458308982683982,8.91,top3,2000.0,10.0
gate2D_bandit,N100_noise0p05,100,0.05,1,Bandit DR,Bandit,315.31497107183964,421.1367484506907,477.8449022706637,-1.8660769263410544,0.985,0.0113636363636363,0.06,none,2000.0,10.0
gate2D_bandit,N100_noise0p05,100,0.05,1,Bandit DR support top3,Bandit,431.13375524097415,421.1367484506907,477.8449022706637,0.1762887013042285,0.0,0.8191504329004329,8.34375,top3,2000.0,10.0
gate2D_bandit,N100_noise0p05,100,0.05,1,"Bandit oracle (myopic, true R)",Bandit,421.1367484506907,421.1367484506907,477.8449022706637,0.0,0.0925,0.8278454900478711,9.3525,none,,
gate2D_bandit,N100_noise0p05,100,0.05,2,Bandit DM,Bandit,324.6977910627866,428.2572553930546,483.61336583743207,-1.8707865039456824,0.98625,0.0109034267912772,0.05375,none,2000.0,10.0
gate2D_bandit,N100_noise0p05,100,0.05,2,Bandit DM support top3,Bandit,442.057355635503,428.2572553930546,483.61336583743207,0.2492967828062068,0.0,0.8241863528805663,6.865,top3,2000.0,10.0
gate2D_bandit,N100_noise0p05,100,0.05,2,Bandit IPS,Bandit,286.9573070518091,428.2572553930546,483.61336583743207,-2.552562801232676,1.0,0.0,0.0,none,2000.0,10.0
gate2D_bandit,N100_noise0p05,100,0.05,2,Bandit IPS support top3,Bandit,461.44376361766086,428.2572553930546,483.61336583743207,0.599509393962072,0.0,0.8123667657913981,8.1025,top3,2000.0,10.0
gate2D_bandit,N100_noise0p05,100,0.05,2,Bandit DR,Bandit,324.6977910627866,428.2572553930546,483.61336583743207,-1.8707865039456824,0.98625,0.0109034267912772,0.05375,none,2000.0,10.0
gate2D_bandit,N100_noise0p05,100,0.05,2,Bandit DR support top3,Bandit,442.057355635503,428.2572553930546,483.61336583743207,0.2492967828062068,0.0,0.8241863528805663,6.865,top3,2000.0,10.0
gate2D_bandit,N100_noise0p05,100,0.05,2,"Bandit oracle (myopic, true R)",Bandit,428.2572553930546,428.2572553930546,483.61336583743207,0.0,0.01125,0.8455194964349377,7.97,none,,
gate2D_bandit,N100_noise0p05,100,0.05,3,Bandit DM,Bandit,324.0958464694099,427.8075954406258,483.282798778634,-1.8695154362806827,0.98375,0.0110584518167456,0.0575,none,2000.0,10.0
gate2D_bandit,N100_noise0p05,100,0.05,3,Bandit DM support top3,Bandit,441.7752245151394,427.8075954406258,483.282798778634,0.2517814849530058,0.0,0.8639088654401155,9.19,top3,2000.0,10.0
gate2D_bandit,N100_noise0p05,100,0.05,3,Bandit IPS,Bandit,185.15088567115333,427.8075954406258,483.282798778634,-4.374147279658896,1.0,0.0,0.0,none,2000.0,10.0
gate2D_bandit,N100_noise0p05,100,0.05,3,Bandit IPS support top3,Bandit,440.80583487751136,427.8075954406258,483.282798778634,0.2343071977165694,0.0,0.8707604166666666,9.83125,top3,2000.0,10.0
gate2D_bandit,N100_noise0p05,100,0.05,3,Bandit DR,Bandit,324.0958464694099,427.8075954406258,483.282798778634,-1.8695154362806827,0.98375,0.0110584518167456,0.0575,none,2000.0,10.0
gate2D_bandit,N100_noise0p05,100,0.05,3,Bandit DR support top3,Bandit,440.88144192343066,427.8075954406258,483.282798778634,0.2356700957569538,0.0,0.8665338654401153,9.15,top3,2000.0,10.0
gate2D_bandit,N100_noise0p05,100,0.05,3,"Bandit oracle (myopic, true R)",Bandit,427.8075954406258,427.8075954406258,483.282798778634,0.0,0.03125,0.8639282124125874,8.695,none,,
gate2D_bandit,N100_noise0p05,100,0.05,4,Bandit DM,Bandit,310.2534692527598,415.8730447844656,474.3155353853144,-1.8072394664537408,0.98375,0.0066115702479338,0.03375,none,2000.0,10.0
gate2D_bandit,N100_noise0p05,100,0.05,4,Bandit DM support top3,Bandit,428.5292482387915,415.8730447844656,474.3155353853144,0.216558249386827,0.0,0.8716130952380952,11.8175,top3,2000.0,10.0
gate2D_bandit,N100_noise0p05,100,0.05,4,Bandit IPS,Bandit,274.1601662629835,415.8730447844656,474.3155353853144,-2.4248261335978007,0.9825,0.0239808153477218,0.07375,none,2000.0,10.0
gate2D_bandit,N100_noise0p05,100,0.05,4,Bandit IPS support top3,Bandit,427.4178068358323,415.8730447844656,474.3155353853144,0.1975405553848699,0.0,0.895845238095238,12.28,top3,2000.0,10.0
gate2D_bandit,N100_noise0p05,100,0.05,4,Bandit DR,Bandit,310.2534692527598,415.8730447844656,474.3155353853144,-1.8072394664537408,0.98375,0.0066115702479338,0.03375,none,2000.0,10.0
gate2D_bandit,N100_noise0p05,100,0.05,4,Bandit DR support top3,Bandit,426.9513127247599,415.8730447844656,474.3155353853144,0.1895584501344534,0.0,0.8689940476190475,11.63625,top3,2000.0,10.0
gate2D_bandit,N100_noise0p05,100,0.05,4,"Bandit oracle (myopic, true R)",Bandit,415.8730447844656,415.8730447844656,474.3155353853144,0.0,0.16125,0.8447698566529638,11.135,none,,
gate2D_bandit,N100_noise0p05,100,0.05,5,Bandit DM,Bandit,307.6763408438809,413.08161086848617,472.4205638661845,-1.7763250731554647,0.98625,0.0103448275862068,0.04125,none,2000.0,10.0
gate2D_bandit,N100_noise0p05,100,0.05,5,Bandit DM support top3,Bandit,426.3448510445945,413.08161086848617,472.4205638661845,0.2235165857514002,0.0,0.8643651739263152,10.44375,top3,2000.0,10.0
gate2D_bandit,N100_noise0p05,100,0.05,5,Bandit IPS,Bandit,221.6718749613678,413.08161086848617,472.4205638661845,-3.2257012676739136,1.0,0.0,0.0,none,2000.0,10.0
gate2D_bandit,N100_noise0p05,100,0.05,5,Bandit IPS support top3,Bandit,430.7111942212953,413.08161086848617,472.4205638661845,0.2970996699839467,0.0,0.844603489807294,10.19,top3,2000.0,10.0
gate2D_bandit,N100_noise0p05,100,0.05,5,Bandit DR,Bandit,307.6763408438809,413.08161086848617,472.4205638661845,-1.7763250731554647,0.98625,0.0103448275862068,0.04125,none,2000.0,10.0
gate2D_bandit,N100_noise0p05,100,0.05,5,Bandit DR support top3,Bandit,426.3448510445945,413.08161086848617,472.4205638661845,0.2235165857514002,0.0,0.8643651739263152,10.44375,top3,2000.0,10.0
gate2D_bandit,N100_noise0p05,100,0.05,5,"Bandit oracle (myopic, true R)",Bandit,413.08161086848617,413.08161086848617,472.4205638661845,0.0,0.0975,0.8628136660846941,10.64625,none,,
gate2D_bandit,N100_noise0p05,100,0.05,6,Bandit DM,Bandit,307.3793326256101,413.5410294620784,472.2493846542733,-1.8082894076818237,0.99625,0.001577287066246,0.00375,none,2000.0,10.0
gate2D_bandit,N100_noise0p05,100,0.05,6,Bandit DM support top3,Bandit,430.5270459735502,413.5410294620784,472.2493846542733,0.289328775365351,0.0,0.8696739745999615,11.215,top3,2000.0,10.0
gate2D_bandit,N100_noise0p05,100,0.05,6,Bandit IPS,Bandit,221.0611247716475,413.5410294620784,472.2493846542733,-3.2785777094300275,1.0,0.0,0.0,none,2000.0,10.0
gate2D_bandit,N100_noise0p05,100,0.05,6,Bandit IPS support top3,Bandit,448.0040394541954,413.5410294620784,472.2493846542733,0.587020533607093,0.0,0.8472981431945249,10.19875,top3,2000.0,10.0
gate2D_bandit,N100_noise0p05,100,0.05,6,Bandit DR,Bandit,307.3793326256101,413.5410294620784,472.2493846542733,-1.8082894076818237,0.99625,0.001577287066246,0.00375,none,2000.0,10.0
gate2D_bandit,N100_noise0p05,100,0.05,6,Bandit DR support top3,Bandit,430.5270459735502,413.5410294620784,472.2493846542733,0.289328775365351,0.0,0.8696739745999615,11.215,top3,2000.0,10.0
gate2D_bandit,N100_noise0p05,100,0.05,6,"Bandit oracle (myopic, true R)",Bandit,413.5410294620784,413.5410294620784,472.2493846542733,0.0,0.2,0.811082995951417,11.98125,none,,
gate2D_bandit,N100_noise0p05,100,0.05,7,Bandit DM,Bandit,317.4091942980453,422.9552853756405,480.1843549282328,-1.844274105847566,0.98625,0.0063091482649842,0.02625,none,2000.0,10.0
gate2D_bandit,N100_noise0p05,100,0.05,7,Bandit DM support top3,Bandit,433.66392609909,422.9552853756405,480.1843549282328,0.1871189031582714,0.0,0.8801310637891521,11.37625,top3,2000.0,10.0
gate2D_bandit,N100_noise0p05,100,0.05,7,Bandit IPS,Bandit,228.2155744451364,422.9552853756405,480.1843549282328,-3.402811061807368,1.0,0.0,0.0,none,2000.0,10.0
gate2D_bandit,N100_noise0p05,100,0.05,7,Bandit IPS support top3,Bandit,451.3014507209822,422.9552853756405,480.1843549282328,0.4953106099216266,0.0,0.8379885143451321,7.955,top3,2000.0,10.0
gate2D_bandit,N100_noise0p05,100,0.05,7,Bandit DR,Bandit,318.31871757759427,422.9552853756405,480.1843549282328,-1.8283814260144065,0.98625,0.0047694753577106,0.02,none,2000.0,10.0
gate2D_bandit,N100_noise0p05,100,0.05,7,Bandit DR support top3,Bandit,435.3557556564479,422.9552853756405,480.1843549282328,0.2166813190875236,0.0,0.9040464850713013,11.9025,top3,2000.0,10.0
gate2D_bandit,N100_noise0p05,100,0.05,7,"Bandit oracle (myopic, true R)",Bandit,422.9552853756405,422.9552853756405,480.1843549282328,0.0,0.04875,0.840601686248662,12.03875,none,,
gate2D_bandit,N100_noise0p05,100,0.05,8,Bandit DM,Bandit,306.42556234847666,414.15142866616,472.41867197590335,-1.8488238021665515,0.9875,0.0063897763578274,0.025,none,2000.0,10.0
gate2D_bandit,N100_noise0p05,100,0.05,8,Bandit DM support top3,Bandit,427.57373942659245,414.15142866616,472.41867197590335,0.2303577447294133,0.0,0.8878520149545324,13.0525,top3,2000.0,10.0
gate2D_bandit,N100_noise0p05,100,0.05,8,Bandit IPS,Bandit,305.3341344130179,414.15142866616,472.41867197590335,-1.867555217511822,0.9875,0.0094936708860759,0.04,none,2000.0,10.0
gate2D_bandit,N100_noise0p05,100,0.05,8,Bandit IPS support top3,Bandit,442.41753820159886,414.15142866616,472.41867197590335,0.4851114954105313,0.0,0.8465610914474485,11.965,top3,2000.0,10.0
gate2D_bandit,N100_noise0p05,100,0.05,8,Bandit DR,Bandit,306.42556234847666,414.15142866616,472.41867197590335,-1.8488238021665515,0.9875,0.0063897763578274,0.025,none,2000.0,10.0
gate2D_bandit,N100_noise0p05,100,0.05,8,Bandit DR support top3,Bandit,427.57373942659245,414.15142866616,472.41867197590335,0.2303577447294133,0.0,0.8878520149545324,13.0525,top3,2000.0,10.0
gate2D_bandit,N100_noise0p05,100,0.05,8,"Bandit oracle (myopic, true R)",Bandit,414.15142866616,414.15142866616,472.41867197590335,0.0,0.19875,0.859053613096385,12.47,none,,
gate2D_bandit,N100_noise0p05,100,0.05,9,Bandit DM,Bandit,317.0907775080625,420.6824583962237,477.90153050673655,-1.8104397199605784,0.99375,0.0030864197530864,0.0125,none,2000.0,10.0
gate2D_bandit,N100_noise0p05,100,0.05,9,Bandit DM support top3,Bandit,436.1078782704046,420.6824583962237,477.90153050673655,0.2695852852067984,0.0,0.8675642586580088,10.07875,top3,2000.0,10.0
gate2D_bandit,N100_noise0p05,100,0.05,9,Bandit IPS,Bandit,280.11140174820224,420.6824583962237,477.90153050673655,-2.4567168159686767,1.0,0.0,0.0,none,2000.0,10.0
gate2D_bandit,N100_noise0p05,100,0.05,9,Bandit IPS support top3,Bandit,454.6392699171583,420.6824583962237,477.90153050673655,0.5934526770261228,0.0,0.846130275974026,9.6925,top3,2000.0,10.0
gate2D_bandit,N100_noise0p05,100,0.05,9,Bandit DR,Bandit,317.0907775080625,420.6824583962237,477.90153050673655,-1.8104397199605784,0.99375,0.0030864197530864,0.0125,none,2000.0,10.0
gate2D_bandit,N100_noise0p05,100,0.05,9,Bandit DR support top3,Bandit,436.7521313211617,420.6824583962237,477.90153050673655,0.2808446962212371,0.0,0.8744094967532468,10.08125,top3,2000.0,10.0
gate2D_bandit,N100_noise0p05,100,0.05,9,"Bandit oracle (myopic, true R)",Bandit,420.6824583962237,420.6824583962237,477.90153050673655,0.0,0.08,0.8476970805774319,9.48,none,,
gate2D_bandit,N100_noise0p2,100,0.2,0,Bandit DM,Bandit,322.9158468972171,425.0469525373324,482.2674723800636,-1.7848685387832812,0.98625,0.0067114093959731,0.0275,none,2000.0,10.0
gate2D_bandit,N100_noise0p2,100,0.2,0,Bandit DM support top3,Bandit,435.71740320916456,425.0469525373324,482.2674723800636,0.1864794430592305,0.0,0.8518172348484847,8.51125,top3,2000.0,10.0
gate2D_bandit,N100_noise0p2,100,0.2,0,Bandit IPS,Bandit,186.88197158698677,425.0469525373324,482.2674723800636,-4.162230290897999,0.99125,0.0198412698412698,0.04375,none,2000.0,10.0
gate2D_bandit,N100_noise0p2,100,0.2,0,Bandit IPS support top3,Bandit,440.88528156555503,425.0469525373324,482.2674723800636,0.2767945672593291,0.0,0.8508626893939395,9.095,top3,2000.0,10.0
gate2D_bandit,N100_noise0p2,100,0.2,0,Bandit DR,Bandit,322.9158468972171,425.0469525373324,482.2674723800636,-1.7848685387832812,0.98625,0.0067114093959731,0.0275,none,2000.0,10.0
gate2D_bandit,N100_noise0p2,100,0.2,0,Bandit DR support top3,Bandit,435.71740320916456,425.0469525373324,482.2674723800636,0.1864794430592305,0.0,0.8518172348484847,8.51125,top3,2000.0,10.0
gate2D_bandit,N100_noise0p2,100,0.2,0,"Bandit oracle (myopic, true R)",Bandit,425.0469525373324,425.0469525373324,482.2674723800636,0.0,0.08875,0.8110813830412796,8.09375,none,,
gate2D_bandit,N100_noise0p2,100,0.2,1,Bandit DM,Bandit,315.31497107183964,421.1367484506907,477.8449022706637,-1.8660769263410544,0.985,0.0113636363636363,0.06,none,2000.0,10.0
gate2D_bandit,N100_noise0p2,100,0.2,1,Bandit DM support top3,Bandit,431.13375524097415,421.1367484506907,477.8449022706637,0.1762887013042285,0.0,0.8191504329004329,8.34375,top3,2000.0,10.0
gate2D_bandit,N100_noise0p2,100,0.2,1,Bandit IPS,Bandit,315.31497107183964,421.1367484506907,477.8449022706637,-1.8660769263410544,0.985,0.0113636363636363,0.06,none,2000.0,10.0
gate2D_bandit,N100_noise0p2,100,0.2,1,Bandit IPS support top3,Bandit,433.0059537803536,421.1367484506907,477.8449022706637,0.2093033281835123,0.0,0.8458308982683982,8.91,top3,2000.0,10.0
gate2D_bandit,N100_noise0p2,100,0.2,1,Bandit DR,Bandit,315.31497107183964,421.1367484506907,477.8449022706637,-1.8660769263410544,0.985,0.0113636363636363,0.06,none,2000.0,10.0
gate2D_bandit,N100_noise0p2,100,0.2,1,Bandit DR support top3,Bandit,431.13375524097415,421.1367484506907,477.8449022706637,0.1762887013042285,0.0,0.8191504329004329,8.34375,top3,2000.0,10.0
gate2D_bandit,N100_noise0p2,100,0.2,1,"Bandit oracle (myopic, true R)",Bandit,421.1367484506907,421.1367484506907,477.8449022706637,0.0,0.0925,0.8278454900478711,9.3525,none,,
gate2D_bandit,N100_noise0p2,100,0.2,2,Bandit DM,Bandit,324.6977910627866,428.2572553930546,483.61336583743207,-1.8707865039456824,0.98625,0.0109034267912772,0.05375,none,2000.0,10.0
gate2D_bandit,N100_noise0p2,100,0.2,2,Bandit DM support top3,Bandit,442.057355635503,428.2572553930546,483.61336583743207,0.2492967828062068,0.0,0.8241863528805663,6.865,top3,2000.0,10.0
gate2D_bandit,N100_noise0p2,100,0.2,2,Bandit IPS,Bandit,286.9573070518091,428.2572553930546,483.61336583743207,-2.552562801232676,1.0,0.0,0.0,none,2000.0,10.0
gate2D_bandit,N100_noise0p2,100,0.2,2,Bandit IPS support top3,Bandit,444.684947885022,428.2572553930546,483.61336583743207,0.296763850640737,0.0,0.8115489211786366,6.80875,top3,2000.0,10.0
gate2D_bandit,N100_noise0p2,100,0.2,2,Bandit DR,Bandit,324.6977910627866,428.2572553930546,483.61336583743207,-1.8707865039456824,0.98625,0.0109034267912772,0.05375,none,2000.0,10.0
gate2D_bandit,N100_noise0p2,100,0.2,2,Bandit DR support top3,Bandit,442.391861521467,428.2572553930546,483.61336583743207,0.2553395824768976,0.0,0.8162364211786367,6.80875,top3,2000.0,10.0
gate2D_bandit,N100_noise0p2,100,0.2,2,"Bandit oracle (myopic, true R)",Bandit,428.2572553930546,428.2572553930546,483.61336583743207,0.0,0.01125,0.8455194964349377,7.97,none,,
gate2D_bandit,N100_noise0p2,100,0.2,3,Bandit DM,Bandit,324.0958464694099,427.8075954406258,483.282798778634,-1.8695154362806827,0.98375,0.0110584518167456,0.0575,none,2000.0,10.0
gate2D_bandit,N100_noise0p2,100,0.2,3,Bandit DM support top3,Bandit,432.8097713298321,427.8075954406258,483.282798778634,0.0901695818711691,0.0,0.8663067037129537,9.36625,top3,2000.0,10.0
gate2D_bandit,N100_noise0p2,100,0.2,3,Bandit IPS,Bandit,185.15088567115333,427.8075954406258,483.282798778634,-4.374147279658896,1.0,0.0,0.0,none,2000.0,10.0
gate2D_bandit,N100_noise0p2,100,0.2,3,Bandit IPS support top3,Bandit,440.80583487751136,427.8075954406258,483.282798778634,0.2343071977165694,0.0,0.8707604166666666,9.83125,top3,2000.0,10.0
gate2D_bandit,N100_noise0p2,100,0.2,3,Bandit DR,Bandit,324.0958464694099,427.8075954406258,483.282798778634,-1.8695154362806827,0.98375,0.0110584518167456,0.0575,none,2000.0,10.0
gate2D_bandit,N100_noise0p2,100,0.2,3,Bandit DR support top3,Bandit,440.88144192343066,427.8075954406258,483.282798778634,0.2356700957569538,0.0,0.8665338654401153,9.15,top3,2000.0,10.0
gate2D_bandit,N100_noise0p2,100,0.2,3,"Bandit oracle (myopic, true R)",Bandit,427.8075954406258,427.8075954406258,483.282798778634,0.0,0.03125,0.8639282124125874,8.695,none,,
gate2D_bandit,N100_noise0p2,100,0.2,4,Bandit DM,Bandit,310.2534692527598,415.8730447844656,474.3155353853144,-1.8072394664537408,0.98375,0.0066115702479338,0.03375,none,2000.0,10.0
gate2D_bandit,N100_noise0p2,100,0.2,4,Bandit DM support top3,Bandit,428.5279939939238,415.8730447844656,474.3155353853144,0.216536788205847,0.0,0.8729880952380953,11.855,top3,2000.0,10.0
gate2D_bandit,N100_noise0p2,100,0.2,4,Bandit IPS,Bandit,276.50875742185,415.8730447844656,474.3155353853144,-2.3846397703076585,1.0,0.0,0.0,none,2000.0,10.0
gate2D_bandit,N100_noise0p2,100,0.2,4,Bandit IPS support top3,Bandit,428.35922627441033,415.8730447844656,474.3155353853144,0.2136490310658214,0.0,0.889470238095238,11.83875,top3,2000.0,10.0
gate2D_bandit,N100_noise0p2,100,0.2,4,Bandit DR,Bandit,310.2534692527598,415.8730447844656,474.3155353853144,-1.8072394664537408,0.98375,0.0066115702479338,0.03375,none,2000.0,10.0
gate2D_bandit,N100_noise0p2,100,0.2,4,Bandit DR support top3,Bandit,426.9513127247599,415.8730447844656,474.3155353853144,0.1895584501344534,0.0,0.8689940476190475,11.63625,top3,2000.0,10.0
gate2D_bandit,N100_noise0p2,100,0.2,4,"Bandit oracle (myopic, true R)",Bandit,415.8730447844656,415.8730447844656,474.3155353853144,0.0,0.16125,0.8447698566529638,11.135,none,,
gate2D_bandit,N100_noise0p2,100,0.2,5,Bandit DM,Bandit,307.6763408438809,413.08161086848617,472.4205638661845,-1.7763250731554647,0.98625,0.0103448275862068,0.04125,none,2000.0,10.0
gate2D_bandit,N100_noise0p2,100,0.2,5,Bandit DM support top3,Bandit,426.3448510445945,413.08161086848617,472.4205638661845,0.2235165857514002,0.0,0.8643651739263152,10.44375,top3,2000.0,10.0
gate2D_bandit,N100_noise0p2,100,0.2,5,Bandit IPS,Bandit,221.6718749613678,413.08161086848617,472.4205638661845,-3.2257012676739136,1.0,0.0,0.0,none,2000.0,10.0
gate2D_bandit,N100_noise0p2,100,0.2,5,Bandit IPS support top3,Bandit,430.7111942212953,413.08161086848617,472.4205638661845,0.2970996699839467,0.0,0.844603489807294,10.19,top3,2000.0,10.0
gate2D_bandit,N100_noise0p2,100,0.2,5,Bandit DR,Bandit,307.6763408438809,413.08161086848617,472.4205638661845,-1.7763250731554647,0.98625,0.0103448275862068,0.04125,none,2000.0,10.0
gate2D_bandit,N100_noise0p2,100,0.2,5,Bandit DR support top3,Bandit,426.1771621193761,413.08161086848617,472.4205638661845,0.2206906355661165,0.0,0.8562093569172373,9.845,top3,2000.0,10.0
gate2D_bandit,N100_noise0p2,100,0.2,5,"Bandit oracle (myopic, true R)",Bandit,413.08161086848617,413.08161086848617,472.4205638661845,0.0,0.0975,0.8628136660846941,10.64625,none,,
gate2D_bandit,N100_noise0p2,100,0.2,6,Bandit DM,Bandit,307.3793326256101,413.5410294620784,472.2493846542733,-1.8082894076818237,0.99625,0.001577287066246,0.00375,none,2000.0,10.0
gate2D_bandit,N100_noise0p2,100,0.2,6,Bandit DM support top3,Bandit,430.5270459735502,413.5410294620784,472.2493846542733,0.289328775365351,0.0,0.8696739745999615,11.215,top3,2000.0,10.0
gate2D_bandit,N100_noise0p2,100,0.2,6,Bandit IPS,Bandit,221.0611247716475,413.5410294620784,472.2493846542733,-3.2785777094300275,1.0,0.0,0.0,none,2000.0,10.0
gate2D_bandit,N100_noise0p2,100,0.2,6,Bandit IPS support top3,Bandit,434.8510757598015,413.5410294620784,472.2493846542733,0.3629814909302074,0.0,0.8692893592153461,11.76,top3,2000.0,10.0
gate2D_bandit,N100_noise0p2,100,0.2,6,Bandit DR,Bandit,307.3793326256101,413.5410294620784,472.2493846542733,-1.8082894076818237,0.99625,0.001577287066246,0.00375,none,2000.0,10.0
gate2D_bandit,N100_noise0p2,100,0.2,6,Bandit DR support top3,Bandit,427.9374683820606,413.5410294620784,472.2493846542733,0.2452195922173647,0.0,0.8739964153171391,11.7275,top3,2000.0,10.0
gate2D_bandit,N100_noise0p2,100,0.2,6,"Bandit oracle (myopic, true R)",Bandit,413.5410294620784,413.5410294620784,472.2493846542733,0.0,0.2,0.811082995951417,11.98125,none,,
gate2D_bandit,N100_noise0p2,100,0.2,7,Bandit DM,Bandit,405.2646195858576,422.9552853756405,480.1843549282328,-0.3091202762527112,0.925,0.0608606557377049,0.4775,none,2000.0,10.0
gate2D_bandit,N100_noise0p2,100,0.2,7,Bandit DM support top3,Bandit,432.4012079825747,422.9552853756405,480.1843549282328,0.1650546248747514,0.0,0.8933880626114084,11.78875,top3,2000.0,10.0
gate2D_bandit,N100_noise0p2,100,0.2,7,Bandit IPS,Bandit,231.08611517523437,422.9552853756405,480.1843549282328,-3.352652274454378,0.98,0.0294117647058823,0.0875,none,2000.0,10.0
gate2D_bandit,N100_noise0p2,100,0.2,7,Bandit IPS support top3,Bandit,431.2395208648945,422.9552853756405,480.1843549282328,0.1447557256132038,0.0,0.8738476413292591,11.33125,top3,2000.0,10.0
gate2D_bandit,N100_noise0p2,100,0.2,7,Bandit DR,Bandit,408.0373724261592,422.9552853756405,480.1843549282328,-0.260670199010873,0.96375,0.0267857142857142,0.13375,none,2000.0,10.0
gate2D_bandit,N100_noise0p2,100,0.2,7,Bandit DR support top3,Bandit,431.2395208648945,422.9552853756405,480.1843549282328,0.1447557256132038,0.0,0.8738476413292591,11.33125,top3,2000.0,10.0
gate2D_bandit,N100_noise0p2,100,0.2,7,"Bandit oracle (myopic, true R)",Bandit,422.9552853756405,422.9552853756405,480.1843549282328,0.0,0.04875,0.840601686248662,12.03875,none,,
gate2D_bandit,N100_noise0p2,100,0.2,8,Bandit DM,Bandit,306.42556234847666,414.15142866616,472.41867197590335,-1.8488238021665515,0.9875,0.0063897763578274,0.025,none,2000.0,10.0
gate2D_bandit,N100_noise0p2,100,0.2,8,Bandit DM support top3,Bandit,423.3585970157045,414.15142866616,472.41867197590335,0.1580161996097876,0.0,0.9035513755683432,15.9725,top3,2000.0,10.0
gate2D_bandit,N100_noise0p2,100,0.2,8,Bandit IPS,Bandit,305.3341344130179,414.15142866616,472.41867197590335,-1.867555217511822,0.9875,0.0094936708860759,0.04,none,2000.0,10.0
gate2D_bandit,N100_noise0p2,100,0.2,8,Bandit IPS support top3,Bandit,426.27048638193696,414.15142866616,472.41867197590335,0.2079909229848609,0.0,0.8891528042920066,13.31,top3,2000.0,10.0
gate2D_bandit,N100_noise0p2,100,0.2,8,Bandit DR,Bandit,306.42556234847666,414.15142866616,472.41867197590335,-1.8488238021665515,0.9875,0.0063897763578274,0.025,none,2000.0,10.0
gate2D_bandit,N100_noise0p2,100,0.2,8,Bandit DR support top3,Bandit,423.3585970157045,414.15142866616,472.41867197590335,0.1580161996097876,0.0,0.9035513755683432,15.9725,top3,2000.0,10.0
gate2D_bandit,N100_noise0p2,100,0.2,8,"Bandit oracle (myopic, true R)",Bandit,414.15142866616,414.15142866616,472.41867197590335,0.0,0.19875,0.859053613096385,12.47,none,,
gate2D_bandit,N100_noise0p2,100,0.2,9,Bandit DM,Bandit,317.0907775080625,420.6824583962237,477.90153050673655,-1.8104397199605784,0.99375,0.0030864197530864,0.0125,none,2000.0,10.0
gate2D_bandit,N100_noise0p2,100,0.2,9,Bandit DM support top3,Bandit,436.1078782704046,420.6824583962237,477.90153050673655,0.2695852852067984,0.0,0.8675642586580088,10.07875,top3,2000.0,10.0
gate2D_bandit,N100_noise0p2,100,0.2,9,Bandit IPS,Bandit,280.11140174820224,420.6824583962237,477.90153050673655,-2.4567168159686767,1.0,0.0,0.0,none,2000.0,10.0
gate2D_bandit,N100_noise0p2,100,0.2,9,Bandit IPS support top3,Bandit,438.0150621831224,420.6824583962237,477.90153050673655,0.3029165477102217,0.0,0.864068722943723,9.9425,top3,2000.0,10.0
gate2D_bandit,N100_noise0p2,100,0.2,9,Bandit DR,Bandit,317.0907775080625,420.6824583962237,477.90153050673655,-1.8104397199605784,0.99375,0.0030864197530864,0.0125,none,2000.0,10.0
gate2D_bandit,N100_noise0p2,100,0.2,9,Bandit DR support top3,Bandit,436.7521313211617,420.6824583962237,477.90153050673655,0.2808446962212371,0.0,0.8744094967532468,10.08125,top3,2000.0,10.0
gate2D_bandit,N100_noise0p2,100,0.2,9,"Bandit oracle (myopic, true R)",Bandit,420.6824583962237,420.6824583962237,477.90153050673655,0.0,0.08,0.8476970805774319,9.48,none,,
gate2D_bandit,N100_noise0p5,100,0.5,0,Bandit DM,Bandit,322.9158468972171,425.0469525373324,482.2674723800636,-1.7848685387832812,0.98625,0.0067114093959731,0.0275,none,2000.0,10.0
gate2D_bandit,N100_noise0p5,100,0.5,0,Bandit DM support top3,Bandit,432.6631495277806,425.0469525373324,482.2674723800636,0.1331025480261466,0.0,0.8817477904040405,9.21125,top3,2000.0,10.0
gate2D_bandit,N100_noise0p5,100,0.5,0,Bandit IPS,Bandit,184.6213600892318,425.0469525373324,482.2674723800636,-4.201737298243758,1.0,0.0,0.0,none,2000.0,10.0
gate2D_bandit,N100_noise0p5,100,0.5,0,Bandit IPS support top3,Bandit,435.71740320916456,425.0469525373324,482.2674723800636,0.1864794430592305,0.0,0.8518172348484847,8.51125,top3,2000.0,10.0
gate2D_bandit,N100_noise0p5,100,0.5,0,Bandit DR,Bandit,322.9158468972171,425.0469525373324,482.2674723800636,-1.7848685387832812,0.98625,0.0067114093959731,0.0275,none,2000.0,10.0
gate2D_bandit,N100_noise0p5,100,0.5,0,Bandit DR support top3,Bandit,435.71740320916456,425.0469525373324,482.2674723800636,0.1864794430592305,0.0,0.8518172348484847,8.51125,top3,2000.0,10.0
gate2D_bandit,N100_noise0p5,100,0.5,0,"Bandit oracle (myopic, true R)",Bandit,425.0469525373324,425.0469525373324,482.2674723800636,0.0,0.08875,0.8110813830412796,8.09375,none,,
gate2D_bandit,N100_noise0p5,100,0.5,1,Bandit DM,Bandit,315.31497107183964,421.1367484506907,477.8449022706637,-1.8660769263410544,0.985,0.0113636363636363,0.06,none,2000.0,10.0
gate2D_bandit,N100_noise0p5,100,0.5,1,Bandit DM support top3,Bandit,431.13375524097415,421.1367484506907,477.8449022706637,0.1762887013042285,0.0,0.8191504329004329,8.34375,top3,2000.0,10.0
gate2D_bandit,N100_noise0p5,100,0.5,1,Bandit IPS,Bandit,315.31497107183964,421.1367484506907,477.8449022706637,-1.8660769263410544,0.985,0.0113636363636363,0.06,none,2000.0,10.0
gate2D_bandit,N100_noise0p5,100,0.5,1,Bandit IPS support top3,Bandit,433.0059537803536,421.1367484506907,477.8449022706637,0.2093033281835123,0.0,0.8458308982683982,8.91,top3,2000.0,10.0
gate2D_bandit,N100_noise0p5,100,0.5,1,Bandit DR,Bandit,315.31497107183964,421.1367484506907,477.8449022706637,-1.8660769263410544,0.985,0.0113636363636363,0.06,none,2000.0,10.0
gate2D_bandit,N100_noise0p5,100,0.5,1,Bandit DR support top3,Bandit,431.13375524097415,421.1367484506907,477.8449022706637,0.1762887013042285,0.0,0.8191504329004329,8.34375,top3,2000.0,10.0
gate2D_bandit,N100_noise0p5,100,0.5,1,"Bandit oracle (myopic, true R)",Bandit,421.1367484506907,421.1367484506907,477.8449022706637,0.0,0.0925,0.8278454900478711,9.3525,none,,
gate2D_bandit,N100_noise0p5,100,0.5,2,Bandit DM,Bandit,324.6977910627866,428.2572553930546,483.61336583743207,-1.8707865039456824,0.98625,0.0109034267912772,0.05375,none,2000.0,10.0
gate2D_bandit,N100_noise0p5,100,0.5,2,Bandit DM support top3,Bandit,441.2835357221704,428.2572553930546,483.61336583743207,0.2353178397930385,0.0,0.8279339019001742,7.01375,top3,2000.0,10.0
gate2D_bandit,N100_noise0p5,100,0.5,2,Bandit IPS,Bandit,286.9573070518091,428.2572553930546,483.61336583743207,-2.552562801232676,1.0,0.0,0.0,none,2000.0,10.0
gate2D_bandit,N100_noise0p5,100,0.5,2,Bandit IPS support top3,Bandit,442.391861521467,428.2572553930546,483.61336583743207,0.2553395824768976,0.0,0.8162364211786367,6.80875,top3,2000.0,10.0
gate2D_bandit,N100_noise0p5,100,0.5,2,Bandit DR,Bandit,324.6977910627866,428.2572553930546,483.61336583743207,-1.8707865039456824,0.98625,0.0109034267912772,0.05375,none,2000.0,10.0
gate2D_bandit,N100_noise0p5,100,0.5,2,Bandit DR support top3,Bandit,441.3841759517786,428.2572553930546,483.61336583743207,0.2371358907507439,0.0,0.831522431736706,7.2275,top3,2000.0,10.0
gate2D_bandit,N100_noise0p5,100,0.5,2,"Bandit oracle (myopic, true R)",Bandit,428.2572553930546,428.2572553930546,483.61336583743207,0.0,0.01125,0.8455194964349377,7.97,none,,
gate2D_bandit,N100_noise0p5,100,0.5,3,Bandit DM,Bandit,324.0958464694099,427.8075954406258,483.282798778634,-1.8695154362806827,0.98375,0.0110584518167456,0.0575,none,2000.0,10.0
gate2D_bandit,N100_noise0p5,100,0.5,3,Bandit DM support top3,Bandit,432.8097713298321,427.8075954406258,483.282798778634,0.0901695818711691,0.0,0.8663067037129537,9.36625,top3,2000.0,10.0
gate2D_bandit,N100_noise0p5,100,0.5,3,Bandit IPS,Bandit,185.15088567115333,427.8075954406258,483.282798778634,-4.374147279658896,1.0,0.0,0.0,none,2000.0,10.0
gate2D_bandit,N100_noise0p5,100,0.5,3,Bandit IPS support top3,Bandit,440.80583487751136,427.8075954406258,483.282798778634,0.2343071977165694,0.0,0.8707604166666666,9.83125,top3,2000.0,10.0
gate2D_bandit,N100_noise0p5,100,0.5,3,Bandit DR,Bandit,324.0958464694099,427.8075954406258,483.282798778634,-1.8695154362806827,0.98375,0.0110584518167456,0.0575,none,2000.0,10.0
gate2D_bandit,N100_noise0p5,100,0.5,3,Bandit DR support top3,Bandit,432.8690458848343,427.8075954406258,483.282798778634,0.091238069257165,0.0,0.8688378184315684,9.4575,top3,2000.0,10.0
gate2D_bandit,N100_noise0p5,100,0.5,3,"Bandit oracle (myopic, true R)",Bandit,427.8075954406258,427.8075954406258,483.282798778634,0.0,0.03125,0.8639282124125874,8.695,none,,
gate2D_bandit,N100_noise0p5,100,0.5,4,Bandit DM,Bandit,310.2534692527598,415.8730447844656,474.3155353853144,-1.8072394664537408,0.98375,0.0066115702479338,0.03375,none,2000.0,10.0
gate2D_bandit,N100_noise0p5,100,0.5,4,Bandit DM support top3,Bandit,428.35922627441033,415.8730447844656,474.3155353853144,0.2136490310658214,0.0,0.889470238095238,11.83875,top3,2000.0,10.0
gate2D_bandit,N100_noise0p5,100,0.5,4,Bandit IPS,Bandit,276.50875742185,415.8730447844656,474.3155353853144,-2.3846397703076585,1.0,0.0,0.0,none,2000.0,10.0
gate2D_bandit,N100_noise0p5,100,0.5,4,Bandit IPS support top3,Bandit,428.35922627441033,415.8730447844656,474.3155353853144,0.2136490310658214,0.0,0.889470238095238,11.83875,top3,2000.0,10.0
gate2D_bandit,N100_noise0p5,100,0.5,4,Bandit DR,Bandit,310.2534692527598,415.8730447844656,474.3155353853144,-1.8072394664537408,0.98375,0.0066115702479338,0.03375,none,2000.0,10.0
gate2D_bandit,N100_noise0p5,100,0.5,4,Bandit DR support top3,Bandit,426.9513127247599,415.8730447844656,474.3155353853144,0.1895584501344534,0.0,0.8689940476190475,11.63625,top3,2000.0,10.0
gate2D_bandit,N100_noise0p5,100,0.5,4,"Bandit oracle (myopic, true R)",Bandit,415.8730447844656,415.8730447844656,474.3155353853144,0.0,0.16125,0.8447698566529638,11.135,none,,
gate2D_bandit,N100_noise0p5,100,0.5,5,Bandit DM,Bandit,307.6763408438809,413.08161086848617,472.4205638661845,-1.7763250731554647,0.98625,0.0103448275862068,0.04125,none,2000.0,10.0
gate2D_bandit,N100_noise0p5,100,0.5,5,Bandit DM support top3,Bandit,426.1771621193761,413.08161086848617,472.4205638661845,0.2206906355661165,0.0,0.8562093569172373,9.845,top3,2000.0,10.0
gate2D_bandit,N100_noise0p5,100,0.5,5,Bandit IPS,Bandit,221.6718749613678,413.08161086848617,472.4205638661845,-3.2257012676739136,1.0,0.0,0.0,none,2000.0,10.0
gate2D_bandit,N100_noise0p5,100,0.5,5,Bandit IPS support top3,Bandit,426.1771621193761,413.08161086848617,472.4205638661845,0.2206906355661165,0.0,0.8562093569172373,9.845,top3,2000.0,10.0
gate2D_bandit,N100_noise0p5,100,0.5,5,Bandit DR,Bandit,307.6763408438809,413.08161086848617,472.4205638661845,-1.7763250731554647,0.98625,0.0103448275862068,0.04125,none,2000.0,10.0
gate2D_bandit,N100_noise0p5,100,0.5,5,Bandit DR support top3,Bandit,420.111089356814,413.08161086848617,472.4205638661845,0.1184631364931654,0.0,0.8462370368158412,10.675,top3,2000.0,10.0
gate2D_bandit,N100_noise0p5,100,0.5,5,"Bandit oracle (myopic, true R)",Bandit,413.08161086848617,413.08161086848617,472.4205638661845,0.0,0.0975,0.8628136660846941,10.64625,none,,
gate2D_bandit,N100_noise0p5,100,0.5,6,Bandit DM,Bandit,307.3793326256101,413.5410294620784,472.2493846542733,-1.8082894076818237,0.99625,0.001577287066246,0.00375,none,2000.0,10.0
gate2D_bandit,N100_noise0p5,100,0.5,6,Bandit DM support top3,Bandit,430.5270459735502,413.5410294620784,472.2493846542733,0.289328775365351,0.0,0.8696739745999615,11.215,top3,2000.0,10.0
gate2D_bandit,N100_noise0p5,100,0.5,6,Bandit IPS,Bandit,221.0611247716475,413.5410294620784,472.2493846542733,-3.2785777094300275,1.0,0.0,0.0,none,2000.0,10.0
gate2D_bandit,N100_noise0p5,100,0.5,6,Bandit IPS support top3,Bandit,430.5270459735502,413.5410294620784,472.2493846542733,0.289328775365351,0.0,0.8696739745999615,11.215,top3,2000.0,10.0
gate2D_bandit,N100_noise0p5,100,0.5,6,Bandit DR,Bandit,307.3793326256101,413.5410294620784,472.2493846542733,-1.8082894076818237,0.99625,0.001577287066246,0.00375,none,2000.0,10.0
gate2D_bandit,N100_noise0p5,100,0.5,6,Bandit DR support top3,Bandit,420.4450162770977,413.5410294620784,472.2493846542733,0.1175980282945686,0.0,0.8293838502506264,12.23125,top3,2000.0,10.0
gate2D_bandit,N100_noise0p5,100,0.5,6,"Bandit oracle (myopic, true R)",Bandit,413.5410294620784,413.5410294620784,472.2493846542733,0.0,0.2,0.811082995951417,11.98125,none,,
gate2D_bandit,N100_noise0p5,100,0.5,7,Bandit DM,Bandit,405.2646195858576,422.9552853756405,480.1843549282328,-0.3091202762527112,0.925,0.0608606557377049,0.4775,none,2000.0,10.0
gate2D_bandit,N100_noise0p5,100,0.5,7,Bandit DM support top3,Bandit,432.4012079825747,422.9552853756405,480.1843549282328,0.1650546248747514,0.0,0.8933880626114084,11.78875,top3,2000.0,10.0
gate2D_bandit,N100_noise0p5,100,0.5,7,Bandit IPS,Bandit,325.98077385828407,422.9552853756405,480.1843549282328,-1.6944974341796528,1.0,0.0,0.0,none,2000.0,10.0
gate2D_bandit,N100_noise0p5,100,0.5,7,Bandit IPS support top3,Bandit,434.1940685387677,422.9552853756405,480.1843549282328,0.196382419825976,0.0,0.8845060637891521,11.445,top3,2000.0,10.0
gate2D_bandit,N100_noise0p5,100,0.5,7,Bandit DR,Bandit,405.2646195858576,422.9552853756405,480.1843549282328,-0.3091202762527112,0.925,0.0608606557377049,0.4775,none,2000.0,10.0
gate2D_bandit,N100_noise0p5,100,0.5,7,Bandit DR support top3,Bandit,432.4012079825747,422.9552853756405,480.1843549282328,0.1650546248747514,0.0,0.8933880626114084,11.78875,top3,2000.0,10.0
gate2D_bandit,N100_noise0p5,100,0.5,7,"Bandit oracle (myopic, true R)",Bandit,422.9552853756405,422.9552853756405,480.1843549282328,0.0,0.04875,0.840601686248662,12.03875,none,,
gate2D_bandit,N100_noise0p5,100,0.5,8,Bandit DM,Bandit,409.3236741758072,414.15142866616,472.41867197590335,-0.0828553783587955,0.9275,0.0780419541663202,0.4425,none,2000.0,10.0
gate2D_bandit,N100_noise0p5,100,0.5,8,Bandit DM support top3,Bandit,423.3585970157045,414.15142866616,472.41867197590335,0.1580161996097876,0.0,0.9035513755683432,15.9725,top3,2000.0,10.0
gate2D_bandit,N100_noise0p5,100,0.5,8,Bandit IPS,Bandit,305.3341344130179,414.15142866616,472.41867197590335,-1.867555217511822,0.9875,0.0094936708860759,0.04,none,2000.0,10.0
gate2D_bandit,N100_noise0p5,100,0.5,8,Bandit IPS support top3,Bandit,426.27048638193696,414.15142866616,472.41867197590335,0.2079909229848609,0.0,0.8891528042920066,13.31,top3,2000.0,10.0
gate2D_bandit,N100_noise0p5,100,0.5,8,Bandit DR,Bandit,311.92884648117365,414.15142866616,472.41867197590335,-1.7543747803818408,0.9275,0.06551515574476,0.4425,none,2000.0,10.0
gate2D_bandit,N100_noise0p5,100,0.5,8,Bandit DR support top3,Bandit,423.3585970157045,414.15142866616,472.41867197590335,0.1580161996097876,0.0,0.9035513755683432,15.9725,top3,2000.0,10.0
gate2D_bandit,N100_noise0p5,100,0.5,8,"Bandit oracle (myopic, true R)",Bandit,414.15142866616,414.15142866616,472.41867197590335,0.0,0.19875,0.859053613096385,12.47,none,,
gate2D_bandit,N100_noise0p5,100,0.5,9,Bandit DM,Bandit,317.0907775080625,420.6824583962237,477.90153050673655,-1.8104397199605784,0.99375,0.0030864197530864,0.0125,none,2000.0,10.0
gate2D_bandit,N100_noise0p5,100,0.5,9,Bandit DM support top3,Bandit,436.1078782704046,420.6824583962237,477.90153050673655,0.2695852852067984,0.0,0.8675642586580088,10.07875,top3,2000.0,10.0
gate2D_bandit,N100_noise0p5,100,0.5,9,Bandit IPS,Bandit,280.11140174820224,420.6824583962237,477.90153050673655,-2.4567168159686767,1.0,0.0,0.0,none,2000.0,10.0
gate2D_bandit,N100_noise0p5,100,0.5,9,Bandit IPS support top3,Bandit,436.1078782704046,420.6824583962237,477.90153050673655,0.2695852852067984,0.0,0.8675642586580088,10.07875,top3,2000.0,10.0
gate2D_bandit,N100_noise0p5,100,0.5,9,Bandit DR,Bandit,317.0907775080625,420.6824583962237,477.90153050673655,-1.8104397199605784,0.99375,0.0030864197530864,0.0125,none,2000.0,10.0
gate2D_bandit,N100_noise0p5,100,0.5,9,Bandit DR support top3,Bandit,425.377299186434,420.6824583962237,477.90153050673655,0.0820502782908251,0.0,0.844089871933622,9.44375,top3,2000.0,10.0
gate2D_bandit,N100_noise0p5,100,0.5,9,"Bandit oracle (myopic, true R)",Bandit,420.6824583962237,420.6824583962237,477.90153050673655,0.0,0.08,0.8476970805774319,9.48,none,,
gate2D_bandit,N1600_noise0p05,1600,0.05,0,Bandit DM,Bandit,317.1858592632272,420.6941057714956,478.158742618527,-1.8012512074826674,0.987265625,0.0079280672918882,0.5225,none,2000.0,10.0
gate2D_bandit,N1600_noise0p05,1600,0.05,0,Bandit DM support top3,Bandit,428.8207410437364,420.6941057714956,478.158742618527,0.1414197621029714,0.0,0.7302341252448475,121.30859375,top3,2000.0,10.0
gate2D_bandit,N1600_noise0p05,1600,0.05,0,Bandit IPS,Bandit,317.1858592632272,420.6941057714956,478.158742618527,-1.8012512074826674,0.987265625,0.0079280672918882,0.5225,none,2000.0,10.0
gate2D_bandit,N1600_noise0p05,1600,0.05,0,Bandit IPS support top3,Bandit,430.0036825688603,420.6941057714956,478.158742618527,0.1620053185430626,0.0,0.7590713183749884,126.076328125,top3,2000.0,10.0
gate2D_bandit,N1600_noise0p05,1600,0.05,0,Bandit DR,Bandit,317.1858592632272,420.6941057714956,478.158742618527,-1.8012512074826674,0.987265625,0.0079280672918882,0.5225,none,2000.0,10.0
gate2D_bandit,N1600_noise0p05,1600,0.05,0,Bandit DR support top3,Bandit,428.8207410437364,420.6941057714956,478.158742618527,0.1414197621029714,0.0,0.7302341252448475,121.30859375,top3,2000.0,10.0
gate2D_bandit,N1600_noise0p05,1600,0.05,0,"Bandit oracle (myopic, true R)",Bandit,420.6941057714956,420.6941057714956,478.158742618527,0.0,0.0,0.8459761922012171,142.960078125,none,,
gate2D_bandit,N1600_noise0p05,1600,0.05,1,Bandit DM,Bandit,404.3114263237824,422.2408621751993,479.0817275720908,-0.3154321407006132,0.93203125,0.031262946142365,3.023828125,none,2000.0,10.0
gate2D_bandit,N1600_noise0p05,1600,0.05,1,Bandit DM support top3,Bandit,429.3098914089561,422.2408621751993,479.0817275720908,0.1243652640472172,0.0,0.7628119057590552,129.609921875,top3,2000.0,10.0
gate2D_bandit,N1600_noise0p05,1600,0.05,1,Bandit IPS,Bandit,282.05780891069577,422.2408621751993,479.0817275720908,-2.4662371391722333,1.0,0.0,0.0,none,2000.0,10.0
gate2D_bandit,N1600_noise0p05,1600,0.05,1,Bandit IPS support top3,Bandit,429.4483387980343,422.2408621751993,479.0817275720908,0.1268009656874285,0.0,0.774622702424584,127.3265625,top3,2000.0,10.0
gate2D_bandit,N1600_noise0p05,1600,0.05,1,Bandit DR,Bandit,407.2144805258952,422.2408621751993,479.0817275720908,-0.264358776812816,0.93203125,0.0437711962970717,4.60015625,none,2000.0,10.0
gate2D_bandit,N1600_noise0p05,1600,0.05,1,Bandit DR support top3,Bandit,429.3098914089561,422.2408621751993,479.0817275720908,0.1243652640472172,0.0,0.7628119057590552,129.609921875,top3,2000.0,10.0
gate2D_bandit,N1600_noise0p05,1600,0.05,1,"Bandit oracle (myopic, true R)",Bandit,422.2408621751993,422.2408621751993,479.0817275720908,0.0,0.0,0.8518105537581425,146.903984375,none,,
gate2D_bandit,N1600_noise0p05,1600,0.05,2,Bandit DM,Bandit,387.8245910777735,420.7019605669336,477.9242309914933,-0.5745554876663759,0.933359375,0.0635601606774993,6.80515625,none,2000.0,10.0
gate2D_bandit,N1600_noise0p05,1600,0.05,2,Bandit DM support top3,Bandit,428.4175022453748,420.7019605669336,477.9242309914933,0.1348345953628867,0.0,0.7918465450339801,126.46609375,top3,2000.0,10.0
gate2D_bandit,N1600_noise0p05,1600,0.05,2,Bandit IPS,Bandit,316.5598767635272,420.7019605669336,477.9242309914933,-1.819957212999869,0.985703125,0.0085048806417319,0.62859375,none,2000.0,10.0
gate2D_bandit,N1600_noise0p05,1600,0.05,2,Bandit IPS support top3,Bandit,429.23359826509926,420.7019605669336,477.9242309914933,0.1490964555384695,0.0,0.803360732308035,138.733984375,top3,2000.0,10.0
gate2D_bandit,N1600_noise0p05,1600,0.05,2,Bandit DR,Bandit,317.21085645459993,420.7019605669336,477.9242309914933,-1.808580878467128,0.985703125,0.0085048806417319,0.62859375,none,2000.0,10.0
gate2D_bandit,N1600_noise0p05,1600,0.05,2,Bandit DR support top3,Bandit,428.0202765057925,420.7019605669336,477.9242309914933,0.1278927921692155,0.0,0.8011328908526414,128.3275,top3,2000.0,10.0
gate2D_bandit,N1600_noise0p05,1600,0.05,2,"Bandit oracle (myopic, true R)",Bandit,420.7019605669336,420.7019605669336,477.9242309914933,0.0,0.0,0.8470534631522537,144.488359375,none,,
gate2D_bandit,N1600_noise0p05,1600,0.05,3,Bandit DM,Bandit,312.6207114373159,420.1985074854882,477.6588309814034,-1.8722100660609724,0.9871875,0.0084729626808834,0.5690625,none,2000.0,10.0
gate2D_bandit,N1600_noise0p05,1600,0.05,3,Bandit DM support top3,Bandit,428.4043673275035,420.1985074854882,477.6588309814034,0.1428091479958101,0.0,0.7612292285811617,124.86390625,top3,2000.0,10.0
gate2D_bandit,N1600_noise0p05,1600,0.05,3,Bandit IPS,Bandit,316.4750228010731,420.1985074854882,477.6588309814034,-1.8051322786546549,0.9878125,0.0073444143795902,0.465,none,2000.0,10.0
gate2D_bandit,N1600_noise0p05,1600,0.05,3,Bandit IPS support top3,Bandit,429.85528455909457,420.1985074854882,477.6588309814034,0.1680599148435499,0.0,0.7493048783990435,129.581640625,top3,2000.0,10.0
gate2D_bandit,N1600_noise0p05,1600,0.05,3,Bandit DR,Bandit,316.4750228010731,420.1985074854882,477.6588309814034,-1.8051322786546549,0.9878125,0.0073444143795902,0.465,none,2000.0,10.0
gate2D_bandit,N1600_noise0p05,1600,0.05,3,Bandit DR support top3,Bandit,427.9483663071468,420.1985074854882,477.6588309814034,0.134873219469596,0.0,0.7653450275044956,126.694375,top3,2000.0,10.0
gate2D_bandit,N1600_noise0p05,1600,0.05,3,"Bandit oracle (myopic, true R)",Bandit,420.1985074854882,420.1985074854882,477.6588309814034,0.0,0.0,0.8475514782955645,148.700859375,none,,
gate2D_bandit,N1600_noise0p05,1600,0.05,4,Bandit DM,Bandit,319.155423006098,422.8141069914742,479.6367344894461,-1.8242501015827892,0.98640625,0.0068751815628933,0.482421875,none,2000.0,10.0
gate2D_bandit,N1600_noise0p05,1600,0.05,4,Bandit DM support top3,Bandit,430.7568245727557,422.8141069914742,479.6367344894461,0.1397808924193973,0.0,0.7875307220894828,123.955703125,top3,2000.0,10.0
gate2D_bandit,N1600_noise0p05,1600,0.05,4,Bandit IPS,Bandit,316.9650909610955,422.8141069914742,479.6367344894461,-1.862796929518204,0.981171875,0.0161889343872012,1.0515625,none,2000.0,10.0
gate2D_bandit,N1600_noise0p05,1600,0.05,4,Bandit IPS support top3,Bandit,429.5392919651377,422.8141069914742,479.6367344894461,0.1183539950507132,0.0,0.8013563985225147,125.37546875,top3,2000.0,10.0
gate2D_bandit,N1600_noise0p05,1600,0.05,4,Bandit DR,Bandit,319.155423006098,422.8141069914742,479.6367344894461,-1.8242501015827892,0.98640625,0.0068751815628933,0.482421875,none,2000.0,10.0
gate2D_bandit,N1600_noise0p05,1600,0.05,4,Bandit DR support top3,Bandit,430.3456610879249,422.8141069914742,479.6367344894461,0.1325449812527501,0.0,0.7952452553315419,125.670390625,top3,2000.0,10.0
gate2D_bandit,N1600_noise0p05,1600,0.05,4,"Bandit oracle (myopic, true R)",Bandit,422.8141069914742,422.8141069914742,479.6367344894461,0.0,0.0,0.8512508910708994,146.170859375,none,,
gate2D_bandit,N1600_noise0p05,1600,0.05,5,Bandit DM,Bandit,316.22695352528456,420.42955294452105,477.5980827412801,-1.8227265908304648,0.987109375,0.0073401583928916,0.49421875,none,2000.0,10.0
gate2D_bandit,N1600_noise0p05,1600,0.05,5,Bandit DM support top3,Bandit,428.41634174390856,420.42955294452105,477.5980827412801,0.1397060380559286,0.0,0.7660073366074772,129.7909375,top3,2000.0,10.0
gate2D_bandit,N1600_noise0p05,1600,0.05,5,Bandit IPS,Bandit,226.38175609618685,420.42955294452105,477.5980827412801,-3.39431147762934,1.0,0.0,0.0,none,2000.0,10.0
gate2D_bandit,N1600_noise0p05,1600,0.05,5,Bandit IPS support top3,Bandit,428.43762913880494,420.42955294452105,477.5980827412801,0.1400784001749485,0.0,0.7576910198649293,125.946953125,top3,2000.0,10.0
gate2D_bandit,N1600_noise0p05,1600,0.05,5,Bandit DR,Bandit,316.22695352528456,420.42955294452105,477.5980827412801,-1.8227265908304648,0.987109375,0.0073401583928916,0.49421875,none,2000.0,10.0
gate2D_bandit,N1600_noise0p05,1600,0.05,5,Bandit DR support top3,Bandit,428.41634174390856,420.42955294452105,477.5980827412801,0.1397060380559286,0.0,0.7660073366074772,129.7909375,top3,2000.0,10.0
gate2D_bandit,N1600_noise0p05,1600,0.05,5,"Bandit oracle (myopic, true R)",Bandit,420.42955294452105,420.42955294452105,477.5980827412801,0.0,0.0,0.8464086031330261,152.087578125,none,,
gate2D_bandit,N1600_noise0p05,1600,0.05,6,Bandit DM,Bandit,330.08016840423574,420.4015625942231,477.26680319791535,-1.5883410187157951,0.93546875,0.0497151329667669,4.478125,none,2000.0,10.0
gate2D_bandit,N1600_noise0p05,1600,0.05,6,Bandit DM support top3,Bandit,427.1879475483891,420.4015625942231,477.26680319791535,0.1193415324039861,0.0,0.7857931445192189,144.187890625,top3,2000.0,10.0
gate2D_bandit,N1600_noise0p05,1600,0.05,6,Bandit IPS,Bandit,315.6294966795768,420.4015625942231,477.26680319791535,-1.8424623689685655,0.9878125,0.007813253593132,0.494296875,none,2000.0,10.0
gate2D_bandit,N1600_noise0p05,1600,0.05,6,Bandit IPS support top3,Bandit,428.8127994239856,420.4015625942231,477.26680319791535,0.1479152596642019,0.0,0.8006689115126082,145.208046875,top3,2000.0,10.0
gate2D_bandit,N1600_noise0p05,1600,0.05,6,Bandit DR,Bandit,315.6294966795768,420.4015625942231,477.26680319791535,-1.8424623689685655,0.9878125,0.007813253593132,0.494296875,none,2000.0,10.0
gate2D_bandit,N1600_noise0p05,1600,0.05,6,Bandit DR support top3,Bandit,427.1879475483891,420.4015625942231,477.26680319791535,0.1193415324039861,0.0,0.7857931445192189,144.187890625,top3,2000.0,10.0
gate2D_bandit,N1600_noise0p05,1600,0.05,6,"Bandit oracle (myopic, true R)",Bandit,420.4015625942231,420.4015625942231,477.26680319791535,0.0,0.0,0.8532773322005833,156.089921875,none,,
gate2D_bandit,N1600_noise0p05,1600,0.05,7,Bandit DM,Bandit,318.0531873656473,422.5603637349696,478.8785864087379,-1.8556547314125256,0.98703125,0.0072540864687107,0.485546875,none,2000.0,10.0
gate2D_bandit,N1600_noise0p05,1600,0.05,7,Bandit DM support top3,Bandit,429.9747838702177,422.5603637349696,478.8785864087379,0.131652239421639,0.0,0.7579827771832922,135.377734375,top3,2000.0,10.0
gate2D_bandit,N1600_noise0p05,1600,0.05,7,Bandit IPS,Bandit,318.0531873656473,422.5603637349696,478.8785864087379,-1.8556547314125256,0.98703125,0.0072540864687107,0.485546875,none,2000.0,10.0
gate2D_bandit,N1600_noise0p05,1600,0.05,7,Bandit IPS support top3,Bandit,431.0784691533683,422.5603637349696,478.8785864087379,0.1512495425812903,0.0,0.785217157299929,139.33109375,top3,2000.0,10.0
gate2D_bandit,N1600_noise0p05,1600,0.05,7,Bandit DR,Bandit,318.0531873656473,422.5603637349696,478.8785864087379,-1.8556547314125256,0.98703125,0.0072540864687107,0.485546875,none,2000.0,10.0
gate2D_bandit,N1600_noise0p05,1600,0.05,7,Bandit DR support top3,Bandit,429.4939316591445,422.5603637349696,478.8785864087379,0.1231141111170813,0.0,0.7688347535442887,137.89515625,top3,2000.0,10.0
gate2D_bandit,N1600_noise0p05,1600,0.05,7,"Bandit oracle (myopic, true R)",Bandit,422.5603637349696,422.5603637349696,478.8785864087379,0.0,0.0,0.8483130136257404,150.515078125,none,,
gate2D_bandit,N1600_noise0p05,1600,0.05,8,Bandit DM,Bandit,316.91452847862104,421.64695137411786,478.1010548050897,-1.855178216115971,0.98828125,0.0073373238076848,0.44625,none,2000.0,10.0
gate2D_bandit,N1600_noise0p05,1600,0.05,8,Bandit DM support top3,Bandit,429.94661520793,421.64695137411786,478.1010548050897,0.14701613043878,0.0,0.7313522233549239,127.1571875,top3,2000.0,10.0
gate2D_bandit,N1600_noise0p05,1600,0.05,8,Bandit IPS,Bandit,316.91452847862104,421.64695137411786,478.1010548050897,-1.855178216115971,0.98828125,0.0073373238076848,0.44625,none,2000.0,10.0
gate2D_bandit,N1600_noise0p05,1600,0.05,8,Bandit IPS support top3,Bandit,445.53644822579554,421.64695137411786,478.1010548050897,0.4231667035663422,0.0,0.6022178490174456,73.30984375,top3,2000.0,10.0
gate2D_bandit,N1600_noise0p05,1600,0.05,8,Bandit DR,Bandit,316.91452847862104,421.64695137411786,478.1010548050897,-1.855178216115971,0.98828125,0.0073373238076848,0.44625,none,2000.0,10.0
gate2D_bandit,N1600_noise0p05,1600,0.05,8,Bandit DR support top3,Bandit,429.2468448442816,421.64695137411786,478.1010548050897,0.1346207451413407,0.0,0.7490155871770099,131.75140625,top3,2000.0,10.0
gate2D_bandit,N1600_noise0p05,1600,0.05,8,"Bandit oracle (myopic, true R)",Bandit,421.64695137411786,421.64695137411786,478.1010548050897,0.0,0.0,0.8464664695536328,154.06328125,none,,
gate2D_bandit,N1600_noise0p05,1600,0.05,9,Bandit DM,Bandit,316.7721443333552,421.14554862217454,477.7638570902434,-1.843456774193158,0.988671875,0.0068506368197607,0.404296875,none,2000.0,10.0
gate2D_bandit,N1600_noise0p05,1600,0.05,9,Bandit DM support top3,Bandit,428.79693051878377,421.14554862217454,477.7638570902434,0.1351397119347779,0.0,0.7884223316924865,127.684453125,top3,2000.0,10.0
gate2D_bandit,N1600_noise0p05,1600,0.05,9,Bandit IPS,Bandit,280.70050222826234,421.14554862217454,477.7638570902434,-2.480558854440509,1.0,0.0,0.0,none,2000.0,10.0
gate2D_bandit,N1600_noise0p05,1600,0.05,9,Bandit IPS support top3,Bandit,431.1053921716721,421.14554862217454,477.7638570902434,0.1759120648246609,0.0,0.7877840432629294,128.745,top3,2000.0,10.0
gate2D_bandit,N1600_noise0p05,1600,0.05,9,Bandit DR,Bandit,316.7721443333552,421.14554862217454,477.7638570902434,-1.843456774193158,0.988671875,0.0068506368197607,0.404296875,none,2000.0,10.0
gate2D_bandit,N1600_noise0p05,1600,0.05,9,Bandit DR support top3,Bandit,429.60104481547575,421.14554862217454,477.7638570902434,0.1493420842494767,0.0,0.7976192591882441,139.393828125,top3,2000.0,10.0
gate2D_bandit,N1600_noise0p05,1600,0.05,9,"Bandit oracle (myopic, true R)",Bandit,421.14554862217454,421.14554862217454,477.7638570902434,0.0,0.0,0.8482297729564207,150.22140625,none,,
gate2D_bandit,N1600_noise0p2,1600,0.2,0,Bandit DM,Bandit,317.1858592632272,420.6941057714956,478.158742618527,-1.8012512074826674,0.987265625,0.0079280672918882,0.5225,none,2000.0,10.0
gate2D_bandit,N1600_noise0p2,1600,0.2,0,Bandit DM support top3,Bandit,428.8207410437364,420.6941057714956,478.158742618527,0.1414197621029714,0.0,0.7302341252448475,121.30859375,top3,2000.0,10.0
gate2D_bandit,N1600_noise0p2,1600,0.2,0,Bandit IPS,Bandit,317.1858592632272,420.6941057714956,478.158742618527,-1.8012512074826674,0.987265625,0.0079280672918882,0.5225,none,2000.0,10.0
gate2D_bandit,N1600_noise0p2,1600,0.2,0,Bandit IPS support top3,Bandit,428.8207410437364,420.6941057714956,478.158742618527,0.1414197621029714,0.0,0.7302341252448475,121.30859375,top3,2000.0,10.0
gate2D_bandit,N1600_noise0p2,1600,0.2,0,Bandit DR,Bandit,317.1858592632272,420.6941057714956,478.158742618527,-1.8012512074826674,0.987265625,0.0079280672918882,0.5225,none,2000.0,10.0
gate2D_bandit,N1600_noise0p2,1600,0.2,0,Bandit DR support top3,Bandit,428.8207410437364,420.6941057714956,478.158742618527,0.1414197621029714,0.0,0.7302341252448475,121.30859375,top3,2000.0,10.0
gate2D_bandit,N1600_noise0p2,1600,0.2,0,"Bandit oracle (myopic, true R)",Bandit,420.6941057714956,420.6941057714956,478.158742618527,0.0,0.0,0.8459761922012171,142.960078125,none,,
gate2D_bandit,N1600_noise0p2,1600,0.2,1,Bandit DM,Bandit,407.2144805258952,422.2408621751993,479.0817275720908,-0.264358776812816,0.93203125,0.0437711962970717,4.60015625,none,2000.0,10.0
gate2D_bandit,N1600_noise0p2,1600,0.2,1,Bandit DM support top3,Bandit,429.3098914089561,422.2408621751993,479.0817275720908,0.1243652640472172,0.0,0.7628119057590552,129.609921875,top3,2000.0,10.0
gate2D_bandit,N1600_noise0p2,1600,0.2,1,Bandit IPS,Bandit,282.05780891069577,422.2408621751993,479.0817275720908,-2.4662371391722333,1.0,0.0,0.0,none,2000.0,10.0
gate2D_bandit,N1600_noise0p2,1600,0.2,1,Bandit IPS support top3,Bandit,429.4483387980343,422.2408621751993,479.0817275720908,0.1268009656874285,0.0,0.774622702424584,127.3265625,top3,2000.0,10.0
gate2D_bandit,N1600_noise0p2,1600,0.2,1,Bandit DR,Bandit,407.2144805258952,422.2408621751993,479.0817275720908,-0.264358776812816,0.93203125,0.0437711962970717,4.60015625,none,2000.0,10.0
gate2D_bandit,N1600_noise0p2,1600,0.2,1,Bandit DR support top3,Bandit,429.3098914089561,422.2408621751993,479.0817275720908,0.1243652640472172,0.0,0.7628119057590552,129.609921875,top3,2000.0,10.0
gate2D_bandit,N1600_noise0p2,1600,0.2,1,"Bandit oracle (myopic, true R)",Bandit,422.2408621751993,422.2408621751993,479.0817275720908,0.0,0.0,0.8518105537581425,146.903984375,none,,
gate2D_bandit,N1600_noise0p2,1600,0.2,2,Bandit DM,Bandit,406.132700274738,420.7019605669336,477.9242309914933,-0.254608217816232,0.952109375,0.0354467179637209,4.060234375,none,2000.0,10.0
gate2D_bandit,N1600_noise0p2,1600,0.2,2,Bandit DM support top3,Bandit,428.4175022453748,420.7019605669336,477.9242309914933,0.1348345953628867,0.0,0.7918465450339801,126.46609375,top3,2000.0,10.0
gate2D_bandit,N1600_noise0p2,1600,0.2,2,Bandit IPS,Bandit,316.5598767635272,420.7019605669336,477.9242309914933,-1.819957212999869,0.985703125,0.0085048806417319,0.62859375,none,2000.0,10.0
gate2D_bandit,N1600_noise0p2,1600,0.2,2,Bandit IPS support top3,Bandit,429.23359826509926,420.7019605669336,477.9242309914933,0.1490964555384695,0.0,0.803360732308035,138.733984375,top3,2000.0,10.0
gate2D_bandit,N1600_noise0p2,1600,0.2,2,Bandit DR,Bandit,403.8864191836112,420.7019605669336,477.9242309914933,-0.293863582457665,0.93546875,0.044420659299552,4.5134375,none,2000.0,10.0
gate2D_bandit,N1600_noise0p2,1600,0.2,2,Bandit DR support top3,Bandit,428.0202765057925,420.7019605669336,477.9242309914933,0.1278927921692155,0.0,0.8011328908526414,128.3275,top3,2000.0,10.0
gate2D_bandit,N1600_noise0p2,1600,0.2,2,"Bandit oracle (myopic, true R)",Bandit,420.7019605669336,420.7019605669336,477.9242309914933,0.0,0.0,0.8470534631522537,144.488359375,none,,
gate2D_bandit,N1600_noise0p2,1600,0.2,3,Bandit DM,Bandit,316.4750228010731,420.1985074854882,477.6588309814034,-1.8051322786546549,0.9878125,0.0073444143795902,0.465,none,2000.0,10.0
gate2D_bandit,N1600_noise0p2,1600,0.2,3,Bandit DM support top3,Bandit,428.4043673275035,420.1985074854882,477.6588309814034,0.1428091479958101,0.0,0.7612292285811617,124.86390625,top3,2000.0,10.0
gate2D_bandit,N1600_noise0p2,1600,0.2,3,Bandit IPS,Bandit,316.4750228010731,420.1985074854882,477.6588309814034,-1.8051322786546549,0.9878125,0.0073444143795902,0.465,none,2000.0,10.0
gate2D_bandit,N1600_noise0p2,1600,0.2,3,Bandit IPS support top3,Bandit,429.85528455909457,420.1985074854882,477.6588309814034,0.1680599148435499,0.0,0.7493048783990435,129.581640625,top3,2000.0,10.0
gate2D_bandit,N1600_noise0p2,1600,0.2,3,Bandit DR,Bandit,316.4750228010731,420.1985074854882,477.6588309814034,-1.8051322786546549,0.9878125,0.0073444143795902,0.465,none,2000.0,10.0
gate2D_bandit,N1600_noise0p2,1600,0.2,3,Bandit DR support top3,Bandit,428.8071753898062,420.1985074854882,477.6588309814034,0.1498193428188752,0.0,0.7396067858867664,121.068671875,top3,2000.0,10.0
gate2D_bandit,N1600_noise0p2,1600,0.2,3,"Bandit oracle (myopic, true R)",Bandit,420.1985074854882,420.1985074854882,477.6588309814034,0.0,0.0,0.8475514782955645,148.700859375,none,,
gate2D_bandit,N1600_noise0p2,1600,0.2,4,Bandit DM,Bandit,319.155423006098,422.8141069914742,479.6367344894461,-1.8242501015827892,0.98640625,0.0068751815628933,0.482421875,none,2000.0,10.0
gate2D_bandit,N1600_noise0p2,1600,0.2,4,Bandit DM support top3,Bandit,431.6509879019686,422.8141069914742,479.6367344894461,0.1555169357631309,0.0,0.7995565511163898,135.960390625,top3,2000.0,10.0
gate2D_bandit,N1600_noise0p2,1600,0.2,4,Bandit IPS,Bandit,316.9650909610955,422.8141069914742,479.6367344894461,-1.862796929518204,0.981171875,0.0161889343872012,1.0515625,none,2000.0,10.0
gate2D_bandit,N1600_noise0p2,1600,0.2,4,Bandit IPS support top3,Bandit,429.7617420472011,422.8141069914742,479.6367344894461,0.1222688101843735,0.0,0.8081630391475148,126.35828125,top3,2000.0,10.0
gate2D_bandit,N1600_noise0p2,1600,0.2,4,Bandit DR,Bandit,319.155423006098,422.8141069914742,479.6367344894461,-1.8242501015827892,0.98640625,0.0068751815628933,0.482421875,none,2000.0,10.0
gate2D_bandit,N1600_noise0p2,1600,0.2,4,Bandit DR support top3,Bandit,430.3456610879249,422.8141069914742,479.6367344894461,0.1325449812527501,0.0,0.7952452553315419,125.670390625,top3,2000.0,10.0
gate2D_bandit,N1600_noise0p2,1600,0.2,4,"Bandit oracle (myopic, true R)",Bandit,422.8141069914742,422.8141069914742,479.6367344894461,0.0,0.0,0.8512508910708994,146.170859375,none,,
gate2D_bandit,N1600_noise0p2,1600,0.2,5,Bandit DM,Bandit,404.3218470651354,420.42955294452105,477.5980827412801,-0.2817582669460012,0.93625,0.0415421880710663,4.165234375,none,2000.0,10.0
gate2D_bandit,N1600_noise0p2,1600,0.2,5,Bandit DM support top3,Bandit,427.8473515742992,420.42955294452105,477.5980827412801,0.1297531816219404,0.0,0.7475436055260972,123.895390625,top3,2000.0,10.0
gate2D_bandit,N1600_noise0p2,1600,0.2,5,Bandit IPS,Bandit,226.38175609618685,420.42955294452105,477.5980827412801,-3.39431147762934,1.0,0.0,0.0,none,2000.0,10.0
gate2D_bandit,N1600_noise0p2,1600,0.2,5,Bandit IPS support top3,Bandit,428.43762913880494,420.42955294452105,477.5980827412801,0.1400784001749485,0.0,0.7576910198649293,125.946953125,top3,2000.0,10.0
gate2D_bandit,N1600_noise0p2,1600,0.2,5,Bandit DR,Bandit,404.3218470651354,420.42955294452105,477.5980827412801,-0.2817582669460012,0.93625,0.0415421880710663,4.165234375,none,2000.0,10.0
gate2D_bandit,N1600_noise0p2,1600,0.2,5,Bandit DR support top3,Bandit,429.275150826568,420.42955294452105,477.5980827412801,0.1547284478627332,0.0,0.743066562508219,124.0703125,top3,2000.0,10.0
gate2D_bandit,N1600_noise0p2,1600,0.2,5,"Bandit oracle (myopic, true R)",Bandit,420.42955294452105,420.42955294452105,477.5980827412801,0.0,0.0,0.8464086031330261,152.087578125,none,,
gate2D_bandit,N1600_noise0p2,1600,0.2,6,Bandit DM,Bandit,404.37331416578456,420.4015625942231,477.26680319791535,-0.2818637230455649,0.93546875,0.0453468953311927,4.478125,none,2000.0,10.0
gate2D_bandit,N1600_noise0p2,1600,0.2,6,Bandit DM support top3,Bandit,425.9298380728701,420.4015625942231,477.26680319791535,0.0972171298311185,0.0,0.802073495582656,140.411875,top3,2000.0,10.0
gate2D_bandit,N1600_noise0p2,1600,0.2,6,Bandit IPS,Bandit,226.03706815468257,420.4015625942231,477.26680319791535,-3.417984209266151,1.0,0.0,0.0,none,2000.0,10.0
gate2D_bandit,N1600_noise0p2,1600,0.2,6,Bandit IPS support top3,Bandit,427.0385500548544,420.4015625942231,477.26680319791535,0.1167143124722902,0.0,0.796748453180131,138.84828125,top3,2000.0,10.0
gate2D_bandit,N1600_noise0p2,1600,0.2,6,Bandit DR,Bandit,404.37331416578456,420.4015625942231,477.26680319791535,-0.2818637230455649,0.93546875,0.0453468953311927,4.478125,none,2000.0,10.0
gate2D_bandit,N1600_noise0p2,1600,0.2,6,Bandit DR support top3,Bandit,427.1879475483891,420.4015625942231,477.26680319791535,0.1193415324039861,0.0,0.7857931445192189,144.187890625,top3,2000.0,10.0
gate2D_bandit,N1600_noise0p2,1600,0.2,6,"Bandit oracle (myopic, true R)",Bandit,420.4015625942231,420.4015625942231,477.26680319791535,0.0,0.0,0.8532773322005833,156.089921875,none,,
gate2D_bandit,N1600_noise0p2,1600,0.2,7,Bandit DM,Bandit,318.0531873656473,422.5603637349696,478.8785864087379,-1.8556547314125256,0.98703125,0.0072540864687107,0.485546875,none,2000.0,10.0
gate2D_bandit,N1600_noise0p2,1600,0.2,7,Bandit DM support top3,Bandit,429.9747838702177,422.5603637349696,478.8785864087379,0.131652239421639,0.0,0.7579827771832922,135.377734375,top3,2000.0,10.0
gate2D_bandit,N1600_noise0p2,1600,0.2,7,Bandit IPS,Bandit,318.0531873656473,422.5603637349696,478.8785864087379,-1.8556547314125256,0.98703125,0.0072540864687107,0.485546875,none,2000.0,10.0
gate2D_bandit,N1600_noise0p2,1600,0.2,7,Bandit IPS support top3,Bandit,431.0784691533683,422.5603637349696,478.8785864087379,0.1512495425812903,0.0,0.785217157299929,139.33109375,top3,2000.0,10.0
gate2D_bandit,N1600_noise0p2,1600,0.2,7,Bandit DR,Bandit,318.0531873656473,422.5603637349696,478.8785864087379,-1.8556547314125256,0.98703125,0.0072540864687107,0.485546875,none,2000.0,10.0
gate2D_bandit,N1600_noise0p2,1600,0.2,7,Bandit DR support top3,Bandit,429.4939316591445,422.5603637349696,478.8785864087379,0.1231141111170813,0.0,0.7688347535442887,137.89515625,top3,2000.0,10.0
gate2D_bandit,N1600_noise0p2,1600,0.2,7,"Bandit oracle (myopic, true R)",Bandit,422.5603637349696,422.5603637349696,478.8785864087379,0.0,0.0,0.8483130136257404,150.515078125,none,,
gate2D_bandit,N1600_noise0p2,1600,0.2,8,Bandit DM,Bandit,316.91452847862104,421.64695137411786,478.1010548050897,-1.855178216115971,0.98828125,0.0073373238076848,0.44625,none,2000.0,10.0
gate2D_bandit,N1600_noise0p2,1600,0.2,8,Bandit DM support top3,Bandit,429.94661520793,421.64695137411786,478.1010548050897,0.14701613043878,0.0,0.7313522233549239,127.1571875,top3,2000.0,10.0
gate2D_bandit,N1600_noise0p2,1600,0.2,8,Bandit IPS,Bandit,316.91452847862104,421.64695137411786,478.1010548050897,-1.855178216115971,0.98828125,0.0073373238076848,0.44625,none,2000.0,10.0
gate2D_bandit,N1600_noise0p2,1600,0.2,8,Bandit IPS support top3,Bandit,435.4279015727405,421.64695137411786,478.1010548050897,0.2441089196549365,0.0,0.7401171846342529,126.24421875,top3,2000.0,10.0
gate2D_bandit,N1600_noise0p2,1600,0.2,8,Bandit DR,Bandit,316.91452847862104,421.64695137411786,478.1010548050897,-1.855178216115971,0.98828125,0.0073373238076848,0.44625,none,2000.0,10.0
gate2D_bandit,N1600_noise0p2,1600,0.2,8,Bandit DR support top3,Bandit,429.2468448442816,421.64695137411786,478.1010548050897,0.1346207451413407,0.0,0.7490155871770099,131.75140625,top3,2000.0,10.0
gate2D_bandit,N1600_noise0p2,1600,0.2,8,"Bandit oracle (myopic, true R)",Bandit,421.64695137411786,421.64695137411786,478.1010548050897,0.0,0.0,0.8464664695536328,154.06328125,none,,
gate2D_bandit,N1600_noise0p2,1600,0.2,9,Bandit DM,Bandit,316.7721443333552,421.14554862217454,477.7638570902434,-1.843456774193158,0.988671875,0.0068506368197607,0.404296875,none,2000.0,10.0
gate2D_bandit,N1600_noise0p2,1600,0.2,9,Bandit DM support top3,Bandit,429.60104481547575,421.14554862217454,477.7638570902434,0.1493420842494767,0.0,0.7976192591882441,139.393828125,top3,2000.0,10.0
gate2D_bandit,N1600_noise0p2,1600,0.2,9,Bandit IPS,Bandit,280.70050222826234,421.14554862217454,477.7638570902434,-2.480558854440509,1.0,0.0,0.0,none,2000.0,10.0
gate2D_bandit,N1600_noise0p2,1600,0.2,9,Bandit IPS support top3,Bandit,429.2203611900409,421.14554862217454,477.7638570902434,0.1426184000608266,0.0,0.793361130694245,138.628515625,top3,2000.0,10.0
gate2D_bandit,N1600_noise0p2,1600,0.2,9,Bandit DR,Bandit,316.7721443333552,421.14554862217454,477.7638570902434,-1.843456774193158,0.988671875,0.0068506368197607,0.404296875,none,2000.0,10.0
gate2D_bandit,N1600_noise0p2,1600,0.2,9,Bandit DR support top3,Bandit,429.60104481547575,421.14554862217454,477.7638570902434,0.1493420842494767,0.0,0.7976192591882441,139.393828125,top3,2000.0,10.0
gate2D_bandit,N1600_noise0p2,1600,0.2,9,"Bandit oracle (myopic, true R)",Bandit,421.14554862217454,421.14554862217454,477.7638570902434,0.0,0.0,0.8482297729564207,150.22140625,none,,
gate2D_bandit,N1600_noise0p5,1600,0.5,0,Bandit DM,Bandit,317.1858592632272,420.6941057714956,478.158742618527,-1.8012512074826674,0.987265625,0.0079280672918882,0.5225,none,2000.0,10.0
gate2D_bandit,N1600_noise0p5,1600,0.5,0,Bandit DM support top3,Bandit,430.0036825688603,420.6941057714956,478.158742618527,0.1620053185430626,0.0,0.7590713183749884,126.076328125,top3,2000.0,10.0
gate2D_bandit,N1600_noise0p5,1600,0.5,0,Bandit IPS,Bandit,317.1858592632272,420.6941057714956,478.158742618527,-1.8012512074826674,0.987265625,0.0079280672918882,0.5225,none,2000.0,10.0
gate2D_bandit,N1600_noise0p5,1600,0.5,0,Bandit IPS support top3,Bandit,428.8207410437364,420.6941057714956,478.158742618527,0.1414197621029714,0.0,0.7302341252448475,121.30859375,top3,2000.0,10.0
gate2D_bandit,N1600_noise0p5,1600,0.5,0,Bandit DR,Bandit,317.1858592632272,420.6941057714956,478.158742618527,-1.8012512074826674,0.987265625,0.0079280672918882,0.5225,none,2000.0,10.0
gate2D_bandit,N1600_noise0p5,1600,0.5,0,Bandit DR support top3,Bandit,430.0036825688603,420.6941057714956,478.158742618527,0.1620053185430626,0.0,0.7590713183749884,126.076328125,top3,2000.0,10.0
gate2D_bandit,N1600_noise0p5,1600,0.5,0,"Bandit oracle (myopic, true R)",Bandit,420.6941057714956,420.6941057714956,478.158742618527,0.0,0.0,0.8459761922012171,142.960078125,none,,
gate2D_bandit,N1600_noise0p5,1600,0.5,1,Bandit DM,Bandit,385.2463847457541,422.2408621751993,479.0817275720908,-0.6508429660796193,0.96171875,0.0269976445008153,1.8984375,none,2000.0,10.0
gate2D_bandit,N1600_noise0p5,1600,0.5,1,Bandit DM support top3,Bandit,429.4483387980343,422.2408621751993,479.0817275720908,0.1268009656874285,0.0,0.774622702424584,127.3265625,top3,2000.0,10.0
gate2D_bandit,N1600_noise0p5,1600,0.5,1,Bandit IPS,Bandit,282.05780891069577,422.2408621751993,479.0817275720908,-2.4662371391722333,1.0,0.0,0.0,none,2000.0,10.0
gate2D_bandit,N1600_noise0p5,1600,0.5,1,Bandit IPS support top3,Bandit,431.0792896816648,422.2408621751993,479.0817275720908,0.1554942459927584,0.0,0.7812551282692743,132.2625,top3,2000.0,10.0
gate2D_bandit,N1600_noise0p5,1600,0.5,1,Bandit DR,Bandit,407.2144805258952,422.2408621751993,479.0817275720908,-0.264358776812816,0.93203125,0.0437711962970717,4.60015625,none,2000.0,10.0
gate2D_bandit,N1600_noise0p5,1600,0.5,1,Bandit DR support top3,Bandit,429.839525728399,422.2408621751993,479.0817275720908,0.1336831080973522,0.0,0.7521121311262684,127.003359375,top3,2000.0,10.0
gate2D_bandit,N1600_noise0p5,1600,0.5,1,"Bandit oracle (myopic, true R)",Bandit,422.2408621751993,422.2408621751993,479.0817275720908,0.0,0.0,0.8518105537581425,146.903984375,none,,
gate2D_bandit,N1600_noise0p5,1600,0.5,2,Bandit DM,Bandit,406.9650072680578,420.7019605669336,477.9242309914933,-0.2400630593116053,0.94578125,0.0430958562085805,3.763984375,none,2000.0,10.0
gate2D_bandit,N1600_noise0p5,1600,0.5,2,Bandit DM support top3,Bandit,428.4175022453748,420.7019605669336,477.9242309914933,0.1348345953628867,0.0,0.7918465450339801,126.46609375,top3,2000.0,10.0
gate2D_bandit,N1600_noise0p5,1600,0.5,2,Bandit IPS,Bandit,316.5598767635272,420.7019605669336,477.9242309914933,-1.819957212999869,0.985703125,0.0085048806417319,0.62859375,none,2000.0,10.0
gate2D_bandit,N1600_noise0p5,1600,0.5,2,Bandit IPS support top3,Bandit,428.4175022453748,420.7019605669336,477.9242309914933,0.1348345953628867,0.0,0.7918465450339801,126.46609375,top3,2000.0,10.0
gate2D_bandit,N1600_noise0p5,1600,0.5,2,Bandit DR,Bandit,403.8864191836112,420.7019605669336,477.9242309914933,-0.293863582457665,0.93546875,0.044420659299552,4.5134375,none,2000.0,10.0
gate2D_bandit,N1600_noise0p5,1600,0.5,2,Bandit DR support top3,Bandit,428.0202765057925,420.7019605669336,477.9242309914933,0.1278927921692155,0.0,0.8011328908526414,128.3275,top3,2000.0,10.0
gate2D_bandit,N1600_noise0p5,1600,0.5,2,"Bandit oracle (myopic, true R)",Bandit,420.7019605669336,420.7019605669336,477.9242309914933,0.0,0.0,0.8470534631522537,144.488359375,none,,
gate2D_bandit,N1600_noise0p5,1600,0.5,3,Bandit DM,Bandit,316.4750228010731,420.1985074854882,477.6588309814034,-1.8051322786546549,0.9878125,0.0073444143795902,0.465,none,2000.0,10.0
gate2D_bandit,N1600_noise0p5,1600,0.5,3,Bandit DM support top3,Bandit,429.2631764101629,420.1985074854882,477.6588309814034,0.1577552713450893,0.0,0.7354909869634324,119.238203125,top3,2000.0,10.0
gate2D_bandit,N1600_noise0p5,1600,0.5,3,Bandit IPS,Bandit,280.5347299408496,420.1985074854882,477.6588309814034,-2.430612447814832,1.0,0.0,0.0,none,2000.0,10.0
gate2D_bandit,N1600_noise0p5,1600,0.5,3,Bandit IPS support top3,Bandit,428.7103335368517,420.1985074854882,477.6588309814034,0.1481339737317796,0.0,0.8029421890051042,137.26046875,top3,2000.0,10.0
gate2D_bandit,N1600_noise0p5,1600,0.5,3,Bandit DR,Bandit,316.4750228010731,420.1985074854882,477.6588309814034,-1.8051322786546549,0.9878125,0.0073444143795902,0.465,none,2000.0,10.0
gate2D_bandit,N1600_noise0p5,1600,0.5,3,Bandit DR support top3,Bandit,428.8071753898062,420.1985074854882,477.6588309814034,0.1498193428188752,0.0,0.7396067858867664,121.068671875,top3,2000.0,10.0
gate2D_bandit,N1600_noise0p5,1600,0.5,3,"Bandit oracle (myopic, true R)",Bandit,420.1985074854882,420.1985074854882,477.6588309814034,0.0,0.0,0.8475514782955645,148.700859375,none,,
gate2D_bandit,N1600_noise0p5,1600,0.5,4,Bandit DM,Bandit,337.8587967822012,422.8141069914742,479.6367344894461,-1.495096477407794,0.9634375,0.0253118121790168,1.687109375,none,2000.0,10.0
gate2D_bandit,N1600_noise0p5,1600,0.5,4,Bandit DM support top3,Bandit,429.7617420472011,422.8141069914742,479.6367344894461,0.1222688101843735,0.0,0.8081630391475148,126.35828125,top3,2000.0,10.0
gate2D_bandit,N1600_noise0p5,1600,0.5,4,Bandit IPS,Bandit,319.155423006098,422.8141069914742,479.6367344894461,-1.8242501015827892,0.98640625,0.0068751815628933,0.482421875,none,2000.0,10.0
gate2D_bandit,N1600_noise0p5,1600,0.5,4,Bandit IPS support top3,Bandit,431.6509879019686,422.8141069914742,479.6367344894461,0.1555169357631309,0.0,0.7995565511163898,135.960390625,top3,2000.0,10.0
gate2D_bandit,N1600_noise0p5,1600,0.5,4,Bandit DR,Bandit,339.5526384384198,422.8141069914742,479.6367344894461,-1.465287196654645,0.930625,0.056402292908569,5.377421875,none,2000.0,10.0
gate2D_bandit,N1600_noise0p5,1600,0.5,4,Bandit DR support top3,Bandit,430.7568245727557,422.8141069914742,479.6367344894461,0.1397808924193973,0.0,0.7875307220894828,123.955703125,top3,2000.0,10.0
gate2D_bandit,N1600_noise0p5,1600,0.5,4,"Bandit oracle (myopic, true R)",Bandit,422.8141069914742,422.8141069914742,479.6367344894461,0.0,0.0,0.8512508910708994,146.170859375,none,,
gate2D_bandit,N1600_noise0p5,1600,0.5,5,Bandit DM,Bandit,404.3218470651354,420.42955294452105,477.5980827412801,-0.2817582669460012,0.93625,0.0415421880710663,4.165234375,none,2000.0,10.0
gate2D_bandit,N1600_noise0p5,1600,0.5,5,Bandit DM support top3,Bandit,427.8473515742992,420.42955294452105,477.5980827412801,0.1297531816219404,0.0,0.7475436055260972,123.895390625,top3,2000.0,10.0
gate2D_bandit,N1600_noise0p5,1600,0.5,5,Bandit IPS,Bandit,226.38175609618685,420.42955294452105,477.5980827412801,-3.39431147762934,1.0,0.0,0.0,none,2000.0,10.0
gate2D_bandit,N1600_noise0p5,1600,0.5,5,Bandit IPS support top3,Bandit,428.43762913880494,420.42955294452105,477.5980827412801,0.1400784001749485,0.0,0.7576910198649293,125.946953125,top3,2000.0,10.0
gate2D_bandit,N1600_noise0p5,1600,0.5,5,Bandit DR,Bandit,404.3218470651354,420.42955294452105,477.5980827412801,-0.2817582669460012,0.93625,0.0415421880710663,4.165234375,none,2000.0,10.0
gate2D_bandit,N1600_noise0p5,1600,0.5,5,Bandit DR support top3,Bandit,427.8473515742992,420.42955294452105,477.5980827412801,0.1297531816219404,0.0,0.7475436055260972,123.895390625,top3,2000.0,10.0
gate2D_bandit,N1600_noise0p5,1600,0.5,5,"Bandit oracle (myopic, true R)",Bandit,420.42955294452105,420.42955294452105,477.5980827412801,0.0,0.0,0.8464086031330261,152.087578125,none,,
gate2D_bandit,N1600_noise0p5,1600,0.5,6,Bandit DM,Bandit,404.37331416578456,420.4015625942231,477.26680319791535,-0.2818637230455649,0.93546875,0.0453468953311927,4.478125,none,2000.0,10.0
gate2D_bandit,N1600_noise0p5,1600,0.5,6,Bandit DM support top3,Bandit,425.9298380728701,420.4015625942231,477.26680319791535,0.0972171298311185,0.0,0.802073495582656,140.411875,top3,2000.0,10.0
gate2D_bandit,N1600_noise0p5,1600,0.5,6,Bandit IPS,Bandit,226.03706815468257,420.4015625942231,477.26680319791535,-3.417984209266151,1.0,0.0,0.0,none,2000.0,10.0
gate2D_bandit,N1600_noise0p5,1600,0.5,6,Bandit IPS support top3,Bandit,427.0385500548544,420.4015625942231,477.26680319791535,0.1167143124722902,0.0,0.796748453180131,138.84828125,top3,2000.0,10.0
gate2D_bandit,N1600_noise0p5,1600,0.5,6,Bandit DR,Bandit,404.37331416578456,420.4015625942231,477.26680319791535,-0.2818637230455649,0.93546875,0.0453468953311927,4.478125,none,2000.0,10.0
gate2D_bandit,N1600_noise0p5,1600,0.5,6,Bandit DR support top3,Bandit,425.9298380728701,420.4015625942231,477.26680319791535,0.0972171298311185,0.0,0.802073495582656,140.411875,top3,2000.0,10.0
gate2D_bandit,N1600_noise0p5,1600,0.5,6,"Bandit oracle (myopic, true R)",Bandit,420.4015625942231,420.4015625942231,477.26680319791535,0.0,0.0,0.8532773322005833,156.089921875,none,,
gate2D_bandit,N1600_noise0p5,1600,0.5,7,Bandit DM,Bandit,318.0531873656473,422.5603637349696,478.8785864087379,-1.8556547314125256,0.98703125,0.0072540864687107,0.485546875,none,2000.0,10.0
gate2D_bandit,N1600_noise0p5,1600,0.5,7,Bandit DM support top3,Bandit,431.0784691533683,422.5603637349696,478.8785864087379,0.1512495425812903,0.0,0.785217157299929,139.33109375,top3,2000.0,10.0
gate2D_bandit,N1600_noise0p5,1600,0.5,7,Bandit IPS,Bandit,318.0531873656473,422.5603637349696,478.8785864087379,-1.8556547314125256,0.98703125,0.0072540864687107,0.485546875,none,2000.0,10.0
gate2D_bandit,N1600_noise0p5,1600,0.5,7,Bandit IPS support top3,Bandit,429.9747838702177,422.5603637349696,478.8785864087379,0.131652239421639,0.0,0.7579827771832922,135.377734375,top3,2000.0,10.0
gate2D_bandit,N1600_noise0p5,1600,0.5,7,Bandit DR,Bandit,318.0531873656473,422.5603637349696,478.8785864087379,-1.8556547314125256,0.98703125,0.0072540864687107,0.485546875,none,2000.0,10.0
gate2D_bandit,N1600_noise0p5,1600,0.5,7,Bandit DR support top3,Bandit,429.9747838702177,422.5603637349696,478.8785864087379,0.131652239421639,0.0,0.7579827771832922,135.377734375,top3,2000.0,10.0
gate2D_bandit,N1600_noise0p5,1600,0.5,7,"Bandit oracle (myopic, true R)",Bandit,422.5603637349696,422.5603637349696,478.8785864087379,0.0,0.0,0.8483130136257404,150.515078125,none,,
gate2D_bandit,N1600_noise0p5,1600,0.5,8,Bandit DM,Bandit,316.91452847862104,421.64695137411786,478.1010548050897,-1.855178216115971,0.98828125,0.0073373238076848,0.44625,none,2000.0,10.0
gate2D_bandit,N1600_noise0p5,1600,0.5,8,Bandit DM support top3,Bandit,429.94661520793,421.64695137411786,478.1010548050897,0.14701613043878,0.0,0.7313522233549239,127.1571875,top3,2000.0,10.0
gate2D_bandit,N1600_noise0p5,1600,0.5,8,Bandit IPS,Bandit,316.91452847862104,421.64695137411786,478.1010548050897,-1.855178216115971,0.98828125,0.0073373238076848,0.44625,none,2000.0,10.0
gate2D_bandit,N1600_noise0p5,1600,0.5,8,Bandit IPS support top3,Bandit,429.94661520793,421.64695137411786,478.1010548050897,0.14701613043878,0.0,0.7313522233549239,127.1571875,top3,2000.0,10.0
gate2D_bandit,N1600_noise0p5,1600,0.5,8,Bandit DR,Bandit,316.91452847862104,421.64695137411786,478.1010548050897,-1.855178216115971,0.98828125,0.0073373238076848,0.44625,none,2000.0,10.0
gate2D_bandit,N1600_noise0p5,1600,0.5,8,Bandit DR support top3,Bandit,429.2468448442816,421.64695137411786,478.1010548050897,0.1346207451413407,0.0,0.7490155871770099,131.75140625,top3,2000.0,10.0
gate2D_bandit,N1600_noise0p5,1600,0.5,8,"Bandit oracle (myopic, true R)",Bandit,421.64695137411786,421.64695137411786,478.1010548050897,0.0,0.0,0.8464664695536328,154.06328125,none,,
gate2D_bandit,N1600_noise0p5,1600,0.5,9,Bandit DM,Bandit,384.0851249727828,421.14554862217454,477.7638570902434,-0.6545660697421373,0.96390625,0.0227868704222804,1.49734375,none,2000.0,10.0
gate2D_bandit,N1600_noise0p5,1600,0.5,9,Bandit DM support top3,Bandit,428.0104466910232,421.14554862217454,477.7638570902434,0.1212487312778036,0.0,0.8041138028967396,128.89265625,top3,2000.0,10.0
gate2D_bandit,N1600_noise0p5,1600,0.5,9,Bandit IPS,Bandit,280.70050222826234,421.14554862217454,477.7638570902434,-2.480558854440509,1.0,0.0,0.0,none,2000.0,10.0
gate2D_bandit,N1600_noise0p5,1600,0.5,9,Bandit IPS support top3,Bandit,428.0104466910232,421.14554862217454,477.7638570902434,0.1212487312778036,0.0,0.8041138028967396,128.89265625,top3,2000.0,10.0
gate2D_bandit,N1600_noise0p5,1600,0.5,9,Bandit DR,Bandit,384.0851249727828,421.14554862217454,477.7638570902434,-0.6545660697421373,0.96390625,0.0227868704222804,1.49734375,none,2000.0,10.0
gate2D_bandit,N1600_noise0p5,1600,0.5,9,Bandit DR support top3,Bandit,428.0104466910232,421.14554862217454,477.7638570902434,0.1212487312778036,0.0,0.8041138028967396,128.89265625,top3,2000.0,10.0
gate2D_bandit,N1600_noise0p5,1600,0.5,9,"Bandit oracle (myopic, true R)",Bandit,421.14554862217454,421.14554862217454,477.7638570902434,0.0,0.0,0.8482297729564207,150.22140625,none,,
gate2D_bandit,N400_noise0p05,400,0.05,0,Bandit DM,Bandit,318.59157473907965,421.4891710594284,479.2131268458336,-1.7825804714614288,0.9846875,0.0085403726708074,0.18875,none,2000.0,10.0
gate2D_bandit,N400_noise0p05,400,0.05,0,Bandit DM support top3,Bandit,430.39662047468255,421.4891710594284,479.2131268458336,0.1543111398708395,0.0,0.7700403859663729,30.5028125,top3,2000.0,10.0
gate2D_bandit,N400_noise0p05,400,0.05,0,Bandit IPS,Bandit,182.81563033515465,421.4891710594284,479.2131268458336,-4.134739857528699,1.0,0.0,0.0,none,2000.0,10.0
gate2D_bandit,N400_noise0p05,400,0.05,0,Bandit IPS support top3,Bandit,448.3491283022663,421.4891710594284,479.2131268458336,0.4653173344915456,0.0,0.8457814574410579,40.4534375,top3,2000.0,10.0
gate2D_bandit,N400_noise0p05,400,0.05,0,Bandit DR,Bandit,318.59157473907965,421.4891710594284,479.2131268458336,-1.7825804714614288,0.9846875,0.0085403726708074,0.18875,none,2000.0,10.0
gate2D_bandit,N400_noise0p05,400,0.05,0,Bandit DR support top3,Bandit,430.39662047468255,421.4891710594284,479.2131268458336,0.1543111398708395,0.0,0.7700403859663729,30.5028125,top3,2000.0,10.0
gate2D_bandit,N400_noise0p05,400,0.05,0,"Bandit oracle (myopic, true R)",Bandit,421.4891710594284,421.4891710594284,479.2131268458336,0.0,0.0,0.8602517238392546,37.2453125,none,,
gate2D_bandit,N400_noise0p05,400,0.05,1,Bandit DM,Bandit,405.8162686838022,422.7909092428097,479.07216495487467,-0.3016037994221338,0.93625,0.0433192933192933,1.0046875,none,2000.0,10.0
gate2D_bandit,N400_noise0p05,400,0.05,1,Bandit DM support top3,Bandit,430.7201325519166,422.7909092428097,479.07216495487467,0.1408856858075955,0.0,0.7857354329855621,35.81625,top3,2000.0,10.0
gate2D_bandit,N400_noise0p05,400,0.05,1,Bandit IPS,Bandit,282.2020643609203,422.7909092428097,479.07216495487467,-2.4979692279991434,1.0,0.0,0.0,none,2000.0,10.0
gate2D_bandit,N400_noise0p05,400,0.05,1,Bandit IPS support top3,Bandit,440.2101360638403,422.7909092428097,479.07216495487467,0.3095031658523653,0.0,0.7095066985016227,25.149375,top3,2000.0,10.0
gate2D_bandit,N400_noise0p05,400,0.05,1,Bandit DR,Bandit,405.8162686838022,422.7909092428097,479.07216495487467,-0.3016037994221338,0.93625,0.0433192933192933,1.0046875,none,2000.0,10.0
gate2D_bandit,N400_noise0p05,400,0.05,1,Bandit DR support top3,Bandit,430.7201325519166,422.7909092428097,479.07216495487467,0.1408856858075955,0.0,0.7857354329855621,35.81625,top3,2000.0,10.0
gate2D_bandit,N400_noise0p05,400,0.05,1,"Bandit oracle (myopic, true R)",Bandit,422.7909092428097,422.7909092428097,479.07216495487467,0.0,0.0,0.8535035002881634,41.3390625,none,,
gate2D_bandit,N400_noise0p05,400,0.05,2,Bandit DM,Bandit,311.9296144627662,417.1824539201058,474.5590275047475,-1.8344218359792943,0.9871875,0.0084550345887778,0.1546875,none,2000.0,10.0
gate2D_bandit,N400_noise0p05,400,0.05,2,Bandit DM support top3,Bandit,424.28759044199774,417.1824539201058,474.5590275047475,0.1238334058308741,0.0,0.7982619425613219,34.4828125,top3,2000.0,10.0
gate2D_bandit,N400_noise0p05,400,0.05,2,Bandit IPS,Bandit,276.926803637312,417.1824539201058,474.5590275047475,-2.444475881361042,1.0,0.0,0.0,none,2000.0,10.0
gate2D_bandit,N400_noise0p05,400,0.05,2,Bandit IPS support top3,Bandit,423.7407570511517,417.1824539201058,474.5590275047475,0.1143028020202556,0.0,0.8128826444813303,34.6934375,top3,2000.0,10.0
gate2D_bandit,N400_noise0p05,400,0.05,2,Bandit DR,Bandit,311.9296144627662,417.1824539201058,474.5590275047475,-1.8344218359792943,0.9871875,0.0084550345887778,0.1546875,none,2000.0,10.0
gate2D_bandit,N400_noise0p05,400,0.05,2,Bandit DR support top3,Bandit,424.28759044199774,417.1824539201058,474.5590275047475,0.1238334058308741,0.0,0.7982619425613219,34.4828125,top3,2000.0,10.0
gate2D_bandit,N400_noise0p05,400,0.05,2,"Bandit oracle (myopic, true R)",Bandit,417.1824539201058,417.1824539201058,474.5590275047475,0.0,0.0,0.8500428343098188,39.466875,none,,
gate2D_bandit,N400_noise0p05,400,0.05,3,Bandit DM,Bandit,318.4295502706789,423.1047405366476,479.3865548020198,-1.8598403699713493,0.9871875,0.0084942084942084,0.143125,none,2000.0,10.0
gate2D_bandit,N400_noise0p05,400,0.05,3,Bandit DM support top3,Bandit,429.9706126499771,423.1047405366476,479.3865548020198,0.1219909521920621,0.0,0.8182153477606394,33.72125,top3,2000.0,10.0
gate2D_bandit,N400_noise0p05,400,0.05,3,Bandit IPS,Bandit,182.74713396426796,423.1047405366476,479.3865548020198,-4.270608716326709,1.0,0.0,0.0,none,2000.0,10.0
gate2D_bandit,N400_noise0p05,400,0.05,3,Bandit IPS support top3,Bandit,429.26863298831086,423.1047405366476,479.3865548020198,0.1095183680931135,0.0,0.8266633317457587,33.970625,top3,2000.0,10.0
gate2D_bandit,N400_noise0p05,400,0.05,3,Bandit DR,Bandit,318.4295502706789,423.1047405366476,479.3865548020198,-1.8598403699713493,0.9871875,0.0084942084942084,0.143125,none,2000.0,10.0
gate2D_bandit,N400_noise0p05,400,0.05,3,Bandit DR support top3,Bandit,430.0020741157867,423.1047405366476,479.3865548020198,0.1225499509773753,0.0,0.8126916990827562,33.6321875,top3,2000.0,10.0
gate2D_bandit,N400_noise0p05,400,0.05,3,"Bandit oracle (myopic, true R)",Bandit,423.1047405366476,423.1047405366476,479.3865548020198,0.0,0.0,0.8626718124914622,38.355625,none,,
gate2D_bandit,N400_noise0p05,400,0.05,4,Bandit DM,Bandit,324.1854524023641,427.2545943129383,483.248496641775,-1.840720821800872,0.9825,0.0086136177194421,0.1875,none,2000.0,10.0
gate2D_bandit,N400_noise0p05,400,0.05,4,Bandit DM support top3,Bandit,437.4890402165005,427.2545943129383,483.248496641775,0.1827778646942332,0.0,0.8071210306774828,30.59375,top3,2000.0,10.0
gate2D_bandit,N400_noise0p05,400,0.05,4,Bandit IPS,Bandit,185.4949393600912,427.2545943129383,483.248496641775,-4.317606826776591,1.0,0.0,0.0,none,2000.0,10.0
gate2D_bandit,N400_noise0p05,400,0.05,4,Bandit IPS support top3,Bandit,435.6791574766848,427.2545943129383,483.248496641775,0.1504550105165274,0.0,0.8245507467946989,30.89375,top3,2000.0,10.0
gate2D_bandit,N400_noise0p05,400,0.05,4,Bandit DR,Bandit,324.1854524023641,427.2545943129383,483.248496641775,-1.840720821800872,0.9825,0.0086136177194421,0.1875,none,2000.0,10.0
gate2D_bandit,N400_noise0p05,400,0.05,4,Bandit DR support top3,Bandit,438.3008001116557,427.2545943129383,483.248496641775,0.1972751556740254,0.0,0.8205592090223868,32.389375,top3,2000.0,10.0
gate2D_bandit,N400_noise0p05,400,0.05,4,"Bandit oracle (myopic, true R)",Bandit,427.2545943129383,427.2545943129383,483.248496641775,0.0,0.0,0.8511436474708333,34.138125,none,,
gate2D_bandit,N400_noise0p05,400,0.05,5,Bandit DM,Bandit,317.2239584906732,420.5620190232593,478.5366511066638,-1.7824703119102194,0.98625,0.0069551777434312,0.129375,none,2000.0,10.0
gate2D_bandit,N400_noise0p05,400,0.05,5,Bandit DM support top3,Bandit,429.0940438314926,420.5620190232593,478.5366511066638,0.1471682441375189,0.0,0.7515863934892633,25.7125,top3,2000.0,10.0
gate2D_bandit,N400_noise0p05,400,0.05,5,Bandit IPS,Bandit,227.40794946048965,420.5620190232593,478.5366511066638,-3.331699790434048,1.0,0.0,0.0,none,2000.0,10.0
gate2D_bandit,N400_noise0p05,400,0.05,5,Bandit IPS support top3,Bandit,438.8390929721709,420.5620190232593,478.5366511066638,0.3152598523198479,0.0,0.7503242499947139,24.4746875,top3,2000.0,10.0
gate2D_bandit,N400_noise0p05,400,0.05,5,Bandit DR,Bandit,317.2239584906732,420.5620190232593,478.5366511066638,-1.7824703119102194,0.98625,0.0069551777434312,0.129375,none,2000.0,10.0
gate2D_bandit,N400_noise0p05,400,0.05,5,Bandit DR support top3,Bandit,429.0940438314926,420.5620190232593,478.5366511066638,0.1471682441375189,0.0,0.7515863934892633,25.7125,top3,2000.0,10.0
gate2D_bandit,N400_noise0p05,400,0.05,5,"Bandit oracle (myopic, true R)",Bandit,420.5620190232593,420.5620190232593,478.5366511066638,0.0,0.0,0.8376482239745919,30.66875,none,,
gate2D_bandit,N400_noise0p05,400,0.05,6,Bandit DM,Bandit,316.8689109319449,421.9223253169368,478.3865908773132,-1.860529192089816,0.9871875,0.0081049787726746,0.1340625,none,2000.0,10.0
gate2D_bandit,N400_noise0p05,400,0.05,6,Bandit DM support top3,Bandit,432.322905340244,421.9223253169368,478.3865908773132,0.1841975614149444,0.0,0.8203458667616252,34.8003125,top3,2000.0,10.0
gate2D_bandit,N400_noise0p05,400,0.05,6,Bandit IPS,Bandit,181.9877689301002,421.9223253169368,478.3865908773132,-4.249316873346706,1.0,0.0,0.0,none,2000.0,10.0
gate2D_bandit,N400_noise0p05,400,0.05,6,Bandit IPS support top3,Bandit,429.5866333863426,421.9223253169368,478.3865908773132,0.1357373197604164,0.0,0.8094683595370988,33.058125,top3,2000.0,10.0
gate2D_bandit,N400_noise0p05,400,0.05,6,Bandit DR,Bandit,316.8689109319449,421.9223253169368,478.3865908773132,-1.860529192089816,0.9871875,0.0081049787726746,0.1340625,none,2000.0,10.0
gate2D_bandit,N400_noise0p05,400,0.05,6,Bandit DR support top3,Bandit,432.322905340244,421.9223253169368,478.3865908773132,0.1841975614149444,0.0,0.8203458667616252,34.8003125,top3,2000.0,10.0
gate2D_bandit,N400_noise0p05,400,0.05,6,"Bandit oracle (myopic, true R)",Bandit,421.9223253169368,421.9223253169368,478.3865908773132,0.0,0.00625,0.8388147106899086,37.094375,none,,
gate2D_bandit,N400_noise0p05,400,0.05,7,Bandit DM,Bandit,306.9508382863462,418.644374990045,476.3341035189663,-1.936107857531415,0.931875,0.0499478584729981,1.321875,none,2000.0,10.0
gate2D_bandit,N400_noise0p05,400,0.05,7,Bandit DM support top3,Bandit,429.3357425155615,418.644374990045,476.3341035189663,0.1853253221699017,0.0,0.8217515778713096,39.5890625,top3,2000.0,10.0
gate2D_bandit,N400_noise0p05,400,0.05,7,Bandit IPS,Bandit,278.3094294742509,418.644374990045,476.3341035189663,-2.4325811386933576,1.0,0.0,0.0,none,2000.0,10.0
gate2D_bandit,N400_noise0p05,400,0.05,7,Bandit IPS support top3,Bandit,425.9664805815035,418.644374990045,476.3341035189663,0.1269221710375664,0.0,0.7936605130333697,35.8484375,top3,2000.0,10.0
gate2D_bandit,N400_noise0p05,400,0.05,7,Bandit DR,Bandit,314.634755371246,418.644374990045,476.3341035189663,-1.802914006895636,0.988125,0.0071599045346062,0.110625,none,2000.0,10.0
gate2D_bandit,N400_noise0p05,400,0.05,7,Bandit DR support top3,Bandit,429.3357425155615,418.644374990045,476.3341035189663,0.1853253221699017,0.0,0.8217515778713096,39.5890625,top3,2000.0,10.0
gate2D_bandit,N400_noise0p05,400,0.05,7,"Bandit oracle (myopic, true R)",Bandit,418.644374990045,418.644374990045,476.3341035189663,0.0,0.0,0.8449389487741874,41.111875,none,,
gate2D_bandit,N400_noise0p05,400,0.05,8,Bandit DM,Bandit,319.8053000477908,422.931340639083,479.9511404087543,-1.808600538898151,0.9884375,0.0071884984025559,0.105,none,2000.0,10.0
gate2D_bandit,N400_noise0p05,400,0.05,8,Bandit DM support top3,Bandit,433.41895845761945,422.931340639083,479.9511404087543,0.1839294045384357,0.0,0.8217630400527396,31.353125,top3,2000.0,10.0
gate2D_bandit,N400_noise0p05,400,0.05,8,Bandit IPS,Bandit,182.92296482339225,422.931340639083,479.9511404087543,-4.209211129909135,1.0,0.0,0.0,none,2000.0,10.0
gate2D_bandit,N400_noise0p05,400,0.05,8,Bandit IPS support top3,Bandit,430.2690226559778,422.931340639083,479.9511404087543,0.1286865623263324,0.0,0.814142633700987,27.90875,top3,2000.0,10.0
gate2D_bandit,N400_noise0p05,400,0.05,8,Bandit DR,Bandit,319.8053000477908,422.931340639083,479.9511404087543,-1.808600538898151,0.9884375,0.0071884984025559,0.105,none,2000.0,10.0
gate2D_bandit,N400_noise0p05,400,0.05,8,Bandit DR support top3,Bandit,432.8614486476795,422.931340639083,479.9511404087543,0.1741519270272553,0.0,0.8299531669689562,32.028125,top3,2000.0,10.0
gate2D_bandit,N400_noise0p05,400,0.05,8,"Bandit oracle (myopic, true R)",Bandit,422.931340639083,422.931340639083,479.9511404087543,0.0,0.0053125,0.8543474763481043,32.015625,none,,
gate2D_bandit,N400_noise0p05,400,0.05,9,Bandit DM,Bandit,319.811686716071,423.4552510574188,479.20761072352025,-1.858998703589672,0.990625,0.0051566838556128,0.06125,none,2000.0,10.0
gate2D_bandit,N400_noise0p05,400,0.05,9,Bandit DM support top3,Bandit,435.2352842861315,423.4552510574188,479.20761072352025,0.2112921013435639,0.0,0.8363748216437342,36.838125,top3,2000.0,10.0
gate2D_bandit,N400_noise0p05,400,0.05,9,Bandit IPS,Bandit,282.24891295897964,423.4552510574188,479.20761072352025,-2.532741913420668,1.0,0.0,0.0,none,2000.0,10.0
gate2D_bandit,N400_noise0p05,400,0.05,9,Bandit IPS support top3,Bandit,454.77495840758303,423.4552510574188,479.20761072352025,0.5617646954808131,0.0,0.7751607914529647,28.0371875,top3,2000.0,10.0
gate2D_bandit,N400_noise0p05,400,0.05,9,Bandit DR,Bandit,319.811686716071,423.4552510574188,479.20761072352025,-1.858998703589672,0.990625,0.0051566838556128,0.06125,none,2000.0,10.0
gate2D_bandit,N400_noise0p05,400,0.05,9,Bandit DR support top3,Bandit,435.2352842861315,423.4552510574188,479.20761072352025,0.2112921013435639,0.0,0.8363748216437342,36.838125,top3,2000.0,10.0
gate2D_bandit,N400_noise0p05,400,0.05,9,"Bandit oracle (myopic, true R)",Bandit,423.4552510574188,423.4552510574188,479.20761072352025,0.0,0.01,0.8459834450771005,36.55625,none,,
gate2D_bandit,N400_noise0p2,400,0.2,0,Bandit DM,Bandit,318.59157473907965,421.4891710594284,479.2131268458336,-1.7825804714614288,0.9846875,0.0085403726708074,0.18875,none,2000.0,10.0
gate2D_bandit,N400_noise0p2,400,0.2,0,Bandit DM support top3,Bandit,430.39662047468255,421.4891710594284,479.2131268458336,0.1543111398708395,0.0,0.7700403859663729,30.5028125,top3,2000.0,10.0
gate2D_bandit,N400_noise0p2,400,0.2,0,Bandit IPS,Bandit,182.81563033515465,421.4891710594284,479.2131268458336,-4.134739857528699,1.0,0.0,0.0,none,2000.0,10.0
gate2D_bandit,N400_noise0p2,400,0.2,0,Bandit IPS support top3,Bandit,428.7031371239335,421.4891710594284,479.2131268458336,0.124973522105774,0.0,0.8300806165691035,33.31,top3,2000.0,10.0
gate2D_bandit,N400_noise0p2,400,0.2,0,Bandit DR,Bandit,318.59157473907965,421.4891710594284,479.2131268458336,-1.7825804714614288,0.9846875,0.0085403726708074,0.18875,none,2000.0,10.0
gate2D_bandit,N400_noise0p2,400,0.2,0,Bandit DR support top3,Bandit,430.39662047468255,421.4891710594284,479.2131268458336,0.1543111398708395,0.0,0.7700403859663729,30.5028125,top3,2000.0,10.0
gate2D_bandit,N400_noise0p2,400,0.2,0,"Bandit oracle (myopic, true R)",Bandit,421.4891710594284,421.4891710594284,479.2131268458336,0.0,0.0,0.8602517238392546,37.2453125,none,,
gate2D_bandit,N400_noise0p2,400,0.2,1,Bandit DM,Bandit,405.8162686838022,422.7909092428097,479.07216495487467,-0.3016037994221338,0.93625,0.0433192933192933,1.0046875,none,2000.0,10.0
gate2D_bandit,N400_noise0p2,400,0.2,1,Bandit DM support top3,Bandit,430.7201325519166,422.7909092428097,479.07216495487467,0.1408856858075955,0.0,0.7857354329855621,35.81625,top3,2000.0,10.0
gate2D_bandit,N400_noise0p2,400,0.2,1,Bandit IPS,Bandit,282.2020643609203,422.7909092428097,479.07216495487467,-2.4979692279991434,1.0,0.0,0.0,none,2000.0,10.0
gate2D_bandit,N400_noise0p2,400,0.2,1,Bandit IPS support top3,Bandit,441.15500687125706,422.7909092428097,479.07216495487467,0.3262915405156939,0.0,0.6905637892057723,24.604375,top3,2000.0,10.0
gate2D_bandit,N400_noise0p2,400,0.2,1,Bandit DR,Bandit,405.8162686838022,422.7909092428097,479.07216495487467,-0.3016037994221338,0.93625,0.0433192933192933,1.0046875,none,2000.0,10.0
gate2D_bandit,N400_noise0p2,400,0.2,1,Bandit DR support top3,Bandit,430.7201325519166,422.7909092428097,479.07216495487467,0.1408856858075955,0.0,0.7857354329855621,35.81625,top3,2000.0,10.0
gate2D_bandit,N400_noise0p2,400,0.2,1,"Bandit oracle (myopic, true R)",Bandit,422.7909092428097,422.7909092428097,479.07216495487467,0.0,0.0,0.8535035002881634,41.3390625,none,,
gate2D_bandit,N400_noise0p2,400,0.2,2,Bandit DM,Bandit,311.9296144627662,417.1824539201058,474.5590275047475,-1.8344218359792943,0.9871875,0.0084550345887778,0.1546875,none,2000.0,10.0
gate2D_bandit,N400_noise0p2,400,0.2,2,Bandit DM support top3,Bandit,424.28759044199774,417.1824539201058,474.5590275047475,0.1238334058308741,0.0,0.7982619425613219,34.4828125,top3,2000.0,10.0
gate2D_bandit,N400_noise0p2,400,0.2,2,Bandit IPS,Bandit,276.926803637312,417.1824539201058,474.5590275047475,-2.444475881361042,1.0,0.0,0.0,none,2000.0,10.0
gate2D_bandit,N400_noise0p2,400,0.2,2,Bandit IPS support top3,Bandit,425.0563382369357,417.1824539201058,474.5590275047475,0.1372316927432826,0.0,0.8096416311288739,37.7934375,top3,2000.0,10.0
gate2D_bandit,N400_noise0p2,400,0.2,2,Bandit DR,Bandit,311.9296144627662,417.1824539201058,474.5590275047475,-1.8344218359792943,0.9871875,0.0084550345887778,0.1546875,none,2000.0,10.0
gate2D_bandit,N400_noise0p2,400,0.2,2,Bandit DR support top3,Bandit,424.28759044199774,417.1824539201058,474.5590275047475,0.1238334058308741,0.0,0.7982619425613219,34.4828125,top3,2000.0,10.0
gate2D_bandit,N400_noise0p2,400,0.2,2,"Bandit oracle (myopic, true R)",Bandit,417.1824539201058,417.1824539201058,474.5590275047475,0.0,0.0,0.8500428343098188,39.466875,none,,
gate2D_bandit,N400_noise0p2,400,0.2,3,Bandit DM,Bandit,318.4295502706789,423.1047405366476,479.3865548020198,-1.8598403699713493,0.9871875,0.0084942084942084,0.143125,none,2000.0,10.0
gate2D_bandit,N400_noise0p2,400,0.2,3,Bandit DM support top3,Bandit,429.9706126499771,423.1047405366476,479.3865548020198,0.1219909521920621,0.0,0.8182153477606394,33.72125,top3,2000.0,10.0
gate2D_bandit,N400_noise0p2,400,0.2,3,Bandit IPS,Bandit,182.74713396426796,423.1047405366476,479.3865548020198,-4.270608716326709,1.0,0.0,0.0,none,2000.0,10.0
gate2D_bandit,N400_noise0p2,400,0.2,3,Bandit IPS support top3,Bandit,429.26863298831086,423.1047405366476,479.3865548020198,0.1095183680931135,0.0,0.8266633317457587,33.970625,top3,2000.0,10.0
gate2D_bandit,N400_noise0p2,400,0.2,3,Bandit DR,Bandit,318.4295502706789,423.1047405366476,479.3865548020198,-1.8598403699713493,0.9871875,0.0084942084942084,0.143125,none,2000.0,10.0
gate2D_bandit,N400_noise0p2,400,0.2,3,Bandit DR support top3,Bandit,430.0020741157867,423.1047405366476,479.3865548020198,0.1225499509773753,0.0,0.8126916990827562,33.6321875,top3,2000.0,10.0
gate2D_bandit,N400_noise0p2,400,0.2,3,"Bandit oracle (myopic, true R)",Bandit,423.1047405366476,423.1047405366476,479.3865548020198,0.0,0.0,0.8626718124914622,38.355625,none,,
gate2D_bandit,N400_noise0p2,400,0.2,4,Bandit DM,Bandit,321.4096994199544,427.2545943129383,483.248496641775,-1.8902932371347512,0.976875,0.0217391304347826,0.41375,none,2000.0,10.0
gate2D_bandit,N400_noise0p2,400,0.2,4,Bandit DM support top3,Bandit,435.6791574766848,427.2545943129383,483.248496641775,0.1504550105165274,0.0,0.8245507467946989,30.89375,top3,2000.0,10.0
gate2D_bandit,N400_noise0p2,400,0.2,4,Bandit IPS,Bandit,286.0207219203093,427.2545943129383,483.248496641775,-2.5223080821051087,0.99,0.0116618075801749,0.2,none,2000.0,10.0
gate2D_bandit,N400_noise0p2,400,0.2,4,Bandit IPS support top3,Bandit,435.6791574766848,427.2545943129383,483.248496641775,0.1504550105165274,0.0,0.8245507467946989,30.89375,top3,2000.0,10.0
gate2D_bandit,N400_noise0p2,400,0.2,4,Bandit DR,Bandit,324.1854524023641,427.2545943129383,483.248496641775,-1.840720821800872,0.9825,0.0086136177194421,0.1875,none,2000.0,10.0
gate2D_bandit,N400_noise0p2,400,0.2,4,Bandit DR support top3,Bandit,438.5516795261288,427.2545943129383,483.248496641775,0.2017556330838637,0.0,0.8148483939689407,32.029375,top3,2000.0,10.0
gate2D_bandit,N400_noise0p2,400,0.2,4,"Bandit oracle (myopic, true R)",Bandit,427.2545943129383,427.2545943129383,483.248496641775,0.0,0.0,0.8511436474708333,34.138125,none,,
gate2D_bandit,N400_noise0p2,400,0.2,5,Bandit DM,Bandit,317.2239584906732,420.5620190232593,478.5366511066638,-1.7824703119102194,0.98625,0.0069551777434312,0.129375,none,2000.0,10.0
gate2D_bandit,N400_noise0p2,400,0.2,5,Bandit DM support top3,Bandit,428.5851199306573,420.5620190232593,478.5366511066638,0.1383898546498,0.0,0.7637061441039229,26.27125,top3,2000.0,10.0
gate2D_bandit,N400_noise0p2,400,0.2,5,Bandit IPS,Bandit,227.40794946048965,420.5620190232593,478.5366511066638,-3.331699790434048,1.0,0.0,0.0,none,2000.0,10.0
gate2D_bandit,N400_noise0p2,400,0.2,5,Bandit IPS support top3,Bandit,427.1955595939291,420.5620190232593,478.5366511066638,0.1144214345530732,0.0,0.7823422423785571,27.2840625,top3,2000.0,10.0
gate2D_bandit,N400_noise0p2,400,0.2,5,Bandit DR,Bandit,317.2239584906732,420.5620190232593,478.5366511066638,-1.7824703119102194,0.98625,0.0069551777434312,0.129375,none,2000.0,10.0
gate2D_bandit,N400_noise0p2,400,0.2,5,Bandit DR support top3,Bandit,429.0940438314926,420.5620190232593,478.5366511066638,0.1471682441375189,0.0,0.7515863934892633,25.7125,top3,2000.0,10.0
gate2D_bandit,N400_noise0p2,400,0.2,5,"Bandit oracle (myopic, true R)",Bandit,420.5620190232593,420.5620190232593,478.5366511066638,0.0,0.0,0.8376482239745919,30.66875,none,,
gate2D_bandit,N400_noise0p2,400,0.2,6,Bandit DM,Bandit,316.8689109319449,421.9223253169368,478.3865908773132,-1.860529192089816,0.9871875,0.0081049787726746,0.1340625,none,2000.0,10.0
gate2D_bandit,N400_noise0p2,400,0.2,6,Bandit DM support top3,Bandit,432.322905340244,421.9223253169368,478.3865908773132,0.1841975614149444,0.0,0.8203458667616252,34.8003125,top3,2000.0,10.0
gate2D_bandit,N400_noise0p2,400,0.2,6,Bandit IPS,Bandit,226.92959100827235,421.9223253169368,478.3865908773132,-3.4533829914100584,1.0,0.0,0.0,none,2000.0,10.0
gate2D_bandit,N400_noise0p2,400,0.2,6,Bandit IPS support top3,Bandit,431.0457023764004,421.9223253169368,478.3865908773132,0.1615778930075365,0.0,0.8150218603498125,32.6553125,top3,2000.0,10.0
gate2D_bandit,N400_noise0p2,400,0.2,6,Bandit DR,Bandit,316.8689109319449,421.9223253169368,478.3865908773132,-1.860529192089816,0.9871875,0.0081049787726746,0.1340625,none,2000.0,10.0
gate2D_bandit,N400_noise0p2,400,0.2,6,Bandit DR support top3,Bandit,432.322905340244,421.9223253169368,478.3865908773132,0.1841975614149444,0.0,0.8203458667616252,34.8003125,top3,2000.0,10.0
gate2D_bandit,N400_noise0p2,400,0.2,6,"Bandit oracle (myopic, true R)",Bandit,421.9223253169368,421.9223253169368,478.3865908773132,0.0,0.00625,0.8388147106899086,37.094375,none,,
gate2D_bandit,N400_noise0p2,400,0.2,7,Bandit DM,Bandit,403.3432664384919,418.644374990045,476.3341035189663,-0.2652310721809391,0.931875,0.0487318313953488,1.321875,none,2000.0,10.0
gate2D_bandit,N400_noise0p2,400,0.2,7,Bandit DM support top3,Bandit,426.8781367939527,418.644374990045,476.3341035189663,0.1427249185230596,0.0,0.8142635884301952,37.4671875,top3,2000.0,10.0
gate2D_bandit,N400_noise0p2,400,0.2,7,Bandit IPS,Bandit,225.51216832234687,418.644374990045,476.3341035189663,-3.3477745795055363,1.0,0.0,0.0,none,2000.0,10.0
gate2D_bandit,N400_noise0p2,400,0.2,7,Bandit IPS support top3,Bandit,425.9664805815035,418.644374990045,476.3341035189663,0.1269221710375664,0.0,0.7936605130333697,35.8484375,top3,2000.0,10.0
gate2D_bandit,N400_noise0p2,400,0.2,7,Bandit DR,Bandit,403.3432664384919,418.644374990045,476.3341035189663,-0.2652310721809391,0.931875,0.0487318313953488,1.321875,none,2000.0,10.0
gate2D_bandit,N400_noise0p2,400,0.2,7,Bandit DR support top3,Bandit,426.8781367939527,418.644374990045,476.3341035189663,0.1427249185230596,0.0,0.8142635884301952,37.4671875,top3,2000.0,10.0
gate2D_bandit,N400_noise0p2,400,0.2,7,"Bandit oracle (myopic, true R)",Bandit,418.644374990045,418.644374990045,476.3341035189663,0.0,0.0,0.8449389487741874,41.111875,none,,
gate2D_bandit,N400_noise0p2,400,0.2,8,Bandit DM,Bandit,408.1304102747692,422.931340639083,479.9511404087543,-0.2595752777824794,0.9303125,0.0464175554393088,1.2621875,none,2000.0,10.0
gate2D_bandit,N400_noise0p2,400,0.2,8,Bandit DM support top3,Bandit,433.41895845761945,422.931340639083,479.9511404087543,0.1839294045384357,0.0,0.8217630400527396,31.353125,top3,2000.0,10.0
gate2D_bandit,N400_noise0p2,400,0.2,8,Bandit IPS,Bandit,182.92296482339225,422.931340639083,479.9511404087543,-4.209211129909135,1.0,0.0,0.0,none,2000.0,10.0
gate2D_bandit,N400_noise0p2,400,0.2,8,Bandit IPS support top3,Bandit,430.2690226559778,422.931340639083,479.9511404087543,0.1286865623263324,0.0,0.814142633700987,27.90875,top3,2000.0,10.0
gate2D_bandit,N400_noise0p2,400,0.2,8,Bandit DR,Bandit,408.1304102747692,422.931340639083,479.9511404087543,-0.2595752777824794,0.9303125,0.0464175554393088,1.2621875,none,2000.0,10.0
gate2D_bandit,N400_noise0p2,400,0.2,8,Bandit DR support top3,Bandit,437.684521329274,422.931340639083,479.9511404087543,0.258737855092192,0.0,0.8179192835419897,32.35125,top3,2000.0,10.0
gate2D_bandit,N400_noise0p2,400,0.2,8,"Bandit oracle (myopic, true R)",Bandit,422.931340639083,422.931340639083,479.9511404087543,0.0,0.0053125,0.8543474763481043,32.015625,none,,
gate2D_bandit,N400_noise0p2,400,0.2,9,Bandit DM,Bandit,319.811686716071,423.4552510574188,479.20761072352025,-1.858998703589672,0.990625,0.0051566838556128,0.06125,none,2000.0,10.0
gate2D_bandit,N400_noise0p2,400,0.2,9,Bandit DM support top3,Bandit,435.2352842861315,423.4552510574188,479.20761072352025,0.2112921013435639,0.0,0.8363748216437342,36.838125,top3,2000.0,10.0
gate2D_bandit,N400_noise0p2,400,0.2,9,Bandit IPS,Bandit,282.24891295897964,423.4552510574188,479.20761072352025,-2.532741913420668,1.0,0.0,0.0,none,2000.0,10.0
gate2D_bandit,N400_noise0p2,400,0.2,9,Bandit IPS support top3,Bandit,440.24690101517706,423.4552510574188,479.20761072352025,0.3011827671209393,0.0,0.8449852685604452,38.8515625,top3,2000.0,10.0
gate2D_bandit,N400_noise0p2,400,0.2,9,Bandit DR,Bandit,319.811686716071,423.4552510574188,479.20761072352025,-1.858998703589672,0.990625,0.0051566838556128,0.06125,none,2000.0,10.0
gate2D_bandit,N400_noise0p2,400,0.2,9,Bandit DR support top3,Bandit,428.10607542601065,423.4552510574188,479.20761072352025,0.0834193278355476,0.0,0.8443556733396937,38.2921875,top3,2000.0,10.0
gate2D_bandit,N400_noise0p2,400,0.2,9,"Bandit oracle (myopic, true R)",Bandit,423.4552510574188,423.4552510574188,479.20761072352025,0.0,0.01,0.8459834450771005,36.55625,none,,
gate2D_bandit,N400_noise0p5,400,0.5,0,Bandit DM,Bandit,397.8813380147389,421.4891710594284,479.2131268458336,-0.4089780875732979,0.9625,0.0254268071195059,0.4525,none,2000.0,10.0
gate2D_bandit,N400_noise0p5,400,0.5,0,Bandit DM support top3,Bandit,429.7697075502331,421.4891710594284,479.2131268458336,0.1434506069099796,0.0,0.7820351620236488,31.3275,top3,2000.0,10.0
gate2D_bandit,N400_noise0p5,400,0.5,0,Bandit IPS,Bandit,182.81563033515465,421.4891710594284,479.2131268458336,-4.134739857528699,1.0,0.0,0.0,none,2000.0,10.0
gate2D_bandit,N400_noise0p5,400,0.5,0,Bandit IPS support top3,Bandit,428.7031371239335,421.4891710594284,479.2131268458336,0.124973522105774,0.0,0.8300806165691035,33.31,top3,2000.0,10.0
gate2D_bandit,N400_noise0p5,400,0.5,0,Bandit DR,Bandit,404.7343192181575,421.4891710594284,479.2131268458336,-0.2902582058524997,0.931875,0.0537212490479817,1.2134375,none,2000.0,10.0
gate2D_bandit,N400_noise0p5,400,0.5,0,Bandit DR support top3,Bandit,429.1074364917427,421.4891710594284,479.2131268458336,0.1319775356440226,0.0,0.7793520118404987,30.7975,top3,2000.0,10.0
gate2D_bandit,N400_noise0p5,400,0.5,0,"Bandit oracle (myopic, true R)",Bandit,421.4891710594284,421.4891710594284,479.2131268458336,0.0,0.0,0.8602517238392546,37.2453125,none,,
gate2D_bandit,N400_noise0p5,400,0.5,1,Bandit DM,Bandit,405.8162686838022,422.7909092428097,479.07216495487467,-0.3016037994221338,0.93625,0.0433192933192933,1.0046875,none,2000.0,10.0
gate2D_bandit,N400_noise0p5,400,0.5,1,Bandit DM support top3,Bandit,430.7201325519166,422.7909092428097,479.07216495487467,0.1408856858075955,0.0,0.7857354329855621,35.81625,top3,2000.0,10.0
gate2D_bandit,N400_noise0p5,400,0.5,1,Bandit IPS,Bandit,282.2020643609203,422.7909092428097,479.07216495487467,-2.4979692279991434,1.0,0.0,0.0,none,2000.0,10.0
gate2D_bandit,N400_noise0p5,400,0.5,1,Bandit IPS support top3,Bandit,431.2218913808626,422.7909092428097,479.07216495487467,0.1498008889706706,0.0,0.7769775953176121,35.158125,top3,2000.0,10.0
gate2D_bandit,N400_noise0p5,400,0.5,1,Bandit DR,Bandit,405.8162686838022,422.7909092428097,479.07216495487467,-0.3016037994221338,0.93625,0.0433192933192933,1.0046875,none,2000.0,10.0
gate2D_bandit,N400_noise0p5,400,0.5,1,Bandit DR support top3,Bandit,430.7201325519166,422.7909092428097,479.07216495487467,0.1408856858075955,0.0,0.7857354329855621,35.81625,top3,2000.0,10.0
gate2D_bandit,N400_noise0p5,400,0.5,1,"Bandit oracle (myopic, true R)",Bandit,422.7909092428097,422.7909092428097,479.07216495487467,0.0,0.0,0.8535035002881634,41.3390625,none,,
gate2D_bandit,N400_noise0p5,400,0.5,2,Bandit DM,Bandit,311.9296144627662,417.1824539201058,474.5590275047475,-1.8344218359792943,0.9871875,0.0084550345887778,0.1546875,none,2000.0,10.0
gate2D_bandit,N400_noise0p5,400,0.5,2,Bandit DM support top3,Bandit,424.47597330193634,417.1824539201058,474.5590275047475,0.1271166771761156,0.0,0.815110289792192,38.390625,top3,2000.0,10.0
gate2D_bandit,N400_noise0p5,400,0.5,2,Bandit IPS,Bandit,276.926803637312,417.1824539201058,474.5590275047475,-2.444475881361042,1.0,0.0,0.0,none,2000.0,10.0
gate2D_bandit,N400_noise0p5,400,0.5,2,Bandit IPS support top3,Bandit,425.0563382369357,417.1824539201058,474.5590275047475,0.1372316927432826,0.0,0.8096416311288739,37.7934375,top3,2000.0,10.0
gate2D_bandit,N400_noise0p5,400,0.5,2,Bandit DR,Bandit,311.9296144627662,417.1824539201058,474.5590275047475,-1.8344218359792943,0.9871875,0.0084550345887778,0.1546875,none,2000.0,10.0
gate2D_bandit,N400_noise0p5,400,0.5,2,Bandit DR support top3,Bandit,424.1521356363999,417.1824539201058,474.5590275047475,0.1214726025075805,0.0,0.8139917382048906,35.34125,top3,2000.0,10.0
gate2D_bandit,N400_noise0p5,400,0.5,2,"Bandit oracle (myopic, true R)",Bandit,417.1824539201058,417.1824539201058,474.5590275047475,0.0,0.0,0.8500428343098188,39.466875,none,,
gate2D_bandit,N400_noise0p5,400,0.5,3,Bandit DM,Bandit,318.4295502706789,423.1047405366476,479.3865548020198,-1.8598403699713493,0.9871875,0.0084942084942084,0.143125,none,2000.0,10.0
gate2D_bandit,N400_noise0p5,400,0.5,3,Bandit DM support top3,Bandit,430.4166204979292,423.1047405366476,479.3865548020198,0.1299154985801563,0.0,0.8083874004402222,33.19625,top3,2000.0,10.0
gate2D_bandit,N400_noise0p5,400,0.5,3,Bandit IPS,Bandit,182.74713396426796,423.1047405366476,479.3865548020198,-4.270608716326709,1.0,0.0,0.0,none,2000.0,10.0
gate2D_bandit,N400_noise0p5,400,0.5,3,Bandit IPS support top3,Bandit,431.0131080671765,423.1047405366476,479.3865548020198,0.1405137278134017,0.0,0.8244862452395547,35.5753125,top3,2000.0,10.0
gate2D_bandit,N400_noise0p5,400,0.5,3,Bandit DR,Bandit,318.4295502706789,423.1047405366476,479.3865548020198,-1.8598403699713493,0.9871875,0.0084942084942084,0.143125,none,2000.0,10.0
gate2D_bandit,N400_noise0p5,400,0.5,3,Bandit DR support top3,Bandit,430.0020741157867,423.1047405366476,479.3865548020198,0.1225499509773753,0.0,0.8126916990827562,33.6321875,top3,2000.0,10.0
gate2D_bandit,N400_noise0p5,400,0.5,3,"Bandit oracle (myopic, true R)",Bandit,423.1047405366476,423.1047405366476,479.3865548020198,0.0,0.0,0.8626718124914622,38.355625,none,,
gate2D_bandit,N400_noise0p5,400,0.5,4,Bandit DM,Bandit,390.9883289198951,427.2545943129383,483.248496641775,-0.6476824062031149,0.9615625,0.0277271068952936,0.5415625,none,2000.0,10.0
gate2D_bandit,N400_noise0p5,400,0.5,4,Bandit DM support top3,Bandit,435.6791574766848,427.2545943129383,483.248496641775,0.1504550105165274,0.0,0.8245507467946989,30.89375,top3,2000.0,10.0
gate2D_bandit,N400_noise0p5,400,0.5,4,Bandit IPS,Bandit,286.0207219203093,427.2545943129383,483.248496641775,-2.5223080821051087,0.99,0.0116618075801749,0.2,none,2000.0,10.0
gate2D_bandit,N400_noise0p5,400,0.5,4,Bandit IPS support top3,Bandit,435.6791574766848,427.2545943129383,483.248496641775,0.1504550105165274,0.0,0.8245507467946989,30.89375,top3,2000.0,10.0
gate2D_bandit,N400_noise0p5,400,0.5,4,Bandit DR,Bandit,390.9883289198951,427.2545943129383,483.248496641775,-0.6476824062031149,0.9615625,0.0277271068952936,0.5415625,none,2000.0,10.0
gate2D_bandit,N400_noise0p5,400,0.5,4,Bandit DR support top3,Bandit,435.6791574766848,427.2545943129383,483.248496641775,0.1504550105165274,0.0,0.8245507467946989,30.89375,top3,2000.0,10.0
gate2D_bandit,N400_noise0p5,400,0.5,4,"Bandit oracle (myopic, true R)",Bandit,427.2545943129383,427.2545943129383,483.248496641775,0.0,0.0,0.8511436474708333,34.138125,none,,
gate2D_bandit,N400_noise0p5,400,0.5,5,Bandit DM,Bandit,317.2239584906732,420.5620190232593,478.5366511066638,-1.7824703119102194,0.98625,0.0069551777434312,0.129375,none,2000.0,10.0
gate2D_bandit,N400_noise0p5,400,0.5,5,Bandit DM support top3,Bandit,428.5851199306573,420.5620190232593,478.5366511066638,0.1383898546498,0.0,0.7637061441039229,26.27125,top3,2000.0,10.0
gate2D_bandit,N400_noise0p5,400,0.5,5,Bandit IPS,Bandit,227.40794946048965,420.5620190232593,478.5366511066638,-3.331699790434048,1.0,0.0,0.0,none,2000.0,10.0
gate2D_bandit,N400_noise0p5,400,0.5,5,Bandit IPS support top3,Bandit,429.89948407101184,420.5620190232593,478.5366511066638,0.1610612212996762,0.0,0.7644623707267294,28.578125,top3,2000.0,10.0
gate2D_bandit,N400_noise0p5,400,0.5,5,Bandit DR,Bandit,317.2239584906732,420.5620190232593,478.5366511066638,-1.7824703119102194,0.98625,0.0069551777434312,0.129375,none,2000.0,10.0
gate2D_bandit,N400_noise0p5,400,0.5,5,Bandit DR support top3,Bandit,422.5939699078181,420.5620190232593,478.5366511066638,0.035048965582663,0.0,0.774303974105188,27.5628125,top3,2000.0,10.0
gate2D_bandit,N400_noise0p5,400,0.5,5,"Bandit oracle (myopic, true R)",Bandit,420.5620190232593,420.5620190232593,478.5366511066638,0.0,0.0,0.8376482239745919,30.66875,none,,
gate2D_bandit,N400_noise0p5,400,0.5,6,Bandit DM,Bandit,316.8689109319449,421.9223253169368,478.3865908773132,-1.860529192089816,0.9871875,0.0081049787726746,0.1340625,none,2000.0,10.0
gate2D_bandit,N400_noise0p5,400,0.5,6,Bandit DM support top3,Bandit,432.322905340244,421.9223253169368,478.3865908773132,0.1841975614149444,0.0,0.8203458667616252,34.8003125,top3,2000.0,10.0
gate2D_bandit,N400_noise0p5,400,0.5,6,Bandit IPS,Bandit,226.92959100827235,421.9223253169368,478.3865908773132,-3.4533829914100584,1.0,0.0,0.0,none,2000.0,10.0
gate2D_bandit,N400_noise0p5,400,0.5,6,Bandit IPS support top3,Bandit,431.0457023764004,421.9223253169368,478.3865908773132,0.1615778930075365,0.0,0.8150218603498125,32.6553125,top3,2000.0,10.0
gate2D_bandit,N400_noise0p5,400,0.5,6,Bandit DR,Bandit,316.8689109319449,421.9223253169368,478.3865908773132,-1.860529192089816,0.9871875,0.0081049787726746,0.1340625,none,2000.0,10.0
gate2D_bandit,N400_noise0p5,400,0.5,6,Bandit DR support top3,Bandit,431.0457023764004,421.9223253169368,478.3865908773132,0.1615778930075365,0.0,0.8150218603498125,32.6553125,top3,2000.0,10.0
gate2D_bandit,N400_noise0p5,400,0.5,6,"Bandit oracle (myopic, true R)",Bandit,421.9223253169368,421.9223253169368,478.3865908773132,0.0,0.00625,0.8388147106899086,37.094375,none,,
gate2D_bandit,N400_noise0p5,400,0.5,7,Bandit DM,Bandit,379.4624285600708,418.644374990045,476.3341035189663,-0.679184101383513,0.96625,0.019985465116279,0.3428125,none,2000.0,10.0
gate2D_bandit,N400_noise0p5,400,0.5,7,Bandit DM support top3,Bandit,425.9664805815035,418.644374990045,476.3341035189663,0.1269221710375664,0.0,0.7936605130333697,35.8484375,top3,2000.0,10.0
gate2D_bandit,N400_noise0p5,400,0.5,7,Bandit IPS,Bandit,302.8643912882201,418.644374990045,476.3341035189663,-2.00694277220912,1.0,0.0,0.0,none,2000.0,10.0
gate2D_bandit,N400_noise0p5,400,0.5,7,Bandit IPS support top3,Bandit,425.9664805815035,418.644374990045,476.3341035189663,0.1269221710375664,0.0,0.7936605130333697,35.8484375,top3,2000.0,10.0
gate2D_bandit,N400_noise0p5,400,0.5,7,Bandit DR,Bandit,379.4624285600708,418.644374990045,476.3341035189663,-0.679184101383513,0.96625,0.019985465116279,0.3428125,none,2000.0,10.0
gate2D_bandit,N400_noise0p5,400,0.5,7,Bandit DR support top3,Bandit,425.9664805815035,418.644374990045,476.3341035189663,0.1269221710375664,0.0,0.7936605130333697,35.8484375,top3,2000.0,10.0
gate2D_bandit,N400_noise0p5,400,0.5,7,"Bandit oracle (myopic, true R)",Bandit,418.644374990045,418.644374990045,476.3341035189663,0.0,0.0,0.8449389487741874,41.111875,none,,
gate2D_bandit,N400_noise0p5,400,0.5,8,Bandit DM,Bandit,408.1304102747692,422.931340639083,479.9511404087543,-0.2595752777824794,0.9303125,0.0464175554393088,1.2621875,none,2000.0,10.0
gate2D_bandit,N400_noise0p5,400,0.5,8,Bandit DM support top3,Bandit,431.38449189288593,422.931340639083,479.9511404087543,0.148249402627667,0.0,0.8258083682761478,29.658125,top3,2000.0,10.0
gate2D_bandit,N400_noise0p5,400,0.5,8,Bandit IPS,Bandit,319.8053000477908,422.931340639083,479.9511404087543,-1.808600538898151,0.9884375,0.0071884984025559,0.105,none,2000.0,10.0
gate2D_bandit,N400_noise0p5,400,0.5,8,Bandit IPS support top3,Bandit,433.41895845761945,422.931340639083,479.9511404087543,0.1839294045384357,0.0,0.8217630400527396,31.353125,top3,2000.0,10.0
gate2D_bandit,N400_noise0p5,400,0.5,8,Bandit DR,Bandit,408.1304102747692,422.931340639083,479.9511404087543,-0.2595752777824794,0.9303125,0.0464175554393088,1.2621875,none,2000.0,10.0
gate2D_bandit,N400_noise0p5,400,0.5,8,Bandit DR support top3,Bandit,436.2075645744805,422.931340639083,479.9511404087543,0.2328353306926047,0.0,0.8137744848491815,29.98125,top3,2000.0,10.0
gate2D_bandit,N400_noise0p5,400,0.5,8,"Bandit oracle (myopic, true R)",Bandit,422.931340639083,422.931340639083,479.9511404087543,0.0,0.0053125,0.8543474763481043,32.015625,none,,
gate2D_bandit,N400_noise0p5,400,0.5,9,Bandit DM,Bandit,319.811686716071,423.4552510574188,479.20761072352025,-1.858998703589672,0.990625,0.0051566838556128,0.06125,none,2000.0,10.0
gate2D_bandit,N400_noise0p5,400,0.5,9,Bandit DM support top3,Bandit,428.10607542601065,423.4552510574188,479.20761072352025,0.0834193278355476,0.0,0.8443556733396937,38.2921875,top3,2000.0,10.0
gate2D_bandit,N400_noise0p5,400,0.5,9,Bandit IPS,Bandit,282.24891295897964,423.4552510574188,479.20761072352025,-2.532741913420668,1.0,0.0,0.0,none,2000.0,10.0
gate2D_bandit,N400_noise0p5,400,0.5,9,Bandit IPS support top3,Bandit,435.92287122892577,423.4552510574188,479.20761072352025,0.2236249774211361,0.0,0.8445388399890166,37.2215625,top3,2000.0,10.0
gate2D_bandit,N400_noise0p5,400,0.5,9,Bandit DR,Bandit,319.811686716071,423.4552510574188,479.20761072352025,-1.858998703589672,0.990625,0.0051566838556128,0.06125,none,2000.0,10.0
gate2D_bandit,N400_noise0p5,400,0.5,9,Bandit DR support top3,Bandit,427.9258039825698,423.4552510574188,479.20761072352025,0.0801858962010752,0.0,0.8321965824306028,37.5096875,top3,2000.0,10.0
gate2D_bandit,N400_noise0p5,400,0.5,9,"Bandit oracle (myopic, true R)",Bandit,423.4552510574188,423.4552510574188,479.20761072352025,0.0,0.01,0.8459834450771005,36.55625,none,,
